index,DateTime,Open,Close,High,Low,Volume,Previous_Close,Timestamp,Volume_weighted_avg_price,Number_of_transactions
0,2021-01-13 09:30:00-05:00,128.76,128.95,129.02,128.49,1673746.0,128.8199,1610548200000,128.6663,7701
1,2021-01-13 09:31:00-05:00,128.922,129.0695,129.19,128.92,470057,128.8199,1610548260000,129.0561,4301
2,2021-01-13 09:32:00-05:00,129.0615,129.03,129.18,128.98,433071,128.8199,1610548320000,129.0928,3369
3,2021-01-13 09:33:00-05:00,129.03,129.27,129.27,128.9215,479657,128.8199,1610548380000,129.098,3871
4,2021-01-13 09:34:00-05:00,129.27,129.286,129.4284,129.22,455581,128.8199,1610548440000,129.3185,3365
5,2021-01-13 09:35:00-05:00,129.27,129.36,129.43,129.17,452143,128.8199,1610548500000,129.2738,3576
6,2021-01-13 09:36:00-05:00,129.365,129.455,129.51,129.35,394908,128.8199,1610548560000,129.4374,3049
7,2021-01-13 09:37:00-05:00,129.47,129.7,129.719,129.44,470869,128.8199,1610548620000,129.5403,3295
8,2021-01-13 09:38:00-05:00,129.68,129.61,129.73,129.43,386976,128.8199,1610548680000,129.6053,3147
9,2021-01-13 09:39:00-05:00,129.615,129.27,129.63,129.27,365837,128.8199,1610548740000,129.4496,3150
10,2021-01-13 09:40:00-05:00,129.2727,129.415,129.475,129.23,382808,128.8199,1610548800000,129.3614,2890
11,2021-01-13 09:41:00-05:00,129.4182,129.37,129.59,129.3019,323367,128.8199,1610548860000,129.4472,2816
12,2021-01-13 09:42:00-05:00,129.365,129.015,129.37,128.9502,423062,128.8199,1610548920000,129.1479,3747
13,2021-01-13 09:43:00-05:00,129.02,128.9905,129.075,128.88,323037,128.8199,1610548980000,128.9684,2603
14,2021-01-13 09:44:00-05:00,128.99,128.935,129.09,128.87,268683,128.8199,1610549040000,128.9862,2196
15,2021-01-13 09:45:00-05:00,128.9435,129.14,129.18,128.9307,311947,128.8199,1610549100000,129.064,2190
16,2021-01-13 09:46:00-05:00,129.14,129.27,129.37,129.1,383901,128.8199,1610549160000,129.2972,2447
17,2021-01-13 09:47:00-05:00,129.285,129.32,129.35,129.1708,239394,128.8199,1610549220000,129.2835,1913
18,2021-01-13 09:48:00-05:00,129.31,129.541,129.5892,129.26,377910,128.8199,1610549280000,129.4773,2760
19,2021-01-13 09:49:00-05:00,129.5403,129.7,129.7,129.439,330343,128.8199,1610549340000,129.5682,2659
20,2021-01-13 09:50:00-05:00,129.7,129.97,130.03,129.66,923532,128.8199,1610549400000,129.9165,6429
21,2021-01-13 09:51:00-05:00,129.9631,130.045,130.11,129.87,513262,128.8199,1610549460000,130.0009,4231
22,2021-01-13 09:52:00-05:00,130.045,130.015,130.1,129.88,475420,128.8199,1610549520000,129.9939,4005
23,2021-01-13 09:53:00-05:00,130.01,129.85,130.0391,129.83,359081,128.8199,1610549580000,129.9214,2543
24,2021-01-13 09:54:00-05:00,129.87,130.1209,130.1399,129.87,496606,128.8199,1610549640000,129.9878,3011
25,2021-01-13 09:55:00-05:00,130.1269,130.075,130.2001,130.0301,366007,128.8199,1610549700000,130.1159,2667
26,2021-01-13 09:56:00-05:00,130.075,129.89,130.075,129.88,274327,128.8199,1610549760000,130.0004,2724
27,2021-01-13 09:57:00-05:00,129.8902,129.9215,130.05,129.86,263471,128.8199,1610549820000,129.9486,2342
28,2021-01-13 09:58:00-05:00,129.925,129.915,130,129.825,262538,128.8199,1610549880000,129.9222,2265
29,2021-01-13 09:59:00-05:00,129.91,129.83,129.96,129.82,277782,128.8199,1610549940000,129.8955,2002
30,2021-01-13 10:00:00-05:00,129.83,129.955,129.98,129.66,489456,128.8199,1610550000000,129.8173,3147
31,2021-01-13 10:01:00-05:00,129.95,129.6231,129.98,129.61,259698,128.8199,1610550060000,129.8272,2140
32,2021-01-13 10:02:00-05:00,129.63,129.6439,129.65,129.49,294438,128.8199,1610550120000,129.5659,2366
33,2021-01-13 10:03:00-05:00,129.65,129.61,129.75,129.55,268399,128.8199,1610550180000,129.6542,2031
34,2021-01-13 10:04:00-05:00,129.6001,129.3601,129.615,129.34,311353,128.8199,1610550240000,129.453,2591
35,2021-01-13 10:05:00-05:00,129.3669,129.6467,129.68,129.35,308980,128.8199,1610550300000,129.507,2612
36,2021-01-13 10:06:00-05:00,129.6491,129.75,129.8,129.55,340752,128.8199,1610550360000,129.6507,2447
37,2021-01-13 10:07:00-05:00,129.7499,129.89,129.93,129.74,326879,128.8199,1610550420000,129.849,2315
38,2021-01-13 10:08:00-05:00,129.9,129.86,129.95,129.821,335660,128.8199,1610550480000,129.894,1964
39,2021-01-13 10:09:00-05:00,129.865,129.7587,129.87,129.69,352098,128.8199,1610550540000,129.7879,2741
40,2021-01-13 10:10:00-05:00,129.75,129.87,129.98,129.73,357311,128.8199,1610550600000,129.8873,2284
41,2021-01-13 10:11:00-05:00,129.8799,129.77,129.8999,129.69,397249,128.8199,1610550660000,129.7398,2600
42,2021-01-13 10:12:00-05:00,129.79,129.85,129.93,129.66,241563,128.8199,1610550720000,129.7971,1806
43,2021-01-13 10:13:00-05:00,129.8584,129.8,129.95,129.7204,265613,128.8199,1610550780000,129.8407,1791
44,2021-01-13 10:14:00-05:00,129.81,129.82,129.84,129.69,182735,128.8199,1610550840000,129.7819,1432
45,2021-01-13 10:15:00-05:00,129.82,129.5901,129.92,129.58,315237,128.8199,1610550900000,129.7348,2347
46,2021-01-13 10:16:00-05:00,129.5999,129.37,129.7,129.33,438165,128.8199,1610550960000,129.5164,2809
47,2021-01-13 10:17:00-05:00,129.38,129.415,129.5,129.32,287088,128.8199,1610551020000,129.4034,1955
48,2021-01-13 10:18:00-05:00,129.42,129.4586,129.59,129.4143,210856,128.8199,1610551080000,129.5012,1473
49,2021-01-13 10:19:00-05:00,129.4593,129.53,129.59,129.4531,179848,128.8199,1610551140000,129.5261,1468
50,2021-01-13 10:20:00-05:00,129.55,129.5566,129.64,129.53,145856,128.8199,1610551200000,129.5871,1272
51,2021-01-13 10:21:00-05:00,129.5685,129.53,129.57,129.36,186157,128.8199,1610551260000,129.4484,1672
52,2021-01-13 10:22:00-05:00,129.53,129.64,129.655,129.48,193562,128.8199,1610551320000,129.5823,1463
53,2021-01-13 10:23:00-05:00,129.65,129.735,129.755,129.65,200880,128.8199,1610551380000,129.7068,1433
54,2021-01-13 10:24:00-05:00,129.72,129.8,129.82,129.71,209451,128.8199,1610551440000,129.7602,1484
55,2021-01-13 10:25:00-05:00,129.8,129.9376,129.94,129.79,218237,128.8199,1610551500000,129.8706,1695
56,2021-01-13 10:26:00-05:00,129.9214,129.9814,130,129.8901,239144,128.8199,1610551560000,129.9391,1825
57,2021-01-13 10:27:00-05:00,129.98,130.07,130.16,129.97,501620,128.8199,1610551620000,130.0616,3576
58,2021-01-13 10:28:00-05:00,130.08,129.9903,130.08,129.85,240015,128.8199,1610551680000,129.9634,2013
59,2021-01-13 10:29:00-05:00,129.9992,130.0435,130.0592,129.95,164905,128.8199,1610551740000,130.0097,1398
60,2021-01-13 10:30:00-05:00,130.05,130.1493,130.15,130.05,250827,128.8199,1610551800000,130.1131,2049
61,2021-01-13 10:31:00-05:00,130.15,130.2477,130.25,130.09,341722,128.8199,1610551860000,130.1711,2421
62,2021-01-13 10:32:00-05:00,130.2445,130.135,130.27,130.13,404311,128.8199,1610551920000,130.2077,2495
63,2021-01-13 10:33:00-05:00,130.14,130.285,130.29,130.13,255925,128.8199,1610551980000,130.2122,1840
64,2021-01-13 10:34:00-05:00,130.285,130.28,130.355,130.27,279991,128.8199,1610552040000,130.3217,2074
65,2021-01-13 10:35:00-05:00,130.2707,130.355,130.43,130.26,326627,128.8199,1610552100000,130.3563,2115
66,2021-01-13 10:36:00-05:00,130.355,130.445,130.45,130.355,210864,128.8199,1610552160000,130.4137,1731
67,2021-01-13 10:37:00-05:00,130.445,130.525,130.568,130.4408,339240,128.8199,1610552220000,130.5097,2648
68,2021-01-13 10:38:00-05:00,130.525,130.5008,130.5599,130.45,273785,128.8199,1610552280000,130.5063,1946
69,2021-01-13 10:39:00-05:00,130.5145,130.7063,130.72,130.5014,385254,128.8199,1610552340000,130.6135,2564
70,2021-01-13 10:40:00-05:00,130.7157,130.85,130.88,130.7011,487404,128.8199,1610552400000,130.7662,2987
71,2021-01-13 10:41:00-05:00,130.87,130.7832,130.87,130.73,310679,128.8199,1610552460000,130.8046,2293
72,2021-01-13 10:42:00-05:00,130.78,130.7361,130.85,130.72,296586,128.8199,1610552520000,130.7864,2022
73,2021-01-13 10:43:00-05:00,130.7401,130.7407,130.79,130.7,201131,128.8199,1610552580000,130.7452,1451
74,2021-01-13 10:44:00-05:00,130.7362,130.8227,130.85,130.7362,242077,128.8199,1610552640000,130.7913,1687
75,2021-01-13 10:45:00-05:00,130.81,130.91,130.96,130.81,335132,128.8199,1610552700000,130.8879,2326
76,2021-01-13 10:46:00-05:00,130.92,130.935,130.99,130.88,212770,128.8199,1610552760000,130.9392,1587
77,2021-01-13 10:47:00-05:00,130.94,130.9,130.99,130.89,231605,128.8199,1610552820000,130.9459,1671
78,2021-01-13 10:48:00-05:00,130.905,131.042,131.09,130.88,617964,128.8199,1610552880000,131.0039,4550
79,2021-01-13 10:49:00-05:00,131.04,131.1754,131.26,131.04,431794,128.8199,1610552940000,131.1812,3295
80,2021-01-13 10:50:00-05:00,131.18,130.9199,131.2,130.88,332673,128.8199,1610553000000,131.0382,2419
81,2021-01-13 10:51:00-05:00,130.91,130.98,131.045,130.9,238459,128.8199,1610553060000,130.99,1732
82,2021-01-13 10:52:00-05:00,130.988,130.96,131.0999,130.95,238188,128.8199,1610553120000,131.0218,1934
83,2021-01-13 10:53:00-05:00,130.97,130.892,131,130.89,242752,128.8199,1610553180000,130.9444,1676
84,2021-01-13 10:54:00-05:00,130.9001,130.9467,130.96,130.8297,238141,128.8199,1610553240000,130.904,1762
85,2021-01-13 10:55:00-05:00,130.95,130.7707,130.96,130.73,306813,128.8199,1610553300000,130.8337,2080
86,2021-01-13 10:56:00-05:00,130.78,130.78,130.85,130.75,234374,128.8199,1610553360000,130.7957,1835
87,2021-01-13 10:57:00-05:00,130.77,130.8602,130.91,130.76,221321,128.8199,1610553420000,130.8491,1564
88,2021-01-13 10:58:00-05:00,130.869,130.985,130.985,130.81,225397,128.8199,1610553480000,130.8929,1579
89,2021-01-13 10:59:00-05:00,130.98,131.03,131.045,130.915,212103,128.8199,1610553540000,130.9809,1716
90,2021-01-13 11:00:00-05:00,131.031,131.0966,131.1035,130.94,346875,128.8199,1610553600000,131.0389,2216
91,2021-01-13 11:01:00-05:00,131.0987,131.1,131.12,131.04,203335,128.8199,1610553660000,131.0833,1464
92,2021-01-13 11:02:00-05:00,131.09,130.93,131.105,130.91,251864,128.8199,1610553720000,131.0143,2110
93,2021-01-13 11:03:00-05:00,130.93,131,131.0699,130.8801,226289,128.8199,1610553780000,130.9744,1682
94,2021-01-13 11:04:00-05:00,131.01,130.89,131.03,130.8401,176567,128.8199,1610553840000,130.938,1490
95,2021-01-13 11:05:00-05:00,130.88,131.0699,131.1,130.88,196916,128.8199,1610553900000,131.0131,1609
96,2021-01-13 11:06:00-05:00,131.0696,131.2,131.22,131.04,300885,128.8199,1610553960000,131.15,1989
97,2021-01-13 11:07:00-05:00,131.195,131.28,131.31,131.175,401115,128.8199,1610554020000,131.2564,2804
98,2021-01-13 11:08:00-05:00,131.2831,131.3387,131.42,131.2831,302065,128.8199,1610554080000,131.3547,2110
99,2021-01-13 11:09:00-05:00,131.35,131.3555,131.39,131.2918,196701,128.8199,1610554140000,131.341,1350
100,2021-01-13 11:10:00-05:00,131.35,131.2499,131.36,131.19,196509,128.8199,1610554200000,131.2701,1691
101,2021-01-13 11:11:00-05:00,131.24,131.1974,131.27,131.13,183381,128.8199,1610554260000,131.2114,1389
102,2021-01-13 11:12:00-05:00,131.2,131.01,131.24,131.01,232404,128.8199,1610554320000,131.1449,1754
103,2021-01-13 11:13:00-05:00,131.03,131.1205,131.13,130.96,237075,128.8199,1610554380000,131.0323,2112
104,2021-01-13 11:14:00-05:00,131.125,131.1332,131.16,131.035,176671,128.8199,1610554440000,131.1053,1408
105,2021-01-13 11:15:00-05:00,131.135,131.0234,131.14,131.02,138689,128.8199,1610554500000,131.0836,1183
106,2021-01-13 11:16:00-05:00,131.03,131.0358,131.1079,131,157066,128.8199,1610554560000,131.0554,1254
107,2021-01-13 11:17:00-05:00,131.035,130.9795,131.06,130.9,269955,128.8199,1610554620000,130.9713,1798
108,2021-01-13 11:18:00-05:00,130.98,130.97,131,130.89,133394,128.8199,1610554680000,130.952,1174
109,2021-01-13 11:19:00-05:00,130.97,130.9,130.97,130.82,186362,128.8199,1610554740000,130.8869,1425
110,2021-01-13 11:20:00-05:00,130.9,131.07,131.0899,130.9,211201,128.8199,1610554800000,131.0008,1560
111,2021-01-13 11:21:00-05:00,131.07,131.15,131.155,131.02,185226,128.8199,1610554860000,131.0766,1384
112,2021-01-13 11:22:00-05:00,131.15,131.06,131.16,131.0501,254284,128.8199,1610554920000,131.117,1697
113,2021-01-13 11:23:00-05:00,131.06,131.101,131.12,131.02,207760,128.8199,1610554980000,131.0608,1563
114,2021-01-13 11:24:00-05:00,131.1071,131.1892,131.19,131.095,230092,128.8199,1610555040000,131.1402,1506
115,2021-01-13 11:25:00-05:00,131.1842,131.18,131.28,131.16,198001,128.8199,1610555100000,131.2185,1716
116,2021-01-13 11:26:00-05:00,131.185,131.295,131.31,131.1501,236409,128.8199,1610555160000,131.248,1681
117,2021-01-13 11:27:00-05:00,131.29,131.335,131.35,131.25,255224,128.8199,1610555220000,131.2884,1462
118,2021-01-13 11:28:00-05:00,131.335,131.4,131.44,131.33,299745,128.8199,1610555280000,131.3999,1893
119,2021-01-13 11:29:00-05:00,131.4,131.25,131.43,131.21,245405,128.8199,1610555340000,131.318,1630
120,2021-01-13 11:30:00-05:00,131.24,131.14,131.26,131.11,278537,128.8199,1610555400000,131.1749,1972
121,2021-01-13 11:31:00-05:00,131.1401,131.155,131.23,131.08,192974,128.8199,1610555460000,131.1461,1511
122,2021-01-13 11:32:00-05:00,131.1593,131.29,131.3,131.1593,179410,128.8199,1610555520000,131.2496,1264
123,2021-01-13 11:33:00-05:00,131.29,131.295,131.38,131.2811,213493,128.8199,1610555580000,131.3322,1341
124,2021-01-13 11:34:00-05:00,131.295,131.21,131.32,131.19,165984,128.8199,1610555640000,131.269,1216
125,2021-01-13 11:35:00-05:00,131.22,131.265,131.31,131.2,154416,128.8199,1610555700000,131.2569,1244
126,2021-01-13 11:36:00-05:00,131.2675,131.175,131.29,131.16,193888,128.8199,1610555760000,131.2211,1265
127,2021-01-13 11:37:00-05:00,131.16,130.87,131.1685,130.86,461615,128.8199,1610555820000,130.9753,3012
128,2021-01-13 11:38:00-05:00,130.86,130.8515,130.88,130.7215,379274,128.8199,1610555880000,130.8073,2420
129,2021-01-13 11:39:00-05:00,130.8575,131.0399,131.0399,130.835,235564,128.8199,1610555940000,130.9671,1432
130,2021-01-13 11:40:00-05:00,131.0361,131,131.09,130.96,137965,128.8199,1610556000000,131.0218,1085
131,2021-01-13 11:41:00-05:00,131.01,131.0499,131.07,131,98917,128.8199,1610556060000,131.0399,822
132,2021-01-13 11:42:00-05:00,131.04,131.2,131.21,131.04,189333,128.8199,1610556120000,131.126,1488
133,2021-01-13 11:43:00-05:00,131.19,131.375,131.4,131.1803,483136,128.8199,1610556180000,131.3083,2923
134,2021-01-13 11:44:00-05:00,131.37,131.419,131.44,131.27,282090,128.8199,1610556240000,131.367,2232
135,2021-01-13 11:45:00-05:00,131.41,131.31,131.415,131.305,204394,128.8199,1610556300000,131.3629,1593
136,2021-01-13 11:46:00-05:00,131.32,131.4199,131.43,131.29,227548,128.8199,1610556360000,131.3716,1400
137,2021-01-13 11:47:00-05:00,131.4199,131.34,131.45,131.32,244329,128.8199,1610556420000,131.3991,1676
138,2021-01-13 11:48:00-05:00,131.34,131.3385,131.41,131.31,185807,128.8199,1610556480000,131.3616,1294
139,2021-01-13 11:49:00-05:00,131.33,131.295,131.34,131.27,146046,128.8199,1610556540000,131.3035,1211
140,2021-01-13 11:50:00-05:00,131.295,131.285,131.32,131.245,131343,128.8199,1610556600000,131.2817,1248
141,2021-01-13 11:51:00-05:00,131.29,131.24,131.33,131.17,144323,128.8199,1610556660000,131.243,1334
142,2021-01-13 11:52:00-05:00,131.24,131.165,131.29,131.16,120487,128.8199,1610556720000,131.2354,1069
143,2021-01-13 11:53:00-05:00,131.1661,131.14,131.2,131.12,143290,128.8199,1610556780000,131.1536,1067
144,2021-01-13 11:54:00-05:00,131.1401,131.1099,131.1899,131.09,135242,128.8199,1610556840000,131.1413,1170
145,2021-01-13 11:55:00-05:00,131.1,131.24,131.27,131.08,178540,128.8199,1610556900000,131.1828,1325
146,2021-01-13 11:56:00-05:00,131.245,131.3234,131.38,131.2415,239946,128.8199,1610556960000,131.333,1829
147,2021-01-13 11:57:00-05:00,131.3201,131.2299,131.3237,131.16,179130,128.8199,1610557020000,131.2346,1530
148,2021-01-13 11:58:00-05:00,131.2275,131.25,131.31,131.203,118474,128.8199,1610557080000,131.2535,1032
149,2021-01-13 11:59:00-05:00,131.255,131.15,131.27,131.11,136689,128.8199,1610557140000,131.1714,1167
150,2021-01-13 12:00:00-05:00,131.16,131.015,131.19,131.01,224624,128.8199,1610557200000,131.078,1616
151,2021-01-13 12:01:00-05:00,131.02,130.89,131.02,130.88,285774,128.8199,1610557260000,130.9697,2221
152,2021-01-13 12:02:00-05:00,130.89,130.825,130.94,130.81,235322,128.8199,1610557320000,130.8726,1856
153,2021-01-13 12:03:00-05:00,130.82,130.695,130.8699,130.67,418513,128.8199,1610557380000,130.7669,2068
154,2021-01-13 12:04:00-05:00,130.7,130.795,130.8899,130.6901,199283,128.8199,1610557440000,130.801,1353
155,2021-01-13 12:05:00-05:00,130.7913,130.725,130.8,130.71,129493,128.8199,1610557500000,130.755,947
156,2021-01-13 12:06:00-05:00,130.725,130.7467,130.7898,130.68,163912,128.8199,1610557560000,130.7261,1107
157,2021-01-13 12:07:00-05:00,130.75,130.8417,130.89,130.74,229466,128.8199,1610557620000,130.8284,1444
158,2021-01-13 12:08:00-05:00,130.8372,130.645,130.84,130.63,212868,128.8199,1610557680000,130.7027,1372
159,2021-01-13 12:09:00-05:00,130.65,130.5224,130.65,130.5,293959,128.8199,1610557740000,130.5479,2052
160,2021-01-13 12:10:00-05:00,130.53,130.645,130.7,130.51,203479,128.8199,1610557800000,130.6209,1452
161,2021-01-13 12:11:00-05:00,130.6401,130.65,130.73,130.57,192618,128.8199,1610557860000,130.6577,1341
162,2021-01-13 12:12:00-05:00,130.655,130.63,130.66,130.6,169768,128.8199,1610557920000,130.6316,1135
163,2021-01-13 12:13:00-05:00,130.63,130.7192,130.74,130.62,161472,128.8199,1610557980000,130.6857,1361
164,2021-01-13 12:14:00-05:00,130.7134,130.81,130.8244,130.7,347501,128.8199,1610558040000,130.7657,1996
165,2021-01-13 12:15:00-05:00,130.81,130.845,130.92,130.76,284276,128.8199,1610558100000,130.8488,1837
166,2021-01-13 12:16:00-05:00,130.8499,130.91,130.94,130.8402,174529,128.8199,1610558160000,130.8943,1301
167,2021-01-13 12:17:00-05:00,130.905,130.725,130.9194,130.72,231142,128.8199,1610558220000,130.8059,1510
168,2021-01-13 12:18:00-05:00,130.725,130.6934,130.7993,130.6658,189054,128.8199,1610558280000,130.7401,1505
169,2021-01-13 12:19:00-05:00,130.6904,130.63,130.738,130.63,141763,128.8199,1610558340000,130.6923,1203
170,2021-01-13 12:20:00-05:00,130.64,130.77,130.78,130.64,139505,128.8199,1610558400000,130.7323,1182
171,2021-01-13 12:21:00-05:00,130.775,130.765,130.79,130.73,93614,128.8199,1610558460000,130.7652,833
172,2021-01-13 12:22:00-05:00,130.76,130.6638,130.7601,130.66,98827,128.8199,1610558520000,130.7082,894
173,2021-01-13 12:23:00-05:00,130.665,130.68,130.69,130.65,86568,128.8199,1610558580000,130.675,928
174,2021-01-13 12:24:00-05:00,130.68,130.615,130.6953,130.6,145126,128.8199,1610558640000,130.657,1039
175,2021-01-13 12:25:00-05:00,130.62,130.66,130.66,130.5501,138695,128.8199,1610558700000,130.6126,1093
176,2021-01-13 12:26:00-05:00,130.65,130.7859,130.7859,130.65,169893,128.8199,1610558760000,130.7127,1139
177,2021-01-13 12:27:00-05:00,130.785,130.75,130.8,130.74,144082,128.8199,1610558820000,130.7723,1002
178,2021-01-13 12:28:00-05:00,130.7568,130.695,130.78,130.69,117638,128.8199,1610558880000,130.7428,796
179,2021-01-13 12:29:00-05:00,130.6902,130.723,130.75,130.69,82877,128.8199,1610558940000,130.7198,719
180,2021-01-13 12:30:00-05:00,130.725,130.81,130.81,130.7,119520,128.8199,1610559000000,130.7629,921
181,2021-01-13 12:31:00-05:00,130.8007,130.76,130.81,130.74,127294,128.8199,1610559060000,130.7766,1038
182,2021-01-13 12:32:00-05:00,130.75,130.615,130.75,130.55,188905,128.8199,1610559120000,130.6339,1387
183,2021-01-13 12:33:00-05:00,130.61,130.5693,130.63,130.5301,107825,128.8199,1610559180000,130.582,935
184,2021-01-13 12:34:00-05:00,130.56,130.625,130.67,130.51,203125,128.8199,1610559240000,130.5608,1611
185,2021-01-13 12:35:00-05:00,130.6297,130.54,130.6499,130.54,97278,128.8199,1610559300000,130.5777,800
186,2021-01-13 12:36:00-05:00,130.535,130.48,130.535,130.41,255649,128.8199,1610559360000,130.4795,1772
187,2021-01-13 12:37:00-05:00,130.475,130.47,130.51,130.46,96296,128.8199,1610559420000,130.4777,762
188,2021-01-13 12:38:00-05:00,130.48,130.5389,130.56,130.48,135155,128.8199,1610559480000,130.5198,977
189,2021-01-13 12:39:00-05:00,130.53,130.635,130.65,130.515,136303,128.8199,1610559540000,130.5917,998
190,2021-01-13 12:40:00-05:00,130.64,130.57,130.64,130.49,158306,128.8199,1610559600000,130.564,1348
191,2021-01-13 12:41:00-05:00,130.57,130.615,130.635,130.555,98418,128.8199,1610559660000,130.5928,764
192,2021-01-13 12:42:00-05:00,130.62,130.7,130.72,130.61,134639,128.8199,1610559720000,130.6822,985
193,2021-01-13 12:43:00-05:00,130.7,130.75,130.75,130.69,166639,128.8199,1610559780000,130.7201,831
194,2021-01-13 12:44:00-05:00,130.75,130.83,130.85,130.7374,252933,128.8199,1610559840000,130.8006,1083
195,2021-01-13 12:45:00-05:00,130.825,130.885,130.92,130.8201,145197,128.8199,1610559900000,130.8742,1160
196,2021-01-13 12:46:00-05:00,130.89,130.8585,130.9,130.8,128282,128.8199,1610559960000,130.8492,990
197,2021-01-13 12:47:00-05:00,130.8498,130.89,130.89,130.835,122858,128.8199,1610560020000,130.8652,826
198,2021-01-13 12:48:00-05:00,130.89,130.865,130.89,130.84,98882,128.8199,1610560080000,130.8668,844
199,2021-01-13 12:49:00-05:00,130.88,130.8556,130.9,130.845,77054,128.8199,1610560140000,130.8738,690
200,2021-01-13 12:50:00-05:00,130.855,130.89,130.91,130.83,280474,128.8199,1610560200000,130.8715,970
201,2021-01-13 12:51:00-05:00,130.89,131.035,131.04,130.8808,295092,128.8199,1610560260000,130.9809,2213
202,2021-01-13 12:52:00-05:00,131.02,130.9808,131.035,130.96,133779,128.8199,1610560320000,130.9835,1031
203,2021-01-13 12:53:00-05:00,130.985,131.0399,131.08,130.95,431376,128.8199,1610560380000,131.0542,1471
204,2021-01-13 12:54:00-05:00,131.04,131.03,131.08,130.99,117854,128.8199,1610560440000,131.0356,1024
205,2021-01-13 12:55:00-05:00,131.035,131.12,131.14,131.01,289669,128.8199,1610560500000,131.0828,1222
206,2021-01-13 12:56:00-05:00,131.12,131.1601,131.185,131.12,147632,128.8199,1610560560000,131.1579,977
207,2021-01-13 12:57:00-05:00,131.165,131.01,131.165,130.9836,212772,128.8199,1610560620000,131.0343,1520
208,2021-01-13 12:58:00-05:00,131.015,131.14,131.15,131.01,201411,128.8199,1610560680000,131.0892,1438
209,2021-01-13 12:59:00-05:00,131.14,131.13,131.175,131.07,198323,128.8199,1610560740000,131.1303,1217
210,2021-01-13 13:00:00-05:00,131.12,131.0302,131.14,131.03,88748,128.8199,1610560800000,131.0835,888
211,2021-01-13 13:01:00-05:00,131.03,131.08,131.08,130.9801,123547,128.8199,1610560860000,131.0151,862
212,2021-01-13 13:02:00-05:00,131.078,131.0851,131.13,131.04,140198,128.8199,1610560920000,131.0849,1110
213,2021-01-13 13:03:00-05:00,131.085,131.21,131.22,131.085,223031,128.8199,1610560980000,131.1836,1300
214,2021-01-13 13:04:00-05:00,131.205,131.23,131.29,131.185,217227,128.8199,1610561040000,131.2426,1358
215,2021-01-13 13:05:00-05:00,131.2289,131.2497,131.29,131.2289,95889,128.8199,1610561100000,131.2607,836
216,2021-01-13 13:06:00-05:00,131.2406,131.2201,131.29,131.21,105813,128.8199,1610561160000,131.2477,695
217,2021-01-13 13:07:00-05:00,131.23,131.19,131.25,131.17,94887,128.8199,1610561220000,131.2123,831
218,2021-01-13 13:08:00-05:00,131.19,131.1427,131.2,131.11,121184,128.8199,1610561280000,131.1533,955
219,2021-01-13 13:09:00-05:00,131.15,131.13,131.16,131.08,102534,128.8199,1610561340000,131.1305,922
220,2021-01-13 13:10:00-05:00,131.14,131.1507,131.165,131.09,81808,128.8199,1610561400000,131.121,779
221,2021-01-13 13:11:00-05:00,131.16,131.21,131.21,131.15,108263,128.8199,1610561460000,131.175,812
222,2021-01-13 13:12:00-05:00,131.2,131.165,131.21,131.145,65985,128.8199,1610561520000,131.1806,558
223,2021-01-13 13:13:00-05:00,131.165,131.2,131.2099,131.125,86575,128.8199,1610561580000,131.1728,839
224,2021-01-13 13:14:00-05:00,131.205,131.19,131.205,131.145,59413,128.8199,1610561640000,131.1794,652
225,2021-01-13 13:15:00-05:00,131.19,131.1602,131.2499,131.15,127892,128.8199,1610561700000,131.2021,984
226,2021-01-13 13:16:00-05:00,131.1669,131.175,131.2,131.12,95057,128.8199,1610561760000,131.1558,877
227,2021-01-13 13:17:00-05:00,131.18,131.0671,131.18,131.05,113970,128.8199,1610561820000,131.1058,966
228,2021-01-13 13:18:00-05:00,131.0668,131.0599,131.09,131.05,79715,128.8199,1610561880000,131.0658,754
229,2021-01-13 13:19:00-05:00,131.05,131.0736,131.09,131.01,100741,128.8199,1610561940000,131.0552,901
230,2021-01-13 13:20:00-05:00,131.07,131.05,131.07,131,103499,128.8199,1610562000000,131.0379,906
231,2021-01-13 13:21:00-05:00,131.045,130.971,131.05,130.945,136011,128.8199,1610562060000,130.9808,1024
232,2021-01-13 13:22:00-05:00,130.9782,130.99,130.99,130.9,100668,128.8199,1610562120000,130.9496,850
233,2021-01-13 13:23:00-05:00,130.985,130.915,130.985,130.8945,100259,128.8199,1610562180000,130.9375,710
234,2021-01-13 13:24:00-05:00,130.91,130.91,130.95,130.87,105753,128.8199,1610562240000,130.902,819
235,2021-01-13 13:25:00-05:00,130.92,130.93,130.98,130.91,123363,128.8199,1610562300000,130.9504,770
236,2021-01-13 13:26:00-05:00,130.925,130.84,130.94,130.7902,144611,128.8199,1610562360000,130.8553,1105
237,2021-01-13 13:27:00-05:00,130.8341,130.7801,130.84,130.77,100713,128.8199,1610562420000,130.7955,766
238,2021-01-13 13:28:00-05:00,130.79,130.805,130.8493,130.785,105868,128.8199,1610562480000,130.8406,717
239,2021-01-13 13:29:00-05:00,130.805,130.89,130.92,130.785,122593,128.8199,1610562540000,130.8638,927
240,2021-01-13 13:30:00-05:00,130.885,130.8599,130.89,130.83,98572,128.8199,1610562600000,130.8592,730
241,2021-01-13 13:31:00-05:00,130.85,130.85,130.87,130.8,63826,128.8199,1610562660000,130.8388,517
242,2021-01-13 13:32:00-05:00,130.855,130.8304,130.855,130.81,51680,128.8199,1610562720000,130.8323,505
243,2021-01-13 13:33:00-05:00,130.83,130.815,130.84,130.8,71178,128.8199,1610562780000,130.8157,629
244,2021-01-13 13:34:00-05:00,130.82,130.855,130.88,130.81,75891,128.8199,1610562840000,130.8435,620
245,2021-01-13 13:35:00-05:00,130.855,130.84,130.87,130.83,62793,128.8199,1610562900000,130.848,585
246,2021-01-13 13:36:00-05:00,130.85,130.8538,130.89,130.84,80880,128.8199,1610562960000,130.8622,592
247,2021-01-13 13:37:00-05:00,130.86,130.94,130.95,130.8201,126168,128.8199,1610563020000,130.9005,857
248,2021-01-13 13:38:00-05:00,130.94,131.01,131.02,130.92,193425,128.8199,1610563080000,130.9776,1119
249,2021-01-13 13:39:00-05:00,131.0008,131.05,131.0887,130.98,145800,128.8199,1610563140000,131.0343,957
250,2021-01-13 13:40:00-05:00,131.0501,130.9975,131.057,130.95,120713,128.8199,1610563200000,131.002,863
251,2021-01-13 13:41:00-05:00,131,130.965,131,130.94,79598,128.8199,1610563260000,130.9631,654
252,2021-01-13 13:42:00-05:00,130.97,130.8799,130.97,130.86,94644,128.8199,1610563320000,130.9088,745
253,2021-01-13 13:43:00-05:00,130.88,130.8468,130.9193,130.83,69877,128.8199,1610563380000,130.8794,648
254,2021-01-13 13:44:00-05:00,130.846,130.8933,130.9,130.84,77166,128.8199,1610563440000,130.8728,672
255,2021-01-13 13:45:00-05:00,130.8924,130.9,130.94,130.86,79282,128.8199,1610563500000,130.8965,584
256,2021-01-13 13:46:00-05:00,130.9,130.87,130.943,130.86,78846,128.8199,1610563560000,130.9101,646
257,2021-01-13 13:47:00-05:00,130.87,130.835,130.8707,130.81,94883,128.8199,1610563620000,130.8389,831
258,2021-01-13 13:48:00-05:00,130.8308,130.88,130.89,130.8308,56005,128.8199,1610563680000,130.8593,472
259,2021-01-13 13:49:00-05:00,130.88,130.87,130.9,130.85,59586,128.8199,1610563740000,130.8785,531
260,2021-01-13 13:50:00-05:00,130.8705,130.85,130.9,130.84,51643,128.8199,1610563800000,130.8689,661
261,2021-01-13 13:51:00-05:00,130.8403,130.88,130.92,130.835,61883,128.8199,1610563860000,130.8713,616
262,2021-01-13 13:52:00-05:00,130.877,130.88,130.91,130.85,56681,128.8199,1610563920000,130.8781,553
263,2021-01-13 13:53:00-05:00,130.885,130.8769,130.905,130.86,53488,128.8199,1610563980000,130.8883,537
264,2021-01-13 13:54:00-05:00,130.88,130.865,130.92,130.86,70481,128.8199,1610564040000,130.8917,537
265,2021-01-13 13:55:00-05:00,130.865,130.8993,130.91,130.855,65966,128.8199,1610564100000,130.8786,620
266,2021-01-13 13:56:00-05:00,130.89,130.8699,130.895,130.832,67644,128.8199,1610564160000,130.8668,619
267,2021-01-13 13:57:00-05:00,130.875,130.865,130.885,130.79,138109,128.8199,1610564220000,130.8288,1197
268,2021-01-13 13:58:00-05:00,130.867,130.815,130.867,130.785,78253,128.8199,1610564280000,130.832,697
269,2021-01-13 13:59:00-05:00,130.81,130.855,130.8725,130.81,51927,128.8199,1610564340000,130.8566,481
270,2021-01-13 14:00:00-05:00,130.855,130.95,131.2,130.7306,471543,128.8199,1610564400000,130.9705,4832
271,2021-01-13 14:01:00-05:00,130.9416,131.0162,131.08,130.9,161609,128.8199,1610564460000,130.9907,1014
272,2021-01-13 14:02:00-05:00,131.01,130.975,131.03,130.9199,87411,128.8199,1610564520000,130.9801,651
273,2021-01-13 14:03:00-05:00,130.9798,131.025,131.03,130.965,144238,128.8199,1610564580000,130.9961,775
274,2021-01-13 14:04:00-05:00,131.04,131.064,131.07,131,76093,128.8199,1610564640000,131.028,681
275,2021-01-13 14:05:00-05:00,131.06,130.96,131.08,130.9499,117241,128.8199,1610564700000,131.027,838
276,2021-01-13 14:06:00-05:00,130.97,131.01,131.12,130.97,169593,128.8199,1610564760000,131.054,948
277,2021-01-13 14:07:00-05:00,131.01,130.96,131.02,130.94,104359,128.8199,1610564820000,130.9829,613
278,2021-01-13 14:08:00-05:00,130.955,130.8915,130.9999,130.88,100202,128.8199,1610564880000,130.95,720
279,2021-01-13 14:09:00-05:00,130.895,130.91,130.93,130.8601,96785,128.8199,1610564940000,130.8986,641
280,2021-01-13 14:10:00-05:00,130.9,130.9006,130.94,130.89,75408,128.8199,1610565000000,130.9179,587
281,2021-01-13 14:11:00-05:00,130.9064,130.895,130.915,130.8701,56810,128.8199,1610565060000,130.894,571
282,2021-01-13 14:12:00-05:00,130.9,130.915,130.9282,130.89,62621,128.8199,1610565120000,130.9097,431
283,2021-01-13 14:13:00-05:00,130.915,130.975,131.02,130.895,130180,128.8199,1610565180000,130.9785,860
284,2021-01-13 14:14:00-05:00,130.98,131.01,131.01,130.96,62738,128.8199,1610565240000,130.9847,554
285,2021-01-13 14:15:00-05:00,131.01,130.98,131.015,130.95,74721,128.8199,1610565300000,130.9856,656
286,2021-01-13 14:16:00-05:00,130.98,131.015,131.04,130.975,103771,128.8199,1610565360000,131.0072,724
287,2021-01-13 14:17:00-05:00,131.02,131,131.03,130.98,79898,128.8199,1610565420000,131.0008,657
288,2021-01-13 14:18:00-05:00,130.985,130.975,130.99,130.94,91362,128.8199,1610565480000,130.9644,740
289,2021-01-13 14:19:00-05:00,130.9735,130.9599,130.99,130.94,66682,128.8199,1610565540000,130.9701,615
290,2021-01-13 14:20:00-05:00,130.955,130.7601,130.995,130.75,208056,128.8199,1610565600000,130.8554,1552
291,2021-01-13 14:21:00-05:00,130.765,130.7955,130.84,130.75,130472,128.8199,1610565660000,130.7885,941
292,2021-01-13 14:22:00-05:00,130.79,130.7893,130.8262,130.75,128237,128.8199,1610565720000,130.7876,846
293,2021-01-13 14:23:00-05:00,130.8,130.8224,130.83,130.75,170673,128.8199,1610565780000,130.7739,1008
294,2021-01-13 14:24:00-05:00,130.8251,130.86,130.87,130.795,110274,128.8199,1610565840000,130.8337,722
295,2021-01-13 14:25:00-05:00,130.8637,130.82,130.885,130.81,98113,128.8199,1610565900000,130.8481,830
296,2021-01-13 14:26:00-05:00,130.82,130.8802,130.9,130.82,90615,128.8199,1610565960000,130.8648,682
297,2021-01-13 14:27:00-05:00,130.8801,130.88,130.9,130.85,83892,128.8199,1610566020000,130.8761,615
298,2021-01-13 14:28:00-05:00,130.88,130.943,130.99,130.88,155928,128.8199,1610566080000,130.947,947
299,2021-01-13 14:29:00-05:00,130.945,130.92,130.95,130.92,76684,128.8199,1610566140000,130.9339,503
300,2021-01-13 14:30:00-05:00,130.9201,130.965,130.98,130.91,66749,128.8199,1610566200000,130.9524,528
301,2021-01-13 14:31:00-05:00,130.9694,130.975,131.01,130.96,131550,128.8199,1610566260000,130.9889,877
302,2021-01-13 14:32:00-05:00,130.98,130.995,131.024,130.98,108171,128.8199,1610566320000,131.0001,686
303,2021-01-13 14:33:00-05:00,130.995,130.975,131,130.9442,82061,128.8199,1610566380000,130.9765,742
304,2021-01-13 14:34:00-05:00,130.975,130.97,131.01,130.945,91188,128.8199,1610566440000,130.9871,653
305,2021-01-13 14:35:00-05:00,130.97,130.94,130.978,130.9,146449,128.8199,1610566500000,130.9305,1135
306,2021-01-13 14:36:00-05:00,130.93,130.975,130.98,130.9102,85919,128.8199,1610566560000,130.9502,623
307,2021-01-13 14:37:00-05:00,130.975,130.9873,131,130.95,66752,128.8199,1610566620000,130.9729,619
308,2021-01-13 14:38:00-05:00,130.98,130.989,130.99,130.965,38995,128.8199,1610566680000,130.9796,449
309,2021-01-13 14:39:00-05:00,130.985,131.05,131.05,130.95,119428,128.8199,1610566740000,131.0042,945
310,2021-01-13 14:40:00-05:00,131.05,131.095,131.14,131.0301,203996,128.8199,1610566800000,131.0918,1255
311,2021-01-13 14:41:00-05:00,131.095,131.05,131.1,131.03,125974,128.8199,1610566860000,131.0592,914
312,2021-01-13 14:42:00-05:00,131.05,130.945,131.07,130.94,125153,128.8199,1610566920000,131.0031,939
313,2021-01-13 14:43:00-05:00,130.9447,130.9,130.96,130.86,170186,128.8199,1610566980000,130.907,1124
314,2021-01-13 14:44:00-05:00,130.91,130.85,130.92,130.84,117336,128.8199,1610567040000,130.8771,914
315,2021-01-13 14:45:00-05:00,130.8549,130.935,130.97,130.85,124646,128.8199,1610567100000,130.9287,1005
316,2021-01-13 14:46:00-05:00,130.935,130.984,130.99,130.931,76577,128.8199,1610567160000,130.9632,647
317,2021-01-13 14:47:00-05:00,130.985,131.045,131.05,130.975,104460,128.8199,1610567220000,131.0057,833
318,2021-01-13 14:48:00-05:00,131.04,131.04,131.0964,131.03,135314,128.8199,1610567280000,131.0608,983
319,2021-01-13 14:49:00-05:00,131.05,131.05,131.08,131.04,92889,128.8199,1610567340000,131.0575,814
320,2021-01-13 14:50:00-05:00,131.0301,131.035,131.08,131.03,72283,128.8199,1610567400000,131.0538,626
321,2021-01-13 14:51:00-05:00,131.03,131.02,131.06,131.01,57648,128.8199,1610567460000,131.0337,550
322,2021-01-13 14:52:00-05:00,131.0292,131.05,131.07,131.0202,75470,128.8199,1610567520000,131.0447,617
323,2021-01-13 14:53:00-05:00,131.05,131.05,131.06,131.02,46838,128.8199,1610567580000,131.0448,513
324,2021-01-13 14:54:00-05:00,131.05,131.06,131.07,131.0421,55365,128.8199,1610567640000,131.0574,518
325,2021-01-13 14:55:00-05:00,131.06,130.93,131.0601,130.93,134821,128.8199,1610567700000,130.9949,1038
326,2021-01-13 14:56:00-05:00,130.9201,130.882,130.93,130.87,102441,128.8199,1610567760000,130.9018,767
327,2021-01-13 14:57:00-05:00,130.89,130.967,130.99,130.88,95460,128.8199,1610567820000,130.9422,735
328,2021-01-13 14:58:00-05:00,130.97,130.94,130.99,130.93,69255,128.8199,1610567880000,130.9684,646
329,2021-01-13 14:59:00-05:00,130.935,131.0001,131.03,130.93,108619,128.8199,1610567940000,130.9859,790
330,2021-01-13 15:00:00-05:00,131.01,131.0401,131.08,131.01,108835,128.8199,1610568000000,131.0424,892
331,2021-01-13 15:01:00-05:00,131.05,131.005,131.07,131,83999,128.8199,1610568060000,131.0459,740
332,2021-01-13 15:02:00-05:00,131.005,131,131.0522,131,94867,128.8199,1610568120000,131.0303,807
333,2021-01-13 15:03:00-05:00,131.005,131.05,131.06,131,63825,128.8199,1610568180000,131.0262,625
334,2021-01-13 15:04:00-05:00,131.052,130.985,131.06,130.98,112109,128.8199,1610568240000,131.0131,946
335,2021-01-13 15:05:00-05:00,130.99,130.95,131,130.94,94887,128.8199,1610568300000,130.9725,761
336,2021-01-13 15:06:00-05:00,130.951,130.957,130.9701,130.925,87814,128.8199,1610568360000,130.9552,673
337,2021-01-13 15:07:00-05:00,130.96,130.91,131,130.9,97971,128.8199,1610568420000,130.9438,876
338,2021-01-13 15:08:00-05:00,130.91,130.9,130.915,130.855,135902,128.8199,1610568480000,130.8826,953
339,2021-01-13 15:09:00-05:00,130.895,130.94,130.95,130.895,105847,128.8199,1610568540000,130.9236,843
340,2021-01-13 15:10:00-05:00,130.94,130.96,130.98,130.9115,107019,128.8199,1610568600000,130.9481,762
341,2021-01-13 15:11:00-05:00,130.96,130.9704,130.99,130.93,96505,128.8199,1610568660000,130.956,726
342,2021-01-13 15:12:00-05:00,130.9701,130.919,130.98,130.905,70657,128.8199,1610568720000,130.948,710
343,2021-01-13 15:13:00-05:00,130.9182,130.8948,130.92,130.8795,89307,128.8199,1610568780000,130.8972,690
344,2021-01-13 15:14:00-05:00,130.891,130.91,130.915,130.875,90907,128.8199,1610568840000,130.8946,769
345,2021-01-13 15:15:00-05:00,130.915,130.903,130.92,130.87,66924,128.8199,1610568900000,130.889,614
346,2021-01-13 15:16:00-05:00,130.91,130.9,130.91,130.87,61879,128.8199,1610568960000,130.8887,595
347,2021-01-13 15:17:00-05:00,130.9,130.955,130.96,130.9,89321,128.8199,1610569020000,130.9306,819
348,2021-01-13 15:18:00-05:00,130.95,130.925,130.96,130.92,64339,128.8199,1610569080000,130.9424,572
349,2021-01-13 15:19:00-05:00,130.93,130.95,130.9593,130.895,87788,128.8199,1610569140000,130.9229,790
350,2021-01-13 15:20:00-05:00,130.94,130.89,130.97,130.885,120262,128.8199,1610569200000,130.9336,1072
351,2021-01-13 15:21:00-05:00,130.9,130.815,130.91,130.78,140662,128.8199,1610569260000,130.8338,1197
352,2021-01-13 15:22:00-05:00,130.8184,130.76,130.8342,130.75,203503,128.8199,1610569320000,130.7781,1501
353,2021-01-13 15:23:00-05:00,130.77,130.77,130.79,130.73,204471,128.8199,1610569380000,130.7577,1087
354,2021-01-13 15:24:00-05:00,130.76,130.825,130.8399,130.75,104877,128.8199,1610569440000,130.7968,992
355,2021-01-13 15:25:00-05:00,130.82,130.775,130.85,130.75,147538,128.8199,1610569500000,130.8021,1206
356,2021-01-13 15:26:00-05:00,130.7737,130.8,130.825,130.76,90505,128.8199,1610569560000,130.7845,757
357,2021-01-13 15:27:00-05:00,130.8096,130.785,130.81,130.755,77058,128.8199,1610569620000,130.7824,674
358,2021-01-13 15:28:00-05:00,130.78,130.78,130.79,130.76,74876,128.8199,1610569680000,130.7776,718
359,2021-01-13 15:29:00-05:00,130.77,130.675,130.78,130.63,249514,128.8199,1610569740000,130.701,1921
360,2021-01-13 15:30:00-05:00,130.675,130.71,130.955,130.65,130285,128.8199,1610569800000,130.7168,1063
361,2021-01-13 15:31:00-05:00,130.715,130.64,130.715,130.62,111499,128.8199,1610569860000,130.6737,1019
362,2021-01-13 15:32:00-05:00,130.63,130.7045,130.73,130.6,184908,128.8199,1610569920000,130.6724,1359
363,2021-01-13 15:33:00-05:00,130.705,130.83,130.84,130.6901,166597,128.8199,1610569980000,130.7618,1095
364,2021-01-13 15:34:00-05:00,130.835,130.83,130.89,130.81,226270,128.8199,1610570040000,130.8502,1505
365,2021-01-13 15:35:00-05:00,130.83,130.825,130.85,130.7707,120238,128.8199,1610570100000,130.8104,1034
366,2021-01-13 15:36:00-05:00,130.82,130.78,130.85,130.77,95871,128.8199,1610570160000,130.8187,772
367,2021-01-13 15:37:00-05:00,130.775,130.7901,130.82,130.77,80750,128.8199,1610570220000,130.7904,702
368,2021-01-13 15:38:00-05:00,130.8,130.8199,130.82,130.76,100868,128.8199,1610570280000,130.7906,809
369,2021-01-13 15:39:00-05:00,130.8168,130.85,130.85,130.77,91351,128.8199,1610570340000,130.8085,873
370,2021-01-13 15:40:00-05:00,130.86,130.98,130.99,130.85,200192,128.8199,1610570400000,130.9279,1347
371,2021-01-13 15:41:00-05:00,130.98,131.05,131.05,130.97,391145,128.8199,1610570460000,131.0056,1925
372,2021-01-13 15:42:00-05:00,131.0432,131.07,131.08,131.005,218335,128.8199,1610570520000,131.0402,1319
373,2021-01-13 15:43:00-05:00,131.07,131.0999,131.1,131.05,171954,128.8199,1610570580000,131.0721,1102
374,2021-01-13 15:44:00-05:00,131.0908,131.0369,131.13,131.02,226940,128.8199,1610570640000,131.0753,1571
375,2021-01-13 15:45:00-05:00,131.035,131.05,131.07,130.97,167301,128.8199,1610570700000,131.0266,1366
376,2021-01-13 15:46:00-05:00,131.0401,131.025,131.075,131.02,144291,128.8199,1610570760000,131.0496,1058
377,2021-01-13 15:47:00-05:00,131.03,130.985,131.04,130.98,106800,128.8199,1610570820000,131.0126,988
378,2021-01-13 15:48:00-05:00,130.985,131.0193,131.04,130.98,175257,128.8199,1610570880000,131.01,1257
379,2021-01-13 15:49:00-05:00,131.0199,131.025,131.05,130.98,188450,128.8199,1610570940000,131.0181,1433
380,2021-01-13 15:50:00-05:00,131.03,130.965,131.05,130.88,333935,128.8199,1610571000000,130.9524,2566
381,2021-01-13 15:51:00-05:00,130.965,130.8999,130.98,130.8453,232713,128.8199,1610571060000,130.8932,1699
382,2021-01-13 15:52:00-05:00,130.9,130.99,131,130.9,184614,128.8199,1610571120000,130.9453,1511
383,2021-01-13 15:53:00-05:00,130.9921,131.01,131.05,130.98,224124,128.8199,1610571180000,131.011,1747
384,2021-01-13 15:54:00-05:00,131,130.99,131.06,130.96,309493,128.8199,1610571240000,131.0126,2165
385,2021-01-13 15:55:00-05:00,130.98,130.985,131.1,130.94,336048,128.8199,1610571300000,131.019,2506
386,2021-01-13 15:56:00-05:00,130.98,130.96,131.01,130.91,296378,128.8199,1610571360000,130.959,2145
387,2021-01-13 15:57:00-05:00,130.955,131.04,131.07,130.955,286152,128.8199,1610571420000,131.0223,2186
388,2021-01-13 15:58:00-05:00,131.04,131.0402,131.1,131,374452,128.8199,1610571480000,131.0533,2852
389,2021-01-13 15:59:00-05:00,131.04,130.89,131.1,130.87,1077471.0,128.8199,1610571540000,130.9828,6447
