index,DateTime,Open,Close,High,Low,Volume,Previous_Close,Timestamp,Volume_weighted_avg_price,Number_of_transactions
0,2021-08-31 09:30:00-04:00,152.66,152.2519,152.73,152.18,1657147.0,153.1,1630416600000,152.5842,8303
1,2021-08-31 09:31:00-04:00,152.27,151.68,152.34,151.66,908010,153.1,1630416660000,151.9736,8173
2,2021-08-31 09:32:00-04:00,151.68,152.3,152.33,151.492,799881,153.1,1630416720000,151.9701,6581
3,2021-08-31 09:33:00-04:00,152.3,152.085,152.4999,152.025,660578,153.1,1630416780000,152.289,4811
4,2021-08-31 09:34:00-04:00,152.085,151.88,152.09,151.67,482964,153.1,1630416840000,151.8863,4696
5,2021-08-31 09:35:00-04:00,151.88,151.84,152.05,151.63,489631,153.1,1630416900000,151.8366,4414
6,2021-08-31 09:36:00-04:00,151.83,151.9523,152.05,151.57,456213,153.1,1630416960000,151.8667,3854
7,2021-08-31 09:37:00-04:00,151.95,152.18,152.43,151.88,508771,153.1,1630417020000,152.1908,4371
8,2021-08-31 09:38:00-04:00,152.19,151.995,152.44,151.96,392049,153.1,1630417080000,152.2102,3196
9,2021-08-31 09:39:00-04:00,151.9903,152.03,152.2424,151.98,305930,153.1,1630417140000,152.1264,2704
10,2021-08-31 09:40:00-04:00,152.05,151.73,152.05,151.71,405702,153.1,1630417200000,151.8857,3341
11,2021-08-31 09:41:00-04:00,151.72,151.76,151.93,151.665,328438,153.1,1630417260000,151.7872,2726
12,2021-08-31 09:42:00-04:00,151.75,151.91,152.03,151.71,391395,153.1,1630417320000,151.8742,3348
13,2021-08-31 09:43:00-04:00,151.905,152.055,152.11,151.8554,293743,153.1,1630417380000,152.0046,2432
14,2021-08-31 09:44:00-04:00,152.05,151.95,152.08,151.93,254501,153.1,1630417440000,151.9931,2126
15,2021-08-31 09:45:00-04:00,151.955,152.2,152.205,151.9,338616,153.1,1630417500000,152.073,3053
16,2021-08-31 09:46:00-04:00,152.21,152.255,152.39,152.13,379875,153.1,1630417560000,152.2739,2670
17,2021-08-31 09:47:00-04:00,152.23,152.1024,152.43,152.1,350125,153.1,1630417620000,152.2921,2690
18,2021-08-31 09:48:00-04:00,152.1,152.07,152.2,152.04,293359,153.1,1630417680000,152.1262,2405
19,2021-08-31 09:49:00-04:00,152.07,152.1,152.25,152.05,219357,153.1,1630417740000,152.1452,1865
20,2021-08-31 09:50:00-04:00,152.095,152.155,152.28,151.98,368015,153.1,1630417800000,152.1582,2772
21,2021-08-31 09:51:00-04:00,152.155,152.2199,152.37,152.11,256692,153.1,1630417860000,152.26,1990
22,2021-08-31 09:52:00-04:00,152.21,152.175,152.27,152.09,230518,153.1,1630417920000,152.1738,2199
23,2021-08-31 09:53:00-04:00,152.17,151.96,152.17,151.94,321947,153.1,1630417980000,152.0234,2901
24,2021-08-31 09:54:00-04:00,151.955,151.9,152.0187,151.9,254428,153.1,1630418040000,151.96,2359
25,2021-08-31 09:55:00-04:00,151.9001,151.84,151.93,151.78,348406,153.1,1630418100000,151.8696,2964
26,2021-08-31 09:56:00-04:00,151.83,151.845,152.69,151.82,557991,153.1,1630418160000,152.3642,2017
27,2021-08-31 09:57:00-04:00,151.83,151.89,151.89,151.74,268079,153.1,1630418220000,151.8064,2147
28,2021-08-31 09:58:00-04:00,151.895,151.73,151.91,151.71,245104,153.1,1630418280000,151.7949,2078
29,2021-08-31 09:59:00-04:00,151.721,151.525,151.73,151.52,331756,153.1,1630418340000,151.6383,2953
30,2021-08-31 10:00:00-04:00,151.52,151.69,151.82,151.41,506349,153.1,1630418400000,151.5891,4118
31,2021-08-31 10:01:00-04:00,151.69,151.7412,151.815,151.66,231798,153.1,1630418460000,151.7367,2074
32,2021-08-31 10:02:00-04:00,151.74,151.6948,151.79,151.68,167073,153.1,1630418520000,151.7236,1731
33,2021-08-31 10:03:00-04:00,151.69,151.52,151.83,151.5005,337962,153.1,1630418580000,151.6404,2884
34,2021-08-31 10:04:00-04:00,151.515,151.54,151.65,151.51,153535,153.1,1630418640000,151.5992,1598
35,2021-08-31 10:05:00-04:00,151.5378,151.58,151.67,151.5,243936,153.1,1630418700000,151.5831,1932
36,2021-08-31 10:06:00-04:00,151.59,151.731,151.77,151.55,194941,153.1,1630418760000,151.6748,1707
37,2021-08-31 10:07:00-04:00,151.72,151.87,151.9,151.68,243317,153.1,1630418820000,151.8087,1975
38,2021-08-31 10:08:00-04:00,151.86,151.83,151.94,151.8069,262395,153.1,1630418880000,151.873,2087
39,2021-08-31 10:09:00-04:00,151.839,151.7,151.87,151.69,169335,153.1,1630418940000,151.7852,1786
40,2021-08-31 10:10:00-04:00,151.69,151.775,151.82,151.64,158881,153.1,1630419000000,151.7142,1435
41,2021-08-31 10:11:00-04:00,151.77,151.84,152,151.77,265452,153.1,1630419060000,151.9246,2155
42,2021-08-31 10:12:00-04:00,151.8412,151.973,152,151.8412,154905,153.1,1630419120000,151.9276,1329
43,2021-08-31 10:13:00-04:00,151.9783,151.9299,152,151.92,172616,153.1,1630419180000,151.9592,1575
44,2021-08-31 10:14:00-04:00,151.91,151.85,152,151.82,262630,153.1,1630419240000,151.9344,1895
45,2021-08-31 10:15:00-04:00,151.84,151.62,151.84,151.6123,210734,153.1,1630419300000,151.7532,1968
46,2021-08-31 10:16:00-04:00,151.615,151.6498,151.66,151.5,258653,153.1,1630419360000,151.5706,2353
47,2021-08-31 10:17:00-04:00,151.65,151.5801,151.7,151.56,172351,153.1,1630419420000,151.6371,1425
48,2021-08-31 10:18:00-04:00,151.59,151.5299,151.64,151.51,136402,153.1,1630419480000,151.5533,1405
49,2021-08-31 10:19:00-04:00,151.525,151.479,151.55,151.45,341409,153.1,1630419540000,151.4999,2493
50,2021-08-31 10:20:00-04:00,151.48,151.4328,151.5499,151.35,339025,153.1,1630419600000,151.4457,2386
51,2021-08-31 10:21:00-04:00,151.43,151.3001,151.465,151.3,237619,153.1,1630419660000,151.3828,1901
52,2021-08-31 10:22:00-04:00,151.3,151.405,151.5,151.29,244697,153.1,1630419720000,151.4005,1950
53,2021-08-31 10:23:00-04:00,151.39,151.615,151.62,151.37,234040,153.1,1630419780000,151.5158,1926
54,2021-08-31 10:24:00-04:00,151.615,151.56,151.7561,151.56,273681,153.1,1630419840000,151.6697,1839
55,2021-08-31 10:25:00-04:00,151.55,151.62,151.62,151.495,186270,153.1,1630419900000,151.5406,1536
56,2021-08-31 10:26:00-04:00,151.62,151.5313,151.69,151.5001,214749,153.1,1630419960000,151.5938,1688
57,2021-08-31 10:27:00-04:00,151.53,151.4685,151.56,151.46,157659,153.1,1630420020000,151.516,1521
58,2021-08-31 10:28:00-04:00,151.47,151.4758,151.5589,151.4401,153200,153.1,1630420080000,151.4792,1453
59,2021-08-31 10:29:00-04:00,151.4786,151.4611,151.6,151.45,202329,153.1,1630420140000,151.5103,1402
60,2021-08-31 10:30:00-04:00,151.46,151.59,151.59,151.4,188047,153.1,1630420200000,151.475,1698
61,2021-08-31 10:31:00-04:00,151.589,151.645,151.6499,151.52,185195,153.1,1630420260000,151.5799,1547
62,2021-08-31 10:32:00-04:00,151.6416,151.6086,151.685,151.56,198804,153.1,1630420320000,151.6314,1634
63,2021-08-31 10:33:00-04:00,151.61,151.71,151.74,151.61,207027,153.1,1630420380000,151.6873,1510
64,2021-08-31 10:34:00-04:00,151.719,151.6911,151.719,151.64,114412,153.1,1630420440000,151.6751,1287
65,2021-08-31 10:35:00-04:00,151.6999,151.685,151.8,151.68,182566,153.1,1630420500000,151.7254,1679
66,2021-08-31 10:36:00-04:00,151.68,151.7039,151.775,151.65,133271,153.1,1630420560000,151.7145,1204
67,2021-08-31 10:37:00-04:00,151.7099,151.7,151.76,151.6601,127964,153.1,1630420620000,151.7033,1060
68,2021-08-31 10:38:00-04:00,151.695,151.7794,151.8,151.6701,138571,153.1,1630420680000,151.7545,1212
69,2021-08-31 10:39:00-04:00,151.78,151.94,151.96,151.7697,229774,153.1,1630420740000,151.849,1679
70,2021-08-31 10:40:00-04:00,151.94,151.855,151.95,151.835,185984,153.1,1630420800000,151.9024,1496
71,2021-08-31 10:41:00-04:00,151.855,151.9391,151.9565,151.83,161312,153.1,1630420860000,151.8931,1230
72,2021-08-31 10:42:00-04:00,151.9356,151.925,151.9399,151.8101,165435,153.1,1630420920000,151.8809,1161
73,2021-08-31 10:43:00-04:00,151.92,151.92,151.9899,151.8601,165231,153.1,1630420980000,151.9286,1291
74,2021-08-31 10:44:00-04:00,151.9299,151.89,151.93,151.88,106790,153.1,1630421040000,151.9032,919
75,2021-08-31 10:45:00-04:00,151.885,151.93,152.01,151.862,308191,153.1,1630421100000,151.9559,1956
76,2021-08-31 10:46:00-04:00,151.9329,151.885,152,151.86,145387,153.1,1630421160000,151.9229,1121
77,2021-08-31 10:47:00-04:00,151.89,151.7699,151.93,151.72,171698,153.1,1630421220000,151.8208,1454
78,2021-08-31 10:48:00-04:00,151.76,151.66,151.76,151.65,159450,153.1,1630421280000,151.6982,1275
79,2021-08-31 10:49:00-04:00,151.66,151.595,151.665,151.57,132947,153.1,1630421340000,151.6127,1223
80,2021-08-31 10:50:00-04:00,151.5961,151.51,151.605,151.5,133972,153.1,1630421400000,151.5456,1337
81,2021-08-31 10:51:00-04:00,151.515,151.565,151.59,151.48,170654,153.1,1630421460000,151.5364,1505
82,2021-08-31 10:52:00-04:00,151.5655,151.625,151.67,151.53,204327,153.1,1630421520000,151.6186,1219
83,2021-08-31 10:53:00-04:00,151.625,151.621,151.66,151.601,114898,153.1,1630421580000,151.6309,900
84,2021-08-31 10:54:00-04:00,151.63,151.5989,151.64,151.55,133303,153.1,1630421640000,151.5884,998
85,2021-08-31 10:55:00-04:00,151.6,151.51,151.67,151.5,206475,153.1,1630421700000,151.5767,1462
86,2021-08-31 10:56:00-04:00,151.501,151.57,151.57,151.45,351776,153.1,1630421760000,151.512,1671
87,2021-08-31 10:57:00-04:00,151.5705,151.545,151.6681,151.5401,129069,153.1,1630421820000,151.6094,1027
88,2021-08-31 10:58:00-04:00,151.54,151.54,151.54,151.46,140504,153.1,1630421880000,151.498,1116
89,2021-08-31 10:59:00-04:00,151.537,151.58,151.6,151.525,127792,153.1,1630421940000,151.5707,1061
90,2021-08-31 11:00:00-04:00,151.59,151.671,151.6899,151.56,112521,153.1,1630422000000,151.6189,1115
91,2021-08-31 11:01:00-04:00,151.67,151.675,151.7251,151.64,146272,153.1,1630422060000,151.6846,1128
92,2021-08-31 11:02:00-04:00,151.665,151.695,151.74,151.6385,131592,153.1,1630422120000,151.6968,1088
93,2021-08-31 11:03:00-04:00,151.6941,151.66,151.705,151.635,80081,153.1,1630422180000,151.6682,862
94,2021-08-31 11:04:00-04:00,151.655,151.5997,151.7,151.59,101097,153.1,1630422240000,151.6398,999
95,2021-08-31 11:05:00-04:00,151.595,151.67,151.68,151.595,79262,153.1,1630422300000,151.654,858
96,2021-08-31 11:06:00-04:00,151.67,151.735,151.74,151.63,101064,153.1,1630422360000,151.6909,810
97,2021-08-31 11:07:00-04:00,151.7413,151.7466,151.8099,151.71,150519,153.1,1630422420000,151.761,1046
98,2021-08-31 11:08:00-04:00,151.74,151.81,151.83,151.73,99217,153.1,1630422480000,151.7694,930
99,2021-08-31 11:09:00-04:00,151.815,151.8401,151.86,151.79,113998,153.1,1630422540000,151.8233,972
100,2021-08-31 11:10:00-04:00,151.85,151.89,151.94,151.81,197360,153.1,1630422600000,151.8822,1406
101,2021-08-31 11:11:00-04:00,151.8887,151.81,151.9,151.795,147850,153.1,1630422660000,151.8443,1127
102,2021-08-31 11:12:00-04:00,151.815,151.81,151.83,151.78,101202,153.1,1630422720000,151.8049,917
103,2021-08-31 11:13:00-04:00,151.81,151.835,151.88,151.8001,80904,153.1,1630422780000,151.8421,781
104,2021-08-31 11:14:00-04:00,151.84,151.73,151.87,151.73,96381,153.1,1630422840000,151.792,1040
105,2021-08-31 11:15:00-04:00,151.74,151.855,151.855,151.73,109000,153.1,1630422900000,151.7804,866
106,2021-08-31 11:16:00-04:00,151.85,151.94,151.94,151.84,125810,153.1,1630422960000,151.8983,1090
107,2021-08-31 11:17:00-04:00,151.945,151.92,151.96,151.9,140347,153.1,1630423020000,151.9332,1233
108,2021-08-31 11:18:00-04:00,151.93,152.04,152.06,151.9201,293221,153.1,1630423080000,152.0158,1960
109,2021-08-31 11:19:00-04:00,152.035,151.995,152.04,151.9909,141865,153.1,1630423140000,152.0156,1291
110,2021-08-31 11:20:00-04:00,152,152.0719,152.08,151.9801,163720,153.1,1630423200000,152.0279,1513
111,2021-08-31 11:21:00-04:00,152.075,152.055,152.09,152.02,133269,153.1,1630423260000,152.0602,1200
112,2021-08-31 11:22:00-04:00,152.0519,151.95,152.1,151.94,238406,153.1,1630423320000,151.9984,1897
113,2021-08-31 11:23:00-04:00,151.95,151.915,152.005,151.9,159700,153.1,1630423380000,151.9463,1227
114,2021-08-31 11:24:00-04:00,151.9182,151.9368,151.9576,151.9,105102,153.1,1630423440000,151.9292,956
115,2021-08-31 11:25:00-04:00,151.94,151.915,151.98,151.9,105515,153.1,1630423500000,151.9439,981
116,2021-08-31 11:26:00-04:00,151.915,151.895,151.9221,151.85,144536,153.1,1630423560000,151.8806,1140
117,2021-08-31 11:27:00-04:00,151.895,151.905,151.9099,151.85,73543,153.1,1630423620000,151.8839,758
118,2021-08-31 11:28:00-04:00,151.91,151.92,151.955,151.89,87424,153.1,1630423680000,151.9256,824
119,2021-08-31 11:29:00-04:00,151.92,151.8799,151.95,151.8701,100307,153.1,1630423740000,151.9105,1070
120,2021-08-31 11:30:00-04:00,151.87,151.88,151.9051,151.85,79688,153.1,1630423800000,151.8749,853
121,2021-08-31 11:31:00-04:00,151.8899,151.8299,151.8899,151.79,135151,153.1,1630423860000,151.8216,1191
122,2021-08-31 11:32:00-04:00,151.82,151.8391,151.8979,151.8149,73470,153.1,1630423920000,151.8632,826
123,2021-08-31 11:33:00-04:00,151.83,151.9223,151.94,151.82,132884,153.1,1630423980000,151.9013,964
124,2021-08-31 11:34:00-04:00,151.925,151.9,151.96,151.87,180240,153.1,1630424040000,151.9247,1450
125,2021-08-31 11:35:00-04:00,151.9053,152.09,152.09,151.76,282928,153.1,1630424100000,151.9809,2270
126,2021-08-31 11:36:00-04:00,152.0897,151.89,152.31,151.85,719398,153.1,1630424160000,152.115,6072
127,2021-08-31 11:37:00-04:00,151.9099,152.0499,152.0499,151.84,274102,153.1,1630424220000,151.9094,1715
128,2021-08-31 11:38:00-04:00,152.04,151.975,152.08,151.92,291231,153.1,1630424280000,152.0167,2228
129,2021-08-31 11:39:00-04:00,151.9706,152.025,152.06,151.9538,108870,153.1,1630424340000,152.0199,826
130,2021-08-31 11:40:00-04:00,152.0275,152.075,152.1599,152.01,184146,153.1,1630424400000,152.0919,1198
131,2021-08-31 11:41:00-04:00,152.0788,152.095,152.135,152.06,110087,153.1,1630424460000,152.103,904
132,2021-08-31 11:42:00-04:00,152.1,152.1582,152.1692,152.095,93444,153.1,1630424520000,152.1374,828
133,2021-08-31 11:43:00-04:00,152.155,152.13,152.17,152.1,94255,153.1,1630424580000,152.1271,772
134,2021-08-31 11:44:00-04:00,152.13,152,152.14,152,115296,153.1,1630424640000,152.0616,985
135,2021-08-31 11:45:00-04:00,152.005,151.985,152.04,151.93,117272,153.1,1630424700000,151.9919,1006
136,2021-08-31 11:46:00-04:00,151.99,151.99,152.05,151.981,72873,153.1,1630424760000,152.0125,733
137,2021-08-31 11:47:00-04:00,151.985,152.0027,152.04,151.965,54678,153.1,1630424820000,152.0006,541
138,2021-08-31 11:48:00-04:00,152.01,151.998,152.01,151.97,53993,153.1,1630424880000,151.9926,610
139,2021-08-31 11:49:00-04:00,151.99,152,152.02,151.97,60828,153.1,1630424940000,151.9962,553
140,2021-08-31 11:50:00-04:00,152.001,151.96,152.05,151.95,93271,153.1,1630425000000,151.9807,844
141,2021-08-31 11:51:00-04:00,151.9573,151.96,151.99,151.89,155358,153.1,1630425060000,151.9357,1221
142,2021-08-31 11:52:00-04:00,151.95,151.9383,152,151.925,76545,153.1,1630425120000,151.9584,699
143,2021-08-31 11:53:00-04:00,151.935,151.94,151.9591,151.92,83966,153.1,1630425180000,151.9347,709
144,2021-08-31 11:54:00-04:00,151.94,151.98,151.98,151.92,68974,153.1,1630425240000,151.9536,609
145,2021-08-31 11:55:00-04:00,151.985,152.005,152.05,151.98,111915,153.1,1630425300000,152.0223,827
146,2021-08-31 11:56:00-04:00,152.005,152.125,152.149,152.005,160353,153.1,1630425360000,152.1002,946
147,2021-08-31 11:57:00-04:00,152.1267,152.105,152.1399,152.06,131269,153.1,1630425420000,152.0965,855
148,2021-08-31 11:58:00-04:00,152.105,152.155,152.155,152.105,86367,153.1,1630425480000,152.133,637
149,2021-08-31 11:59:00-04:00,152.155,152.115,152.168,152.11,82440,153.1,1630425540000,152.1432,626
150,2021-08-31 12:00:00-04:00,152.12,152.0099,152.13,152,90607,153.1,1630425600000,152.0686,825
151,2021-08-31 12:01:00-04:00,152.005,152.03,152.0361,151.9824,107235,153.1,1630425660000,152.01,878
152,2021-08-31 12:02:00-04:00,152.0286,152.025,152.03,151.99,67483,153.1,1630425720000,152.0154,628
153,2021-08-31 12:03:00-04:00,152.0216,152.085,152.105,152.02,69002,153.1,1630425780000,152.0712,628
154,2021-08-31 12:04:00-04:00,152.09,152.102,152.1199,152.06,95533,153.1,1630425840000,152.0936,828
155,2021-08-31 12:05:00-04:00,152.1,152.24,152.25,152.0909,196258,153.1,1630425900000,152.1887,1333
156,2021-08-31 12:06:00-04:00,152.2486,152.285,152.2867,152.15,180664,153.1,1630425960000,152.2187,1307
157,2021-08-31 12:07:00-04:00,152.2801,152.315,152.3655,152.275,161981,153.1,1630426020000,152.3159,1124
158,2021-08-31 12:08:00-04:00,152.3199,152.405,152.45,152.27,227866,153.1,1630426080000,152.3803,1480
159,2021-08-31 12:09:00-04:00,152.405,152.36,152.42,152.35,86863,153.1,1630426140000,152.3758,811
160,2021-08-31 12:10:00-04:00,152.3556,152.32,152.435,152.3,182875,153.1,1630426200000,152.3756,1331
161,2021-08-31 12:11:00-04:00,152.3161,152.4055,152.41,152.2701,127510,153.1,1630426260000,152.3394,933
162,2021-08-31 12:12:00-04:00,152.4099,152.413,152.42,152.3058,94242,153.1,1630426320000,152.3703,744
163,2021-08-31 12:13:00-04:00,152.415,152.44,152.48,152.41,249087,153.1,1630426380000,152.4507,1460
164,2021-08-31 12:14:00-04:00,152.4496,152.4,152.45,152.31,237797,153.1,1630426440000,152.3883,1637
165,2021-08-31 12:15:00-04:00,152.405,152.46,152.49,152.37,116255,153.1,1630426500000,152.4461,906
166,2021-08-31 12:16:00-04:00,152.4601,152.465,152.49,152.43,92957,153.1,1630426560000,152.4608,835
167,2021-08-31 12:17:00-04:00,152.47,152.405,152.49,152.395,105340,153.1,1630426620000,152.4508,875
168,2021-08-31 12:18:00-04:00,152.41,152.38,152.46,152.345,141057,153.1,1630426680000,152.3895,1032
169,2021-08-31 12:19:00-04:00,152.37,152.3399,152.425,152.32,105466,153.1,1630426740000,152.3602,845
170,2021-08-31 12:20:00-04:00,152.33,152.3114,152.33,152.25,137971,153.1,1630426800000,152.292,1062
171,2021-08-31 12:21:00-04:00,152.31,152.34,152.36,152.3,89030,153.1,1630426860000,152.339,633
172,2021-08-31 12:22:00-04:00,152.34,152.31,152.36,152.31,95305,153.1,1630426920000,152.3365,674
173,2021-08-31 12:23:00-04:00,152.32,152.3595,152.3595,152.3,100434,153.1,1630426980000,152.3235,801
174,2021-08-31 12:24:00-04:00,152.355,152.4111,152.455,152.325,133635,153.1,1630427040000,152.4087,1057
175,2021-08-31 12:25:00-04:00,152.415,152.47,152.5,152.415,195739,153.1,1630427100000,152.4794,1452
176,2021-08-31 12:26:00-04:00,152.465,152.5052,152.5094,152.44,118677,153.1,1630427160000,152.4692,852
177,2021-08-31 12:27:00-04:00,152.51,152.5824,152.59,152.51,198233,153.1,1630427220000,152.5466,1108
178,2021-08-31 12:28:00-04:00,152.585,152.6492,152.67,152.56,287300,153.1,1630427280000,152.6194,1565
179,2021-08-31 12:29:00-04:00,152.646,152.675,152.71,152.63,219943,153.1,1630427340000,152.6827,1463
180,2021-08-31 12:30:00-04:00,152.67,152.5801,152.675,152.57,127612,153.1,1630427400000,152.6092,1148
181,2021-08-31 12:31:00-04:00,152.585,152.6199,152.62,152.565,97753,153.1,1630427460000,152.5903,910
182,2021-08-31 12:32:00-04:00,152.62,152.67,152.68,152.605,104190,153.1,1630427520000,152.6509,833
183,2021-08-31 12:33:00-04:00,152.66,152.655,152.68,152.61,115060,153.1,1630427580000,152.6367,1043
184,2021-08-31 12:34:00-04:00,152.66,152.76,152.77,152.6401,166320,153.1,1630427640000,152.7069,1361
185,2021-08-31 12:35:00-04:00,152.755,152.7387,152.77,152.6946,134838,153.1,1630427700000,152.7304,870
186,2021-08-31 12:36:00-04:00,152.738,152.73,152.79,152.7101,142798,153.1,1630427760000,152.7587,940
187,2021-08-31 12:37:00-04:00,152.73,152.735,152.8,152.7201,127182,153.1,1630427820000,152.7624,716
188,2021-08-31 12:38:00-04:00,152.7326,152.68,152.7326,152.59,164768,153.1,1630427880000,152.6504,1327
189,2021-08-31 12:39:00-04:00,152.68,152.65,152.68,152.6178,85929,153.1,1630427940000,152.6441,693
190,2021-08-31 12:40:00-04:00,152.65,152.6,152.66,152.59,89267,153.1,1630428000000,152.6214,773
191,2021-08-31 12:41:00-04:00,152.605,152.56,152.605,152.53,105548,153.1,1630428060000,152.5617,844
192,2021-08-31 12:42:00-04:00,152.5599,152.543,152.565,152.5,77888,153.1,1630428120000,152.5299,716
193,2021-08-31 12:43:00-04:00,152.545,152.5728,152.58,152.51,66436,153.1,1630428180000,152.5366,614
194,2021-08-31 12:44:00-04:00,152.58,152.595,152.62,152.575,92712,153.1,1630428240000,152.5981,727
195,2021-08-31 12:45:00-04:00,152.59,152.6,152.6299,152.56,114267,153.1,1630428300000,152.5965,921
196,2021-08-31 12:46:00-04:00,152.6,152.6,152.6199,152.56,82885,153.1,1630428360000,152.5856,721
197,2021-08-31 12:47:00-04:00,152.605,152.525,152.61,152.51,93449,153.1,1630428420000,152.5485,670
198,2021-08-31 12:48:00-04:00,152.52,152.6399,152.64,152.51,94059,153.1,1630428480000,152.5705,736
199,2021-08-31 12:49:00-04:00,152.6301,152.715,152.73,152.6301,138641,153.1,1630428540000,152.6909,1118
200,2021-08-31 12:50:00-04:00,152.7101,152.65,152.73,152.64,111444,153.1,1630428600000,152.6866,792
201,2021-08-31 12:51:00-04:00,152.6422,152.575,152.65,152.57,69168,153.1,1630428660000,152.6107,627
202,2021-08-31 12:52:00-04:00,152.575,152.5501,152.59,152.52,114113,153.1,1630428720000,152.5575,779
203,2021-08-31 12:53:00-04:00,152.5599,152.525,152.57,152.52,52843,153.1,1630428780000,152.546,433
204,2021-08-31 12:54:00-04:00,152.5271,152.5699,152.58,152.51,80906,153.1,1630428840000,152.5418,589
205,2021-08-31 12:55:00-04:00,152.565,152.535,152.58,152.523,83154,153.1,1630428900000,152.5534,648
206,2021-08-31 12:56:00-04:00,152.539,152.585,152.62,152.5201,90331,153.1,1630428960000,152.5802,596
207,2021-08-31 12:57:00-04:00,152.58,152.57,152.61,152.56,99628,153.1,1630429020000,152.5889,707
208,2021-08-31 12:58:00-04:00,152.58,152.6483,152.65,152.58,70992,153.1,1630429080000,152.6264,539
209,2021-08-31 12:59:00-04:00,152.648,152.665,152.67,152.611,82110,153.1,1630429140000,152.6447,606
210,2021-08-31 13:00:00-04:00,152.6684,152.68,152.715,152.655,106778,153.1,1630429200000,152.6925,732
211,2021-08-31 13:01:00-04:00,152.68,152.665,152.74,152.63,99230,153.1,1630429260000,152.6901,756
212,2021-08-31 13:02:00-04:00,152.66,152.61,152.665,152.61,53350,153.1,1630429320000,152.637,490
213,2021-08-31 13:03:00-04:00,152.6,152.6101,152.64,152.59,48665,153.1,1630429380000,152.6154,438
214,2021-08-31 13:04:00-04:00,152.62,152.58,152.665,152.57,87296,153.1,1630429440000,152.6163,634
215,2021-08-31 13:05:00-04:00,152.5792,152.53,152.59,152.525,81382,153.1,1630429500000,152.5558,625
216,2021-08-31 13:06:00-04:00,152.5325,152.485,152.5681,152.48,128783,153.1,1630429560000,152.5151,979
217,2021-08-31 13:07:00-04:00,152.491,152.4001,152.5,152.39,107403,153.1,1630429620000,152.4792,862
218,2021-08-31 13:08:00-04:00,152.41,152.4402,152.45,152.4,102018,153.1,1630429680000,152.4235,823
219,2021-08-31 13:09:00-04:00,152.4463,152.445,152.509,152.435,99268,153.1,1630429740000,152.4745,767
220,2021-08-31 13:10:00-04:00,152.4401,152.41,152.447,152.34,123653,153.1,1630429800000,152.3935,972
221,2021-08-31 13:11:00-04:00,152.4199,152.39,152.43,152.3698,88143,153.1,1630429860000,152.3946,647
222,2021-08-31 13:12:00-04:00,152.38,152.38,152.4,152.35,79996,153.1,1630429920000,152.3724,653
223,2021-08-31 13:13:00-04:00,152.3756,152.385,152.395,152.3401,89494,153.1,1630429980000,152.3728,628
224,2021-08-31 13:14:00-04:00,152.385,152.3827,152.43,152.38,58025,153.1,1630430040000,152.4069,458
225,2021-08-31 13:15:00-04:00,152.385,152.435,152.439,152.38,66376,153.1,1630430100000,152.4082,558
226,2021-08-31 13:16:00-04:00,152.4328,152.415,152.495,152.41,112002,153.1,1630430160000,152.458,886
227,2021-08-31 13:17:00-04:00,152.4138,152.415,152.4199,152.3701,60830,153.1,1630430220000,152.3923,541
228,2021-08-31 13:18:00-04:00,152.4199,152.2999,152.4199,152.26,145686,153.1,1630430280000,152.3336,1108
229,2021-08-31 13:19:00-04:00,152.29,152.2639,152.33,152.26,105562,153.1,1630430340000,152.2947,858
230,2021-08-31 13:20:00-04:00,152.27,152.29,152.34,152.27,109877,153.1,1630430400000,152.2936,808
231,2021-08-31 13:21:00-04:00,152.289,152.305,152.34,152.289,84695,153.1,1630430460000,152.3179,572
232,2021-08-31 13:22:00-04:00,152.31,152.24,152.34,152.21,197165,153.1,1630430520000,152.2847,1435
233,2021-08-31 13:23:00-04:00,152.2371,152.253,152.28,152.23,108178,153.1,1630430580000,152.2521,730
234,2021-08-31 13:24:00-04:00,152.27,152.2301,152.28,152.19,96504,153.1,1630430640000,152.2365,916
235,2021-08-31 13:25:00-04:00,152.23,152.127,152.23,152.12,145867,153.1,1630430700000,152.1652,1144
236,2021-08-31 13:26:00-04:00,152.12,152.191,152.191,152.115,119660,153.1,1630430760000,152.1454,1002
237,2021-08-31 13:27:00-04:00,152.2,152.16,152.2399,152.1301,164014,153.1,1630430820000,152.1852,1089
238,2021-08-31 13:28:00-04:00,152.16,152.13,152.18,152.1105,72621,153.1,1630430880000,152.1437,761
239,2021-08-31 13:29:00-04:00,152.13,152.11,152.15,152.06,136554,153.1,1630430940000,152.1023,948
240,2021-08-31 13:30:00-04:00,152.12,152.145,152.15,152.1001,68507,153.1,1630431000000,152.1288,598
241,2021-08-31 13:31:00-04:00,152.145,152.13,152.22,152.13,99064,153.1,1630431060000,152.1786,759
242,2021-08-31 13:32:00-04:00,152.13,152.165,152.2,152.12,44883,153.1,1630431120000,152.1609,449
243,2021-08-31 13:33:00-04:00,152.16,152.1623,152.21,152.155,57508,153.1,1630431180000,152.1839,571
244,2021-08-31 13:34:00-04:00,152.165,152.11,152.18,152.11,64711,153.1,1630431240000,152.1436,665
245,2021-08-31 13:35:00-04:00,152.12,152.1649,152.175,152.1101,70177,153.1,1630431300000,152.1429,729
246,2021-08-31 13:36:00-04:00,152.16,152.1999,152.24,152.16,99702,153.1,1630431360000,152.2015,752
247,2021-08-31 13:37:00-04:00,152.2,152.13,152.21,152.12,96966,153.1,1630431420000,152.1687,802
248,2021-08-31 13:38:00-04:00,152.14,152.125,152.17,152.125,61890,153.1,1630431480000,152.1472,566
249,2021-08-31 13:39:00-04:00,152.12,152.21,152.215,152.11,80093,153.1,1630431540000,152.1619,720
250,2021-08-31 13:40:00-04:00,152.205,152.235,152.24,152.195,80254,153.1,1630431600000,152.2202,528
251,2021-08-31 13:41:00-04:00,152.24,152.2276,152.24,152.1856,70434,153.1,1630431660000,152.2149,684
252,2021-08-31 13:42:00-04:00,152.225,152.215,152.24,152.2,59749,153.1,1630431720000,152.2165,629
253,2021-08-31 13:43:00-04:00,152.21,152.215,152.26,152.2,62065,153.1,1630431780000,152.2271,621
254,2021-08-31 13:44:00-04:00,152.22,152.29,152.32,152.22,110791,153.1,1630431840000,152.2825,856
255,2021-08-31 13:45:00-04:00,152.295,152.275,152.31,152.2501,68263,153.1,1630431900000,152.2833,565
256,2021-08-31 13:46:00-04:00,152.28,152.255,152.29,152.23,41521,153.1,1630431960000,152.2554,501
257,2021-08-31 13:47:00-04:00,152.2572,152.33,152.36,152.25,104738,153.1,1630432020000,152.327,880
258,2021-08-31 13:48:00-04:00,152.3382,152.36,152.37,152.29,77556,153.1,1630432080000,152.3264,624
259,2021-08-31 13:49:00-04:00,152.365,152.375,152.3913,152.35,76600,153.1,1630432140000,152.3754,566
260,2021-08-31 13:50:00-04:00,152.37,152.3972,152.415,152.345,66290,153.1,1630432200000,152.3827,636
261,2021-08-31 13:51:00-04:00,152.39,152.375,152.4,152.37,39843,153.1,1630432260000,152.3888,421
262,2021-08-31 13:52:00-04:00,152.37,152.3469,152.38,152.33,56682,153.1,1630432320000,152.3592,554
263,2021-08-31 13:53:00-04:00,152.345,152.3679,152.38,152.335,52027,153.1,1630432380000,152.3574,469
264,2021-08-31 13:54:00-04:00,152.365,152.2999,152.37,152.29,73802,153.1,1630432440000,152.32,673
265,2021-08-31 13:55:00-04:00,152.295,152.365,152.38,152.275,92315,153.1,1630432500000,152.3244,703
266,2021-08-31 13:56:00-04:00,152.36,152.37,152.37,152.33,45035,153.1,1630432560000,152.3519,414
267,2021-08-31 13:57:00-04:00,152.365,152.335,152.39,152.33,58186,153.1,1630432620000,152.3621,522
268,2021-08-31 13:58:00-04:00,152.3378,152.31,152.3484,152.27,71423,153.1,1630432680000,152.3041,637
269,2021-08-31 13:59:00-04:00,152.305,152.355,152.365,152.305,76740,153.1,1630432740000,152.3439,618
270,2021-08-31 14:00:00-04:00,152.36,152.3114,152.365,152.28,75993,153.1,1630432800000,152.3204,712
271,2021-08-31 14:01:00-04:00,152.3148,152.29,152.32,152.27,43989,153.1,1630432860000,152.2982,506
272,2021-08-31 14:02:00-04:00,152.285,152.26,152.285,152.24,74818,153.1,1630432920000,152.258,664
273,2021-08-31 14:03:00-04:00,152.2553,152.26,152.28,152.23,64944,153.1,1630432980000,152.2565,545
274,2021-08-31 14:04:00-04:00,152.2616,152.245,152.29,152.23,84800,153.1,1630433040000,152.2566,677
275,2021-08-31 14:05:00-04:00,152.245,152.22,152.265,152.21,76990,153.1,1630433100000,152.2334,732
276,2021-08-31 14:06:00-04:00,152.22,152.29,152.3,152.19,118751,153.1,1630433160000,152.2379,927
277,2021-08-31 14:07:00-04:00,152.29,152.3,152.33,152.27,101028,153.1,1630433220000,152.298,869
278,2021-08-31 14:08:00-04:00,152.3013,152.27,152.32,152.25,40576,153.1,1630433280000,152.2892,487
279,2021-08-31 14:09:00-04:00,152.26,152.2799,152.29,152.23,56749,153.1,1630433340000,152.2522,565
280,2021-08-31 14:10:00-04:00,152.2779,152.27,152.29,152.243,54340,153.1,1630433400000,152.271,519
281,2021-08-31 14:11:00-04:00,152.27,152.24,152.27,152.22,42746,153.1,1630433460000,152.2432,460
282,2021-08-31 14:12:00-04:00,152.245,152.27,152.271,152.24,58110,153.1,1630433520000,152.2543,540
283,2021-08-31 14:13:00-04:00,152.2682,152.265,152.2799,152.2428,53115,153.1,1630433580000,152.2635,475
284,2021-08-31 14:14:00-04:00,152.27,152.2582,152.29,152.25,41454,153.1,1630433640000,152.2735,442
285,2021-08-31 14:15:00-04:00,152.255,152.28,152.28,152.2499,61761,153.1,1630433700000,152.2672,561
286,2021-08-31 14:16:00-04:00,152.275,152.29,152.3167,152.2623,75511,153.1,1630433760000,152.2948,580
287,2021-08-31 14:17:00-04:00,152.3,152.295,152.34,152.29,73558,153.1,1630433820000,152.3102,577
288,2021-08-31 14:18:00-04:00,152.295,152.29,152.3099,152.27,50411,153.1,1630433880000,152.2882,452
289,2021-08-31 14:19:00-04:00,152.295,152.27,152.31,152.27,40361,153.1,1630433940000,152.2949,511
290,2021-08-31 14:20:00-04:00,152.28,152.28,152.29,152.26,42017,153.1,1630434000000,152.2734,474
291,2021-08-31 14:21:00-04:00,152.285,152.2678,152.29,152.25,56597,153.1,1630434060000,152.2739,441
292,2021-08-31 14:22:00-04:00,152.26,152.285,152.2874,152.2436,38251,153.1,1630434120000,152.2604,393
293,2021-08-31 14:23:00-04:00,152.285,152.33,152.34,152.28,84398,153.1,1630434180000,152.3185,592
294,2021-08-31 14:24:00-04:00,152.325,152.3616,152.3899,152.325,99027,153.1,1630434240000,152.366,582
295,2021-08-31 14:25:00-04:00,152.36,152.405,152.42,152.34,106626,153.1,1630434300000,152.3829,924
296,2021-08-31 14:26:00-04:00,152.405,152.46,152.49,152.4,120912,153.1,1630434360000,152.4523,841
297,2021-08-31 14:27:00-04:00,152.46,152.4826,152.49,152.46,329201,153.1,1630434420000,152.4948,572
298,2021-08-31 14:28:00-04:00,152.485,152.4701,152.5,152.4501,64258,153.1,1630434480000,152.4817,479
299,2021-08-31 14:29:00-04:00,152.47,152.4664,152.48,152.4256,73269,153.1,1630434540000,152.4569,594
300,2021-08-31 14:30:00-04:00,152.47,152.535,152.54,152.44,114362,153.1,1630434600000,152.4885,799
301,2021-08-31 14:31:00-04:00,152.5356,152.4153,152.54,152.412,150917,153.1,1630434660000,152.4883,1121
302,2021-08-31 14:32:00-04:00,152.415,152.3882,152.44,152.38,87994,153.1,1630434720000,152.4124,715
303,2021-08-31 14:33:00-04:00,152.385,152.465,152.47,152.385,73891,153.1,1630434780000,152.4266,568
304,2021-08-31 14:34:00-04:00,152.4699,152.495,152.5,152.455,92837,153.1,1630434840000,152.4775,657
305,2021-08-31 14:35:00-04:00,152.5,152.54,152.57,152.4901,128072,153.1,1630434900000,152.5306,972
306,2021-08-31 14:36:00-04:00,152.535,152.4999,152.5599,152.49,104819,153.1,1630434960000,152.5149,813
307,2021-08-31 14:37:00-04:00,152.5,152.5,152.53,152.48,77595,153.1,1630435020000,152.506,666
308,2021-08-31 14:38:00-04:00,152.505,152.485,152.505,152.47,60278,153.1,1630435080000,152.488,491
309,2021-08-31 14:39:00-04:00,152.4825,152.375,152.485,152.375,74638,153.1,1630435140000,152.4184,692
310,2021-08-31 14:40:00-04:00,152.38,152.375,152.425,152.36,125779,153.1,1630435200000,152.3948,824
311,2021-08-31 14:41:00-04:00,152.38,152.415,152.4504,152.36,92051,153.1,1630435260000,152.4033,829
312,2021-08-31 14:42:00-04:00,152.42,152.405,152.45,152.39,47025,153.1,1630435320000,152.4137,457
313,2021-08-31 14:43:00-04:00,152.405,152.4053,152.4399,152.3901,74380,153.1,1630435380000,152.4206,593
314,2021-08-31 14:44:00-04:00,152.4,152.355,152.41,152.35,54226,153.1,1630435440000,152.3814,532
315,2021-08-31 14:45:00-04:00,152.36,152.2936,152.379,152.28,101671,153.1,1630435500000,152.3325,854
316,2021-08-31 14:46:00-04:00,152.2944,152.3224,152.33,152.29,67453,153.1,1630435560000,152.3072,590
317,2021-08-31 14:47:00-04:00,152.325,152.3001,152.34,152.29,61732,153.1,1630435620000,152.316,570
318,2021-08-31 14:48:00-04:00,152.3,152.305,152.31,152.26,77402,153.1,1630435680000,152.2803,694
319,2021-08-31 14:49:00-04:00,152.295,152.315,152.32,152.29,67414,153.1,1630435740000,152.3067,710
320,2021-08-31 14:50:00-04:00,152.32,152.36,152.38,152.3125,115018,153.1,1630435800000,152.3445,955
321,2021-08-31 14:51:00-04:00,152.365,152.355,152.3667,152.32,59828,153.1,1630435860000,152.3465,554
322,2021-08-31 14:52:00-04:00,152.35,152.35,152.37,152.29,85727,153.1,1630435920000,152.3442,845
323,2021-08-31 14:53:00-04:00,152.355,152.24,152.36,152.24,158157,153.1,1630435980000,152.2729,984
324,2021-08-31 14:54:00-04:00,152.2301,152.2675,152.27,152.2,67265,153.1,1630436040000,152.2397,641
325,2021-08-31 14:55:00-04:00,152.2631,152.2399,152.3,152.23,85231,153.1,1630436100000,152.2739,791
326,2021-08-31 14:56:00-04:00,152.24,152.2599,152.28,152.23,57195,153.1,1630436160000,152.252,494
327,2021-08-31 14:57:00-04:00,152.255,152.2932,152.295,152.255,80383,153.1,1630436220000,152.2718,534
328,2021-08-31 14:58:00-04:00,152.3,152.3,152.3199,152.275,73606,153.1,1630436280000,152.294,666
329,2021-08-31 14:59:00-04:00,152.3079,152.365,152.365,152.287,266832,153.1,1630436340000,152.313,1452
330,2021-08-31 15:00:00-04:00,152.365,152.37,152.41,152.34,120423,153.1,1630436400000,152.3795,1020
331,2021-08-31 15:01:00-04:00,152.37,152.345,152.38,152.3301,54808,153.1,1630436460000,152.3524,605
332,2021-08-31 15:02:00-04:00,152.34,152.285,152.34,152.2719,77790,153.1,1630436520000,152.3102,697
333,2021-08-31 15:03:00-04:00,152.2801,152.26,152.31,152.25,106827,153.1,1630436580000,152.2733,976
334,2021-08-31 15:04:00-04:00,152.26,152.24,152.28,152.24,95671,153.1,1630436640000,152.2596,907
335,2021-08-31 15:05:00-04:00,152.241,152.1701,152.241,152.1601,98951,153.1,1630436700000,152.2027,980
336,2021-08-31 15:06:00-04:00,152.18,152.1169,152.195,152.095,167609,153.1,1630436760000,152.1417,1290
337,2021-08-31 15:07:00-04:00,152.115,152.135,152.18,152.1003,148932,153.1,1630436820000,152.1423,1189
338,2021-08-31 15:08:00-04:00,152.14,152.15,152.16,152.12,104995,153.1,1630436880000,152.1402,844
339,2021-08-31 15:09:00-04:00,152.16,152.195,152.21,152.16,87131,153.1,1630436940000,152.1829,807
340,2021-08-31 15:10:00-04:00,152.2,152.207,152.21,152.18,71686,153.1,1630437000000,152.1924,685
341,2021-08-31 15:11:00-04:00,152.21,152.1934,152.26,152.19,152519,153.1,1630437060000,152.22,1156
342,2021-08-31 15:12:00-04:00,152.195,152.175,152.22,152.165,76118,153.1,1630437120000,152.1878,769
343,2021-08-31 15:13:00-04:00,152.17,152.18,152.19,152.145,136841,153.1,1630437180000,152.1649,1012
344,2021-08-31 15:14:00-04:00,152.17,152.16,152.21,152.15,90763,153.1,1630437240000,152.1772,922
345,2021-08-31 15:15:00-04:00,152.155,152.115,152.17,152.1,128291,153.1,1630437300000,152.1282,1075
346,2021-08-31 15:16:00-04:00,152.11,152.1185,152.14,152.08,120977,153.1,1630437360000,152.1101,1153
347,2021-08-31 15:17:00-04:00,152.12,152.1658,152.1799,152.11,337406,153.1,1630437420000,152.1287,679
348,2021-08-31 15:18:00-04:00,152.165,152.205,152.225,152.1625,84471,153.1,1630437480000,152.201,800
349,2021-08-31 15:19:00-04:00,152.2,152.17,152.24,152.17,120672,153.1,1630437540000,152.2059,1074
350,2021-08-31 15:20:00-04:00,152.1799,152.205,152.21,152.14,111745,153.1,1630437600000,152.1747,1165
351,2021-08-31 15:21:00-04:00,152.2,152.085,152.21,152.085,155332,153.1,1630437660000,152.1565,1310
352,2021-08-31 15:22:00-04:00,152.08,152.1,152.12,152.07,129068,153.1,1630437720000,152.0958,1234
353,2021-08-31 15:23:00-04:00,152.1,152.03,152.11,152.03,164872,153.1,1630437780000,152.0546,1289
354,2021-08-31 15:24:00-04:00,152.03,152.115,152.12,152.01,158041,153.1,1630437840000,152.0725,1312
355,2021-08-31 15:25:00-04:00,152.12,152.105,152.1398,152.08,115879,153.1,1630437900000,152.1064,1151
356,2021-08-31 15:26:00-04:00,152.1,152.02,152.11,152.01,119339,153.1,1630437960000,152.0552,1104
357,2021-08-31 15:27:00-04:00,152.02,152,152.03,151.96,235240,153.1,1630438020000,151.9983,2246
358,2021-08-31 15:28:00-04:00,152.005,151.98,152.03,151.97,152566,153.1,1630438080000,151.999,1249
359,2021-08-31 15:29:00-04:00,151.975,151.955,152.03,151.95,143019,153.1,1630438140000,151.992,1354
360,2021-08-31 15:30:00-04:00,151.96,151.99,152.015,151.93,110316,153.1,1630438200000,151.9797,1115
361,2021-08-31 15:31:00-04:00,151.99,152.04,152.06,151.9801,132187,153.1,1630438260000,152.0224,1040
362,2021-08-31 15:32:00-04:00,152.03,152.095,152.1,152.02,118138,153.1,1630438320000,152.0632,1071
363,2021-08-31 15:33:00-04:00,152.09,152.17,152.185,152.081,131384,153.1,1630438380000,152.1247,1122
364,2021-08-31 15:34:00-04:00,152.175,152.24,152.24,152.14,148767,153.1,1630438440000,152.1935,1041
365,2021-08-31 15:35:00-04:00,152.237,152.215,152.2399,152.18,96585,153.1,1630438500000,152.2045,844
366,2021-08-31 15:36:00-04:00,152.21,152.255,152.26,152.1901,109743,153.1,1630438560000,152.2241,899
367,2021-08-31 15:37:00-04:00,152.2519,152.2787,152.31,152.24,236810,153.1,1630438620000,152.2851,1276
368,2021-08-31 15:38:00-04:00,152.27,152.2901,152.32,152.265,131705,153.1,1630438680000,152.288,998
369,2021-08-31 15:39:00-04:00,152.2904,152.29,152.308,152.25,124304,153.1,1630438740000,152.2768,1047
370,2021-08-31 15:40:00-04:00,152.29,152.221,152.3,152.21,120110,153.1,1630438800000,152.2508,1008
371,2021-08-31 15:41:00-04:00,152.23,152.255,152.2999,152.23,112833,153.1,1630438860000,152.2647,1060
372,2021-08-31 15:42:00-04:00,152.25,152.255,152.28,152.24,91669,153.1,1630438920000,152.258,860
373,2021-08-31 15:43:00-04:00,152.255,152.283,152.29,152.24,113395,153.1,1630438980000,152.2711,1013
374,2021-08-31 15:44:00-04:00,152.28,152.365,152.37,152.2701,222438,153.1,1630439040000,152.3188,1375
375,2021-08-31 15:45:00-04:00,152.369,152.35,152.38,152.32,136375,153.1,1630439100000,152.3514,1238
376,2021-08-31 15:46:00-04:00,152.3535,152.41,152.42,152.3535,148473,153.1,1630439160000,152.3903,1048
377,2021-08-31 15:47:00-04:00,152.41,152.4299,152.44,152.4,122052,153.1,1630439220000,152.4146,1125
378,2021-08-31 15:48:00-04:00,152.425,152.435,152.46,152.42,147886,153.1,1630439280000,152.4407,1287
379,2021-08-31 15:49:00-04:00,152.44,152.445,152.45,152.3812,164409,153.1,1630439340000,152.4169,1318
380,2021-08-31 15:50:00-04:00,152.44,151.925,152.44,151.88,1075105.0,153.1,1630439400000,152.0387,7751
381,2021-08-31 15:51:00-04:00,151.92,151.95,151.99,151.86,436284,153.1,1630439460000,151.9398,3332
382,2021-08-31 15:52:00-04:00,151.945,151.86,151.945,151.82,329331,153.1,1630439520000,151.8896,2839
383,2021-08-31 15:53:00-04:00,151.86,151.91,151.93,151.8,409014,153.1,1630439580000,151.8606,3440
384,2021-08-31 15:54:00-04:00,151.91,151.67,151.91,151.55,815669,153.1,1630439640000,151.7196,6634
385,2021-08-31 15:55:00-04:00,151.66,151.765,151.84,151.65,677837,153.1,1630439700000,151.7665,5135
386,2021-08-31 15:56:00-04:00,151.765,151.87,151.905,151.7591,693876,153.1,1630439760000,151.8286,4716
387,2021-08-31 15:57:00-04:00,151.87,151.93,151.93,151.82,630367,153.1,1630439820000,151.8609,4833
388,2021-08-31 15:58:00-04:00,151.925,151.88,151.94,151.81,693437,153.1,1630439880000,151.8525,4929
389,2021-08-31 15:59:00-04:00,151.86,151.83,151.96,151.69,1544330.0,153.1,1630439940000,151.7886,9184
