index,DateTime,Open,Close,High,Low,Volume,Previous_Close,Timestamp,Volume_weighted_avg_price,Number_of_transactions
0,2020-10-16 09:30:00-04:00,121.28,121.425,121.548,121.21,4600471.0,120.7453,1602855000000,121.3566,6212
1,2020-10-16 09:31:00-04:00,121.42,121.0685,121.45,121.05,699805,120.7453,1602855060000,121.238,4266
2,2020-10-16 09:32:00-04:00,121.06,121.22,121.22,120.88,770722,120.7453,1602855120000,121.0188,5386
3,2020-10-16 09:33:00-04:00,121.2199,121.083,121.2299,120.93,624747,120.7453,1602855180000,121.0516,4440
4,2020-10-16 09:34:00-04:00,121.08,121.1,121.17,120.9855,470752,120.7453,1602855240000,121.0722,3414
5,2020-10-16 09:35:00-04:00,121.08,121.2864,121.33,121.02,754278,120.7453,1602855300000,121.2157,4473
6,2020-10-16 09:36:00-04:00,121.28,121.2693,121.28,121.13,344306,120.7453,1602855360000,121.2172,2819
7,2020-10-16 09:37:00-04:00,121.2636,121.13,121.27,121.0501,449158,120.7453,1602855420000,121.1725,3114
8,2020-10-16 09:38:00-04:00,121.13,121.145,121.16,120.95,436046,120.7453,1602855480000,121.0711,3151
9,2020-10-16 09:39:00-04:00,121.15,121.05,121.16,121.0499,353291,120.7453,1602855540000,121.1033,2495
10,2020-10-16 09:40:00-04:00,121.05,121.1327,121.2,120.95,459719,120.7453,1602855600000,121.0468,3176
11,2020-10-16 09:41:00-04:00,121.14,121.29,121.33,121.11,556428,120.7453,1602855660000,121.254,3221
12,2020-10-16 09:42:00-04:00,121.29,121.195,121.2999,121.1405,320825,120.7453,1602855720000,121.2148,2360
13,2020-10-16 09:43:00-04:00,121.195,121.08,121.22,121.05,295953,120.7453,1602855780000,121.1507,2193
14,2020-10-16 09:44:00-04:00,121.065,121.0568,121.2,121,325541,120.7453,1602855840000,121.1051,2304
15,2020-10-16 09:45:00-04:00,121.065,120.92,121.13,120.91,455043,120.7453,1602855900000,121.0245,3127
16,2020-10-16 09:46:00-04:00,120.9193,120.9267,120.95,120.75,543913,120.7453,1602855960000,120.8493,3612
17,2020-10-16 09:47:00-04:00,120.9307,120.93,121,120.81,393615,120.7453,1602856020000,120.9309,2613
18,2020-10-16 09:48:00-04:00,120.925,120.74,120.98,120.735,362313,120.7453,1602856080000,120.8406,2614
19,2020-10-16 09:49:00-04:00,120.735,120.71,120.79,120.69,361071,120.7453,1602856140000,120.7323,2958
20,2020-10-16 09:50:00-04:00,120.705,120.57,120.72,120.53,420776,120.7453,1602856200000,120.6292,3228
21,2020-10-16 09:51:00-04:00,120.5793,120.445,120.59,120.34,604237,120.7453,1602856260000,120.4978,4263
22,2020-10-16 09:52:00-04:00,120.4474,120.4034,120.54,120.37,402207,120.7453,1602856320000,120.4561,2621
23,2020-10-16 09:53:00-04:00,120.4,120.475,120.5798,120.36,436088,120.7453,1602856380000,120.4707,2501
24,2020-10-16 09:54:00-04:00,120.47,120.37,120.47,120.31,375699,120.7453,1602856440000,120.3804,2753
25,2020-10-16 09:55:00-04:00,120.37,120.62,120.7,120.36,555378,120.7453,1602856500000,120.5484,3237
26,2020-10-16 09:56:00-04:00,120.625,120.77,120.81,120.605,495083,120.7453,1602856560000,120.749,2947
27,2020-10-16 09:57:00-04:00,120.773,120.8501,120.91,120.77,420930,120.7453,1602856620000,120.8587,2529
28,2020-10-16 09:58:00-04:00,120.84,120.8765,120.9,120.82,269583,120.7453,1602856680000,120.8609,1855
29,2020-10-16 09:59:00-04:00,120.87,120.85,120.88,120.83,269322,120.7453,1602856740000,120.8507,1827
30,2020-10-16 10:00:00-04:00,120.8462,120.9994,121,120.8462,524759,120.7453,1602856800000,120.938,2728
31,2020-10-16 10:01:00-04:00,121,120.995,121.12,120.98,455063,120.7453,1602856860000,121.0672,2954
32,2020-10-16 10:02:00-04:00,120.99,121.095,121.19,120.93,478042,120.7453,1602856920000,121.1053,2686
33,2020-10-16 10:03:00-04:00,121.09,121.07,121.1,120.95,360589,120.7453,1602856980000,121.0192,2401
34,2020-10-16 10:04:00-04:00,121.07,120.9699,121.1198,120.95,356924,120.7453,1602857040000,121.0458,2312
35,2020-10-16 10:05:00-04:00,120.96,120.86,120.99,120.77,449409,120.7453,1602857100000,120.8662,2753
36,2020-10-16 10:06:00-04:00,120.85,120.7489,120.94,120.74,350130,120.7453,1602857160000,120.8475,2099
37,2020-10-16 10:07:00-04:00,120.745,120.745,120.82,120.7,292777,120.7453,1602857220000,120.7646,1766
38,2020-10-16 10:08:00-04:00,120.74,120.835,120.86,120.73,279305,120.7453,1602857280000,120.8114,1614
39,2020-10-16 10:09:00-04:00,120.84,120.8299,120.89,120.8,264671,120.7453,1602857340000,120.843,1658
40,2020-10-16 10:10:00-04:00,120.84,120.65,120.85,120.62,297664,120.7453,1602857400000,120.7263,2034
41,2020-10-16 10:11:00-04:00,120.6599,120.645,120.68,120.6,255197,120.7453,1602857460000,120.6436,1628
42,2020-10-16 10:12:00-04:00,120.645,120.72,120.75,120.64,210653,120.7453,1602857520000,120.7127,1639
43,2020-10-16 10:13:00-04:00,120.7299,120.65,120.75,120.62,169412,120.7453,1602857580000,120.6844,1357
44,2020-10-16 10:14:00-04:00,120.66,120.5699,120.685,120.55,358847,120.7453,1602857640000,120.5859,2197
45,2020-10-16 10:15:00-04:00,120.56,120.52,120.59,120.46,371737,120.7453,1602857700000,120.5248,2750
46,2020-10-16 10:16:00-04:00,120.52,120.644,120.665,120.51,271619,120.7453,1602857760000,120.6017,1890
47,2020-10-16 10:17:00-04:00,120.6477,120.71,120.73,120.6165,305835,120.7453,1602857820000,120.6991,2051
48,2020-10-16 10:18:00-04:00,120.72,120.77,120.8252,120.71,299889,120.7453,1602857880000,120.763,2000
49,2020-10-16 10:19:00-04:00,120.77,120.81,120.865,120.74,358683,120.7453,1602857940000,120.8216,2194
50,2020-10-16 10:20:00-04:00,120.8101,120.7825,120.86,120.78,261652,120.7453,1602858000000,120.8288,1570
51,2020-10-16 10:21:00-04:00,120.8,120.9389,120.94,120.7701,294193,120.7453,1602858060000,120.8644,1916
52,2020-10-16 10:22:00-04:00,120.94,121.0303,121.05,120.91,429654,120.7453,1602858120000,120.9663,2421
53,2020-10-16 10:23:00-04:00,121.03,121.1101,121.13,121.03,339014,120.7453,1602858180000,121.0842,2111
54,2020-10-16 10:24:00-04:00,121.1199,121.0994,121.12,121.02,280987,120.7453,1602858240000,121.0713,1923
55,2020-10-16 10:25:00-04:00,121.0948,121.165,121.2,121.09,399003,120.7453,1602858300000,121.1466,2226
56,2020-10-16 10:26:00-04:00,121.165,121.1999,121.27,121.1601,412934,120.7453,1602858360000,121.2238,2448
57,2020-10-16 10:27:00-04:00,121.1925,121.125,121.26,121.1,302464,120.7453,1602858420000,121.1841,2058
58,2020-10-16 10:28:00-04:00,121.1277,121.215,121.24,121.08,264432,120.7453,1602858480000,121.154,1812
59,2020-10-16 10:29:00-04:00,121.2113,121.15,121.2165,121.1,248517,120.7453,1602858540000,121.1388,1505
60,2020-10-16 10:30:00-04:00,121.16,121.0413,121.2283,121.04,279572,120.7453,1602858600000,121.13,1758
61,2020-10-16 10:31:00-04:00,121.04,121.0141,121.1305,120.98,245233,120.7453,1602858660000,121.0547,1651
62,2020-10-16 10:32:00-04:00,121.0199,120.9399,121.05,120.9281,260459,120.7453,1602858720000,120.9818,1775
63,2020-10-16 10:33:00-04:00,120.9351,121.03,121.05,120.87,285121,120.7453,1602858780000,120.9693,1859
64,2020-10-16 10:34:00-04:00,121.04,121.01,121.13,121.01,237095,120.7453,1602858840000,121.0784,1546
65,2020-10-16 10:35:00-04:00,121.01,120.8297,121.03,120.8,310206,120.7453,1602858900000,120.9086,1999
66,2020-10-16 10:36:00-04:00,120.8293,120.9526,120.9785,120.82,248292,120.7453,1602858960000,120.9054,1614
67,2020-10-16 10:37:00-04:00,120.95,120.967,120.995,120.92,164237,120.7453,1602859020000,120.9476,1290
68,2020-10-16 10:38:00-04:00,120.97,121.0111,121.02,120.93,225621,120.7453,1602859080000,120.9941,1386
69,2020-10-16 10:39:00-04:00,121.01,121.0799,121.09,120.98,201920,120.7453,1602859140000,121.0411,1385
70,2020-10-16 10:40:00-04:00,121.08,121.1201,121.18,121.0758,283969,120.7453,1602859200000,121.1355,1489
71,2020-10-16 10:41:00-04:00,121.1235,121.0316,121.1384,120.97,247687,120.7453,1602859260000,121.0396,1537
72,2020-10-16 10:42:00-04:00,121.0399,120.9135,121.05,120.9,195180,120.7453,1602859320000,120.9694,1148
73,2020-10-16 10:43:00-04:00,120.91,120.9179,120.945,120.86,171413,120.7453,1602859380000,120.9135,1160
74,2020-10-16 10:44:00-04:00,120.92,120.9446,120.96,120.91,148237,120.7453,1602859440000,120.9307,1047
75,2020-10-16 10:45:00-04:00,120.95,120.93,120.99,120.93,139929,120.7453,1602859500000,120.9583,1103
76,2020-10-16 10:46:00-04:00,120.93,120.89,120.965,120.86,195037,120.7453,1602859560000,120.9051,1185
77,2020-10-16 10:47:00-04:00,120.88,120.67,120.9,120.67,375759,120.7453,1602859620000,120.7752,2433
78,2020-10-16 10:48:00-04:00,120.6765,120.555,120.69,120.53,347511,120.7453,1602859680000,120.598,2204
79,2020-10-16 10:49:00-04:00,120.5582,120.42,120.56,120.4,405358,120.7453,1602859740000,120.469,2868
80,2020-10-16 10:50:00-04:00,120.41,120.47,120.49,120.311,440866,120.7453,1602859800000,120.3884,2483
81,2020-10-16 10:51:00-04:00,120.4749,120.5893,120.64,120.4749,328646,120.7453,1602859860000,120.5676,2107
82,2020-10-16 10:52:00-04:00,120.585,120.53,120.59,120.52,270351,120.7453,1602859920000,120.5513,1701
83,2020-10-16 10:53:00-04:00,120.525,120.6791,120.7,120.52,266316,120.7453,1602859980000,120.6315,1628
84,2020-10-16 10:54:00-04:00,120.6718,120.7008,120.75,120.64,242785,120.7453,1602860040000,120.6975,1570
85,2020-10-16 10:55:00-04:00,120.7003,120.6865,120.715,120.6108,214587,120.7453,1602860100000,120.6839,1133
86,2020-10-16 10:56:00-04:00,120.68,120.5959,120.68,120.55,192125,120.7453,1602860160000,120.6061,1202
87,2020-10-16 10:57:00-04:00,120.5959,120.56,120.5999,120.49,260380,120.7453,1602860220000,120.5402,1620
88,2020-10-16 10:58:00-04:00,120.5692,120.666,120.7,120.5692,200344,120.7453,1602860280000,120.6513,1200
89,2020-10-16 10:59:00-04:00,120.67,120.69,120.7,120.6,1014741.0,120.7453,1602860340000,120.5285,1119
90,2020-10-16 11:00:00-04:00,120.6919,120.62,120.6919,120.56,183648,120.7453,1602860400000,120.6328,1051
91,2020-10-16 11:01:00-04:00,120.6152,120.5399,120.65,120.5107,168858,120.7453,1602860460000,120.593,1057
92,2020-10-16 11:02:00-04:00,120.53,120.6,120.65,120.52,181934,120.7453,1602860520000,120.591,1246
93,2020-10-16 11:03:00-04:00,120.605,120.4976,120.63,120.48,195481,120.7453,1602860580000,120.5474,1480
94,2020-10-16 11:04:00-04:00,120.485,120.6398,120.69,120.485,236468,120.7453,1602860640000,120.6097,1398
95,2020-10-16 11:05:00-04:00,120.6377,120.455,120.6397,120.4301,219385,120.7453,1602860700000,120.5078,1564
96,2020-10-16 11:06:00-04:00,120.455,120.5,120.55,120.445,196742,120.7453,1602860760000,120.4895,1262
97,2020-10-16 11:07:00-04:00,120.505,120.42,120.51,120.36,290306,120.7453,1602860820000,120.4346,1867
98,2020-10-16 11:08:00-04:00,120.4,120.25,120.41,120.18,429368,120.7453,1602860880000,120.2574,3060
99,2020-10-16 11:09:00-04:00,120.235,120.3542,120.36,120.225,231865,120.7453,1602860940000,120.3093,1415
100,2020-10-16 11:10:00-04:00,120.3564,120.1801,120.41,120.15,345540,120.7453,1602861000000,120.2835,2376
101,2020-10-16 11:11:00-04:00,120.18,120.29,120.37,120.17,233817,120.7453,1602861060000,120.2775,1652
102,2020-10-16 11:12:00-04:00,120.2899,120.34,120.355,120.26,204022,120.7453,1602861120000,120.3109,1213
103,2020-10-16 11:13:00-04:00,120.34,120.3117,120.37,120.24,196402,120.7453,1602861180000,120.3029,1315
104,2020-10-16 11:14:00-04:00,120.3,120.31,120.33,120.26,133253,120.7453,1602861240000,120.297,1006
105,2020-10-16 11:15:00-04:00,120.315,120.26,120.34,120.24,159612,120.7453,1602861300000,120.2877,1061
106,2020-10-16 11:16:00-04:00,120.27,120.24,120.31,120.2,159802,120.7453,1602861360000,120.2514,1291
107,2020-10-16 11:17:00-04:00,120.2399,119.995,120.2399,119.95,636563,120.7453,1602861420000,120.0502,6850
108,2020-10-16 11:18:00-04:00,120,119.885,120.01,119.86,377179,120.7453,1602861480000,119.9162,2683
109,2020-10-16 11:19:00-04:00,119.89,120.036,120.06,119.88,282161,120.7453,1602861540000,120.0039,1851
110,2020-10-16 11:20:00-04:00,120.0485,119.8199,120.0485,119.75,356851,120.7453,1602861600000,119.8771,2643
111,2020-10-16 11:21:00-04:00,119.8198,119.895,119.93,119.77,265510,120.7453,1602861660000,119.8595,1776
112,2020-10-16 11:22:00-04:00,119.9,119.8107,119.97,119.81,301495,120.7453,1602861720000,119.8885,1880
113,2020-10-16 11:23:00-04:00,119.81,119.6599,119.8193,119.53,454987,120.7453,1602861780000,119.6596,3044
114,2020-10-16 11:24:00-04:00,119.6452,119.66,119.78,119.6093,306313,120.7453,1602861840000,119.6759,2079
115,2020-10-16 11:25:00-04:00,119.6693,119.705,119.76,119.58,298036,120.7453,1602861900000,119.6848,2181
116,2020-10-16 11:26:00-04:00,119.705,119.7208,119.81,119.65,295626,120.7453,1602861960000,119.7205,2103
117,2020-10-16 11:27:00-04:00,119.7247,119.8301,119.89,119.68,327249,120.7453,1602862020000,119.8026,2006
118,2020-10-16 11:28:00-04:00,119.84,119.8677,119.89,119.79,239078,120.7453,1602862080000,119.8428,1648
119,2020-10-16 11:29:00-04:00,119.8603,119.89,119.94,119.82,248796,120.7453,1602862140000,119.8765,1551
120,2020-10-16 11:30:00-04:00,119.89,119.95,119.95,119.8,223394,120.7453,1602862200000,119.8848,1540
121,2020-10-16 11:31:00-04:00,119.94,119.9,119.94,119.84,207140,120.7453,1602862260000,119.8987,1283
122,2020-10-16 11:32:00-04:00,119.89,119.88,119.94,119.86,174252,120.7453,1602862320000,119.8965,1195
123,2020-10-16 11:33:00-04:00,119.885,119.775,119.8899,119.7049,304754,120.7453,1602862380000,119.7784,2262
124,2020-10-16 11:34:00-04:00,119.78,119.9099,119.91,119.75,257220,120.7453,1602862440000,119.8192,1627
125,2020-10-16 11:35:00-04:00,119.91,119.74,119.9197,119.73,227664,120.7453,1602862500000,119.8442,1599
126,2020-10-16 11:36:00-04:00,119.75,119.71,119.81,119.68,292761,120.7453,1602862560000,119.7457,1836
127,2020-10-16 11:37:00-04:00,119.7185,119.6299,119.73,119.57,322150,120.7453,1602862620000,119.6382,2355
128,2020-10-16 11:38:00-04:00,119.623,119.6029,119.7199,119.555,264338,120.7453,1602862680000,119.6285,1661
129,2020-10-16 11:39:00-04:00,119.605,119.5305,119.67,119.5002,210313,120.7453,1602862740000,119.6014,1615
130,2020-10-16 11:40:00-04:00,119.53,119.525,119.546,119.46,344332,120.7453,1602862800000,119.509,2793
131,2020-10-16 11:41:00-04:00,119.5299,119.6842,119.76,119.52,297744,120.7453,1602862860000,119.6723,2026
132,2020-10-16 11:42:00-04:00,119.685,119.65,119.72,119.64,165631,120.7453,1602862920000,119.6833,1396
133,2020-10-16 11:43:00-04:00,119.64,119.5996,119.68,119.5701,226002,120.7453,1602862980000,119.6224,1393
134,2020-10-16 11:44:00-04:00,119.6,119.62,119.6666,119.5782,193556,120.7453,1602863040000,119.619,1239
135,2020-10-16 11:45:00-04:00,119.618,119.54,119.63,119.52,209945,120.7453,1602863100000,119.5749,1494
136,2020-10-16 11:46:00-04:00,119.5357,119.595,119.6,119.51,167902,120.7453,1602863160000,119.5488,1233
137,2020-10-16 11:47:00-04:00,119.5993,119.6401,119.67,119.54,189516,120.7453,1602863220000,119.6005,1325
138,2020-10-16 11:48:00-04:00,119.645,119.72,119.72,119.59,199706,120.7453,1602863280000,119.6559,1326
139,2020-10-16 11:49:00-04:00,119.73,119.795,119.805,119.724,281181,120.7453,1602863340000,119.773,1676
140,2020-10-16 11:50:00-04:00,119.79,119.7499,119.79,119.72,191825,120.7453,1602863400000,119.7446,1230
141,2020-10-16 11:51:00-04:00,119.74,119.7321,119.8,119.73,153278,120.7453,1602863460000,119.7635,1046
142,2020-10-16 11:52:00-04:00,119.73,119.6683,119.73,119.635,203423,120.7453,1602863520000,119.6802,1357
143,2020-10-16 11:53:00-04:00,119.6683,119.75,119.76,119.6683,153912,120.7453,1602863580000,119.725,1045
144,2020-10-16 11:54:00-04:00,119.745,119.8068,119.83,119.711,189832,120.7453,1602863640000,119.7728,1059
145,2020-10-16 11:55:00-04:00,119.81,119.795,119.85,119.77,156418,120.7453,1602863700000,119.8026,1256
146,2020-10-16 11:56:00-04:00,119.7993,119.7557,119.7993,119.7306,133848,120.7453,1602863760000,119.7615,930
147,2020-10-16 11:57:00-04:00,119.76,119.77,119.7945,119.72,103973,120.7453,1602863820000,119.7585,878
148,2020-10-16 11:58:00-04:00,119.765,119.8119,119.82,119.75,154330,120.7453,1602863880000,119.7924,987
149,2020-10-16 11:59:00-04:00,119.82,119.9801,120.05,119.8,512435,120.7453,1602863940000,119.9611,2675
150,2020-10-16 12:00:00-04:00,119.985,120.0898,120.09,119.93,295852,120.7453,1602864000000,120.0105,1586
151,2020-10-16 12:01:00-04:00,120.085,120.06,120.09,120,251745,120.7453,1602864060000,120.0508,1340
152,2020-10-16 12:02:00-04:00,120.06,120.0245,120.06,119.96,195566,120.7453,1602864120000,120.0072,1154
153,2020-10-16 12:03:00-04:00,120.015,120.0525,120.11,120.01,239457,120.7453,1602864180000,120.0721,1228
154,2020-10-16 12:04:00-04:00,120.055,119.9716,120.07,119.97,177940,120.7453,1602864240000,120.0178,998
155,2020-10-16 12:05:00-04:00,119.975,119.95,119.9923,119.85,269349,120.7453,1602864300000,119.9451,1549
156,2020-10-16 12:06:00-04:00,119.95,119.805,119.98,119.7715,264263,120.7453,1602864360000,119.8705,1527
157,2020-10-16 12:07:00-04:00,119.79,119.705,119.81,119.66,282911,120.7453,1602864420000,119.7274,1908
158,2020-10-16 12:08:00-04:00,119.7058,119.8,119.81,119.705,202312,120.7453,1602864480000,119.768,1156
159,2020-10-16 12:09:00-04:00,119.8044,119.7873,119.86,119.75,200862,120.7453,1602864540000,119.8092,1267
160,2020-10-16 12:10:00-04:00,119.7899,119.8,119.805,119.68,149863,120.7453,1602864600000,119.7354,1144
161,2020-10-16 12:11:00-04:00,119.79,119.715,119.8099,119.705,120863,120.7453,1602864660000,119.7452,749
162,2020-10-16 12:12:00-04:00,119.71,119.68,119.725,119.61,206212,120.7453,1602864720000,119.665,1361
163,2020-10-16 12:13:00-04:00,119.69,119.6739,119.7097,119.63,134305,120.7453,1602864780000,119.6632,948
164,2020-10-16 12:14:00-04:00,119.675,119.72,119.73,119.64,161109,120.7453,1602864840000,119.6765,1128
165,2020-10-16 12:15:00-04:00,119.7115,119.72,119.75,119.64,151962,120.7453,1602864900000,119.6957,1063
166,2020-10-16 12:16:00-04:00,119.72,119.805,119.83,119.7,222508,120.7453,1602864960000,119.7867,1228
167,2020-10-16 12:17:00-04:00,119.8001,119.825,119.8372,119.76,127106,120.7453,1602865020000,119.8064,839
168,2020-10-16 12:18:00-04:00,119.825,119.78,119.84,119.74,172086,120.7453,1602865080000,119.793,1005
169,2020-10-16 12:19:00-04:00,119.79,119.8,119.81,119.76,77908,120.7453,1602865140000,119.7863,703
170,2020-10-16 12:20:00-04:00,119.79,119.7102,119.81,119.71,167153,120.7453,1602865200000,119.7727,1017
171,2020-10-16 12:21:00-04:00,119.715,119.77,119.78,119.7,101385,120.7453,1602865260000,119.7345,875
172,2020-10-16 12:22:00-04:00,119.765,119.666,119.77,119.66,129266,120.7453,1602865320000,119.7032,882
173,2020-10-16 12:23:00-04:00,119.66,119.6661,119.71,119.62,159677,120.7453,1602865380000,119.661,1062
174,2020-10-16 12:24:00-04:00,119.6699,119.7,119.75,119.665,147721,120.7453,1602865440000,119.7122,909
175,2020-10-16 12:25:00-04:00,119.704,119.795,119.8199,119.675,160508,120.7453,1602865500000,119.76,1104
176,2020-10-16 12:26:00-04:00,119.8049,119.8374,119.88,119.8049,147870,120.7453,1602865560000,119.8451,991
177,2020-10-16 12:27:00-04:00,119.84,119.8501,119.9,119.82,165322,120.7453,1602865620000,119.8681,1123
178,2020-10-16 12:28:00-04:00,119.8505,119.8868,119.9199,119.85,123010,120.7453,1602865680000,119.8889,814
179,2020-10-16 12:29:00-04:00,119.8801,119.83,119.8899,119.82,137561,120.7453,1602865740000,119.8578,938
180,2020-10-16 12:30:00-04:00,119.83,119.815,119.8796,119.79,107681,120.7453,1602865800000,119.8374,855
181,2020-10-16 12:31:00-04:00,119.81,119.7299,119.815,119.68,203594,120.7453,1602865860000,119.7268,1407
182,2020-10-16 12:32:00-04:00,119.7243,119.595,119.7297,119.53,370047,120.7453,1602865920000,119.6023,2345
183,2020-10-16 12:33:00-04:00,119.595,119.595,119.615,119.5,168279,120.7453,1602865980000,119.5543,1400
184,2020-10-16 12:34:00-04:00,119.595,119.61,119.64,119.5676,153314,120.7453,1602866040000,119.5996,947
185,2020-10-16 12:35:00-04:00,119.605,119.52,119.64,119.48,365260,120.7453,1602866100000,119.534,2565
186,2020-10-16 12:36:00-04:00,119.51,119.56,119.63,119.51,167713,120.7453,1602866160000,119.5612,1069
187,2020-10-16 12:37:00-04:00,119.565,119.563,119.6,119.5201,134515,120.7453,1602866220000,119.5676,962
188,2020-10-16 12:38:00-04:00,119.5648,119.575,119.5999,119.53,101928,120.7453,1602866280000,119.5654,827
189,2020-10-16 12:39:00-04:00,119.59,119.59,119.64,119.55,176528,120.7453,1602866340000,119.6026,1040
190,2020-10-16 12:40:00-04:00,119.58,119.55,119.6,119.5098,196801,120.7453,1602866400000,119.5464,1153
191,2020-10-16 12:41:00-04:00,119.55,119.485,119.58,119.46,202445,120.7453,1602866460000,119.4992,1528
192,2020-10-16 12:42:00-04:00,119.485,119.43,119.485,119.29,508229,120.7453,1602866520000,119.3763,3201
193,2020-10-16 12:43:00-04:00,119.4201,119.5101,119.54,119.42,225203,120.7453,1602866580000,119.4938,1144
194,2020-10-16 12:44:00-04:00,119.515,119.42,119.515,119.39,189339,120.7453,1602866640000,119.4388,1248
195,2020-10-16 12:45:00-04:00,119.42,119.5101,119.54,119.4,197281,120.7453,1602866700000,119.4949,1154
196,2020-10-16 12:46:00-04:00,119.52,119.64,119.66,119.52,221289,120.7453,1602866760000,119.6024,1227
197,2020-10-16 12:47:00-04:00,119.6393,119.6161,119.67,119.59,206630,120.7453,1602866820000,119.632,1142
198,2020-10-16 12:48:00-04:00,119.6198,119.59,119.6599,119.57,216717,120.7453,1602866880000,119.6152,1056
199,2020-10-16 12:49:00-04:00,119.5898,119.65,119.68,119.58,184441,120.7453,1602866940000,119.6097,1012
200,2020-10-16 12:50:00-04:00,119.645,119.5445,119.7,119.52,208599,120.7453,1602867000000,119.6104,1381
201,2020-10-16 12:51:00-04:00,119.5499,119.515,119.555,119.46,224124,120.7453,1602867060000,119.5027,1445
202,2020-10-16 12:52:00-04:00,119.51,119.565,119.6,119.5,129495,120.7453,1602867120000,119.552,928
203,2020-10-16 12:53:00-04:00,119.5726,119.545,119.6,119.5201,136265,120.7453,1602867180000,119.5605,952
204,2020-10-16 12:54:00-04:00,119.55,119.5975,119.62,119.5,200560,120.7453,1602867240000,119.5645,1246
205,2020-10-16 12:55:00-04:00,119.5957,119.59,119.63,119.5501,124899,120.7453,1602867300000,119.5941,894
206,2020-10-16 12:56:00-04:00,119.585,119.73,119.74,119.555,242035,120.7453,1602867360000,119.6675,1304
207,2020-10-16 12:57:00-04:00,119.74,119.815,119.83,119.715,253537,120.7453,1602867420000,119.7618,1284
208,2020-10-16 12:58:00-04:00,119.811,119.805,119.84,119.78,262360,120.7453,1602867480000,119.8166,1040
209,2020-10-16 12:59:00-04:00,119.803,119.8274,119.9,119.8007,193545,120.7453,1602867540000,119.8496,1126
210,2020-10-16 13:00:00-04:00,119.825,119.77,119.83,119.77,165881,120.7453,1602867600000,119.8067,941
211,2020-10-16 13:01:00-04:00,119.7601,119.82,119.85,119.7415,145962,120.7453,1602867660000,119.8061,918
212,2020-10-16 13:02:00-04:00,119.82,119.8701,119.92,119.8115,203218,120.7453,1602867720000,119.8797,1112
213,2020-10-16 13:03:00-04:00,119.8701,119.885,119.94,119.855,177342,120.7453,1602867780000,119.8773,1026
214,2020-10-16 13:04:00-04:00,119.885,119.7808,119.89,119.77,147679,120.7453,1602867840000,119.8526,958
215,2020-10-16 13:05:00-04:00,119.79,119.8458,119.87,119.78,121061,120.7453,1602867900000,119.8372,757
216,2020-10-16 13:06:00-04:00,119.845,119.775,119.85,119.71,184987,120.7453,1602867960000,119.7719,1038
217,2020-10-16 13:07:00-04:00,119.78,119.7499,119.81,119.72,185797,120.7453,1602868020000,119.768,921
218,2020-10-16 13:08:00-04:00,119.7486,119.805,119.83,119.74,135382,120.7453,1602868080000,119.8077,807
219,2020-10-16 13:09:00-04:00,119.8066,119.8848,119.91,119.8061,230860,120.7453,1602868140000,119.833,761
220,2020-10-16 13:10:00-04:00,119.885,119.96,119.96,119.84,186146,120.7453,1602868200000,119.8989,1007
221,2020-10-16 13:11:00-04:00,119.954,120.05,120.055,119.95,337224,120.7453,1602868260000,119.9944,1853
222,2020-10-16 13:12:00-04:00,120.045,120.06,120.07,119.98,167080,120.7453,1602868320000,120.0263,968
223,2020-10-16 13:13:00-04:00,120.06,119.98,120.0685,119.975,160593,120.7453,1602868380000,120.0136,1081
224,2020-10-16 13:14:00-04:00,119.985,120.03,120.04,119.98,114878,120.7453,1602868440000,120.0196,843
225,2020-10-16 13:15:00-04:00,120.03,120.1508,120.17,120.029,264584,120.7453,1602868500000,120.097,1621
226,2020-10-16 13:16:00-04:00,120.156,120.1696,120.18,120.1105,206368,120.7453,1602868560000,120.1506,1286
227,2020-10-16 13:17:00-04:00,120.16,120.2174,120.2359,120.11,222581,120.7453,1602868620000,120.1866,1276
228,2020-10-16 13:18:00-04:00,120.22,120.1801,120.2306,120.12,199219,120.7453,1602868680000,120.1767,1003
229,2020-10-16 13:19:00-04:00,120.1893,120.19,120.2399,120.17,211723,120.7453,1602868740000,120.1979,1199
230,2020-10-16 13:20:00-04:00,120.2,120.1,120.21,120.07,240008,120.7453,1602868800000,120.1313,1239
231,2020-10-16 13:21:00-04:00,120.1,120.235,120.26,120.095,265446,120.7453,1602868860000,120.2074,1327
232,2020-10-16 13:22:00-04:00,120.2354,120.2299,120.3,120.2,219225,120.7453,1602868920000,120.2564,1111
233,2020-10-16 13:23:00-04:00,120.22,120.23,120.3,120.21,147900,120.7453,1602868980000,120.2411,837
234,2020-10-16 13:24:00-04:00,120.23,120.16,120.235,120.13,217869,120.7453,1602869040000,120.178,1075
235,2020-10-16 13:25:00-04:00,120.17,120.14,120.19,120.11,135266,120.7453,1602869100000,120.1568,727
236,2020-10-16 13:26:00-04:00,120.1399,120.01,120.15,119.98,224964,120.7453,1602869160000,120.0594,1291
237,2020-10-16 13:27:00-04:00,120.02,120.08,120.11,120.015,152321,120.7453,1602869220000,120.0683,839
238,2020-10-16 13:28:00-04:00,120.09,120.07,120.12,120.04,117986,120.7453,1602869280000,120.082,701
239,2020-10-16 13:29:00-04:00,120.075,120.06,120.1,120.04,93293,120.7453,1602869340000,120.0742,593
240,2020-10-16 13:30:00-04:00,120.05,119.965,120.09,119.93,164428,120.7453,1602869400000,120.0031,1141
241,2020-10-16 13:31:00-04:00,119.96,120.015,120.03,119.96,136365,120.7453,1602869460000,120.0089,794
242,2020-10-16 13:32:00-04:00,120.015,119.9887,120.03,119.96,136005,120.7453,1602869520000,120.0028,845
243,2020-10-16 13:33:00-04:00,119.9893,120.02,120.0394,119.98,79922,120.7453,1602869580000,120.0043,642
244,2020-10-16 13:34:00-04:00,120.0201,120.115,120.12,120.0201,171391,120.7453,1602869640000,120.0868,881
245,2020-10-16 13:35:00-04:00,120.12,120.1165,120.15,120.06,115687,120.7453,1602869700000,120.1133,690
246,2020-10-16 13:36:00-04:00,120.12,120.18,120.2,120.115,126304,120.7453,1602869760000,120.1632,824
247,2020-10-16 13:37:00-04:00,120.1853,120.1503,120.195,120.1213,114914,120.7453,1602869820000,120.1522,748
248,2020-10-16 13:38:00-04:00,120.1582,120.1,120.1799,120.08,86287,120.7453,1602869880000,120.131,704
249,2020-10-16 13:39:00-04:00,120.1,120.0599,120.11,120.03,107095,120.7453,1602869940000,120.0777,643
250,2020-10-16 13:40:00-04:00,120.0603,120.13,120.14,120.05,105675,120.7453,1602870000000,120.1034,684
251,2020-10-16 13:41:00-04:00,120.13,120.1201,120.17,120.1099,130727,120.7453,1602870060000,120.1351,777
252,2020-10-16 13:42:00-04:00,120.1231,120.1678,120.1793,120.1,133695,120.7453,1602870120000,120.149,675
253,2020-10-16 13:43:00-04:00,120.1665,120.15,120.19,120.13,111907,120.7453,1602870180000,120.1597,735
254,2020-10-16 13:44:00-04:00,120.145,120.08,120.1544,120.06,117073,120.7453,1602870240000,120.1018,737
255,2020-10-16 13:45:00-04:00,120.0899,119.9801,120.12,119.96,179927,120.7453,1602870300000,120.0207,1276
256,2020-10-16 13:46:00-04:00,119.98,120.0499,120.07,119.9799,137453,120.7453,1602870360000,120.0266,800
257,2020-10-16 13:47:00-04:00,120.05,120.06,120.09,120.035,86011,120.7453,1602870420000,120.0615,610
258,2020-10-16 13:48:00-04:00,120.06,120.15,120.16,120.0315,179051,120.7453,1602870480000,120.099,699
259,2020-10-16 13:49:00-04:00,120.16,120.2398,120.25,120.1401,196739,120.7453,1602870540000,120.2091,1126
260,2020-10-16 13:50:00-04:00,120.2394,120.2001,120.24,120.15,169758,120.7453,1602870600000,120.1948,1033
261,2020-10-16 13:51:00-04:00,120.2,120.3001,120.33,120.18,252653,120.7453,1602870660000,120.2609,1425
262,2020-10-16 13:52:00-04:00,120.31,120.326,120.36,120.26,161147,120.7453,1602870720000,120.302,1064
263,2020-10-16 13:53:00-04:00,120.3389,120.2908,120.3399,120.27,142005,120.7453,1602870780000,120.3046,949
264,2020-10-16 13:54:00-04:00,120.295,120.2398,120.32,120.23,164459,120.7453,1602870840000,120.2726,814
265,2020-10-16 13:55:00-04:00,120.235,120.11,120.265,120.07,250403,120.7453,1602870900000,120.1379,1320
266,2020-10-16 13:56:00-04:00,120.105,120.135,120.14,120.08,107887,120.7453,1602870960000,120.1154,752
267,2020-10-16 13:57:00-04:00,120.135,120.11,120.14,120.09,112046,120.7453,1602871020000,120.1085,645
268,2020-10-16 13:58:00-04:00,120.1,120.1114,120.15,120.1,133241,120.7453,1602871080000,120.1175,697
269,2020-10-16 13:59:00-04:00,120.1113,120.06,120.13,120.02,151590,120.7453,1602871140000,120.0669,838
270,2020-10-16 14:00:00-04:00,120.06,120.18,120.23,120.04,286484,120.7453,1602871200000,120.1434,1551
271,2020-10-16 14:01:00-04:00,120.1893,120.18,120.1964,120.14,114122,120.7453,1602871260000,120.1732,619
272,2020-10-16 14:02:00-04:00,120.18,120.1254,120.23,120.12,126214,120.7453,1602871320000,120.1753,729
273,2020-10-16 14:03:00-04:00,120.13,120.0499,120.17,120,194104,120.7453,1602871380000,120.0834,1039
274,2020-10-16 14:04:00-04:00,120.04,119.9295,120.04,119.875,290314,120.7453,1602871440000,119.9379,1776
275,2020-10-16 14:05:00-04:00,119.92,120,120.04,119.91,167043,120.7453,1602871500000,119.988,1015
276,2020-10-16 14:06:00-04:00,120,120.04,120.05,120,147845,120.7453,1602871560000,120.0479,689
277,2020-10-16 14:07:00-04:00,120.0301,120.045,120.13,120.0301,190471,120.7453,1602871620000,120.0909,1117
278,2020-10-16 14:08:00-04:00,120.0415,120.09,120.13,120.04,81303,120.7453,1602871680000,120.0843,587
279,2020-10-16 14:09:00-04:00,120.09,120.0604,120.0949,120.05,93309,120.7453,1602871740000,120.0689,698
280,2020-10-16 14:10:00-04:00,120.07,120.0399,120.09,119.98,139189,120.7453,1602871800000,120.0238,939
281,2020-10-16 14:11:00-04:00,120.0352,120.105,120.13,120.03,181935,120.7453,1602871860000,120.0921,886
282,2020-10-16 14:12:00-04:00,120.1146,120.1843,120.21,120.1,200007,120.7453,1602871920000,120.1662,1196
283,2020-10-16 14:13:00-04:00,120.185,120.1667,120.2,120.15,128997,120.7453,1602871980000,120.1764,771
284,2020-10-16 14:14:00-04:00,120.1634,120.11,120.17,120.1099,115737,120.7453,1602872040000,120.135,719
285,2020-10-16 14:15:00-04:00,120.11,120.115,120.17,120.0908,102830,120.7453,1602872100000,120.1269,754
286,2020-10-16 14:16:00-04:00,120.12,120.11,120.14,120.07,98603,120.7453,1602872160000,120.1074,580
287,2020-10-16 14:17:00-04:00,120.1011,120.095,120.12,120.08,101009,120.7453,1602872220000,120.0979,615
288,2020-10-16 14:18:00-04:00,120.09,120.0499,120.09,120.02,104716,120.7453,1602872280000,120.0563,641
289,2020-10-16 14:19:00-04:00,120.045,120.0654,120.0999,120.0401,95334,120.7453,1602872340000,120.0706,597
290,2020-10-16 14:20:00-04:00,120.07,120.1099,120.1199,120.04,118952,120.7453,1602872400000,120.0825,685
291,2020-10-16 14:21:00-04:00,120.105,120.115,120.12,120.03,109431,120.7453,1602872460000,120.0762,630
292,2020-10-16 14:22:00-04:00,120.115,120.145,120.17,120.1,127270,120.7453,1602872520000,120.1281,807
293,2020-10-16 14:23:00-04:00,120.145,120.1212,120.1593,120.1,120418,120.7453,1602872580000,120.1353,678
294,2020-10-16 14:24:00-04:00,120.125,120.11,120.13,120.075,92630,120.7453,1602872640000,120.1026,605
295,2020-10-16 14:25:00-04:00,120.11,120.12,120.13,120.06,69246,120.7453,1602872700000,120.0982,582
296,2020-10-16 14:26:00-04:00,120.12,120.12,120.15,120.0837,80766,120.7453,1602872760000,120.1238,676
297,2020-10-16 14:27:00-04:00,120.12,120.163,120.175,120.1,123466,120.7453,1602872820000,120.1446,834
298,2020-10-16 14:28:00-04:00,120.1623,120.171,120.1908,120.11,119764,120.7453,1602872880000,120.1653,750
299,2020-10-16 14:29:00-04:00,120.174,120.1651,120.18,120.13,78608,120.7453,1602872940000,120.1543,545
300,2020-10-16 14:30:00-04:00,120.17,120.145,120.19,120.11,89809,120.7453,1602873000000,120.1466,653
301,2020-10-16 14:31:00-04:00,120.1493,120.19,120.86,120.13,118739,120.7453,1602873060000,120.1734,773
302,2020-10-16 14:32:00-04:00,120.19,120.2341,120.28,120.19,170134,120.7453,1602873120000,120.2338,1037
303,2020-10-16 14:33:00-04:00,120.2419,120.1934,120.2482,120.16,158475,120.7453,1602873180000,120.1918,973
304,2020-10-16 14:34:00-04:00,120.1908,120.19,120.24,120.1799,132697,120.7453,1602873240000,120.2027,754
305,2020-10-16 14:35:00-04:00,120.19,120.21,120.22,120.1601,93721,120.7453,1602873300000,120.1965,661
306,2020-10-16 14:36:00-04:00,120.2099,120.2282,120.25,120.2099,102081,120.7453,1602873360000,120.2319,671
307,2020-10-16 14:37:00-04:00,120.23,120.2793,120.28,120.21,115725,120.7453,1602873420000,120.2499,752
308,2020-10-16 14:38:00-04:00,120.2704,120.3,120.31,120.26,161695,120.7453,1602873480000,120.2878,1022
309,2020-10-16 14:39:00-04:00,120.295,120.325,120.36,120.29,159856,120.7453,1602873540000,120.326,1063
310,2020-10-16 14:40:00-04:00,120.3299,120.27,120.345,120.23,190773,120.7453,1602873600000,120.2778,985
311,2020-10-16 14:41:00-04:00,120.2611,120.2503,120.29,120.21,1630580.0,120.7453,1602873660000,120.395,797
312,2020-10-16 14:42:00-04:00,120.2501,120.23,120.26,120.2,107136,120.7453,1602873720000,120.2267,860
313,2020-10-16 14:43:00-04:00,120.2392,120.24,120.24,120.2,82319,120.7453,1602873780000,120.2192,589
314,2020-10-16 14:44:00-04:00,120.2471,120.28,120.2999,120.245,107259,120.7453,1602873840000,120.2689,810
315,2020-10-16 14:45:00-04:00,120.28,120.295,120.31,120.26,116735,120.7453,1602873900000,120.2854,681
316,2020-10-16 14:46:00-04:00,120.3,120.29,120.3,120.26,79476,120.7453,1602873960000,120.2831,595
317,2020-10-16 14:47:00-04:00,120.295,120.2605,120.31,120.25,102710,120.7453,1602874020000,120.2725,784
318,2020-10-16 14:48:00-04:00,120.27,120.26,120.29,120.25,111640,120.7453,1602874080000,120.2699,667
319,2020-10-16 14:49:00-04:00,120.26,120.21,120.28,120.1801,170515,120.7453,1602874140000,120.2329,1000
320,2020-10-16 14:50:00-04:00,120.22,120.3401,120.35,120.22,209863,120.7453,1602874200000,120.302,1231
321,2020-10-16 14:51:00-04:00,120.345,120.38,120.425,120.345,245147,120.7453,1602874260000,120.3858,1419
322,2020-10-16 14:52:00-04:00,120.38,120.383,120.41,120.35,125308,120.7453,1602874320000,120.3814,887
323,2020-10-16 14:53:00-04:00,120.38,120.4363,120.48,120.38,237792,120.7453,1602874380000,120.431,1411
324,2020-10-16 14:54:00-04:00,120.435,120.485,120.495,120.43,140622,120.7453,1602874440000,120.4645,922
325,2020-10-16 14:55:00-04:00,120.485,120.455,120.49,120.44,138951,120.7453,1602874500000,120.4656,1003
326,2020-10-16 14:56:00-04:00,120.46,120.5,120.5,120.445,199957,120.7453,1602874560000,120.4843,1271
327,2020-10-16 14:57:00-04:00,120.5,120.44,120.5,120.44,135519,120.7453,1602874620000,120.4723,798
328,2020-10-16 14:58:00-04:00,120.4405,120.345,120.47,120.34,166114,120.7453,1602874680000,120.409,1068
329,2020-10-16 14:59:00-04:00,120.34,120.3902,120.45,120.34,165111,120.7453,1602874740000,120.4053,1095
330,2020-10-16 15:00:00-04:00,120.395,120.479,120.49,120.395,123309,120.7453,1602874800000,120.443,921
331,2020-10-16 15:01:00-04:00,120.47,120.4,120.4794,120.39,104538,120.7453,1602874860000,120.4309,885
332,2020-10-16 15:02:00-04:00,120.4,120.1573,120.4099,120.12,339578,120.7453,1602874920000,120.2191,2084
333,2020-10-16 15:03:00-04:00,120.155,120.17,120.27,120.155,243759,120.7453,1602874980000,120.2067,1483
334,2020-10-16 15:04:00-04:00,120.17,120.07,120.2,120.02,274258,120.7453,1602875040000,120.1147,1649
335,2020-10-16 15:05:00-04:00,120.07,119.935,120.09,119.82,565333,120.7453,1602875100000,119.9551,3323
336,2020-10-16 15:06:00-04:00,119.935,120.02,120.05,119.935,411778,120.7453,1602875160000,120.1259,1303
337,2020-10-16 15:07:00-04:00,120.02,120.04,120.09,120,195164,120.7453,1602875220000,120.0434,1176
338,2020-10-16 15:08:00-04:00,120.05,120.04,120.0877,120,202328,120.7453,1602875280000,120.0359,1189
339,2020-10-16 15:09:00-04:00,120.04,120.0277,120.05,119.94,170095,120.7453,1602875340000,119.9938,1067
340,2020-10-16 15:10:00-04:00,120.015,119.95,120.0285,119.94,144838,120.7453,1602875400000,119.9839,984
341,2020-10-16 15:11:00-04:00,119.95,120.0101,120.02,119.95,128082,120.7453,1602875460000,119.9937,847
342,2020-10-16 15:12:00-04:00,120.02,119.9801,120.03,119.975,118570,120.7453,1602875520000,120.0003,965
343,2020-10-16 15:13:00-04:00,119.9853,119.89,119.99,119.88,235101,120.7453,1602875580000,119.9219,1404
344,2020-10-16 15:14:00-04:00,119.8851,119.795,119.9,119.755,414438,120.7453,1602875640000,119.8052,2156
345,2020-10-16 15:15:00-04:00,119.7901,119.905,119.9199,119.77,278728,120.7453,1602875700000,119.8542,1579
346,2020-10-16 15:16:00-04:00,119.905,119.956,120.02,119.9001,322774,120.7453,1602875760000,119.9672,1680
347,2020-10-16 15:17:00-04:00,119.95,119.91,119.96,119.85,184278,120.7453,1602875820000,119.8933,1134
348,2020-10-16 15:18:00-04:00,119.9,119.896,119.91,119.8602,105960,120.7453,1602875880000,119.8838,812
349,2020-10-16 15:19:00-04:00,119.9028,119.93,119.95,119.87,129792,120.7453,1602875940000,119.917,874
350,2020-10-16 15:20:00-04:00,119.925,119.9314,119.955,119.85,188776,120.7453,1602876000000,119.9138,1126
351,2020-10-16 15:21:00-04:00,119.93,119.8819,119.94,119.865,124113,120.7453,1602876060000,119.9087,891
352,2020-10-16 15:22:00-04:00,119.8899,119.7463,119.8899,119.71,370392,120.7453,1602876120000,119.7814,1849
353,2020-10-16 15:23:00-04:00,119.76,119.77,119.805,119.74,156312,120.7453,1602876180000,119.7704,1083
354,2020-10-16 15:24:00-04:00,119.77,119.855,119.855,119.71,220173,120.7453,1602876240000,119.7839,1358
355,2020-10-16 15:25:00-04:00,119.855,119.7999,119.86,119.7399,154424,120.7453,1602876300000,119.8034,1132
356,2020-10-16 15:26:00-04:00,119.795,119.9,119.92,119.78,221536,120.7453,1602876360000,119.8694,1216
357,2020-10-16 15:27:00-04:00,119.895,119.83,119.91,119.77,181257,120.7453,1602876420000,119.8428,1125
358,2020-10-16 15:28:00-04:00,119.83,119.9,119.93,119.82,262598,120.7453,1602876480000,119.8806,1306
359,2020-10-16 15:29:00-04:00,119.9019,119.9077,119.92,119.86,132316,120.7453,1602876540000,119.8919,854
360,2020-10-16 15:30:00-04:00,119.9,119.79,119.95,119.75,323024,120.7453,1602876600000,119.8292,1841
361,2020-10-16 15:31:00-04:00,119.79,119.7849,119.84,119.715,302421,120.7453,1602876660000,119.767,1598
362,2020-10-16 15:32:00-04:00,119.79,119.81,119.84,119.78,172163,120.7453,1602876720000,119.8095,1211
363,2020-10-16 15:33:00-04:00,119.81,119.73,119.82,119.73,137887,120.7453,1602876780000,119.7717,1002
364,2020-10-16 15:34:00-04:00,119.7349,119.6701,119.75,119.6,396344,120.7453,1602876840000,119.6601,2529
365,2020-10-16 15:35:00-04:00,119.69,119.74,119.75,119.65,240224,120.7453,1602876900000,119.7053,1537
366,2020-10-16 15:36:00-04:00,119.745,119.745,119.82,119.69,317860,120.7453,1602876960000,119.7649,1897
367,2020-10-16 15:37:00-04:00,119.745,119.75,119.78,119.725,169230,120.7453,1602877020000,119.7527,1221
368,2020-10-16 15:38:00-04:00,119.7501,119.7,119.7724,119.695,147938,120.7453,1602877080000,119.7337,1088
369,2020-10-16 15:39:00-04:00,119.6937,119.695,119.735,119.69,147858,120.7453,1602877140000,119.7125,1133
370,2020-10-16 15:40:00-04:00,119.69,119.5799,119.69,119.565,316033,120.7453,1602877200000,119.6204,2135
371,2020-10-16 15:41:00-04:00,119.5706,119.51,119.6,119.445,463857,120.7453,1602877260000,119.5076,3456
372,2020-10-16 15:42:00-04:00,119.5,119.53,119.575,119.49,265208,120.7453,1602877320000,119.5275,1817
373,2020-10-16 15:43:00-04:00,119.54,119.565,119.59,119.53,269541,120.7453,1602877380000,119.5562,1761
374,2020-10-16 15:44:00-04:00,119.5605,119.595,119.61,119.51,259308,120.7453,1602877440000,119.5547,1733
375,2020-10-16 15:45:00-04:00,119.59,119.595,119.62,119.5399,246895,120.7453,1602877500000,119.5819,1683
376,2020-10-16 15:46:00-04:00,119.5985,119.615,119.63,119.56,231339,120.7453,1602877560000,119.5853,1620
377,2020-10-16 15:47:00-04:00,119.614,119.555,119.614,119.5,264105,120.7453,1602877620000,119.5583,1816
378,2020-10-16 15:48:00-04:00,119.55,119.4387,119.565,119.34,597362,120.7453,1602877680000,119.4199,3463
379,2020-10-16 15:49:00-04:00,119.435,119.41,119.47,119.4,310714,120.7453,1602877740000,119.4288,1949
380,2020-10-16 15:50:00-04:00,119.41,119.215,119.42,119.04,910696,120.7453,1602877800000,119.213,7247
381,2020-10-16 15:51:00-04:00,119.22,119.1401,119.27,119.09,500332,120.7453,1602877860000,119.1935,3126
382,2020-10-16 15:52:00-04:00,119.14,119.1428,119.255,119.03,467398,120.7453,1602877920000,119.1828,2880
383,2020-10-16 15:53:00-04:00,119.14,119.0816,119.16,119.06,444191,120.7453,1602877980000,119.1089,3037
384,2020-10-16 15:54:00-04:00,119.08,118.965,119.12,118.81,1142227.0,120.7453,1602878040000,118.993,10475
385,2020-10-16 15:55:00-04:00,118.97,118.965,119.12,118.95,661721,120.7453,1602878100000,119.0288,4405
386,2020-10-16 15:56:00-04:00,118.96,118.885,118.97,118.87,624530,120.7453,1602878160000,118.9443,4195
387,2020-10-16 15:57:00-04:00,118.89,119,119.05,118.889,752963,120.7453,1602878220000,118.9888,4628
388,2020-10-16 15:58:00-04:00,119,119.039,119.04,118.92,709677,120.7453,1602878280000,118.9683,4783
389,2020-10-16 15:59:00-04:00,119.0359,118.96,119.12,118.94,1561206.0,120.7453,1602878340000,119.0433,8960
