index,DateTime,Open,Close,High,Low,Volume,Previous_Close,Timestamp,Volume_weighted_avg_price,Number_of_transactions
0,2019-10-01 09:30:00-04:00,241.5,241.875,242.3,241.44,85827,240.84,1569936600000,241.7252,384
1,2019-10-01 09:31:00-04:00,242.1,242.02,242.435,241.44,29415,240.84,1569936660000,241.9304,374
2,2019-10-01 09:32:00-04:00,242.1229,241.17,242.29,241.1,18248,240.84,1569936720000,241.6352,186
3,2019-10-01 09:33:00-04:00,241,241.63,242,241,13392,240.84,1569936780000,241.6037,191
4,2019-10-01 09:34:00-04:00,241.63,241.995,242.15,241.5,21653,240.84,1569936840000,241.8469,298
5,2019-10-01 09:35:00-04:00,241.995,241.42,242.08,241.37,25362,240.84,1569936900000,241.6843,381
6,2019-10-01 09:36:00-04:00,241.5256,241.1833,241.605,241.01,18048,240.84,1569936960000,241.3019,211
7,2019-10-01 09:37:00-04:00,241.2,241.2021,241.4,241.01,16113,240.84,1569937020000,241.2231,275
8,2019-10-01 09:38:00-04:00,241.28,241.34,241.64,241.14,30748,240.84,1569937080000,241.3947,322
9,2019-10-01 09:39:00-04:00,241.445,240.61,241.56,240.56,42336,240.84,1569937140000,240.9488,540
10,2019-10-01 09:40:00-04:00,240.9,240.4773,240.99,240.3032,15926,240.84,1569937200000,240.5883,252
11,2019-10-01 09:41:00-04:00,240.55,240.4372,240.57,240.3,14910,240.84,1569937260000,240.4369,271
12,2019-10-01 09:42:00-04:00,240.39,240.205,240.472,240.01,15656,240.84,1569937320000,240.1993,281
13,2019-10-01 09:43:00-04:00,240.135,239.99,240.24,239.62,28845,240.84,1569937380000,239.9809,371
14,2019-10-01 09:44:00-04:00,240.07,240.22,240.378,240,10911,240.84,1569937440000,240.2182,188
15,2019-10-01 09:45:00-04:00,240.345,240.3005,240.35,240,8931,240.84,1569937500000,240.2294,150
16,2019-10-01 09:46:00-04:00,240.36,240.153,240.75,240.153,21723,240.84,1569937560000,240.6863,289
17,2019-10-01 09:47:00-04:00,240.11,240.6858,240.6858,240,17085,240.84,1569937620000,240.2382,243
18,2019-10-01 09:48:00-04:00,240.5669,240.28,240.7,240.28,42495,240.84,1569937680000,240.5732,468
19,2019-10-01 09:49:00-04:00,240.33,240.3197,240.42,239.98,36033,240.84,1569937740000,240.1902,492
20,2019-10-01 09:50:00-04:00,240.43,239.7695,240.61,239.63,30667,240.84,1569937800000,240.2422,466
21,2019-10-01 09:51:00-04:00,239.63,239.8592,239.99,239.61,11373,240.84,1569937860000,239.7731,225
22,2019-10-01 09:52:00-04:00,239.7931,239.452,239.7931,239.2631,23985,240.84,1569937920000,239.4903,224
23,2019-10-01 09:53:00-04:00,239.3716,240.24,240.24,239.3716,14115,240.84,1569937980000,239.9058,311
24,2019-10-01 09:54:00-04:00,240.22,239.9321,240.23,239.8,27559,240.84,1569938040000,239.9548,337
25,2019-10-01 09:55:00-04:00,239.98,240.6037,240.67,239.9392,26322,240.84,1569938100000,240.2716,265
26,2019-10-01 09:56:00-04:00,240.65,241.1352,241.26,240.59,29720,240.84,1569938160000,240.9282,391
27,2019-10-01 09:57:00-04:00,241.1142,241.14,241.3566,240.92,27431,240.84,1569938220000,241.1128,388
28,2019-10-01 09:58:00-04:00,241.2,241.13,241.28,241.08,8791,240.84,1569938280000,241.1889,145
29,2019-10-01 09:59:00-04:00,241.13,241.4444,241.45,241.12,32664,240.84,1569938340000,241.2434,236
30,2019-10-01 10:00:00-04:00,241.36,241.2,241.36,240.1,33475,240.84,1569938400000,240.7485,412
31,2019-10-01 10:01:00-04:00,241.04,240.67,241.04,240.31,9617,240.84,1569938460000,240.6329,168
32,2019-10-01 10:02:00-04:00,240.84,240.47,240.86,240.3,24924,240.84,1569938520000,240.4314,393
33,2019-10-01 10:03:00-04:00,240.458,240.53,240.62,240.27,25681,240.84,1569938580000,240.4311,387
34,2019-10-01 10:04:00-04:00,240.51,240.77,240.9409,240.48,14412,240.84,1569938640000,240.7702,255
35,2019-10-01 10:05:00-04:00,240.7,240.46,240.7,240.08,22446,240.84,1569938700000,240.4345,393
36,2019-10-01 10:06:00-04:00,240.46,240.69,240.73,240.44,11528,240.84,1569938760000,240.6366,218
37,2019-10-01 10:07:00-04:00,240.65,240.6,240.69,240.26,11707,240.84,1569938820000,240.472,292
38,2019-10-01 10:08:00-04:00,240.58,240.9,240.9,240.21,14060,240.84,1569938880000,240.594,323
39,2019-10-01 10:09:00-04:00,240.905,240.76,241,240.645,28328,240.84,1569938940000,240.8809,371
40,2019-10-01 10:10:00-04:00,240.75,240.55,240.78,239.93,64867,240.84,1569939000000,240.3078,955
41,2019-10-01 10:11:00-04:00,240.57,240.8352,240.98,240.57,12070,240.84,1569939060000,240.8014,149
42,2019-10-01 10:12:00-04:00,240.9,240.53,241,240.53,14499,240.84,1569939120000,240.8881,235
43,2019-10-01 10:13:00-04:00,240.49,239.9413,240.49,239.89,29885,240.84,1569939180000,240.1669,571
44,2019-10-01 10:14:00-04:00,239.931,239.93,240.32,239.65,31064,240.84,1569939240000,239.9571,664
45,2019-10-01 10:15:00-04:00,239.95,239.69,240.4,239.67,23033,240.84,1569939300000,239.9563,381
46,2019-10-01 10:16:00-04:00,239.68,239.72,239.82,239.5,20336,240.84,1569939360000,239.6839,364
47,2019-10-01 10:17:00-04:00,239.71,240.096,240.105,239.71,19617,240.84,1569939420000,239.8965,429
48,2019-10-01 10:18:00-04:00,239.98,240.21,240.33,239.88,8671,240.84,1569939480000,240.1031,187
49,2019-10-01 10:19:00-04:00,240.275,240.36,240.38,240.1752,6291,240.84,1569939540000,240.3061,131
50,2019-10-01 10:20:00-04:00,240.37,240.42,240.65,240.1,31699,240.84,1569939600000,240.4065,453
51,2019-10-01 10:21:00-04:00,240.4572,240.1677,240.4572,239.96,15657,240.84,1569939660000,240.181,257
52,2019-10-01 10:22:00-04:00,240.2,240.36,240.37,240.07,11844,240.84,1569939720000,240.2139,263
53,2019-10-01 10:23:00-04:00,240.355,240.5,240.55,240.25,15562,240.84,1569939780000,240.4072,301
54,2019-10-01 10:24:00-04:00,240.5,240.8308,240.85,240.4,18564,240.84,1569939840000,240.5493,411
55,2019-10-01 10:25:00-04:00,240.83,240.86,240.8994,240.79,8351,240.84,1569939900000,240.8395,149
56,2019-10-01 10:26:00-04:00,240.84,241.12,241.27,240.84,68908,240.84,1569939960000,241.0817,862
57,2019-10-01 10:27:00-04:00,241.15,241.475,241.48,241.08,40875,240.84,1569940020000,241.2626,435
58,2019-10-01 10:28:00-04:00,241.49,241.27,241.5,241.0963,27679,240.84,1569940080000,241.3092,431
59,2019-10-01 10:29:00-04:00,241.16,241.46,241.5,240.84,18001,240.84,1569940140000,241.1568,339
60,2019-10-01 10:30:00-04:00,241.4324,241.19,241.4324,240.9417,15125,240.84,1569940200000,241.1391,290
61,2019-10-01 10:31:00-04:00,241.155,241.33,241.3753,241.04,24533,240.84,1569940260000,241.2395,264
62,2019-10-01 10:32:00-04:00,241.35,241.08,241.35,240.98,13027,240.84,1569940320000,241.1203,224
63,2019-10-01 10:33:00-04:00,241.07,241.23,241.24,241.07,7596,240.84,1569940380000,241.1449,148
64,2019-10-01 10:34:00-04:00,241.09,241.33,241.33,241.03,10589,240.84,1569940440000,241.2291,127
65,2019-10-01 10:35:00-04:00,241.36,241.39,241.43,241.05,13651,240.84,1569940500000,241.2237,249
66,2019-10-01 10:36:00-04:00,241.43,241.38,241.45,241.1027,21043,240.84,1569940560000,241.3213,296
67,2019-10-01 10:37:00-04:00,241.35,241.39,241.49,241.28,20801,240.84,1569940620000,241.3718,321
68,2019-10-01 10:38:00-04:00,241.47,241.29,241.6884,241.22,43573,240.84,1569940680000,241.4529,359
69,2019-10-01 10:39:00-04:00,241.26,241.2781,241.48,241.164,19880,240.84,1569940740000,241.2913,266
70,2019-10-01 10:40:00-04:00,241.33,241.31,241.5,241.26,7216,240.84,1569940800000,241.3528,108
71,2019-10-01 10:41:00-04:00,241.37,241.26,241.46,241.25,8486,240.84,1569940860000,241.3788,159
72,2019-10-01 10:42:00-04:00,241.2411,241,241.29,241,25965,240.84,1569940920000,241.1484,339
73,2019-10-01 10:43:00-04:00,241.14,240.71,241.19,240.61,16891,240.84,1569940980000,240.8604,227
74,2019-10-01 10:44:00-04:00,240.62,240.53,240.76,240.51,12723,240.84,1569941040000,240.6573,224
75,2019-10-01 10:45:00-04:00,240.59,240.85,240.85,240.44,11353,240.84,1569941100000,240.5625,209
76,2019-10-01 10:46:00-04:00,240.82,240.73,240.9,240.73,4401,240.84,1569941160000,240.8321,80
77,2019-10-01 10:47:00-04:00,240.69,240.5,240.69,240.5,3897,240.84,1569941220000,240.6031,120
78,2019-10-01 10:48:00-04:00,240.62,240.74,240.75,240.4,26484,240.84,1569941280000,240.542,370
79,2019-10-01 10:49:00-04:00,240.6,240.65,240.65,240.39,9177,240.84,1569941340000,240.533,176
80,2019-10-01 10:50:00-04:00,240.66,240.49,240.81,240.44,24271,240.84,1569941400000,240.5725,389
81,2019-10-01 10:51:00-04:00,240.43,240.4732,240.4999,240.38,2037,240.84,1569941460000,240.4254,32
82,2019-10-01 10:52:00-04:00,240.45,240.21,240.45,240.21,5670,240.84,1569941520000,240.2967,105
83,2019-10-01 10:53:00-04:00,240.1537,240.0596,240.23,239.951,9399,240.84,1569941580000,240.0814,164
84,2019-10-01 10:54:00-04:00,239.962,239.665,239.97,239.66,14206,240.84,1569941640000,239.8056,209
85,2019-10-01 10:55:00-04:00,239.665,239.73,239.89,239.5,33444,240.84,1569941700000,239.647,398
86,2019-10-01 10:56:00-04:00,239.7101,239.685,239.82,239.6375,10516,240.84,1569941760000,239.7098,232
87,2019-10-01 10:57:00-04:00,239.685,239.67,239.96,239.64,19984,240.84,1569941820000,239.8446,254
88,2019-10-01 10:58:00-04:00,239.83,239.8,240.05,239.8,3564,240.84,1569941880000,239.873,131
89,2019-10-01 10:59:00-04:00,239.74,239.38,239.7591,239.38,35279,240.84,1569941940000,239.5149,329
90,2019-10-01 11:00:00-04:00,239.405,239.36,239.45,239.13,20801,240.84,1569942000000,239.3216,339
91,2019-10-01 11:01:00-04:00,239.375,239.783,239.783,239.375,5298,240.84,1569942060000,239.6112,150
92,2019-10-01 11:02:00-04:00,239.73,239.84,239.91,239.68,4522,240.84,1569942120000,239.8024,145
93,2019-10-01 11:03:00-04:00,239.95,239.6294,239.95,239.38,6737,240.84,1569942180000,239.7107,196
94,2019-10-01 11:04:00-04:00,239.56,239.56,239.8638,239.56,12809,240.84,1569942240000,239.6748,234
95,2019-10-01 11:05:00-04:00,239.56,239.4177,239.7,239.3,8367,240.84,1569942300000,239.4969,137
96,2019-10-01 11:06:00-04:00,239.57,239.34,239.59,239.34,8672,240.84,1569942360000,239.5029,223
97,2019-10-01 11:07:00-04:00,239.35,239.61,239.72,239.3,32560,240.84,1569942420000,239.4866,688
98,2019-10-01 11:08:00-04:00,239.52,239.75,239.75,239.45,16950,240.84,1569942480000,239.6497,398
99,2019-10-01 11:09:00-04:00,239.65,239.66,239.6884,239.46,18139,240.84,1569942540000,239.5539,283
100,2019-10-01 11:10:00-04:00,239.69,239.65,239.77,239.57,8778,240.84,1569942600000,239.6765,218
101,2019-10-01 11:11:00-04:00,239.74,239.85,239.95,239.74,7879,240.84,1569942660000,239.8694,192
102,2019-10-01 11:12:00-04:00,239.9,239.855,239.91,239.78,1994,240.84,1569942720000,239.8449,65
103,2019-10-01 11:13:00-04:00,239.79,240.06,240.14,239.79,10352,240.84,1569942780000,239.9883,188
104,2019-10-01 11:14:00-04:00,240.03,239.96,240.09,239.96,4351,240.84,1569942840000,240.0166,86
105,2019-10-01 11:15:00-04:00,239.91,239.74,239.94,239.66,10027,240.84,1569942900000,239.7257,123
106,2019-10-01 11:16:00-04:00,239.81,239.9313,239.95,239.81,2021,240.84,1569942960000,239.9011,67
107,2019-10-01 11:17:00-04:00,240,240.3528,240.48,240,11766,240.84,1569943020000,240.3167,125
108,2019-10-01 11:18:00-04:00,240.41,240.54,240.8,240.41,18235,240.84,1569943080000,240.6223,345
109,2019-10-01 11:19:00-04:00,240.66,240.72,240.83,240.51,10182,240.84,1569943140000,240.6098,220
110,2019-10-01 11:20:00-04:00,240.75,240.47,240.75,240.455,10302,240.84,1569943200000,240.6041,272
111,2019-10-01 11:21:00-04:00,240.3,240.38,240.57,240.3,14211,240.84,1569943260000,240.4709,370
112,2019-10-01 11:22:00-04:00,240.33,240.275,240.36,240.01,23132,240.84,1569943320000,240.2197,538
113,2019-10-01 11:23:00-04:00,240.19,240.48,240.5047,240.13,10994,240.84,1569943380000,240.3177,240
114,2019-10-01 11:24:00-04:00,240.54,240.35,240.58,240.35,8182,240.84,1569943440000,240.4631,175
115,2019-10-01 11:25:00-04:00,240.26,240.1265,240.36,240.01,10591,240.84,1569943500000,240.1991,213
116,2019-10-01 11:26:00-04:00,240.07,240.2109,240.26,240.01,6838,240.84,1569943560000,240.0847,168
117,2019-10-01 11:27:00-04:00,240.2122,240.5,240.61,240.2122,8530,240.84,1569943620000,240.4835,214
118,2019-10-01 11:28:00-04:00,240.5,240.56,240.64,240.32,13606,240.84,1569943680000,240.4949,257
119,2019-10-01 11:29:00-04:00,240.56,240.74,240.76,240.43,15840,240.84,1569943740000,240.6528,348
120,2019-10-01 11:30:00-04:00,240.83,240.8035,240.9,240.77,3293,240.84,1569943800000,240.8373,84
121,2019-10-01 11:31:00-04:00,240.8015,241.08,241.18,240.8015,12105,240.84,1569943860000,241.0485,235
122,2019-10-01 11:32:00-04:00,241.085,241.14,241.14,241.02,3921,240.84,1569943920000,241.0745,131
123,2019-10-01 11:33:00-04:00,241.1321,241.03,241.34,241.02,4430,240.84,1569943980000,241.1753,98
124,2019-10-01 11:34:00-04:00,241.05,241.2,241.2,240.99,4800,240.84,1569944040000,241.0791,86
125,2019-10-01 11:35:00-04:00,241.19,241.29,241.29,241.02,5250,240.84,1569944100000,241.2096,120
126,2019-10-01 11:36:00-04:00,241.16,241.04,241.16,241.04,2517,240.84,1569944160000,241.1164,116
127,2019-10-01 11:37:00-04:00,241.07,241.3418,241.44,241.04,11139,240.84,1569944220000,241.2752,192
128,2019-10-01 11:38:00-04:00,241.2629,241.4,241.4699,241.2629,9237,240.84,1569944280000,241.3616,101
129,2019-10-01 11:39:00-04:00,241.46,240.88,241.46,240.88,12674,240.84,1569944340000,241.0833,292
130,2019-10-01 11:40:00-04:00,240.78,240.86,240.86,240.77,2106,240.84,1569944400000,240.8075,65
131,2019-10-01 11:41:00-04:00,240.84,240.77,240.86,240.75,3597,240.84,1569944460000,240.8171,84
132,2019-10-01 11:42:00-04:00,240.759,240.81,240.8366,240.56,6385,240.84,1569944520000,240.7111,115
133,2019-10-01 11:43:00-04:00,240.49,241,241,240.45,6960,240.84,1569944580000,240.7058,279
134,2019-10-01 11:44:00-04:00,241.05,241.19,241.19,240.99,5813,240.84,1569944640000,241.0775,115
135,2019-10-01 11:45:00-04:00,241.15,241.08,241.15,241.01,5524,240.84,1569944700000,241.1075,96
136,2019-10-01 11:46:00-04:00,241.0932,240.81,241.0932,240.77,6671,240.84,1569944760000,240.9098,168
137,2019-10-01 11:47:00-04:00,240.8791,240.72,240.8791,240.65,4786,240.84,1569944820000,240.7321,92
138,2019-10-01 11:48:00-04:00,240.66,240.47,240.6876,240.4649,6226,240.84,1569944880000,240.5964,177
139,2019-10-01 11:49:00-04:00,240.45,240.32,240.485,240.14,8942,240.84,1569944940000,240.3269,241
140,2019-10-01 11:50:00-04:00,240.21,240.41,240.53,240.2,9702,240.84,1569945000000,240.1437,103
141,2019-10-01 11:51:00-04:00,240.36,240.547,240.63,240.36,3809,240.84,1569945060000,240.4824,92
142,2019-10-01 11:52:00-04:00,240.62,240.83,240.83,240.56,15734,240.84,1569945120000,240.6567,349
143,2019-10-01 11:53:00-04:00,240.79,240.72,240.79,240.72,1195,240.84,1569945180000,240.7344,21
144,2019-10-01 11:54:00-04:00,240.71,240.61,240.75,240.61,7159,240.84,1569945240000,240.6575,137
145,2019-10-01 11:55:00-04:00,240.61,240.69,240.755,240.61,5216,240.84,1569945300000,240.6811,109
146,2019-10-01 11:56:00-04:00,240.67,240.64,240.8,240.64,9438,240.84,1569945360000,240.7305,145
147,2019-10-01 11:57:00-04:00,240.6877,240.71,240.8,240.67,9651,240.84,1569945420000,240.7394,158
148,2019-10-01 11:58:00-04:00,240.69,240.874,240.9214,240.65,14935,240.84,1569945480000,240.7613,241
149,2019-10-01 11:59:00-04:00,240.95,241.07,241.1,240.93,4075,240.84,1569945540000,241.0275,74
150,2019-10-01 12:00:00-04:00,240.935,240.85,241.005,240.7444,5102,240.84,1569945600000,240.8801,139
151,2019-10-01 12:01:00-04:00,240.84,240.91,240.98,240.6619,9463,240.84,1569945660000,240.8318,194
152,2019-10-01 12:02:00-04:00,240.9,240.81,241,240.71,27118,240.84,1569945720000,240.7755,393
153,2019-10-01 12:03:00-04:00,240.81,240.71,240.89,240.71,6742,240.84,1569945780000,240.7949,91
154,2019-10-01 12:04:00-04:00,240.73,240.51,240.79,240.4,6385,240.84,1569945840000,240.6294,165
155,2019-10-01 12:05:00-04:00,240.47,240.39,240.505,240.375,2894,240.84,1569945900000,240.4195,66
156,2019-10-01 12:06:00-04:00,240.33,240.45,240.45,240.25,6156,240.84,1569945960000,240.3466,163
157,2019-10-01 12:07:00-04:00,240.475,240.52,240.5808,240.4344,5417,240.84,1569946020000,240.4808,112
158,2019-10-01 12:08:00-04:00,240.42,240.8,240.88,240.42,9332,240.84,1569946080000,240.7056,221
159,2019-10-01 12:09:00-04:00,240.8,240.6,240.8,240.6,1814,240.84,1569946140000,240.6842,53
160,2019-10-01 12:10:00-04:00,240.51,240.53,240.5804,240.5,5533,240.84,1569946200000,240.5504,138
161,2019-10-01 12:11:00-04:00,240.54,240.305,240.55,240.22,18553,240.84,1569946260000,240.4192,333
162,2019-10-01 12:12:00-04:00,240.21,240.55,240.55,240.1079,8519,240.84,1569946320000,240.2661,207
163,2019-10-01 12:13:00-04:00,240.34,240.13,240.34,240.0938,5196,240.84,1569946380000,240.2117,110
164,2019-10-01 12:14:00-04:00,240.1,240.09,240.18,240.04,6543,240.84,1569946440000,240.1094,138
165,2019-10-01 12:15:00-04:00,240.03,240.3065,240.33,240.03,4573,240.84,1569946500000,240.2186,151
166,2019-10-01 12:16:00-04:00,240.2418,240.34,240.34,240.225,3158,240.84,1569946560000,240.2995,89
167,2019-10-01 12:17:00-04:00,240.34,240.38,240.38,240.25,10130,240.84,1569946620000,240.3063,222
168,2019-10-01 12:18:00-04:00,240.4,240.74,240.769,240.39,15276,240.84,1569946680000,240.5366,230
169,2019-10-01 12:19:00-04:00,240.885,240.8994,240.9,240.75,7992,240.84,1569946740000,240.8233,210
170,2019-10-01 12:20:00-04:00,240.95,241.09,241.2,240.95,11987,240.84,1569946800000,241.079,248
171,2019-10-01 12:21:00-04:00,241.1099,241.26,241.2854,241.0294,8479,240.84,1569946860000,241.1966,127
172,2019-10-01 12:22:00-04:00,241.16,240.9967,241.19,240.9967,8284,240.84,1569946920000,241.145,114
173,2019-10-01 12:23:00-04:00,241.0421,240.77,241.0421,240.77,3637,240.84,1569946980000,240.9022,130
174,2019-10-01 12:24:00-04:00,240.77,240.8885,240.93,240.69,10746,240.84,1569947040000,240.7824,244
175,2019-10-01 12:25:00-04:00,240.94,241.09,241.15,240.94,16935,240.84,1569947100000,241.0671,288
176,2019-10-01 12:26:00-04:00,241.1554,241.34,241.35,241.1554,9006,240.84,1569947160000,241.277,179
177,2019-10-01 12:27:00-04:00,241.3245,241.1552,241.3245,241.11,3175,240.84,1569947220000,241.2302,58
178,2019-10-01 12:28:00-04:00,241.12,241.05,241.13,240.9,11953,240.84,1569947280000,241.0503,306
179,2019-10-01 12:29:00-04:00,241.02,241.16,241.2,241.02,8436,240.84,1569947340000,241.1348,176
180,2019-10-01 12:30:00-04:00,241.16,241.45,241.58,241.16,19825,240.84,1569947400000,241.4225,288
181,2019-10-01 12:31:00-04:00,241.51,241.4503,241.51,241.39,6317,240.84,1569947460000,241.4256,82
182,2019-10-01 12:32:00-04:00,241.54,241.83,241.8587,241.52,9078,240.84,1569947520000,241.6792,169
183,2019-10-01 12:33:00-04:00,241.85,241.94,241.98,241.82,11945,240.84,1569947580000,241.8993,201
184,2019-10-01 12:34:00-04:00,241.94,242.27,242.28,241.94,36462,240.84,1569947640000,242.0758,525
185,2019-10-01 12:35:00-04:00,242.1905,242.71,242.79,242.19,38374,240.84,1569947700000,242.5576,486
186,2019-10-01 12:36:00-04:00,242.77,243.08,243.27,242.7174,68079,240.84,1569947760000,242.9976,1098
187,2019-10-01 12:37:00-04:00,243.1034,242.76,243.1034,242.51,19750,240.84,1569947820000,242.8052,475
188,2019-10-01 12:38:00-04:00,242.76,242.62,242.78,242.55,28756,240.84,1569947880000,242.6897,484
189,2019-10-01 12:39:00-04:00,242.62,242.58,242.7,242.4192,13785,240.84,1569947940000,242.5794,215
190,2019-10-01 12:40:00-04:00,242.43,242.69,242.7218,242.43,10912,240.84,1569948000000,242.5825,252
191,2019-10-01 12:41:00-04:00,242.75,243.11,243.14,242.75,26301,240.84,1569948060000,242.9236,496
192,2019-10-01 12:42:00-04:00,243.14,243.61,243.63,243.04,44590,240.84,1569948120000,243.2701,659
193,2019-10-01 12:43:00-04:00,243.53,243.5264,243.81,243.49,49016,240.84,1569948180000,243.6712,660
194,2019-10-01 12:44:00-04:00,243.61,244.24,244.63,243.57,52664,240.84,1569948240000,244.0255,783
195,2019-10-01 12:45:00-04:00,244.17,244.3,244.43,244.04,24416,240.84,1569948300000,244.2699,369
196,2019-10-01 12:46:00-04:00,244.28,243.34,244.35,243.32,37022,240.84,1569948360000,243.9049,708
197,2019-10-01 12:47:00-04:00,243.32,243.15,243.55,242.9406,32657,240.84,1569948420000,243.1267,626
198,2019-10-01 12:48:00-04:00,243.232,243.2,243.53,243.1724,20863,240.84,1569948480000,243.3644,348
199,2019-10-01 12:49:00-04:00,243.2129,243.28,243.29,243.2,4522,240.84,1569948540000,243.2348,136
200,2019-10-01 12:50:00-04:00,243.38,242.9635,243.5,242.86,16369,240.84,1569948600000,243.1962,253
201,2019-10-01 12:51:00-04:00,242.93,243.03,243.03,242.86,5308,240.84,1569948660000,242.9584,114
202,2019-10-01 12:52:00-04:00,243.0218,242.905,243.0666,242.8454,4676,240.84,1569948720000,242.9528,115
203,2019-10-01 12:53:00-04:00,242.98,242.9155,243.23,242.82,15138,240.84,1569948780000,242.9665,296
204,2019-10-01 12:54:00-04:00,242.9917,243.0149,243.0149,242.87,5912,240.84,1569948840000,242.9411,120
205,2019-10-01 12:55:00-04:00,242.96,243.0903,243.2557,242.95,6242,240.84,1569948900000,243.1198,145
206,2019-10-01 12:56:00-04:00,243.24,243.01,243.24,242.9,6500,240.84,1569948960000,243.0342,114
207,2019-10-01 12:57:00-04:00,243.01,243.37,243.37,242.9429,4245,240.84,1569949020000,243.1766,108
208,2019-10-01 12:58:00-04:00,243.3177,243.38,243.55,243.3177,14576,240.84,1569949080000,243.4254,313
209,2019-10-01 12:59:00-04:00,243.4,243.5,243.6,243.2,27911,240.84,1569949140000,243.4428,520
210,2019-10-01 13:00:00-04:00,243.495,243.795,243.8,243.395,8624,240.84,1569949200000,243.6481,213
211,2019-10-01 13:01:00-04:00,243.845,244.13,244.15,243.7561,13991,240.84,1569949260000,243.9174,288
212,2019-10-01 13:02:00-04:00,244.0506,244.14,244.31,244.03,14081,240.84,1569949320000,244.182,333
213,2019-10-01 13:03:00-04:00,244.29,244.17,244.33,244.08,14892,240.84,1569949380000,244.2107,322
214,2019-10-01 13:04:00-04:00,244.0587,244.2,244.33,244.0587,13640,240.84,1569949440000,244.2069,192
215,2019-10-01 13:05:00-04:00,244.295,244.2574,244.34,244.2,7122,240.84,1569949500000,244.2877,175
216,2019-10-01 13:06:00-04:00,244.34,244.1357,244.34,243.98,14521,240.84,1569949560000,244.1299,278
217,2019-10-01 13:07:00-04:00,244.07,244.21,244.25,244.07,11270,240.84,1569949620000,244.1683,228
218,2019-10-01 13:08:00-04:00,244.24,244.0689,244.24,244.02,7615,240.84,1569949680000,244.1469,238
219,2019-10-01 13:09:00-04:00,243.98,243.98,244.27,243.89,15392,240.84,1569949740000,244.0666,203
220,2019-10-01 13:10:00-04:00,244,244.08,244.15,244,7335,240.84,1569949800000,244.0523,123
221,2019-10-01 13:11:00-04:00,244.0628,243.91,244.12,243.68,21007,240.84,1569949860000,243.9656,282
222,2019-10-01 13:12:00-04:00,243.8391,243.89,243.98,243.78,4731,240.84,1569949920000,243.892,95
223,2019-10-01 13:13:00-04:00,243.9,243.54,243.9,243.41,23755,240.84,1569949980000,243.673,527
224,2019-10-01 13:14:00-04:00,243.5,243.65,243.65,243.5,10447,240.84,1569950040000,243.5552,219
225,2019-10-01 13:15:00-04:00,243.71,243.65,243.71,243.4,14841,240.84,1569950100000,243.5873,199
226,2019-10-01 13:16:00-04:00,243.59,243.57,243.62,243.45,6766,240.84,1569950160000,243.5505,208
227,2019-10-01 13:17:00-04:00,243.6228,243.63,243.78,243.57,6024,240.84,1569950220000,243.6763,116
228,2019-10-01 13:18:00-04:00,243.63,243.65,243.76,243.6,5573,240.84,1569950280000,243.6806,132
229,2019-10-01 13:19:00-04:00,243.685,243.64,243.72,243.46,13224,240.84,1569950340000,243.5834,273
230,2019-10-01 13:20:00-04:00,243.5712,243.8,243.8,243.5712,7739,240.84,1569950400000,243.7371,215
231,2019-10-01 13:21:00-04:00,243.8,243.85,244.0754,243.7813,15840,240.84,1569950460000,243.9593,299
232,2019-10-01 13:22:00-04:00,243.77,243.62,243.87,243.57,7996,240.84,1569950520000,243.7111,171
233,2019-10-01 13:23:00-04:00,243.68,243.76,243.8,243.63,6878,240.84,1569950580000,243.731,108
234,2019-10-01 13:24:00-04:00,243.79,243.1,244,243.1,53710,240.84,1569950640000,243.5162,790
235,2019-10-01 13:25:00-04:00,243.0837,243.3775,243.3775,243.0837,6164,240.84,1569950700000,243.2538,142
236,2019-10-01 13:26:00-04:00,243.31,243.29,243.46,243.25,5327,240.84,1569950760000,243.3444,152
237,2019-10-01 13:27:00-04:00,243.2585,243.2,243.31,243.12,3178,240.84,1569950820000,243.222,100
238,2019-10-01 13:28:00-04:00,243.08,243.0362,243.1499,242.865,11606,240.84,1569950880000,242.9729,204
239,2019-10-01 13:29:00-04:00,242.975,243,243.0114,242.86,5624,240.84,1569950940000,242.9501,126
240,2019-10-01 13:30:00-04:00,242.92,242.857,242.9484,242.81,10255,240.84,1569951000000,242.8586,131
241,2019-10-01 13:31:00-04:00,242.89,243.03,243.09,242.89,5809,240.84,1569951060000,243.0139,149
242,2019-10-01 13:32:00-04:00,243.03,242.945,243.03,242.81,7629,240.84,1569951120000,242.9023,139
243,2019-10-01 13:33:00-04:00,242.93,242.9908,243.08,242.88,8718,240.84,1569951180000,242.9759,172
244,2019-10-01 13:34:00-04:00,242.9,243.01,243.01,242.82,9735,240.84,1569951240000,242.9324,276
245,2019-10-01 13:35:00-04:00,243.03,243.1465,243.35,243.03,7027,240.84,1569951300000,243.1907,175
246,2019-10-01 13:36:00-04:00,243.115,242.975,243.18,242.93,8127,240.84,1569951360000,243.0094,152
247,2019-10-01 13:37:00-04:00,242.96,242.89,243.045,242.865,15570,240.84,1569951420000,242.9452,239
248,2019-10-01 13:38:00-04:00,242.8646,243.09,243.2,242.8646,5230,240.84,1569951480000,242.9942,95
249,2019-10-01 13:39:00-04:00,243.14,243.1623,243.2,243.08,5694,240.84,1569951540000,243.1368,85
250,2019-10-01 13:40:00-04:00,243.1335,243.06,243.2,243.06,5343,240.84,1569951600000,242.544,62
251,2019-10-01 13:41:00-04:00,243.05,242.86,243.07,242.79,7496,240.84,1569951660000,242.8893,146
252,2019-10-01 13:42:00-04:00,242.8,242.97,242.97,242.8,3630,240.84,1569951720000,242.8979,97
253,2019-10-01 13:43:00-04:00,243.04,243.0916,243.19,243.04,5858,240.84,1569951780000,243.1225,142
254,2019-10-01 13:44:00-04:00,243.06,243,243.11,242.9514,5201,240.84,1569951840000,242.2835,123
255,2019-10-01 13:45:00-04:00,242.9,242.945,242.97,242.875,3365,240.84,1569951900000,242.9143,81
256,2019-10-01 13:46:00-04:00,242.945,243.09,243.09,242.85,6010,240.84,1569951960000,242.9801,159
257,2019-10-01 13:47:00-04:00,243.05,243.1896,243.23,243.05,4119,240.84,1569952020000,243.1777,96
258,2019-10-01 13:48:00-04:00,243.23,243,243.23,243,3242,240.84,1569952080000,243.0989,85
259,2019-10-01 13:49:00-04:00,242.985,243.0292,243.06,242.95,4769,240.84,1569952140000,242.9996,112
260,2019-10-01 13:50:00-04:00,243.03,243.085,243.19,243.03,12455,240.84,1569952200000,243.1091,170
261,2019-10-01 13:51:00-04:00,243.06,243.05,243.085,242.93,8566,240.84,1569952260000,242.9857,158
262,2019-10-01 13:52:00-04:00,243.0552,243.32,243.38,243.05,7748,240.84,1569952320000,243.2906,188
263,2019-10-01 13:53:00-04:00,243.3488,243.275,243.4092,243.25,7032,240.84,1569952380000,243.3309,148
264,2019-10-01 13:54:00-04:00,243.275,243.4,243.4,243.1,10028,240.84,1569952440000,243.2138,146
265,2019-10-01 13:55:00-04:00,243.36,243.4,243.47,243.32,5633,240.84,1569952500000,243.389,138
266,2019-10-01 13:56:00-04:00,243.39,243.33,243.43,243.33,3004,240.84,1569952560000,243.3816,74
267,2019-10-01 13:57:00-04:00,243.3,243.2,243.3,243.18,3404,240.84,1569952620000,243.2371,73
268,2019-10-01 13:58:00-04:00,243.2,243.35,243.38,243.2,4765,240.84,1569952680000,243.2811,84
269,2019-10-01 13:59:00-04:00,243.357,243.1992,243.403,243.1992,12416,240.84,1569952740000,243.2651,129
270,2019-10-01 14:00:00-04:00,243.28,243.4,243.42,243.2655,4040,240.84,1569952800000,243.3526,106
271,2019-10-01 14:01:00-04:00,243.41,243.15,243.41,243.15,4018,240.84,1569952860000,243.2711,128
272,2019-10-01 14:02:00-04:00,243.14,243.7152,243.7152,243.14,14981,240.84,1569952920000,243.5296,321
273,2019-10-01 14:03:00-04:00,243.71,243.72,243.98,243.71,14583,240.84,1569952980000,243.8311,322
274,2019-10-01 14:04:00-04:00,243.72,243.52,243.72,243.52,6857,240.84,1569953040000,243.6395,135
275,2019-10-01 14:05:00-04:00,243.4542,243.43,243.58,243.35,8106,240.84,1569953100000,243.4125,194
276,2019-10-01 14:06:00-04:00,243.44,243.34,243.465,243.27,5217,240.84,1569953160000,243.3639,99
277,2019-10-01 14:07:00-04:00,243.35,243.31,243.43,243.29,3457,240.84,1569953220000,243.373,88
278,2019-10-01 14:08:00-04:00,243.28,243.28,243.39,243.26,4144,240.84,1569953280000,243.2979,110
279,2019-10-01 14:09:00-04:00,243.33,243.19,243.4,243.18,9508,240.84,1569953340000,243.2776,228
280,2019-10-01 14:10:00-04:00,243.22,243.21,243.3,243.1,9759,240.84,1569953400000,243.2167,169
281,2019-10-01 14:11:00-04:00,243.31,243.46,243.46,243.23,10702,240.84,1569953460000,243.3309,179
282,2019-10-01 14:12:00-04:00,243.48,243.72,243.84,243.48,10219,240.84,1569953520000,243.7057,279
283,2019-10-01 14:13:00-04:00,243.75,243.71,243.8,243.71,7050,240.84,1569953580000,243.7615,175
284,2019-10-01 14:14:00-04:00,243.7492,243.5,243.7528,243.49,7200,240.84,1569953640000,243.6155,159
285,2019-10-01 14:15:00-04:00,243.55,243.43,243.635,243.4,12155,240.84,1569953700000,243.5235,254
286,2019-10-01 14:16:00-04:00,243.42,243.455,243.46,243.3898,5451,240.84,1569953760000,243.4177,83
287,2019-10-01 14:17:00-04:00,243.46,243.52,243.53,243.46,3241,240.84,1569953820000,243.4915,88
288,2019-10-01 14:18:00-04:00,243.6,243.53,243.66,243.53,8301,240.84,1569953880000,243.6026,161
289,2019-10-01 14:19:00-04:00,243.5292,243.57,243.57,243.45,5994,240.84,1569953940000,243.5013,107
290,2019-10-01 14:20:00-04:00,243.49,243.605,243.605,243.475,4764,240.84,1569954000000,243.5417,83
291,2019-10-01 14:21:00-04:00,243.64,243.7745,243.88,243.59,27811,240.84,1569954060000,243.6951,354
292,2019-10-01 14:22:00-04:00,243.73,243.78,243.85,243.71,7612,240.84,1569954120000,243.7835,126
293,2019-10-01 14:23:00-04:00,243.81,243.88,243.95,243.81,6487,240.84,1569954180000,243.8957,80
294,2019-10-01 14:24:00-04:00,243.9025,244.2703,244.32,243.9025,28699,240.84,1569954240000,244.1384,433
295,2019-10-01 14:25:00-04:00,244.2815,244.32,244.32,244.19,12509,240.84,1569954300000,244.266,156
296,2019-10-01 14:26:00-04:00,244.31,244.25,244.34,244.2,13876,240.84,1569954360000,244.295,255
297,2019-10-01 14:27:00-04:00,244.2,244.3,244.34,244.1,17673,240.84,1569954420000,244.2197,260
298,2019-10-01 14:28:00-04:00,244.3,244.3212,244.3799,244.2,7389,240.84,1569954480000,244.2567,143
299,2019-10-01 14:29:00-04:00,244.379,244.74,244.74,244.35,33913,240.84,1569954540000,244.4956,546
300,2019-10-01 14:30:00-04:00,244.67,244.91,245.13,244.58,71844,240.84,1569954600000,244.9362,1203
301,2019-10-01 14:31:00-04:00,244.8919,245.175,245.2,244.885,14152,240.84,1569954660000,245.0411,282
302,2019-10-01 14:32:00-04:00,245.2,245.6825,245.7238,245.12,45375,240.84,1569954720000,245.393,914
303,2019-10-01 14:33:00-04:00,245.69,245.76,245.84,245.56,21758,240.84,1569954780000,245.6996,319
304,2019-10-01 14:34:00-04:00,245.79,245.8,245.87,245.6,15067,240.84,1569954840000,245.7336,332
305,2019-10-01 14:35:00-04:00,245.808,245.38,245.84,245.3101,23397,240.84,1569954900000,245.5958,382
306,2019-10-01 14:36:00-04:00,245.31,244.96,245.3437,244.93,28577,240.84,1569954960000,245.1155,532
307,2019-10-01 14:37:00-04:00,244.9795,245.11,245.3,244.9362,9588,240.84,1569955020000,245.0923,197
308,2019-10-01 14:38:00-04:00,245.1611,245.2621,245.35,245.12,9604,240.84,1569955080000,245.207,214
309,2019-10-01 14:39:00-04:00,245.1101,245.35,245.35,245.11,12835,240.84,1569955140000,245.2156,171
310,2019-10-01 14:40:00-04:00,245.2997,245.18,245.39,245.18,11824,240.84,1569955200000,245.2896,213
311,2019-10-01 14:41:00-04:00,245.27,245.2,245.4699,245.11,14014,240.84,1569955260000,245.3111,232
312,2019-10-01 14:42:00-04:00,245.04,244.81,245.12,244.81,20272,240.84,1569955320000,244.9659,342
313,2019-10-01 14:43:00-04:00,244.8274,244.95,245.1525,244.72,29566,240.84,1569955380000,244.9467,497
314,2019-10-01 14:44:00-04:00,245,244.85,245,244.78,30549,240.84,1569955440000,244.9077,396
315,2019-10-01 14:45:00-04:00,244.85,245.2064,245.38,244.83,26453,240.84,1569955500000,245.0972,277
316,2019-10-01 14:46:00-04:00,245.21,245.1915,245.47,245.1915,11221,240.84,1569955560000,245.3174,177
317,2019-10-01 14:47:00-04:00,245.22,245.16,245.33,245.14,13723,240.84,1569955620000,245.2119,292
318,2019-10-01 14:48:00-04:00,245.185,245.21,245.21,245.04,13526,240.84,1569955680000,245.118,165
319,2019-10-01 14:49:00-04:00,245.1983,245.13,245.23,245.01,8415,240.84,1569955740000,245.1273,193
320,2019-10-01 14:50:00-04:00,245.14,245.07,245.1699,245.02,9618,240.84,1569955800000,245.0814,181
321,2019-10-01 14:51:00-04:00,245.12,244.935,245.13,244.893,17685,240.84,1569955860000,245.006,337
322,2019-10-01 14:52:00-04:00,244.9309,245.105,245.2,244.9309,11251,240.84,1569955920000,245.1083,207
323,2019-10-01 14:53:00-04:00,245.11,245.2425,245.29,245.03,15095,240.84,1569955980000,245.1819,215
324,2019-10-01 14:54:00-04:00,245.28,245.2774,245.36,245.27,9637,240.84,1569956040000,245.3038,131
325,2019-10-01 14:55:00-04:00,245.33,245.4195,245.42,245.28,15422,240.84,1569956100000,245.3574,302
326,2019-10-01 14:56:00-04:00,245.45,245.266,245.52,245.266,19085,240.84,1569956160000,245.4301,265
327,2019-10-01 14:57:00-04:00,245.25,245.095,245.53,244.96,47711,240.84,1569956220000,245.2333,754
328,2019-10-01 14:58:00-04:00,245.22,245.37,245.37,245.1319,12639,240.84,1569956280000,245.2662,263
329,2019-10-01 14:59:00-04:00,245.37,245.44,245.471,245.36,15886,240.84,1569956340000,245.4012,343
330,2019-10-01 15:00:00-04:00,245.5,245.62,245.62,245.45,32357,240.84,1569956400000,245.5784,339
331,2019-10-01 15:01:00-04:00,245.62,245.672,245.672,245.46,16748,240.84,1569956460000,245.5924,230
332,2019-10-01 15:02:00-04:00,245.67,245.2451,245.7305,245.245,37552,240.84,1569956520000,245.4954,621
333,2019-10-01 15:03:00-04:00,245.22,245.5,245.5,245.2,17889,240.84,1569956580000,245.4274,328
334,2019-10-01 15:04:00-04:00,245.48,245.5665,245.5743,245.41,12904,240.84,1569956640000,245.4896,204
335,2019-10-01 15:05:00-04:00,245.52,245.7015,245.8,245.49,30019,240.84,1569956700000,245.6781,389
336,2019-10-01 15:06:00-04:00,245.6756,245.825,245.95,245.6756,50975,240.84,1569956760000,245.8797,534
337,2019-10-01 15:07:00-04:00,245.8543,245.83,245.8543,245.635,23764,240.84,1569956820000,245.7367,323
338,2019-10-01 15:08:00-04:00,245.83,245.87,245.95,245.81,38148,240.84,1569956880000,245.8986,306
339,2019-10-01 15:09:00-04:00,245.87,245.775,245.9,245.77,9787,240.84,1569956940000,245.85,153
340,2019-10-01 15:10:00-04:00,245.78,245.5,245.79,245.5,20353,240.84,1569957000000,245.6476,257
341,2019-10-01 15:11:00-04:00,245.5395,245.425,245.58,245.3538,12901,240.84,1569957060000,245.4459,207
342,2019-10-01 15:12:00-04:00,245.43,244.9006,245.43,244.9006,22923,240.84,1569957120000,245.1824,276
343,2019-10-01 15:13:00-04:00,244.9,244.61,244.9,244.52,24173,240.84,1569957180000,244.7059,622
344,2019-10-01 15:14:00-04:00,244.63,244.6148,244.7684,244.58,10295,240.84,1569957240000,244.6547,211
345,2019-10-01 15:15:00-04:00,244.58,244.3588,244.58,244.22,24788,240.84,1569957300000,244.3838,526
346,2019-10-01 15:16:00-04:00,244.305,244.37,244.45,244.2308,19004,240.84,1569957360000,244.3283,301
347,2019-10-01 15:17:00-04:00,244.34,244.495,244.6319,244.34,18203,240.84,1569957420000,244.5582,224
348,2019-10-01 15:18:00-04:00,244.53,244.4,244.59,244.39,17417,240.84,1569957480000,244.4799,313
349,2019-10-01 15:19:00-04:00,244.38,244.4581,244.59,244.38,7115,240.84,1569957540000,244.4874,163
350,2019-10-01 15:20:00-04:00,244.46,244.425,244.51,244.36,5881,240.84,1569957600000,244.4221,150
351,2019-10-01 15:21:00-04:00,244.47,244.19,244.5,244.13,15601,240.84,1569957660000,244.2805,335
352,2019-10-01 15:22:00-04:00,244.136,244.53,244.53,244.1306,16133,240.84,1569957720000,244.2765,235
353,2019-10-01 15:23:00-04:00,244.53,244.38,244.57,244.37,11664,240.84,1569957780000,244.4572,252
354,2019-10-01 15:24:00-04:00,244.43,244.47,244.47,244.33,5515,240.84,1569957840000,244.3964,116
355,2019-10-01 15:25:00-04:00,244.49,244.49,244.65,244.4683,20989,240.84,1569957900000,244.5617,299
356,2019-10-01 15:26:00-04:00,244.43,244.33,244.43,244.12,10427,240.84,1569957960000,244.2275,195
357,2019-10-01 15:27:00-04:00,244.34,244.51,244.51,244.34,4708,240.84,1569958020000,244.4412,140
358,2019-10-01 15:28:00-04:00,244.56,244.43,244.58,244.41,5717,240.84,1569958080000,244.517,108
359,2019-10-01 15:29:00-04:00,244.39,244.33,244.41,244.28,15741,240.84,1569958140000,244.3273,259
360,2019-10-01 15:30:00-04:00,244.33,244.0701,244.34,244.06,13175,240.84,1569958200000,244.2536,243
361,2019-10-01 15:31:00-04:00,244.084,244.015,244.15,243.875,17368,240.84,1569958260000,244.0237,348
362,2019-10-01 15:32:00-04:00,244.06,244.095,244.33,244.015,9604,240.84,1569958320000,244.131,178
363,2019-10-01 15:33:00-04:00,244.075,244.145,244.22,244.075,11815,240.84,1569958380000,244.1445,129
364,2019-10-01 15:34:00-04:00,244.13,243.98,244.225,243.94,11122,240.84,1569958440000,244.0716,275
365,2019-10-01 15:35:00-04:00,243.92,243.9465,244.07,243.91,8981,240.84,1569958500000,243.9625,106
366,2019-10-01 15:36:00-04:00,243.88,243.87,244,243.83,6476,240.84,1569958560000,243.941,147
367,2019-10-01 15:37:00-04:00,243.91,243.95,244.07,243.83,9483,240.84,1569958620000,243.9487,126
368,2019-10-01 15:38:00-04:00,244,244.21,244.27,243.92,12033,240.84,1569958680000,244.077,215
369,2019-10-01 15:39:00-04:00,244.27,244.5,244.58,244.2605,15878,240.84,1569958740000,244.4092,259
370,2019-10-01 15:40:00-04:00,244.4884,244.49,244.5,244.4,8714,240.84,1569958800000,244.4477,171
371,2019-10-01 15:41:00-04:00,244.4795,244.41,244.52,244.36,15372,240.84,1569958860000,244.4463,243
372,2019-10-01 15:42:00-04:00,244.45,244.45,244.56,244.3729,15238,240.84,1569958920000,244.4767,319
373,2019-10-01 15:43:00-04:00,244.495,244.44,244.55,244.44,10152,240.84,1569958980000,244.4945,182
374,2019-10-01 15:44:00-04:00,244.4,244.55,244.55,244.4,17282,240.84,1569959040000,244.4962,247
375,2019-10-01 15:45:00-04:00,244.545,244.885,244.92,244.49,23707,240.84,1569959100000,244.6699,391
376,2019-10-01 15:46:00-04:00,244.92,244.89,245.17,244.81,29254,240.84,1569959160000,244.9875,487
377,2019-10-01 15:47:00-04:00,244.91,244.6228,244.91,244.52,19573,240.84,1569959220000,244.6922,326
378,2019-10-01 15:48:00-04:00,244.65,245.063,245.13,244.538,18874,240.84,1569959280000,244.8202,353
379,2019-10-01 15:49:00-04:00,245.06,244.875,245.12,244.77,25917,240.84,1569959340000,244.9321,416
380,2019-10-01 15:50:00-04:00,244.83,245.05,245.05,244.825,16779,240.84,1569959400000,244.9677,335
381,2019-10-01 15:51:00-04:00,245.01,245.03,245.06,244.94,13576,240.84,1569959460000,244.9931,241
382,2019-10-01 15:52:00-04:00,245,245.0235,245.12,244.99,17290,240.84,1569959520000,245.0445,324
383,2019-10-01 15:53:00-04:00,245.01,245.155,245.2174,244.96,31210,240.84,1569959580000,245.0398,420
384,2019-10-01 15:54:00-04:00,245.14,245.11,245.25,245.1,27116,240.84,1569959640000,245.1482,481
385,2019-10-01 15:55:00-04:00,245.11,245.24,245.25,245.03,35336,240.84,1569959700000,245.1378,761
386,2019-10-01 15:56:00-04:00,245.17,245.077,245.24,245.0512,22894,240.84,1569959760000,245.1433,400
387,2019-10-01 15:57:00-04:00,245.09,245.015,245.11,244.96,18483,240.84,1569959820000,245.0354,359
388,2019-10-01 15:58:00-04:00,245.015,245.02,245.07,244.96,37557,240.84,1569959880000,245.0034,535
389,2019-10-01 15:59:00-04:00,244.98,244.69,245.01,244.56,74129,240.84,1569959940000,244.7327,866
