index,Start_DateTime,End_DateTime,Start_Timestamp,End_Timestamp,Open,Close,High,Low,Volume
0,2021-08-02 09:30:00-04:00,2021-08-02 09:30:00-04:00,1627911000000000000,1627911000000000000,146.36,146.47,146.95,146.33,1392875.0
1,2021-08-02 09:31:00-04:00,2021-08-02 09:31:00-04:00,1627911060000000000,1627911060000000000,146.49,146.615,146.82,146.44,423278.0
2,2021-08-02 09:32:00-04:00,2021-08-02 09:32:00-04:00,1627911120000000000,1627911120000000000,146.615,146.29,146.6199,146.17,421181.0
3,2021-08-02 09:33:00-04:00,2021-08-02 09:33:00-04:00,1627911180000000000,1627911180000000000,146.29,146.3457,146.4,146.09,410826.0
4,2021-08-02 09:34:00-04:00,2021-08-02 09:34:00-04:00,1627911240000000000,1627911240000000000,146.34,146.42,146.47,146.19,393860.0
5,2021-08-02 09:35:00-04:00,2021-08-02 09:35:00-04:00,1627911300000000000,1627911300000000000,146.4498,145.99,146.4498,145.99,515566.0
6,2021-08-02 09:36:00-04:00,2021-08-02 09:36:00-04:00,1627911360000000000,1627911360000000000,146.005,145.69,146.005,145.54,919341.0
7,2021-08-02 09:37:00-04:00,2021-08-02 09:37:00-04:00,1627911420000000000,1627911420000000000,145.7,145.5865,145.79,145.55,466302.0
8,2021-08-02 09:38:00-04:00,2021-08-02 09:38:00-04:00,1627911480000000000,1627911480000000000,145.59,145.69,145.8,145.55,390200.0
9,2021-08-02 09:39:00-04:00,2021-08-02 09:39:00-04:00,1627911540000000000,1627911540000000000,145.68,145.58,145.73,145.5401,348507.0
10,2021-08-02 09:40:00-04:00,2021-08-02 09:40:00-04:00,1627911600000000000,1627911600000000000,145.6,145.5,145.68,145.4,516917.0
11,2021-08-02 09:41:00-04:00,2021-08-02 09:41:00-04:00,1627911660000000000,1627911660000000000,145.5,145.48,145.56,145.27,475722.0
12,2021-08-02 09:42:00-04:00,2021-08-02 09:42:00-04:00,1627911720000000000,1627911720000000000,145.475,145.42,145.575,145.37,349614.0
13,2021-08-02 09:43:00-04:00,2021-08-02 09:43:00-04:00,1627911780000000000,1627911780000000000,145.41,145.32,145.449,145.28,308348.0
14,2021-08-02 09:44:00-04:00,2021-08-02 09:44:00-04:00,1627911840000000000,1627911840000000000,145.32,145.385,145.479,145.25,321928.0
15,2021-08-02 09:45:00-04:00,2021-08-02 09:45:00-04:00,1627911900000000000,1627911900000000000,145.37,145.485,145.5,145.28,327840.0
16,2021-08-02 09:46:00-04:00,2021-08-02 09:46:00-04:00,1627911960000000000,1627911960000000000,145.49,145.54,145.68,145.47,378824.0
17,2021-08-02 09:47:00-04:00,2021-08-02 09:47:00-04:00,1627912020000000000,1627912020000000000,145.53,145.66,145.765,145.47,330194.0
18,2021-08-02 09:48:00-04:00,2021-08-02 09:48:00-04:00,1627912080000000000,1627912080000000000,145.66,145.7384,145.8,145.66,314487.0
19,2021-08-02 09:49:00-04:00,2021-08-02 09:49:00-04:00,1627912140000000000,1627912140000000000,145.73,145.6899,145.8,145.58,244046.0
20,2021-08-02 09:50:00-04:00,2021-08-02 09:50:00-04:00,1627912200000000000,1627912200000000000,145.6796,145.575,145.72,145.5,273413.0
21,2021-08-02 09:51:00-04:00,2021-08-02 09:51:00-04:00,1627912260000000000,1627912260000000000,145.575,145.62,145.62,145.3818,282669.0
22,2021-08-02 09:52:00-04:00,2021-08-02 09:52:00-04:00,1627912320000000000,1627912320000000000,145.62,145.4,145.73,145.36,262798.0
23,2021-08-02 09:53:00-04:00,2021-08-02 09:53:00-04:00,1627912380000000000,1627912380000000000,145.4,145.42,145.49,145.34,257203.0
24,2021-08-02 09:54:00-04:00,2021-08-02 09:54:00-04:00,1627912440000000000,1627912440000000000,145.41,145.72,145.75,145.41,255420.0
25,2021-08-02 09:55:00-04:00,2021-08-02 09:55:00-04:00,1627912500000000000,1627912500000000000,145.72,145.955,145.96,145.72,307529.0
26,2021-08-02 09:56:00-04:00,2021-08-02 09:56:00-04:00,1627912560000000000,1627912560000000000,145.955,145.915,145.975,145.8601,199810.0
27,2021-08-02 09:57:00-04:00,2021-08-02 09:57:00-04:00,1627912620000000000,1627912620000000000,145.91,145.91,146.0108,145.9001,244233.0
28,2021-08-02 09:58:00-04:00,2021-08-02 09:58:00-04:00,1627912680000000000,1627912680000000000,145.91,145.9,145.99,145.87,173757.0
29,2021-08-02 09:59:00-04:00,2021-08-02 09:59:00-04:00,1627912740000000000,1627912740000000000,145.9099,145.95,145.9817,145.89,155544.0
30,2021-08-02 10:00:00-04:00,2021-08-02 10:00:00-04:00,1627912800000000000,1627912800000000000,145.93,145.93,145.95,145.8,272884.0
31,2021-08-02 10:01:00-04:00,2021-08-02 10:01:00-04:00,1627912860000000000,1627912860000000000,145.93,145.9799,146.05,145.93,280876.0
32,2021-08-02 10:02:00-04:00,2021-08-02 10:02:00-04:00,1627912920000000000,1627912920000000000,145.96,146.01,146.05,145.88,247989.0
33,2021-08-02 10:03:00-04:00,2021-08-02 10:03:00-04:00,1627912980000000000,1627912980000000000,146.03,146.1,146.155,146.011,264424.0
34,2021-08-02 10:04:00-04:00,2021-08-02 10:04:00-04:00,1627913040000000000,1627913040000000000,146.08,145.91,146.12,145.91,293790.0
35,2021-08-02 10:05:00-04:00,2021-08-02 10:05:00-04:00,1627913100000000000,1627913100000000000,145.92,145.715,145.98,145.67,298132.0
36,2021-08-02 10:06:00-04:00,2021-08-02 10:06:00-04:00,1627913160000000000,1627913160000000000,145.72,145.68,145.75,145.6,226650.0
37,2021-08-02 10:07:00-04:00,2021-08-02 10:07:00-04:00,1627913220000000000,1627913220000000000,145.68,145.71,145.76,145.6665,234206.0
38,2021-08-02 10:08:00-04:00,2021-08-02 10:08:00-04:00,1627913280000000000,1627913280000000000,145.7083,145.75,145.8682,145.69,212336.0
39,2021-08-02 10:09:00-04:00,2021-08-02 10:09:00-04:00,1627913340000000000,1627913340000000000,145.76,145.7999,145.86,145.75,169432.0
40,2021-08-02 10:10:00-04:00,2021-08-02 10:10:00-04:00,1627913400000000000,1627913400000000000,145.79,145.918,145.92,145.79,130395.0
41,2021-08-02 10:11:00-04:00,2021-08-02 10:11:00-04:00,1627913460000000000,1627913460000000000,145.92,146.01,146.02,145.91,233275.0
42,2021-08-02 10:12:00-04:00,2021-08-02 10:12:00-04:00,1627913520000000000,1627913520000000000,145.99,146.12,146.2,145.96,308221.0
43,2021-08-02 10:13:00-04:00,2021-08-02 10:13:00-04:00,1627913580000000000,1627913580000000000,146.125,146.17,146.24,146.12,167405.0
44,2021-08-02 10:14:00-04:00,2021-08-02 10:14:00-04:00,1627913640000000000,1627913640000000000,146.1726,146.0601,146.2,146.0401,178712.0
45,2021-08-02 10:15:00-04:00,2021-08-02 10:15:00-04:00,1627913700000000000,1627913700000000000,146.06,146.075,146.1,145.99,228821.0
46,2021-08-02 10:16:00-04:00,2021-08-02 10:16:00-04:00,1627913760000000000,1627913760000000000,146.08,146.15,146.2,146.08,211628.0
47,2021-08-02 10:17:00-04:00,2021-08-02 10:17:00-04:00,1627913820000000000,1627913820000000000,146.155,146.1792,146.18,146.11,121807.0
48,2021-08-02 10:18:00-04:00,2021-08-02 10:18:00-04:00,1627913880000000000,1627913880000000000,146.18,146.04,146.18,146.04,170300.0
49,2021-08-02 10:19:00-04:00,2021-08-02 10:19:00-04:00,1627913940000000000,1627913940000000000,146.04,146.1399,146.15,146.04,98599.0
50,2021-08-02 10:20:00-04:00,2021-08-02 10:20:00-04:00,1627914000000000000,1627914000000000000,146.135,146.1999,146.215,146.12,145266.0
51,2021-08-02 10:21:00-04:00,2021-08-02 10:21:00-04:00,1627914060000000000,1627914060000000000,146.2,146.11,146.25,146.11,149830.0
52,2021-08-02 10:22:00-04:00,2021-08-02 10:22:00-04:00,1627914120000000000,1627914120000000000,146.1,146.0101,146.18,146.0101,156254.0
53,2021-08-02 10:23:00-04:00,2021-08-02 10:23:00-04:00,1627914180000000000,1627914180000000000,146.02,146.06,146.09,145.9922,129536.0
54,2021-08-02 10:24:00-04:00,2021-08-02 10:24:00-04:00,1627914240000000000,1627914240000000000,146.0534,145.915,146.12,145.915,181078.0
55,2021-08-02 10:25:00-04:00,2021-08-02 10:25:00-04:00,1627914300000000000,1627914300000000000,145.915,145.855,145.96,145.8175,204716.0
56,2021-08-02 10:26:00-04:00,2021-08-02 10:26:00-04:00,1627914360000000000,1627914360000000000,145.855,145.785,145.86,145.75,192442.0
57,2021-08-02 10:27:00-04:00,2021-08-02 10:27:00-04:00,1627914420000000000,1627914420000000000,145.785,145.785,145.81,145.735,187832.0
58,2021-08-02 10:28:00-04:00,2021-08-02 10:28:00-04:00,1627914480000000000,1627914480000000000,145.78,145.755,145.8205,145.6,259236.0
59,2021-08-02 10:29:00-04:00,2021-08-02 10:29:00-04:00,1627914540000000000,1627914540000000000,145.76,145.9,145.92,145.755,133527.0
60,2021-08-02 10:30:00-04:00,2021-08-02 10:30:00-04:00,1627914600000000000,1627914600000000000,145.9,145.865,145.99,145.85,173508.0
61,2021-08-02 10:31:00-04:00,2021-08-02 10:31:00-04:00,1627914660000000000,1627914660000000000,145.88,145.755,145.94,145.72,136547.0
62,2021-08-02 10:32:00-04:00,2021-08-02 10:32:00-04:00,1627914720000000000,1627914720000000000,145.76,145.62,145.78,145.61,143018.0
63,2021-08-02 10:33:00-04:00,2021-08-02 10:33:00-04:00,1627914780000000000,1627914780000000000,145.6245,145.5901,145.64,145.52,233290.0
64,2021-08-02 10:34:00-04:00,2021-08-02 10:34:00-04:00,1627914840000000000,1627914840000000000,145.595,145.515,145.615,145.515,121573.0
65,2021-08-02 10:35:00-04:00,2021-08-02 10:35:00-04:00,1627914900000000000,1627914900000000000,145.5113,145.5499,145.55,145.41,288907.0
66,2021-08-02 10:36:00-04:00,2021-08-02 10:36:00-04:00,1627914960000000000,1627914960000000000,145.55,145.5491,145.605,145.5,174665.0
67,2021-08-02 10:37:00-04:00,2021-08-02 10:37:00-04:00,1627915020000000000,1627915020000000000,145.5474,145.6204,145.64,145.48,112568.0
68,2021-08-02 10:38:00-04:00,2021-08-02 10:38:00-04:00,1627915080000000000,1627915080000000000,145.64,145.5318,145.6885,145.52,148754.0
69,2021-08-02 10:39:00-04:00,2021-08-02 10:39:00-04:00,1627915140000000000,1627915140000000000,145.535,145.605,145.6779,145.51,126843.0
70,2021-08-02 10:40:00-04:00,2021-08-02 10:40:00-04:00,1627915200000000000,1627915200000000000,145.6,145.66,145.7399,145.5701,112024.0
71,2021-08-02 10:41:00-04:00,2021-08-02 10:41:00-04:00,1627915260000000000,1627915260000000000,145.67,145.6222,145.7076,145.575,116960.0
72,2021-08-02 10:42:00-04:00,2021-08-02 10:42:00-04:00,1627915320000000000,1627915320000000000,145.63,145.6779,145.71,145.54,123890.0
73,2021-08-02 10:43:00-04:00,2021-08-02 10:43:00-04:00,1627915380000000000,1627915380000000000,145.68,145.6102,145.695,145.5617,129206.0
74,2021-08-02 10:44:00-04:00,2021-08-02 10:44:00-04:00,1627915440000000000,1627915440000000000,145.6117,145.54,145.63,145.525,122284.0
75,2021-08-02 10:45:00-04:00,2021-08-02 10:45:00-04:00,1627915500000000000,1627915500000000000,145.53,145.56,145.575,145.46,198636.0
76,2021-08-02 10:46:00-04:00,2021-08-02 10:46:00-04:00,1627915560000000000,1627915560000000000,145.57,145.79,145.79,145.57,233352.0
77,2021-08-02 10:47:00-04:00,2021-08-02 10:47:00-04:00,1627915620000000000,1627915620000000000,145.7886,145.83,145.84,145.76,130182.0
78,2021-08-02 10:48:00-04:00,2021-08-02 10:48:00-04:00,1627915680000000000,1627915680000000000,145.84,145.86,145.909,145.78,114596.0
79,2021-08-02 10:49:00-04:00,2021-08-02 10:49:00-04:00,1627915740000000000,1627915740000000000,145.868,145.73,145.881,145.71,177630.0
80,2021-08-02 10:50:00-04:00,2021-08-02 10:50:00-04:00,1627915800000000000,1627915800000000000,145.734,145.79,145.9,145.67,291308.0
81,2021-08-02 10:51:00-04:00,2021-08-02 10:51:00-04:00,1627915860000000000,1627915860000000000,145.79,145.94,145.945,145.77,157948.0
82,2021-08-02 10:52:00-04:00,2021-08-02 10:52:00-04:00,1627915920000000000,1627915920000000000,145.945,145.9415,145.99,145.94,117742.0
83,2021-08-02 10:53:00-04:00,2021-08-02 10:53:00-04:00,1627915980000000000,1627915980000000000,145.945,145.925,146.01,145.8889,154368.0
84,2021-08-02 10:54:00-04:00,2021-08-02 10:54:00-04:00,1627916040000000000,1627916040000000000,145.92,145.99,146.03,145.92,115356.0
85,2021-08-02 10:55:00-04:00,2021-08-02 10:55:00-04:00,1627916100000000000,1627916100000000000,145.98,145.953,146.0,145.915,115366.0
86,2021-08-02 10:56:00-04:00,2021-08-02 10:56:00-04:00,1627916160000000000,1627916160000000000,145.9515,146.005,146.06,145.935,116405.0
87,2021-08-02 10:57:00-04:00,2021-08-02 10:57:00-04:00,1627916220000000000,1627916220000000000,146.0,146.02,146.065,145.97,165701.0
88,2021-08-02 10:58:00-04:00,2021-08-02 10:58:00-04:00,1627916280000000000,1627916280000000000,146.025,146.02,146.06,145.98,113890.0
89,2021-08-02 10:59:00-04:00,2021-08-02 10:59:00-04:00,1627916340000000000,1627916340000000000,146.0102,146.0201,146.08,145.98,144815.0
90,2021-08-02 11:00:00-04:00,2021-08-02 11:00:00-04:00,1627916400000000000,1627916400000000000,146.03,145.949,146.05,145.91,100590.0
91,2021-08-02 11:01:00-04:00,2021-08-02 11:01:00-04:00,1627916460000000000,1627916460000000000,145.95,145.845,145.9765,145.82,118494.0
92,2021-08-02 11:02:00-04:00,2021-08-02 11:02:00-04:00,1627916520000000000,1627916520000000000,145.84,145.86,145.89,145.8001,89725.0
93,2021-08-02 11:03:00-04:00,2021-08-02 11:03:00-04:00,1627916580000000000,1627916580000000000,145.88,145.7809,145.905,145.71,211284.0
94,2021-08-02 11:04:00-04:00,2021-08-02 11:04:00-04:00,1627916640000000000,1627916640000000000,145.7852,145.885,145.9,145.7779,200223.0
95,2021-08-02 11:05:00-04:00,2021-08-02 11:05:00-04:00,1627916700000000000,1627916700000000000,145.8886,145.935,145.9871,145.885,102787.0
96,2021-08-02 11:06:00-04:00,2021-08-02 11:06:00-04:00,1627916760000000000,1627916760000000000,145.94,145.9956,146.0499,145.94,105124.0
97,2021-08-02 11:07:00-04:00,2021-08-02 11:07:00-04:00,1627916820000000000,1627916820000000000,145.99,145.9889,146.035,145.97,92706.0
98,2021-08-02 11:08:00-04:00,2021-08-02 11:08:00-04:00,1627916880000000000,1627916880000000000,145.985,145.97,146.02,145.9299,70650.0
99,2021-08-02 11:09:00-04:00,2021-08-02 11:09:00-04:00,1627916940000000000,1627916940000000000,145.98,146.0181,146.04,145.98,87955.0
100,2021-08-02 11:10:00-04:00,2021-08-02 11:10:00-04:00,1627917000000000000,1627917000000000000,146.02,146.1301,146.16,146.015,207691.0
101,2021-08-02 11:11:00-04:00,2021-08-02 11:11:00-04:00,1627917060000000000,1627917060000000000,146.14,146.1498,146.21,146.13,133175.0
102,2021-08-02 11:12:00-04:00,2021-08-02 11:12:00-04:00,1627917120000000000,1627917120000000000,146.15,146.16,146.195,146.15,73129.0
103,2021-08-02 11:13:00-04:00,2021-08-02 11:13:00-04:00,1627917180000000000,1627917180000000000,146.155,146.15,146.2,146.12,96979.0
104,2021-08-02 11:14:00-04:00,2021-08-02 11:14:00-04:00,1627917240000000000,1627917240000000000,146.155,146.22,146.22,146.1261,115256.0
105,2021-08-02 11:15:00-04:00,2021-08-02 11:15:00-04:00,1627917300000000000,1627917300000000000,146.225,146.1899,146.28,146.15,183285.0
106,2021-08-02 11:16:00-04:00,2021-08-02 11:16:00-04:00,1627917360000000000,1627917360000000000,146.185,146.215,146.24,146.16,77451.0
107,2021-08-02 11:17:00-04:00,2021-08-02 11:17:00-04:00,1627917420000000000,1627917420000000000,146.22,146.2018,146.29,146.2,95502.0
108,2021-08-02 11:18:00-04:00,2021-08-02 11:18:00-04:00,1627917480000000000,1627917480000000000,146.21,146.3,146.34,146.21,124181.0
109,2021-08-02 11:19:00-04:00,2021-08-02 11:19:00-04:00,1627917540000000000,1627917540000000000,146.295,146.335,146.405,146.29,186394.0
110,2021-08-02 11:20:00-04:00,2021-08-02 11:20:00-04:00,1627917600000000000,1627917600000000000,146.335,146.31,146.38,146.285,171294.0
111,2021-08-02 11:21:00-04:00,2021-08-02 11:21:00-04:00,1627917660000000000,1627917660000000000,146.31,146.4,146.4,146.31,100273.0
112,2021-08-02 11:22:00-04:00,2021-08-02 11:22:00-04:00,1627917720000000000,1627917720000000000,146.4,146.485,146.49,146.39,258914.0
113,2021-08-02 11:23:00-04:00,2021-08-02 11:23:00-04:00,1627917780000000000,1627917780000000000,146.49,146.385,146.52,146.38,200600.0
114,2021-08-02 11:24:00-04:00,2021-08-02 11:24:00-04:00,1627917840000000000,1627917840000000000,146.39,146.435,146.46,146.36,135667.0
115,2021-08-02 11:25:00-04:00,2021-08-02 11:25:00-04:00,1627917900000000000,1627917900000000000,146.45,146.4826,146.49,146.39,111718.0
116,2021-08-02 11:26:00-04:00,2021-08-02 11:26:00-04:00,1627917960000000000,1627917960000000000,146.48,146.4292,146.54,146.34,184425.0
117,2021-08-02 11:27:00-04:00,2021-08-02 11:27:00-04:00,1627918020000000000,1627918020000000000,146.425,146.395,146.47,146.395,113628.0
118,2021-08-02 11:28:00-04:00,2021-08-02 11:28:00-04:00,1627918080000000000,1627918080000000000,146.3901,146.48,146.48,146.36,252898.0
119,2021-08-02 11:29:00-04:00,2021-08-02 11:29:00-04:00,1627918140000000000,1627918140000000000,146.4771,146.53,146.5499,146.47,152613.0
120,2021-08-02 11:30:00-04:00,2021-08-02 11:30:00-04:00,1627918200000000000,1627918200000000000,146.5382,146.455,146.55,146.45,95320.0
121,2021-08-02 11:31:00-04:00,2021-08-02 11:31:00-04:00,1627918260000000000,1627918260000000000,146.46,146.3786,146.5074,146.37,97171.0
122,2021-08-02 11:32:00-04:00,2021-08-02 11:32:00-04:00,1627918320000000000,1627918320000000000,146.38,146.4818,146.49,146.37,115468.0
123,2021-08-02 11:33:00-04:00,2021-08-02 11:33:00-04:00,1627918380000000000,1627918380000000000,146.49,146.45,146.53,146.44,92647.0
124,2021-08-02 11:34:00-04:00,2021-08-02 11:34:00-04:00,1627918440000000000,1627918440000000000,146.46,146.4309,146.515,146.43,74925.0
125,2021-08-02 11:35:00-04:00,2021-08-02 11:35:00-04:00,1627918500000000000,1627918500000000000,146.44,146.43,146.48,146.4,78436.0
126,2021-08-02 11:36:00-04:00,2021-08-02 11:36:00-04:00,1627918560000000000,1627918560000000000,146.4301,146.42,146.48,146.38,94585.0
127,2021-08-02 11:37:00-04:00,2021-08-02 11:37:00-04:00,1627918620000000000,1627918620000000000,146.42,146.41,146.51,146.41,113839.0
128,2021-08-02 11:38:00-04:00,2021-08-02 11:38:00-04:00,1627918680000000000,1627918680000000000,146.4111,146.4299,146.43,146.3593,114465.0
129,2021-08-02 11:39:00-04:00,2021-08-02 11:39:00-04:00,1627918740000000000,1627918740000000000,146.43,146.41,146.46,146.385,78962.0
130,2021-08-02 11:40:00-04:00,2021-08-02 11:40:00-04:00,1627918800000000000,1627918800000000000,146.42,146.4401,146.47,146.39,77146.0
131,2021-08-02 11:41:00-04:00,2021-08-02 11:41:00-04:00,1627918860000000000,1627918860000000000,146.4414,146.464,146.49,146.41,79355.0
132,2021-08-02 11:42:00-04:00,2021-08-02 11:42:00-04:00,1627918920000000000,1627918920000000000,146.455,146.45,146.4999,146.42,76048.0
133,2021-08-02 11:43:00-04:00,2021-08-02 11:43:00-04:00,1627918980000000000,1627918980000000000,146.4599,146.43,146.4687,146.395,62290.0
134,2021-08-02 11:44:00-04:00,2021-08-02 11:44:00-04:00,1627919040000000000,1627919040000000000,146.43,146.421,146.44,146.37,100786.0
135,2021-08-02 11:45:00-04:00,2021-08-02 11:45:00-04:00,1627919100000000000,1627919100000000000,146.43,146.44,146.46,146.4,75838.0
136,2021-08-02 11:46:00-04:00,2021-08-02 11:46:00-04:00,1627919160000000000,1627919160000000000,146.44,146.4555,146.54,146.44,136245.0
137,2021-08-02 11:47:00-04:00,2021-08-02 11:47:00-04:00,1627919220000000000,1627919220000000000,146.46,146.4812,146.49,146.42,78393.0
138,2021-08-02 11:48:00-04:00,2021-08-02 11:48:00-04:00,1627919280000000000,1627919280000000000,146.4828,146.44,146.51,146.44,55476.0
139,2021-08-02 11:49:00-04:00,2021-08-02 11:49:00-04:00,1627919340000000000,1627919340000000000,146.441,146.4038,146.4575,146.39,104465.0
140,2021-08-02 11:50:00-04:00,2021-08-02 11:50:00-04:00,1627919400000000000,1627919400000000000,146.41,146.395,146.43,146.365,84558.0
141,2021-08-02 11:51:00-04:00,2021-08-02 11:51:00-04:00,1627919460000000000,1627919460000000000,146.395,146.2713,146.395,146.26,144684.0
142,2021-08-02 11:52:00-04:00,2021-08-02 11:52:00-04:00,1627919520000000000,1627919520000000000,146.275,146.195,146.285,146.19,191228.0
143,2021-08-02 11:53:00-04:00,2021-08-02 11:53:00-04:00,1627919580000000000,1627919580000000000,146.195,146.2599,146.265,146.1601,113820.0
144,2021-08-02 11:54:00-04:00,2021-08-02 11:54:00-04:00,1627919640000000000,1627919640000000000,146.2501,146.255,146.26,146.21,102343.0
145,2021-08-02 11:55:00-04:00,2021-08-02 11:55:00-04:00,1627919700000000000,1627919700000000000,146.25,146.2501,146.33,146.25,118233.0
146,2021-08-02 11:56:00-04:00,2021-08-02 11:56:00-04:00,1627919760000000000,1627919760000000000,146.25,146.18,146.2794,146.1534,95290.0
147,2021-08-02 11:57:00-04:00,2021-08-02 11:57:00-04:00,1627919820000000000,1627919820000000000,146.1824,146.07,146.22,146.0601,115081.0
148,2021-08-02 11:58:00-04:00,2021-08-02 11:58:00-04:00,1627919880000000000,1627919880000000000,146.065,146.025,146.095,146.025,141474.0
149,2021-08-02 11:59:00-04:00,2021-08-02 11:59:00-04:00,1627919940000000000,1627919940000000000,146.03,146.0244,146.05,145.99,177705.0
150,2021-08-02 12:00:00-04:00,2021-08-02 12:00:00-04:00,1627920000000000000,1627920000000000000,146.0257,146.005,146.035,145.98,252382.0
151,2021-08-02 12:01:00-04:00,2021-08-02 12:01:00-04:00,1627920060000000000,1627920060000000000,146.0,145.8989,146.01,145.88,134460.0
152,2021-08-02 12:02:00-04:00,2021-08-02 12:02:00-04:00,1627920120000000000,1627920120000000000,145.9,145.835,145.9,145.83,144407.0
153,2021-08-02 12:03:00-04:00,2021-08-02 12:03:00-04:00,1627920180000000000,1627920180000000000,145.839,145.9194,145.93,145.838,130895.0
154,2021-08-02 12:04:00-04:00,2021-08-02 12:04:00-04:00,1627920240000000000,1627920240000000000,145.91,145.9224,145.93,145.86,133097.0
155,2021-08-02 12:05:00-04:00,2021-08-02 12:05:00-04:00,1627920300000000000,1627920300000000000,145.925,145.92,145.97,145.88,109904.0
156,2021-08-02 12:06:00-04:00,2021-08-02 12:06:00-04:00,1627920360000000000,1627920360000000000,145.92,145.89,145.93,145.8718,84990.0
157,2021-08-02 12:07:00-04:00,2021-08-02 12:07:00-04:00,1627920420000000000,1627920420000000000,145.88,145.71,145.885,145.71,140609.0
158,2021-08-02 12:08:00-04:00,2021-08-02 12:08:00-04:00,1627920480000000000,1627920480000000000,145.72,145.6501,145.72,145.645,113609.0
159,2021-08-02 12:09:00-04:00,2021-08-02 12:09:00-04:00,1627920540000000000,1627920540000000000,145.65,145.68,145.71,145.62,102786.0
160,2021-08-02 12:10:00-04:00,2021-08-02 12:10:00-04:00,1627920600000000000,1627920600000000000,145.6701,145.605,145.69,145.591,172255.0
161,2021-08-02 12:11:00-04:00,2021-08-02 12:11:00-04:00,1627920660000000000,1627920660000000000,145.6,145.625,145.65,145.5589,115907.0
162,2021-08-02 12:12:00-04:00,2021-08-02 12:12:00-04:00,1627920720000000000,1627920720000000000,145.63,145.77,145.77,145.6143,149648.0
163,2021-08-02 12:13:00-04:00,2021-08-02 12:13:00-04:00,1627920780000000000,1627920780000000000,145.77,145.72,145.77,145.71,121916.0
164,2021-08-02 12:14:00-04:00,2021-08-02 12:14:00-04:00,1627920840000000000,1627920840000000000,145.73,145.77,145.785,145.73,90588.0
165,2021-08-02 12:15:00-04:00,2021-08-02 12:15:00-04:00,1627920900000000000,1627920900000000000,145.76,145.815,145.84,145.74,136675.0
166,2021-08-02 12:16:00-04:00,2021-08-02 12:16:00-04:00,1627920960000000000,1627920960000000000,145.81,145.92,145.94,145.79,159496.0
167,2021-08-02 12:17:00-04:00,2021-08-02 12:17:00-04:00,1627921020000000000,1627921020000000000,145.91,145.9598,145.97,145.8801,117749.0
168,2021-08-02 12:18:00-04:00,2021-08-02 12:18:00-04:00,1627921080000000000,1627921080000000000,145.955,145.951,145.985,145.93,116312.0
169,2021-08-02 12:19:00-04:00,2021-08-02 12:19:00-04:00,1627921140000000000,1627921140000000000,145.9599,145.935,146.0,145.91,105319.0
170,2021-08-02 12:20:00-04:00,2021-08-02 12:20:00-04:00,1627921200000000000,1627921200000000000,145.94,145.8799,145.94,145.875,74708.0
171,2021-08-02 12:21:00-04:00,2021-08-02 12:21:00-04:00,1627921260000000000,1627921260000000000,145.87,145.81,145.87,145.81,98073.0
172,2021-08-02 12:22:00-04:00,2021-08-02 12:22:00-04:00,1627921320000000000,1627921320000000000,145.8,145.715,145.8,145.63,150009.0
173,2021-08-02 12:23:00-04:00,2021-08-02 12:23:00-04:00,1627921380000000000,1627921380000000000,145.72,145.85,145.85,145.715,77553.0
174,2021-08-02 12:24:00-04:00,2021-08-02 12:24:00-04:00,1627921440000000000,1627921440000000000,145.85,145.8199,145.86,145.76,90335.0
175,2021-08-02 12:25:00-04:00,2021-08-02 12:25:00-04:00,1627921500000000000,1627921500000000000,145.8286,145.8,145.8286,145.7289,91154.0
176,2021-08-02 12:26:00-04:00,2021-08-02 12:26:00-04:00,1627921560000000000,1627921560000000000,145.81,145.78,145.889,145.735,111460.0
177,2021-08-02 12:27:00-04:00,2021-08-02 12:27:00-04:00,1627921620000000000,1627921620000000000,145.78,145.73,145.805,145.715,51320.0
178,2021-08-02 12:28:00-04:00,2021-08-02 12:28:00-04:00,1627921680000000000,1627921680000000000,145.73,145.6701,145.73,145.65,95324.0
179,2021-08-02 12:29:00-04:00,2021-08-02 12:29:00-04:00,1627921740000000000,1627921740000000000,145.67,145.63,145.6999,145.6002,105148.0
180,2021-08-02 12:30:00-04:00,2021-08-02 12:30:00-04:00,1627921800000000000,1627921800000000000,145.63,145.6,145.6599,145.5619,133281.0
181,2021-08-02 12:31:00-04:00,2021-08-02 12:31:00-04:00,1627921860000000000,1627921860000000000,145.61,145.6697,145.695,145.61,120208.0
182,2021-08-02 12:32:00-04:00,2021-08-02 12:32:00-04:00,1627921920000000000,1627921920000000000,145.66,145.63,145.71,145.62,99909.0
183,2021-08-02 12:33:00-04:00,2021-08-02 12:33:00-04:00,1627921980000000000,1627921980000000000,145.63,145.7,145.71,145.59,104859.0
184,2021-08-02 12:34:00-04:00,2021-08-02 12:34:00-04:00,1627922040000000000,1627922040000000000,145.7,145.719,145.7497,145.66,75322.0
185,2021-08-02 12:35:00-04:00,2021-08-02 12:35:00-04:00,1627922100000000000,1627922100000000000,145.72,145.66,145.7399,145.66,67919.0
186,2021-08-02 12:36:00-04:00,2021-08-02 12:36:00-04:00,1627922160000000000,1627922160000000000,145.6567,145.68,145.71,145.65,67977.0
187,2021-08-02 12:37:00-04:00,2021-08-02 12:37:00-04:00,1627922220000000000,1627922220000000000,145.69,145.7383,145.755,145.69,76411.0
188,2021-08-02 12:38:00-04:00,2021-08-02 12:38:00-04:00,1627922280000000000,1627922280000000000,145.74,145.7499,145.78,145.72,62200.0
189,2021-08-02 12:39:00-04:00,2021-08-02 12:39:00-04:00,1627922340000000000,1627922340000000000,145.745,145.7511,145.7812,145.72,69555.0
190,2021-08-02 12:40:00-04:00,2021-08-02 12:40:00-04:00,1627922400000000000,1627922400000000000,145.7597,145.695,145.76,145.69,69632.0
191,2021-08-02 12:41:00-04:00,2021-08-02 12:41:00-04:00,1627922460000000000,1627922460000000000,145.7,145.78,145.785,145.69,66361.0
192,2021-08-02 12:42:00-04:00,2021-08-02 12:42:00-04:00,1627922520000000000,1627922520000000000,145.78,145.74,145.835,145.74,113041.0
193,2021-08-02 12:43:00-04:00,2021-08-02 12:43:00-04:00,1627922580000000000,1627922580000000000,145.74,145.715,145.7483,145.6917,52697.0
194,2021-08-02 12:44:00-04:00,2021-08-02 12:44:00-04:00,1627922640000000000,1627922640000000000,145.72,145.6533,145.73,145.65,50273.0
195,2021-08-02 12:45:00-04:00,2021-08-02 12:45:00-04:00,1627922700000000000,1627922700000000000,145.65,145.725,146.33,145.6401,66178.0
196,2021-08-02 12:46:00-04:00,2021-08-02 12:46:00-04:00,1627922760000000000,1627922760000000000,145.72,145.67,145.73,145.66,70924.0
197,2021-08-02 12:47:00-04:00,2021-08-02 12:47:00-04:00,1627922820000000000,1627922820000000000,145.66,145.7,145.7217,145.65,73140.0
198,2021-08-02 12:48:00-04:00,2021-08-02 12:48:00-04:00,1627922880000000000,1627922880000000000,145.705,145.64,145.72,145.64,57282.0
199,2021-08-02 12:49:00-04:00,2021-08-02 12:49:00-04:00,1627922940000000000,1627922940000000000,145.64,145.6464,145.65,145.57,107020.0
200,2021-08-02 12:50:00-04:00,2021-08-02 12:50:00-04:00,1627923000000000000,1627923000000000000,145.65,145.6626,145.67,145.595,71029.0
201,2021-08-02 12:51:00-04:00,2021-08-02 12:51:00-04:00,1627923060000000000,1627923060000000000,145.665,145.776,145.795,145.665,94347.0
202,2021-08-02 12:52:00-04:00,2021-08-02 12:52:00-04:00,1627923120000000000,1627923120000000000,145.7701,145.83,145.8693,145.7701,104258.0
203,2021-08-02 12:53:00-04:00,2021-08-02 12:53:00-04:00,1627923180000000000,1627923180000000000,145.829,145.7702,145.85,145.77,75982.0
204,2021-08-02 12:54:00-04:00,2021-08-02 12:54:00-04:00,1627923240000000000,1627923240000000000,145.77,145.7501,145.79,145.73,84475.0
205,2021-08-02 12:55:00-04:00,2021-08-02 12:55:00-04:00,1627923300000000000,1627923300000000000,145.755,145.75,145.7899,145.73,96600.0
206,2021-08-02 12:56:00-04:00,2021-08-02 12:56:00-04:00,1627923360000000000,1627923360000000000,145.76,145.7,145.8,145.68,87010.0
207,2021-08-02 12:57:00-04:00,2021-08-02 12:57:00-04:00,1627923420000000000,1627923420000000000,145.7018,145.7,145.7486,145.67,94721.0
208,2021-08-02 12:58:00-04:00,2021-08-02 12:58:00-04:00,1627923480000000000,1627923480000000000,145.7,145.681,145.72,145.64,93373.0
209,2021-08-02 12:59:00-04:00,2021-08-02 12:59:00-04:00,1627923540000000000,1627923540000000000,145.68,145.75,145.77,145.67,67581.0
210,2021-08-02 13:00:00-04:00,2021-08-02 13:00:00-04:00,1627923600000000000,1627923600000000000,145.75,145.8,145.83,145.75,91054.0
211,2021-08-02 13:01:00-04:00,2021-08-02 13:01:00-04:00,1627923660000000000,1627923660000000000,145.81,145.795,145.84,145.79,85188.0
212,2021-08-02 13:02:00-04:00,2021-08-02 13:02:00-04:00,1627923720000000000,1627923720000000000,145.7901,145.84,145.869,145.78,102366.0
213,2021-08-02 13:03:00-04:00,2021-08-02 13:03:00-04:00,1627923780000000000,1627923780000000000,145.84,145.92,145.92,145.83,90135.0
214,2021-08-02 13:04:00-04:00,2021-08-02 13:04:00-04:00,1627923840000000000,1627923840000000000,145.915,145.9299,145.96,145.88,137405.0
215,2021-08-02 13:05:00-04:00,2021-08-02 13:05:00-04:00,1627923900000000000,1627923900000000000,145.925,145.9101,145.935,145.87,78407.0
216,2021-08-02 13:06:00-04:00,2021-08-02 13:06:00-04:00,1627923960000000000,1627923960000000000,145.9237,145.975,145.99,145.9,108720.0
217,2021-08-02 13:07:00-04:00,2021-08-02 13:07:00-04:00,1627924020000000000,1627924020000000000,145.975,145.91,145.9799,145.89,122001.0
218,2021-08-02 13:08:00-04:00,2021-08-02 13:08:00-04:00,1627924080000000000,1627924080000000000,145.905,145.8589,145.95,145.85,67802.0
219,2021-08-02 13:09:00-04:00,2021-08-02 13:09:00-04:00,1627924140000000000,1627924140000000000,145.86,145.915,145.96,145.86,88089.0
220,2021-08-02 13:10:00-04:00,2021-08-02 13:10:00-04:00,1627924200000000000,1627924200000000000,145.92,145.97,145.98,145.903,87530.0
221,2021-08-02 13:11:00-04:00,2021-08-02 13:11:00-04:00,1627924260000000000,1627924260000000000,145.975,146.0188,146.05,145.9701,183364.0
222,2021-08-02 13:12:00-04:00,2021-08-02 13:12:00-04:00,1627924320000000000,1627924320000000000,146.02,146.0101,146.04,145.99,88079.0
223,2021-08-02 13:13:00-04:00,2021-08-02 13:13:00-04:00,1627924380000000000,1627924380000000000,146.01,145.995,146.04,145.945,110641.0
224,2021-08-02 13:14:00-04:00,2021-08-02 13:14:00-04:00,1627924440000000000,1627924440000000000,145.991,145.96,145.995,145.94,74453.0
225,2021-08-02 13:15:00-04:00,2021-08-02 13:15:00-04:00,1627924500000000000,1627924500000000000,145.96,146.0199,146.03,145.95,83166.0
226,2021-08-02 13:16:00-04:00,2021-08-02 13:16:00-04:00,1627924560000000000,1627924560000000000,146.01,146.0137,146.03,145.985,58797.0
227,2021-08-02 13:17:00-04:00,2021-08-02 13:17:00-04:00,1627924620000000000,1627924620000000000,146.015,146.02,146.02,145.9701,66766.0
228,2021-08-02 13:18:00-04:00,2021-08-02 13:18:00-04:00,1627924680000000000,1627924680000000000,146.02,146.065,146.07,145.98,90955.0
229,2021-08-02 13:19:00-04:00,2021-08-02 13:19:00-04:00,1627924740000000000,1627924740000000000,146.07,146.032,146.09,146.01,74566.0
230,2021-08-02 13:20:00-04:00,2021-08-02 13:20:00-04:00,1627924800000000000,1627924800000000000,146.04,146.055,146.0599,146.0,65533.0
231,2021-08-02 13:21:00-04:00,2021-08-02 13:21:00-04:00,1627924860000000000,1627924860000000000,146.055,146.11,146.11,146.04,78962.0
232,2021-08-02 13:22:00-04:00,2021-08-02 13:22:00-04:00,1627924920000000000,1627924920000000000,146.109,146.17,146.17,146.109,97391.0
233,2021-08-02 13:23:00-04:00,2021-08-02 13:23:00-04:00,1627924980000000000,1627924980000000000,146.165,146.13,146.185,146.12,93341.0
234,2021-08-02 13:24:00-04:00,2021-08-02 13:24:00-04:00,1627925040000000000,1627925040000000000,146.125,146.1773,146.1875,146.1025,108850.0
235,2021-08-02 13:25:00-04:00,2021-08-02 13:25:00-04:00,1627925100000000000,1627925100000000000,146.175,146.1412,146.2154,146.1102,141004.0
236,2021-08-02 13:26:00-04:00,2021-08-02 13:26:00-04:00,1627925160000000000,1627925160000000000,146.141,146.085,146.145,146.05,133609.0
237,2021-08-02 13:27:00-04:00,2021-08-02 13:27:00-04:00,1627925220000000000,1627925220000000000,146.0816,146.135,146.14,146.07,81075.0
238,2021-08-02 13:28:00-04:00,2021-08-02 13:28:00-04:00,1627925280000000000,1627925280000000000,146.133,146.105,146.17,146.07,86180.0
239,2021-08-02 13:29:00-04:00,2021-08-02 13:29:00-04:00,1627925340000000000,1627925340000000000,146.1034,146.045,146.1091,146.04,82569.0
240,2021-08-02 13:30:00-04:00,2021-08-02 13:30:00-04:00,1627925400000000000,1627925400000000000,146.0497,146.0874,146.096,146.04,51645.0
241,2021-08-02 13:31:00-04:00,2021-08-02 13:31:00-04:00,1627925460000000000,1627925460000000000,146.0801,146.075,146.09,146.05,49504.0
242,2021-08-02 13:32:00-04:00,2021-08-02 13:32:00-04:00,1627925520000000000,1627925520000000000,146.065,146.001,146.07,145.9818,103087.0
243,2021-08-02 13:33:00-04:00,2021-08-02 13:33:00-04:00,1627925580000000000,1627925580000000000,146.0,146.05,146.065,145.9925,62543.0
244,2021-08-02 13:34:00-04:00,2021-08-02 13:34:00-04:00,1627925640000000000,1627925640000000000,146.045,146.12,146.12,146.045,71877.0
245,2021-08-02 13:35:00-04:00,2021-08-02 13:35:00-04:00,1627925700000000000,1627925700000000000,146.125,146.06,146.13,146.02,82000.0
246,2021-08-02 13:36:00-04:00,2021-08-02 13:36:00-04:00,1627925760000000000,1627925760000000000,146.069,146.0024,146.07,146.0,38232.0
247,2021-08-02 13:37:00-04:00,2021-08-02 13:37:00-04:00,1627925820000000000,1627925820000000000,146.01,146.02,146.05,145.98,87991.0
248,2021-08-02 13:38:00-04:00,2021-08-02 13:38:00-04:00,1627925880000000000,1627925880000000000,146.015,145.9986,146.02,145.9801,97364.0
249,2021-08-02 13:39:00-04:00,2021-08-02 13:39:00-04:00,1627925940000000000,1627925940000000000,145.99,146.0152,146.045,145.99,45369.0
250,2021-08-02 13:40:00-04:00,2021-08-02 13:40:00-04:00,1627926000000000000,1627926000000000000,146.013,145.985,146.0299,145.96,75008.0
251,2021-08-02 13:41:00-04:00,2021-08-02 13:41:00-04:00,1627926060000000000,1627926060000000000,145.9846,145.98,146.025,145.975,50032.0
252,2021-08-02 13:42:00-04:00,2021-08-02 13:42:00-04:00,1627926120000000000,1627926120000000000,145.975,146.025,146.025,145.94,72951.0
253,2021-08-02 13:43:00-04:00,2021-08-02 13:43:00-04:00,1627926180000000000,1627926180000000000,146.03,145.96,146.03,145.93,65245.0
254,2021-08-02 13:44:00-04:00,2021-08-02 13:44:00-04:00,1627926240000000000,1627926240000000000,145.96,145.885,145.96,145.87,109034.0
255,2021-08-02 13:45:00-04:00,2021-08-02 13:45:00-04:00,1627926300000000000,1627926300000000000,145.885,145.865,145.947,145.86,78449.0
256,2021-08-02 13:46:00-04:00,2021-08-02 13:46:00-04:00,1627926360000000000,1627926360000000000,145.87,145.87,145.9,145.84,126365.0
257,2021-08-02 13:47:00-04:00,2021-08-02 13:47:00-04:00,1627926420000000000,1627926420000000000,145.875,145.9071,145.9071,145.84,71571.0
258,2021-08-02 13:48:00-04:00,2021-08-02 13:48:00-04:00,1627926480000000000,1627926480000000000,145.901,145.89,145.94,145.88,75319.0
259,2021-08-02 13:49:00-04:00,2021-08-02 13:49:00-04:00,1627926540000000000,1627926540000000000,145.89,145.8632,145.915,145.85,111781.0
260,2021-08-02 13:50:00-04:00,2021-08-02 13:50:00-04:00,1627926600000000000,1627926600000000000,145.86,145.7999,145.89,145.78,86687.0
261,2021-08-02 13:51:00-04:00,2021-08-02 13:51:00-04:00,1627926660000000000,1627926660000000000,145.8,145.81,145.81,145.74,79843.0
262,2021-08-02 13:52:00-04:00,2021-08-02 13:52:00-04:00,1627926720000000000,1627926720000000000,145.82,145.8426,145.85,145.785,80903.0
263,2021-08-02 13:53:00-04:00,2021-08-02 13:53:00-04:00,1627926780000000000,1627926780000000000,145.85,145.805,145.8667,145.7824,149248.0
264,2021-08-02 13:54:00-04:00,2021-08-02 13:54:00-04:00,1627926840000000000,1627926840000000000,145.8,145.88,145.89,145.75,103024.0
265,2021-08-02 13:55:00-04:00,2021-08-02 13:55:00-04:00,1627926900000000000,1627926900000000000,145.88,145.937,145.959,145.84,96741.0
266,2021-08-02 13:56:00-04:00,2021-08-02 13:56:00-04:00,1627926960000000000,1627926960000000000,145.9474,146.027,146.04,145.91,102743.0
267,2021-08-02 13:57:00-04:00,2021-08-02 13:57:00-04:00,1627927020000000000,1627927020000000000,146.025,146.01,146.04,145.9925,68349.0
268,2021-08-02 13:58:00-04:00,2021-08-02 13:58:00-04:00,1627927080000000000,1627927080000000000,146.01,146.01,146.03,145.99,61381.0
269,2021-08-02 13:59:00-04:00,2021-08-02 13:59:00-04:00,1627927140000000000,1627927140000000000,146.02,146.045,146.05,146.01,55679.0
270,2021-08-02 14:00:00-04:00,2021-08-02 14:00:00-04:00,1627927200000000000,1627927200000000000,146.04,146.0791,146.09,146.02,134746.0
271,2021-08-02 14:01:00-04:00,2021-08-02 14:01:00-04:00,1627927260000000000,1627927260000000000,146.0726,146.017,146.1,146.01,67643.0
272,2021-08-02 14:02:00-04:00,2021-08-02 14:02:00-04:00,1627927320000000000,1627927320000000000,146.01,146.04,146.05,146.0,67095.0
273,2021-08-02 14:03:00-04:00,2021-08-02 14:03:00-04:00,1627927380000000000,1627927380000000000,146.05,146.075,146.09,146.025,45140.0
274,2021-08-02 14:04:00-04:00,2021-08-02 14:04:00-04:00,1627927440000000000,1627927440000000000,146.085,146.05,146.12,146.05,68655.0
275,2021-08-02 14:05:00-04:00,2021-08-02 14:05:00-04:00,1627927500000000000,1627927500000000000,146.04,146.12,146.15,146.04,109302.0
276,2021-08-02 14:06:00-04:00,2021-08-02 14:06:00-04:00,1627927560000000000,1627927560000000000,146.12,146.13,146.145,146.1199,27470.0
277,2021-08-02 14:07:00-04:00,2021-08-02 14:07:00-04:00,1627927620000000000,1627927620000000000,146.135,146.06,146.135,146.05,83640.0
278,2021-08-02 14:08:00-04:00,2021-08-02 14:08:00-04:00,1627927680000000000,1627927680000000000,146.05,145.97,146.06,145.97,84561.0
279,2021-08-02 14:09:00-04:00,2021-08-02 14:09:00-04:00,1627927740000000000,1627927740000000000,145.975,145.975,146.015,145.93,82833.0
280,2021-08-02 14:10:00-04:00,2021-08-02 14:10:00-04:00,1627927800000000000,1627927800000000000,145.97,145.975,146.02,145.95,63464.0
281,2021-08-02 14:11:00-04:00,2021-08-02 14:11:00-04:00,1627927860000000000,1627927860000000000,145.9793,146.005,146.01,145.9501,57258.0
282,2021-08-02 14:12:00-04:00,2021-08-02 14:12:00-04:00,1627927920000000000,1627927920000000000,146.0025,146.02,146.04,145.9918,55285.0
283,2021-08-02 14:13:00-04:00,2021-08-02 14:13:00-04:00,1627927980000000000,1627927980000000000,146.0297,146.04,146.0594,146.02,32205.0
284,2021-08-02 14:14:00-04:00,2021-08-02 14:14:00-04:00,1627928040000000000,1627928040000000000,146.045,146.045,146.07,146.03,49611.0
285,2021-08-02 14:15:00-04:00,2021-08-02 14:15:00-04:00,1627928100000000000,1627928100000000000,146.055,146.0,146.06,146.0,49721.0
286,2021-08-02 14:16:00-04:00,2021-08-02 14:16:00-04:00,1627928160000000000,1627928160000000000,146.0,146.078,146.0789,146.0,56218.0
287,2021-08-02 14:17:00-04:00,2021-08-02 14:17:00-04:00,1627928220000000000,1627928220000000000,146.07,146.075,146.09,146.04,45712.0
288,2021-08-02 14:18:00-04:00,2021-08-02 14:18:00-04:00,1627928280000000000,1627928280000000000,146.08,146.09,146.1,146.065,62002.0
289,2021-08-02 14:19:00-04:00,2021-08-02 14:19:00-04:00,1627928340000000000,1627928340000000000,146.1,146.165,146.1699,146.1,69551.0
290,2021-08-02 14:20:00-04:00,2021-08-02 14:20:00-04:00,1627928400000000000,1627928400000000000,146.17,146.155,146.18,146.12,63799.0
291,2021-08-02 14:21:00-04:00,2021-08-02 14:21:00-04:00,1627928460000000000,1627928460000000000,146.16,146.08,146.16,146.08,78031.0
292,2021-08-02 14:22:00-04:00,2021-08-02 14:22:00-04:00,1627928520000000000,1627928520000000000,146.088,146.09,146.13,146.08,41178.0
293,2021-08-02 14:23:00-04:00,2021-08-02 14:23:00-04:00,1627928580000000000,1627928580000000000,146.08,146.03,146.11,146.0236,59646.0
294,2021-08-02 14:24:00-04:00,2021-08-02 14:24:00-04:00,1627928640000000000,1627928640000000000,146.02,146.04,146.06,146.015,42269.0
295,2021-08-02 14:25:00-04:00,2021-08-02 14:25:00-04:00,1627928700000000000,1627928700000000000,146.04,146.04,146.055,146.0,48457.0
296,2021-08-02 14:26:00-04:00,2021-08-02 14:26:00-04:00,1627928760000000000,1627928760000000000,146.04,146.015,146.05,145.97,64793.0
297,2021-08-02 14:27:00-04:00,2021-08-02 14:27:00-04:00,1627928820000000000,1627928820000000000,146.02,145.97,146.0299,145.94,43115.0
298,2021-08-02 14:28:00-04:00,2021-08-02 14:28:00-04:00,1627928880000000000,1627928880000000000,145.97,145.9412,145.987,145.93,47750.0
299,2021-08-02 14:29:00-04:00,2021-08-02 14:29:00-04:00,1627928940000000000,1627928940000000000,145.94,145.97,145.99,145.93,49800.0
300,2021-08-02 14:30:00-04:00,2021-08-02 14:30:00-04:00,1627929000000000000,1627929000000000000,145.97,145.96,146.0,145.895,150413.0
301,2021-08-02 14:31:00-04:00,2021-08-02 14:31:00-04:00,1627929060000000000,1627929060000000000,145.955,146.0,146.0,145.955,65840.0
302,2021-08-02 14:32:00-04:00,2021-08-02 14:32:00-04:00,1627929120000000000,1627929120000000000,146.0,145.97,146.0,145.9407,69967.0
303,2021-08-02 14:33:00-04:00,2021-08-02 14:33:00-04:00,1627929180000000000,1627929180000000000,145.98,146.03,146.0399,145.96,72818.0
304,2021-08-02 14:34:00-04:00,2021-08-02 14:34:00-04:00,1627929240000000000,1627929240000000000,146.04,145.97,146.04,145.93,71073.0
305,2021-08-02 14:35:00-04:00,2021-08-02 14:35:00-04:00,1627929300000000000,1627929300000000000,145.975,145.915,146.0,145.91,67022.0
306,2021-08-02 14:36:00-04:00,2021-08-02 14:36:00-04:00,1627929360000000000,1627929360000000000,145.92,145.975,145.995,145.92,48835.0
307,2021-08-02 14:37:00-04:00,2021-08-02 14:37:00-04:00,1627929420000000000,1627929420000000000,145.98,145.96,145.9801,145.93,49911.0
308,2021-08-02 14:38:00-04:00,2021-08-02 14:38:00-04:00,1627929480000000000,1627929480000000000,145.96,145.9299,145.97,145.92,51039.0
309,2021-08-02 14:39:00-04:00,2021-08-02 14:39:00-04:00,1627929540000000000,1627929540000000000,145.9236,145.94,145.94,145.89,84704.0
310,2021-08-02 14:40:00-04:00,2021-08-02 14:40:00-04:00,1627929600000000000,1627929600000000000,145.945,145.93,145.97,145.92,67984.0
311,2021-08-02 14:41:00-04:00,2021-08-02 14:41:00-04:00,1627929660000000000,1627929660000000000,145.93,145.8978,145.93,145.88,57020.0
312,2021-08-02 14:42:00-04:00,2021-08-02 14:42:00-04:00,1627929720000000000,1627929720000000000,145.89,145.9232,145.925,145.86,58010.0
313,2021-08-02 14:43:00-04:00,2021-08-02 14:43:00-04:00,1627929780000000000,1627929780000000000,145.93,145.9692,145.9692,145.8987,68478.0
314,2021-08-02 14:44:00-04:00,2021-08-02 14:44:00-04:00,1627929840000000000,1627929840000000000,145.97,145.9877,146.02,145.96,109714.0
315,2021-08-02 14:45:00-04:00,2021-08-02 14:45:00-04:00,1627929900000000000,1627929900000000000,145.99,145.935,145.995,145.925,38937.0
316,2021-08-02 14:46:00-04:00,2021-08-02 14:46:00-04:00,1627929960000000000,1627929960000000000,145.94,145.92,145.96,145.91,50378.0
317,2021-08-02 14:47:00-04:00,2021-08-02 14:47:00-04:00,1627930020000000000,1627930020000000000,145.91,145.935,145.935,145.88,52370.0
318,2021-08-02 14:48:00-04:00,2021-08-02 14:48:00-04:00,1627930080000000000,1627930080000000000,145.93,145.935,145.959,145.9121,39237.0
319,2021-08-02 14:49:00-04:00,2021-08-02 14:49:00-04:00,1627930140000000000,1627930140000000000,145.933,145.9541,145.97,145.93,33063.0
320,2021-08-02 14:50:00-04:00,2021-08-02 14:50:00-04:00,1627930200000000000,1627930200000000000,145.955,145.985,145.99,145.95,43274.0
321,2021-08-02 14:51:00-04:00,2021-08-02 14:51:00-04:00,1627930260000000000,1627930260000000000,145.9884,146.025,146.03,145.94,72086.0
322,2021-08-02 14:52:00-04:00,2021-08-02 14:52:00-04:00,1627930320000000000,1627930320000000000,146.03,146.025,146.05,146.01,69989.0
323,2021-08-02 14:53:00-04:00,2021-08-02 14:53:00-04:00,1627930380000000000,1627930380000000000,146.025,145.9699,146.025,145.9503,60892.0
324,2021-08-02 14:54:00-04:00,2021-08-02 14:54:00-04:00,1627930440000000000,1627930440000000000,145.965,145.945,145.9681,145.93,45155.0
325,2021-08-02 14:55:00-04:00,2021-08-02 14:55:00-04:00,1627930500000000000,1627930500000000000,145.946,145.9559,146.0,145.946,59438.0
326,2021-08-02 14:56:00-04:00,2021-08-02 14:56:00-04:00,1627930560000000000,1627930560000000000,145.9589,145.985,145.99,145.95,44798.0
327,2021-08-02 14:57:00-04:00,2021-08-02 14:57:00-04:00,1627930620000000000,1627930620000000000,145.985,145.98,145.99,145.95,53548.0
328,2021-08-02 14:58:00-04:00,2021-08-02 14:58:00-04:00,1627930680000000000,1627930680000000000,145.98,145.9001,145.985,145.9001,92909.0
329,2021-08-02 14:59:00-04:00,2021-08-02 14:59:00-04:00,1627930740000000000,1627930740000000000,145.905,145.935,145.955,145.89,53476.0
330,2021-08-02 15:00:00-04:00,2021-08-02 15:00:00-04:00,1627930800000000000,1627930800000000000,145.935,145.925,145.96,145.91,55443.0
331,2021-08-02 15:01:00-04:00,2021-08-02 15:01:00-04:00,1627930860000000000,1627930860000000000,145.925,145.9,145.945,145.885,71917.0
332,2021-08-02 15:02:00-04:00,2021-08-02 15:02:00-04:00,1627930920000000000,1627930920000000000,145.905,145.9167,145.96,145.903,56718.0
333,2021-08-02 15:03:00-04:00,2021-08-02 15:03:00-04:00,1627930980000000000,1627930980000000000,145.92,145.965,145.97,145.92,53691.0
334,2021-08-02 15:04:00-04:00,2021-08-02 15:04:00-04:00,1627931040000000000,1627931040000000000,145.965,145.9611,146.01,145.95,93882.0
335,2021-08-02 15:05:00-04:00,2021-08-02 15:05:00-04:00,1627931100000000000,1627931100000000000,145.97,145.935,145.9773,145.89,66643.0
336,2021-08-02 15:06:00-04:00,2021-08-02 15:06:00-04:00,1627931160000000000,1627931160000000000,145.94,145.86,145.95,145.85,74566.0
337,2021-08-02 15:07:00-04:00,2021-08-02 15:07:00-04:00,1627931220000000000,1627931220000000000,145.86,145.835,145.875,145.78,112956.0
338,2021-08-02 15:08:00-04:00,2021-08-02 15:08:00-04:00,1627931280000000000,1627931280000000000,145.84,145.8509,145.87,145.84,61123.0
339,2021-08-02 15:09:00-04:00,2021-08-02 15:09:00-04:00,1627931340000000000,1627931340000000000,145.855,145.82,145.86,145.78,204195.0
340,2021-08-02 15:10:00-04:00,2021-08-02 15:10:00-04:00,1627931400000000000,1627931400000000000,145.8281,145.825,145.86,145.808,70270.0
341,2021-08-02 15:11:00-04:00,2021-08-02 15:11:00-04:00,1627931460000000000,1627931460000000000,145.825,145.785,145.84,145.77,85009.0
342,2021-08-02 15:12:00-04:00,2021-08-02 15:12:00-04:00,1627931520000000000,1627931520000000000,145.78,145.8299,145.83,145.78,55449.0
343,2021-08-02 15:13:00-04:00,2021-08-02 15:13:00-04:00,1627931580000000000,1627931580000000000,145.83,145.79,145.92,145.79,139451.0
344,2021-08-02 15:14:00-04:00,2021-08-02 15:14:00-04:00,1627931640000000000,1627931640000000000,145.8,145.7735,145.805,145.7624,63419.0
345,2021-08-02 15:15:00-04:00,2021-08-02 15:15:00-04:00,1627931700000000000,1627931700000000000,145.77,145.7643,145.785,145.74,84382.0
346,2021-08-02 15:16:00-04:00,2021-08-02 15:16:00-04:00,1627931760000000000,1627931760000000000,145.7683,145.78,145.79,145.76,49834.0
347,2021-08-02 15:17:00-04:00,2021-08-02 15:17:00-04:00,1627931820000000000,1627931820000000000,145.7899,145.815,145.83,145.7727,102218.0
348,2021-08-02 15:18:00-04:00,2021-08-02 15:18:00-04:00,1627931880000000000,1627931880000000000,145.8191,145.795,145.87,145.79,104851.0
349,2021-08-02 15:19:00-04:00,2021-08-02 15:19:00-04:00,1627931940000000000,1627931940000000000,145.795,145.81,145.82,145.77,83639.0
350,2021-08-02 15:20:00-04:00,2021-08-02 15:20:00-04:00,1627932000000000000,1627932000000000000,145.8,145.7578,145.81,145.73,138381.0
351,2021-08-02 15:21:00-04:00,2021-08-02 15:21:00-04:00,1627932060000000000,1627932060000000000,145.76,145.8,145.8,145.72,135001.0
352,2021-08-02 15:22:00-04:00,2021-08-02 15:22:00-04:00,1627932120000000000,1627932120000000000,145.7999,145.775,145.81,145.76,72994.0
353,2021-08-02 15:23:00-04:00,2021-08-02 15:23:00-04:00,1627932180000000000,1627932180000000000,145.77,145.7001,145.82,145.7001,139817.0
354,2021-08-02 15:24:00-04:00,2021-08-02 15:24:00-04:00,1627932240000000000,1627932240000000000,145.7099,145.69,145.7183,145.6801,82937.0
355,2021-08-02 15:25:00-04:00,2021-08-02 15:25:00-04:00,1627932300000000000,1627932300000000000,145.695,145.685,145.71,145.65,109788.0
356,2021-08-02 15:26:00-04:00,2021-08-02 15:26:00-04:00,1627932360000000000,1627932360000000000,145.685,145.695,145.7,145.63,172733.0
357,2021-08-02 15:27:00-04:00,2021-08-02 15:27:00-04:00,1627932420000000000,1627932420000000000,145.68,145.66,145.7399,145.6201,117340.0
358,2021-08-02 15:28:00-04:00,2021-08-02 15:28:00-04:00,1627932480000000000,1627932480000000000,145.6625,145.6401,145.68,145.61,113509.0
359,2021-08-02 15:29:00-04:00,2021-08-02 15:29:00-04:00,1627932540000000000,1627932540000000000,145.64,145.615,145.67,145.615,98027.0
360,2021-08-02 15:30:00-04:00,2021-08-02 15:30:00-04:00,1627932600000000000,1627932600000000000,145.61,145.645,145.655,145.5701,123948.0
361,2021-08-02 15:31:00-04:00,2021-08-02 15:31:00-04:00,1627932660000000000,1627932660000000000,145.6483,145.62,145.655,145.59,87307.0
362,2021-08-02 15:32:00-04:00,2021-08-02 15:32:00-04:00,1627932720000000000,1627932720000000000,145.6217,145.6106,145.65,145.5,173032.0
363,2021-08-02 15:33:00-04:00,2021-08-02 15:33:00-04:00,1627932780000000000,1627932780000000000,145.61,145.56,145.6199,145.55,118961.0
364,2021-08-02 15:34:00-04:00,2021-08-02 15:34:00-04:00,1627932840000000000,1627932840000000000,145.5632,145.6742,145.675,145.56,295350.0
365,2021-08-02 15:35:00-04:00,2021-08-02 15:35:00-04:00,1627932900000000000,1627932900000000000,145.67,145.64,145.7,145.595,146338.0
366,2021-08-02 15:36:00-04:00,2021-08-02 15:36:00-04:00,1627932960000000000,1627932960000000000,145.645,145.68,145.68,145.6323,60874.0
367,2021-08-02 15:37:00-04:00,2021-08-02 15:37:00-04:00,1627933020000000000,1627933020000000000,145.68,145.705,145.745,145.672,124735.0
368,2021-08-02 15:38:00-04:00,2021-08-02 15:38:00-04:00,1627933080000000000,1627933080000000000,145.705,145.615,145.705,145.595,100167.0
369,2021-08-02 15:39:00-04:00,2021-08-02 15:39:00-04:00,1627933140000000000,1627933140000000000,145.61,145.5399,145.62,145.5201,130592.0
370,2021-08-02 15:40:00-04:00,2021-08-02 15:40:00-04:00,1627933200000000000,1627933200000000000,145.54,145.5483,145.56,145.4501,228841.0
371,2021-08-02 15:41:00-04:00,2021-08-02 15:41:00-04:00,1627933260000000000,1627933260000000000,145.55,145.59,145.6,145.51,133211.0
372,2021-08-02 15:42:00-04:00,2021-08-02 15:42:00-04:00,1627933320000000000,1627933320000000000,145.5945,145.5401,145.605,145.5201,98799.0
373,2021-08-02 15:43:00-04:00,2021-08-02 15:43:00-04:00,1627933380000000000,1627933380000000000,145.55,145.5747,145.6,145.55,108053.0
374,2021-08-02 15:44:00-04:00,2021-08-02 15:44:00-04:00,1627933440000000000,1627933440000000000,145.575,145.53,145.59,145.52,105631.0
375,2021-08-02 15:45:00-04:00,2021-08-02 15:45:00-04:00,1627933500000000000,1627933500000000000,145.53,145.58,145.58,145.515,179180.0
376,2021-08-02 15:46:00-04:00,2021-08-02 15:46:00-04:00,1627933560000000000,1627933560000000000,145.575,145.595,145.62,145.57,97509.0
377,2021-08-02 15:47:00-04:00,2021-08-02 15:47:00-04:00,1627933620000000000,1627933620000000000,145.595,145.675,145.68,145.57,101898.0
378,2021-08-02 15:48:00-04:00,2021-08-02 15:48:00-04:00,1627933680000000000,1627933680000000000,145.675,145.675,145.71,145.6611,137530.0
379,2021-08-02 15:49:00-04:00,2021-08-02 15:49:00-04:00,1627933740000000000,1627933740000000000,145.68,145.6401,145.73,145.61,191688.0
380,2021-08-02 15:50:00-04:00,2021-08-02 15:50:00-04:00,1627933800000000000,1627933800000000000,145.65,145.73,145.73,145.59,320488.0
381,2021-08-02 15:51:00-04:00,2021-08-02 15:51:00-04:00,1627933860000000000,1627933860000000000,145.73,145.71,145.76,145.68,306020.0
382,2021-08-02 15:52:00-04:00,2021-08-02 15:52:00-04:00,1627933920000000000,1627933920000000000,145.71,145.61,145.715,145.5801,187799.0
383,2021-08-02 15:53:00-04:00,2021-08-02 15:53:00-04:00,1627933980000000000,1627933980000000000,145.6,145.61,145.61,145.58,121366.0
384,2021-08-02 15:54:00-04:00,2021-08-02 15:54:00-04:00,1627934040000000000,1627934040000000000,145.61,145.59,145.62,145.54,298323.0
385,2021-08-02 15:55:00-04:00,2021-08-02 15:55:00-04:00,1627934100000000000,1627934100000000000,145.595,145.51,145.6,145.505,241963.0
386,2021-08-02 15:56:00-04:00,2021-08-02 15:56:00-04:00,1627934160000000000,1627934160000000000,145.51,145.4699,145.545,145.46,264432.0
387,2021-08-02 15:57:00-04:00,2021-08-02 15:57:00-04:00,1627934220000000000,1627934220000000000,145.46,145.5299,145.53,145.45,277665.0
388,2021-08-02 15:58:00-04:00,2021-08-02 15:58:00-04:00,1627934280000000000,1627934280000000000,145.52,145.46,145.52,145.46,220155.0
389,2021-08-03 09:30:00-04:00,2021-08-03 09:30:00-04:00,1627997400000000000,1627997400000000000,145.81,145.7625,146.0,145.68,1208312.0
390,2021-08-03 09:31:00-04:00,2021-08-03 09:31:00-04:00,1627997460000000000,1627997460000000000,145.765,145.532,145.8,145.4,348928.0
391,2021-08-03 09:32:00-04:00,2021-08-03 09:32:00-04:00,1627997520000000000,1627997520000000000,145.54,145.44,145.57,145.26,421737.0
392,2021-08-03 09:33:00-04:00,2021-08-03 09:33:00-04:00,1627997580000000000,1627997580000000000,145.45,145.2501,145.61,145.24,356465.0
393,2021-08-03 09:34:00-04:00,2021-08-03 09:34:00-04:00,1627997640000000000,1627997640000000000,145.2538,145.48,145.54,145.18,302935.0
394,2021-08-03 09:35:00-04:00,2021-08-03 09:35:00-04:00,1627997700000000000,1627997700000000000,145.49,145.34,145.51,145.19,272899.0
395,2021-08-03 09:36:00-04:00,2021-08-03 09:36:00-04:00,1627997760000000000,1627997760000000000,145.33,145.47,145.49,145.3,234954.0
396,2021-08-03 09:37:00-04:00,2021-08-03 09:37:00-04:00,1627997820000000000,1627997820000000000,145.47,145.55,145.72,145.47,354333.0
397,2021-08-03 09:38:00-04:00,2021-08-03 09:38:00-04:00,1627997880000000000,1627997880000000000,145.5583,145.635,145.68,145.465,272107.0
398,2021-08-03 09:39:00-04:00,2021-08-03 09:39:00-04:00,1627997940000000000,1627997940000000000,145.63,145.71,145.85,145.6299,330143.0
399,2021-08-03 09:40:00-04:00,2021-08-03 09:40:00-04:00,1627998000000000000,1627998000000000000,145.72,145.765,145.855,145.675,307743.0
400,2021-08-03 09:41:00-04:00,2021-08-03 09:41:00-04:00,1627998060000000000,1627998060000000000,145.77,145.945,145.97,145.7201,332378.0
401,2021-08-03 09:42:00-04:00,2021-08-03 09:42:00-04:00,1627998120000000000,1627998120000000000,145.94,146.0991,146.17,145.9,442019.0
402,2021-08-03 09:43:00-04:00,2021-08-03 09:43:00-04:00,1627998180000000000,1627998180000000000,146.095,146.051,146.19,146.01,302179.0
403,2021-08-03 09:44:00-04:00,2021-08-03 09:44:00-04:00,1627998240000000000,1627998240000000000,146.055,146.0601,146.16,145.85,273003.0
404,2021-08-03 09:45:00-04:00,2021-08-03 09:45:00-04:00,1627998300000000000,1627998300000000000,146.065,146.42,146.42,146.055,431057.0
405,2021-08-03 09:46:00-04:00,2021-08-03 09:46:00-04:00,1627998360000000000,1627998360000000000,146.42,146.5144,146.6,146.37,401703.0
406,2021-08-03 09:47:00-04:00,2021-08-03 09:47:00-04:00,1627998420000000000,1627998420000000000,146.515,146.41,146.57,146.41,293348.0
407,2021-08-03 09:48:00-04:00,2021-08-03 09:48:00-04:00,1627998480000000000,1627998480000000000,146.41,146.35,146.55,146.3301,270692.0
408,2021-08-03 09:49:00-04:00,2021-08-03 09:49:00-04:00,1627998540000000000,1627998540000000000,146.345,146.26,146.43,146.23,231308.0
409,2021-08-03 09:50:00-04:00,2021-08-03 09:50:00-04:00,1627998600000000000,1627998600000000000,146.27,146.14,146.2995,146.12,305432.0
410,2021-08-03 09:51:00-04:00,2021-08-03 09:51:00-04:00,1627998660000000000,1627998660000000000,146.1438,145.99,146.1501,145.91,308596.0
411,2021-08-03 09:52:00-04:00,2021-08-03 09:52:00-04:00,1627998720000000000,1627998720000000000,146.0,145.8589,146.14,145.82,281025.0
412,2021-08-03 09:53:00-04:00,2021-08-03 09:53:00-04:00,1627998780000000000,1627998780000000000,145.85,145.92,145.99,145.82,215625.0
413,2021-08-03 09:54:00-04:00,2021-08-03 09:54:00-04:00,1627998840000000000,1627998840000000000,145.915,145.815,145.9243,145.785,189914.0
414,2021-08-03 09:55:00-04:00,2021-08-03 09:55:00-04:00,1627998900000000000,1627998900000000000,145.81,145.5038,145.8111,145.44,443107.0
415,2021-08-03 09:56:00-04:00,2021-08-03 09:56:00-04:00,1627998960000000000,1627998960000000000,145.52,145.645,145.645,145.47,287770.0
416,2021-08-03 09:57:00-04:00,2021-08-03 09:57:00-04:00,1627999020000000000,1627999020000000000,145.6422,145.58,145.67,145.51,174095.0
417,2021-08-03 09:58:00-04:00,2021-08-03 09:58:00-04:00,1627999080000000000,1627999080000000000,145.575,145.572,145.609,145.47,242653.0
418,2021-08-03 09:59:00-04:00,2021-08-03 09:59:00-04:00,1627999140000000000,1627999140000000000,145.58,145.5232,145.58,145.45,193932.0
419,2021-08-03 10:00:00-04:00,2021-08-03 10:00:00-04:00,1627999200000000000,1627999200000000000,145.53,145.52,145.595,145.49,203059.0
420,2021-08-03 10:01:00-04:00,2021-08-03 10:01:00-04:00,1627999260000000000,1627999260000000000,145.5175,145.6299,145.6977,145.5088,267905.0
421,2021-08-03 10:02:00-04:00,2021-08-03 10:02:00-04:00,1627999320000000000,1627999320000000000,145.6292,145.735,145.78,145.535,225007.0
422,2021-08-03 10:03:00-04:00,2021-08-03 10:03:00-04:00,1627999380000000000,1627999380000000000,145.7301,145.76,145.79,145.67,277792.0
423,2021-08-03 10:04:00-04:00,2021-08-03 10:04:00-04:00,1627999440000000000,1627999440000000000,145.755,145.7277,145.88,145.71,231486.0
424,2021-08-03 10:05:00-04:00,2021-08-03 10:05:00-04:00,1627999500000000000,1627999500000000000,145.725,145.87,145.87,145.66,220776.0
425,2021-08-03 10:06:00-04:00,2021-08-03 10:06:00-04:00,1627999560000000000,1627999560000000000,145.87,145.6109,145.9264,145.59,186817.0
426,2021-08-03 10:07:00-04:00,2021-08-03 10:07:00-04:00,1627999620000000000,1627999620000000000,145.6012,145.495,145.61,145.43,223887.0
427,2021-08-03 10:08:00-04:00,2021-08-03 10:08:00-04:00,1627999680000000000,1627999680000000000,145.5,145.45,145.57,145.45,152970.0
428,2021-08-03 10:09:00-04:00,2021-08-03 10:09:00-04:00,1627999740000000000,1627999740000000000,145.45,145.415,145.5,145.34,225536.0
429,2021-08-03 10:10:00-04:00,2021-08-03 10:10:00-04:00,1627999800000000000,1627999800000000000,145.42,145.5,145.56,145.33,195755.0
430,2021-08-03 10:11:00-04:00,2021-08-03 10:11:00-04:00,1627999860000000000,1627999860000000000,145.51,145.53,145.6699,145.4923,172007.0
431,2021-08-03 10:12:00-04:00,2021-08-03 10:12:00-04:00,1627999920000000000,1627999920000000000,145.53,145.5401,145.575,145.3899,145204.0
432,2021-08-03 10:13:00-04:00,2021-08-03 10:13:00-04:00,1627999980000000000,1627999980000000000,145.54,145.48,145.6097,145.47,161667.0
433,2021-08-03 10:14:00-04:00,2021-08-03 10:14:00-04:00,1628000040000000000,1628000040000000000,145.47,145.53,145.56,145.42,121607.0
434,2021-08-03 10:15:00-04:00,2021-08-03 10:15:00-04:00,1628000100000000000,1628000100000000000,145.52,145.5799,145.6,145.4219,193264.0
435,2021-08-03 10:16:00-04:00,2021-08-03 10:16:00-04:00,1628000160000000000,1628000160000000000,145.57,145.5278,145.59,145.39,180109.0
436,2021-08-03 10:17:00-04:00,2021-08-03 10:17:00-04:00,1628000220000000000,1628000220000000000,145.52,145.53,145.57,145.45,129930.0
437,2021-08-03 10:18:00-04:00,2021-08-03 10:18:00-04:00,1628000280000000000,1628000280000000000,145.51,145.62,145.635,145.48,157832.0
438,2021-08-03 10:19:00-04:00,2021-08-03 10:19:00-04:00,1628000340000000000,1628000340000000000,145.62,145.76,145.76,145.56,190912.0
439,2021-08-03 10:20:00-04:00,2021-08-03 10:20:00-04:00,1628000400000000000,1628000400000000000,145.759,145.83,145.85,145.75,207954.0
440,2021-08-03 10:21:00-04:00,2021-08-03 10:21:00-04:00,1628000460000000000,1628000460000000000,145.835,145.8,145.84,145.75,134934.0
441,2021-08-03 10:22:00-04:00,2021-08-03 10:22:00-04:00,1628000520000000000,1628000520000000000,145.81,145.855,145.8682,145.7891,177008.0
442,2021-08-03 10:23:00-04:00,2021-08-03 10:23:00-04:00,1628000580000000000,1628000580000000000,145.85,145.893,145.94,145.825,161551.0
443,2021-08-03 10:24:00-04:00,2021-08-03 10:24:00-04:00,1628000640000000000,1628000640000000000,145.9099,146.045,146.1,145.875,325631.0
444,2021-08-03 10:25:00-04:00,2021-08-03 10:25:00-04:00,1628000700000000000,1628000700000000000,146.05,146.01,146.0857,145.96,159200.0
445,2021-08-03 10:26:00-04:00,2021-08-03 10:26:00-04:00,1628000760000000000,1628000760000000000,146.01,146.01,146.06,145.96,108856.0
446,2021-08-03 10:27:00-04:00,2021-08-03 10:27:00-04:00,1628000820000000000,1628000820000000000,146.01,146.0,146.08,146.0,111886.0
447,2021-08-03 10:28:00-04:00,2021-08-03 10:28:00-04:00,1628000880000000000,1628000880000000000,146.005,146.05,146.145,146.0001,170091.0
448,2021-08-03 10:29:00-04:00,2021-08-03 10:29:00-04:00,1628000940000000000,1628000940000000000,146.05,146.11,146.15,146.035,87435.0
449,2021-08-03 10:30:00-04:00,2021-08-03 10:30:00-04:00,1628001000000000000,1628001000000000000,146.11,145.9899,146.15,145.9301,202990.0
450,2021-08-03 10:31:00-04:00,2021-08-03 10:31:00-04:00,1628001060000000000,1628001060000000000,145.989,145.96,146.06,145.9401,127144.0
451,2021-08-03 10:32:00-04:00,2021-08-03 10:32:00-04:00,1628001120000000000,1628001120000000000,145.96,145.955,146.022,145.9301,103063.0
452,2021-08-03 10:33:00-04:00,2021-08-03 10:33:00-04:00,1628001180000000000,1628001180000000000,145.955,145.86,145.98,145.84,131561.0
453,2021-08-03 10:34:00-04:00,2021-08-03 10:34:00-04:00,1628001240000000000,1628001240000000000,145.85,145.6185,145.85,145.605,160246.0
454,2021-08-03 10:35:00-04:00,2021-08-03 10:35:00-04:00,1628001300000000000,1628001300000000000,145.61,145.6,145.665,145.56,177384.0
455,2021-08-03 10:36:00-04:00,2021-08-03 10:36:00-04:00,1628001360000000000,1628001360000000000,145.6039,145.58,145.72,145.56,161059.0
456,2021-08-03 10:37:00-04:00,2021-08-03 10:37:00-04:00,1628001420000000000,1628001420000000000,145.58,145.615,145.65,145.52,136551.0
457,2021-08-03 10:38:00-04:00,2021-08-03 10:38:00-04:00,1628001480000000000,1628001480000000000,145.613,145.63,145.71,145.613,137643.0
458,2021-08-03 10:39:00-04:00,2021-08-03 10:39:00-04:00,1628001540000000000,1628001540000000000,145.623,145.6723,145.685,145.5801,106127.0
459,2021-08-03 10:40:00-04:00,2021-08-03 10:40:00-04:00,1628001600000000000,1628001600000000000,145.66,145.7177,145.73,145.6,115470.0
460,2021-08-03 10:41:00-04:00,2021-08-03 10:41:00-04:00,1628001660000000000,1628001660000000000,145.72,145.755,145.83,145.72,119085.0
461,2021-08-03 10:42:00-04:00,2021-08-03 10:42:00-04:00,1628001720000000000,1628001720000000000,145.76,145.72,145.765,145.645,97993.0
462,2021-08-03 10:43:00-04:00,2021-08-03 10:43:00-04:00,1628001780000000000,1628001780000000000,145.72,145.66,145.7499,145.63,112121.0
463,2021-08-03 10:44:00-04:00,2021-08-03 10:44:00-04:00,1628001840000000000,1628001840000000000,145.655,145.48,145.7,145.47,212198.0
464,2021-08-03 10:45:00-04:00,2021-08-03 10:45:00-04:00,1628001900000000000,1628001900000000000,145.48,145.44,145.4899,145.3399,188900.0
465,2021-08-03 10:46:00-04:00,2021-08-03 10:46:00-04:00,1628001960000000000,1628001960000000000,145.42,145.445,145.46,145.395,139902.0
466,2021-08-03 10:47:00-04:00,2021-08-03 10:47:00-04:00,1628002020000000000,1628002020000000000,145.45,145.55,145.58,145.45,128203.0
467,2021-08-03 10:48:00-04:00,2021-08-03 10:48:00-04:00,1628002080000000000,1628002080000000000,145.555,145.73,145.75,145.555,151436.0
468,2021-08-03 10:49:00-04:00,2021-08-03 10:49:00-04:00,1628002140000000000,1628002140000000000,145.74,145.85,145.8714,145.72,157821.0
469,2021-08-03 10:50:00-04:00,2021-08-03 10:50:00-04:00,1628002200000000000,1628002200000000000,145.8599,145.86,145.9706,145.845,150699.0
470,2021-08-03 10:51:00-04:00,2021-08-03 10:51:00-04:00,1628002260000000000,1628002260000000000,145.85,145.85,145.93,145.84,121856.0
471,2021-08-03 10:52:00-04:00,2021-08-03 10:52:00-04:00,1628002320000000000,1628002320000000000,145.85,145.7702,145.87,145.75,102619.0
472,2021-08-03 10:53:00-04:00,2021-08-03 10:53:00-04:00,1628002380000000000,1628002380000000000,145.77,145.84,145.8413,145.76,97219.0
473,2021-08-03 10:54:00-04:00,2021-08-03 10:54:00-04:00,1628002440000000000,1628002440000000000,145.84,145.7895,145.88,145.785,95720.0
474,2021-08-03 10:55:00-04:00,2021-08-03 10:55:00-04:00,1628002500000000000,1628002500000000000,145.78,145.815,145.86,145.73,113747.0
475,2021-08-03 10:56:00-04:00,2021-08-03 10:56:00-04:00,1628002560000000000,1628002560000000000,145.81,145.8719,145.92,145.81,145608.0
476,2021-08-03 10:57:00-04:00,2021-08-03 10:57:00-04:00,1628002620000000000,1628002620000000000,145.875,145.9,145.96,145.875,130143.0
477,2021-08-03 10:58:00-04:00,2021-08-03 10:58:00-04:00,1628002680000000000,1628002680000000000,145.8971,145.95,145.99,145.8971,126407.0
478,2021-08-03 10:59:00-04:00,2021-08-03 10:59:00-04:00,1628002740000000000,1628002740000000000,145.93,145.94,145.99,145.87,111398.0
479,2021-08-03 11:00:00-04:00,2021-08-03 11:00:00-04:00,1628002800000000000,1628002800000000000,145.93,146.051,146.07,145.9,184162.0
480,2021-08-03 11:01:00-04:00,2021-08-03 11:01:00-04:00,1628002860000000000,1628002860000000000,146.0599,145.95,146.085,145.95,95923.0
481,2021-08-03 11:02:00-04:00,2021-08-03 11:02:00-04:00,1628002920000000000,1628002920000000000,145.9501,146.01,146.01,145.9,101424.0
482,2021-08-03 11:03:00-04:00,2021-08-03 11:03:00-04:00,1628002980000000000,1628002980000000000,146.01,146.01,146.09,145.98,124558.0
483,2021-08-03 11:04:00-04:00,2021-08-03 11:04:00-04:00,1628003040000000000,1628003040000000000,146.01,145.919,146.01,145.89,127046.0
484,2021-08-03 11:05:00-04:00,2021-08-03 11:05:00-04:00,1628003100000000000,1628003100000000000,145.92,145.925,145.945,145.85,110017.0
485,2021-08-03 11:06:00-04:00,2021-08-03 11:06:00-04:00,1628003160000000000,1628003160000000000,145.92,145.81,145.945,145.75,128913.0
486,2021-08-03 11:07:00-04:00,2021-08-03 11:07:00-04:00,1628003220000000000,1628003220000000000,145.82,145.8698,145.87,145.72,134702.0
487,2021-08-03 11:08:00-04:00,2021-08-03 11:08:00-04:00,1628003280000000000,1628003280000000000,145.87,145.86,145.89,145.825,80835.0
488,2021-08-03 11:09:00-04:00,2021-08-03 11:09:00-04:00,1628003340000000000,1628003340000000000,145.85,145.79,145.87,145.77,91331.0
489,2021-08-03 11:10:00-04:00,2021-08-03 11:10:00-04:00,1628003400000000000,1628003400000000000,145.7979,145.94,145.94,145.77,95282.0
490,2021-08-03 11:11:00-04:00,2021-08-03 11:11:00-04:00,1628003460000000000,1628003460000000000,145.93,145.89,145.95,145.86,135602.0
491,2021-08-03 11:12:00-04:00,2021-08-03 11:12:00-04:00,1628003520000000000,1628003520000000000,145.895,145.8117,145.9,145.81,95597.0
492,2021-08-03 11:13:00-04:00,2021-08-03 11:13:00-04:00,1628003580000000000,1628003580000000000,145.81,145.7099,145.855,145.66,157431.0
493,2021-08-03 11:14:00-04:00,2021-08-03 11:14:00-04:00,1628003640000000000,1628003640000000000,145.7,145.6998,145.74,145.63,134217.0
494,2021-08-03 11:15:00-04:00,2021-08-03 11:15:00-04:00,1628003700000000000,1628003700000000000,145.705,145.71,145.7325,145.6299,105554.0
495,2021-08-03 11:16:00-04:00,2021-08-03 11:16:00-04:00,1628003760000000000,1628003760000000000,145.715,145.755,145.77,145.63,105765.0
496,2021-08-03 11:17:00-04:00,2021-08-03 11:17:00-04:00,1628003820000000000,1628003820000000000,145.76,145.695,145.79,145.68,123478.0
497,2021-08-03 11:18:00-04:00,2021-08-03 11:18:00-04:00,1628003880000000000,1628003880000000000,145.715,145.7043,145.75,145.675,88031.0
498,2021-08-03 11:19:00-04:00,2021-08-03 11:19:00-04:00,1628003940000000000,1628003940000000000,145.7,145.63,145.74,145.63,88010.0
499,2021-08-03 11:20:00-04:00,2021-08-03 11:20:00-04:00,1628004000000000000,1628004000000000000,145.63,145.68,145.685,145.61,91380.0
500,2021-08-03 11:21:00-04:00,2021-08-03 11:21:00-04:00,1628004060000000000,1628004060000000000,145.681,145.7,145.755,145.655,95482.0
501,2021-08-03 11:22:00-04:00,2021-08-03 11:22:00-04:00,1628004120000000000,1628004120000000000,145.71,145.64,145.72,145.62,72752.0
502,2021-08-03 11:23:00-04:00,2021-08-03 11:23:00-04:00,1628004180000000000,1628004180000000000,145.66,145.735,145.74,145.595,81081.0
503,2021-08-03 11:24:00-04:00,2021-08-03 11:24:00-04:00,1628004240000000000,1628004240000000000,145.74,145.7,145.77,145.68,101148.0
504,2021-08-03 11:25:00-04:00,2021-08-03 11:25:00-04:00,1628004300000000000,1628004300000000000,145.71,145.5017,145.72,145.435,212869.0
505,2021-08-03 11:26:00-04:00,2021-08-03 11:26:00-04:00,1628004360000000000,1628004360000000000,145.505,145.6088,145.625,145.505,88052.0
506,2021-08-03 11:27:00-04:00,2021-08-03 11:27:00-04:00,1628004420000000000,1628004420000000000,145.62,145.717,145.74,145.605,100378.0
507,2021-08-03 11:28:00-04:00,2021-08-03 11:28:00-04:00,1628004480000000000,1628004480000000000,145.715,145.81,145.83,145.69,115991.0
508,2021-08-03 11:29:00-04:00,2021-08-03 11:29:00-04:00,1628004540000000000,1628004540000000000,145.805,145.8099,145.82,145.76,93385.0
509,2021-08-03 11:30:00-04:00,2021-08-03 11:30:00-04:00,1628004600000000000,1628004600000000000,145.8,145.79,145.86,145.76,122779.0
510,2021-08-03 11:31:00-04:00,2021-08-03 11:31:00-04:00,1628004660000000000,1628004660000000000,145.79,145.8401,145.8674,145.79,73595.0
511,2021-08-03 11:32:00-04:00,2021-08-03 11:32:00-04:00,1628004720000000000,1628004720000000000,145.8449,145.863,145.89,145.8101,69163.0
512,2021-08-03 11:33:00-04:00,2021-08-03 11:33:00-04:00,1628004780000000000,1628004780000000000,145.8699,146.0,146.01,145.85,214307.0
513,2021-08-03 11:34:00-04:00,2021-08-03 11:34:00-04:00,1628004840000000000,1628004840000000000,145.995,146.04,146.05,145.98,161456.0
514,2021-08-03 11:35:00-04:00,2021-08-03 11:35:00-04:00,1628004900000000000,1628004900000000000,146.04,146.0686,146.1,146.021,134144.0
515,2021-08-03 11:36:00-04:00,2021-08-03 11:36:00-04:00,1628004960000000000,1628004960000000000,146.07,145.9988,146.08,145.995,95241.0
516,2021-08-03 11:37:00-04:00,2021-08-03 11:37:00-04:00,1628005020000000000,1628005020000000000,145.99,145.9401,146.03,145.915,94164.0
517,2021-08-03 11:38:00-04:00,2021-08-03 11:38:00-04:00,1628005080000000000,1628005080000000000,145.93,145.995,146.01,145.93,82814.0
518,2021-08-03 11:39:00-04:00,2021-08-03 11:39:00-04:00,1628005140000000000,1628005140000000000,145.995,145.97,146.0099,145.96,65343.0
519,2021-08-03 11:40:00-04:00,2021-08-03 11:40:00-04:00,1628005200000000000,1628005200000000000,145.9685,146.02,146.02,145.9685,77087.0
520,2021-08-03 11:41:00-04:00,2021-08-03 11:41:00-04:00,1628005260000000000,1628005260000000000,146.0183,146.24,146.2673,146.01,326698.0
521,2021-08-03 11:42:00-04:00,2021-08-03 11:42:00-04:00,1628005320000000000,1628005320000000000,146.2399,146.32,146.32,146.23,215569.0
522,2021-08-03 11:43:00-04:00,2021-08-03 11:43:00-04:00,1628005380000000000,1628005380000000000,146.32,146.44,146.46,146.28,243128.0
523,2021-08-03 11:44:00-04:00,2021-08-03 11:44:00-04:00,1628005440000000000,1628005440000000000,146.44,146.535,146.61,146.415,565737.0
524,2021-08-03 11:45:00-04:00,2021-08-03 11:45:00-04:00,1628005500000000000,1628005500000000000,146.5316,146.6,146.63,146.51,187247.0
525,2021-08-03 11:46:00-04:00,2021-08-03 11:46:00-04:00,1628005560000000000,1628005560000000000,146.595,146.56,146.64,146.54,161641.0
526,2021-08-03 11:47:00-04:00,2021-08-03 11:47:00-04:00,1628005620000000000,1628005620000000000,146.56,146.605,146.66,146.56,206663.0
527,2021-08-03 11:48:00-04:00,2021-08-03 11:48:00-04:00,1628005680000000000,1628005680000000000,146.61,146.685,146.6879,146.595,155177.0
528,2021-08-03 11:49:00-04:00,2021-08-03 11:49:00-04:00,1628005740000000000,1628005740000000000,146.6881,146.67,146.71,146.5924,294866.0
529,2021-08-03 11:50:00-04:00,2021-08-03 11:50:00-04:00,1628005800000000000,1628005800000000000,146.68,146.7416,146.77,146.66,256417.0
530,2021-08-03 11:51:00-04:00,2021-08-03 11:51:00-04:00,1628005860000000000,1628005860000000000,146.75,146.71,146.78,146.68,116761.0
531,2021-08-03 11:52:00-04:00,2021-08-03 11:52:00-04:00,1628005920000000000,1628005920000000000,146.72,146.5742,146.73,146.573,188798.0
532,2021-08-03 11:53:00-04:00,2021-08-03 11:53:00-04:00,1628005980000000000,1628005980000000000,146.58,146.54,146.645,146.535,184093.0
533,2021-08-03 11:54:00-04:00,2021-08-03 11:54:00-04:00,1628006040000000000,1628006040000000000,146.5301,146.6273,146.66,146.52,135221.0
534,2021-08-03 11:55:00-04:00,2021-08-03 11:55:00-04:00,1628006100000000000,1628006100000000000,146.63,146.69,146.69,146.6138,116357.0
535,2021-08-03 11:56:00-04:00,2021-08-03 11:56:00-04:00,1628006160000000000,1628006160000000000,146.681,146.79,146.8199,146.681,205970.0
536,2021-08-03 11:57:00-04:00,2021-08-03 11:57:00-04:00,1628006220000000000,1628006220000000000,146.79,146.975,146.98,146.7701,295399.0
537,2021-08-03 11:58:00-04:00,2021-08-03 11:58:00-04:00,1628006280000000000,1628006280000000000,146.975,146.975,147.06,146.94,513604.0
538,2021-08-03 11:59:00-04:00,2021-08-03 11:59:00-04:00,1628006340000000000,1628006340000000000,146.9702,147.0101,147.045,146.96,132740.0
539,2021-08-03 12:00:00-04:00,2021-08-03 12:00:00-04:00,1628006400000000000,1628006400000000000,147.0201,147.13,147.1748,147.0201,312655.0
540,2021-08-03 12:01:00-04:00,2021-08-03 12:01:00-04:00,1628006460000000000,1628006460000000000,147.13,147.11,147.2,147.07,185490.0
541,2021-08-03 12:02:00-04:00,2021-08-03 12:02:00-04:00,1628006520000000000,1628006520000000000,147.1,147.1125,147.17,147.08,154061.0
542,2021-08-03 12:03:00-04:00,2021-08-03 12:03:00-04:00,1628006580000000000,1628006580000000000,147.12,147.2399,147.27,147.1144,206966.0
543,2021-08-03 12:04:00-04:00,2021-08-03 12:04:00-04:00,1628006640000000000,1628006640000000000,147.2339,147.3644,147.37,147.22,262007.0
544,2021-08-03 12:05:00-04:00,2021-08-03 12:05:00-04:00,1628006700000000000,1628006700000000000,147.3601,147.19,147.375,147.16,281577.0
545,2021-08-03 12:06:00-04:00,2021-08-03 12:06:00-04:00,1628006760000000000,1628006760000000000,147.195,147.1774,147.2281,147.1601,130450.0
546,2021-08-03 12:07:00-04:00,2021-08-03 12:07:00-04:00,1628006820000000000,1628006820000000000,147.1701,147.2263,147.25,147.14,1161755.0
547,2021-08-03 12:08:00-04:00,2021-08-03 12:08:00-04:00,1628006880000000000,1628006880000000000,147.2182,147.3849,147.3899,147.21,222879.0
548,2021-08-03 12:09:00-04:00,2021-08-03 12:09:00-04:00,1628006940000000000,1628006940000000000,147.3834,147.3689,147.43,147.35,178529.0
549,2021-08-03 12:10:00-04:00,2021-08-03 12:10:00-04:00,1628007000000000000,1628007000000000000,147.3706,147.3958,147.3999,147.36,108322.0
550,2021-08-03 12:11:00-04:00,2021-08-03 12:11:00-04:00,1628007060000000000,1628007060000000000,147.3985,147.335,147.41,147.3001,172641.0
551,2021-08-03 12:12:00-04:00,2021-08-03 12:12:00-04:00,1628007120000000000,1628007120000000000,147.3265,147.27,147.36,147.26,158665.0
552,2021-08-03 12:13:00-04:00,2021-08-03 12:13:00-04:00,1628007180000000000,1628007180000000000,147.27,147.2691,147.32,147.25,181911.0
553,2021-08-03 12:14:00-04:00,2021-08-03 12:14:00-04:00,1628007240000000000,1628007240000000000,147.2601,147.2,147.28,147.2,129806.0
554,2021-08-03 12:15:00-04:00,2021-08-03 12:15:00-04:00,1628007300000000000,1628007300000000000,147.205,147.385,147.41,147.205,167079.0
555,2021-08-03 12:16:00-04:00,2021-08-03 12:16:00-04:00,1628007360000000000,1628007360000000000,147.385,147.26,147.4,147.25,130591.0
556,2021-08-03 12:17:00-04:00,2021-08-03 12:17:00-04:00,1628007420000000000,1628007420000000000,147.25,147.285,147.31,147.23,100543.0
557,2021-08-03 12:18:00-04:00,2021-08-03 12:18:00-04:00,1628007480000000000,1628007480000000000,147.28,147.28,147.33,147.26,92655.0
558,2021-08-03 12:19:00-04:00,2021-08-03 12:19:00-04:00,1628007540000000000,1628007540000000000,147.28,147.215,147.29,147.18,139812.0
559,2021-08-03 12:20:00-04:00,2021-08-03 12:20:00-04:00,1628007600000000000,1628007600000000000,147.215,147.1867,147.22,147.14,114345.0
560,2021-08-03 12:21:00-04:00,2021-08-03 12:21:00-04:00,1628007660000000000,1628007660000000000,147.2,147.12,147.22,147.095,103297.0
561,2021-08-03 12:22:00-04:00,2021-08-03 12:22:00-04:00,1628007720000000000,1628007720000000000,147.1208,147.18,147.18,147.04,116360.0
562,2021-08-03 12:23:00-04:00,2021-08-03 12:23:00-04:00,1628007780000000000,1628007780000000000,147.18,147.13,147.2,147.125,97392.0
563,2021-08-03 12:24:00-04:00,2021-08-03 12:24:00-04:00,1628007840000000000,1628007840000000000,147.13,147.0105,147.13,147.01,129831.0
564,2021-08-03 12:25:00-04:00,2021-08-03 12:25:00-04:00,1628007900000000000,1628007900000000000,147.011,147.01,147.0599,146.98,155412.0
565,2021-08-03 12:26:00-04:00,2021-08-03 12:26:00-04:00,1628007960000000000,1628007960000000000,147.0167,146.95,147.0167,146.9492,112009.0
566,2021-08-03 12:27:00-04:00,2021-08-03 12:27:00-04:00,1628008020000000000,1628008020000000000,146.96,147.0871,147.09,146.95,111724.0
567,2021-08-03 12:28:00-04:00,2021-08-03 12:28:00-04:00,1628008080000000000,1628008080000000000,147.09,147.08,147.11,147.06,83160.0
568,2021-08-03 12:29:00-04:00,2021-08-03 12:29:00-04:00,1628008140000000000,1628008140000000000,147.09,147.0701,147.1,147.045,69939.0
569,2021-08-03 12:30:00-04:00,2021-08-03 12:30:00-04:00,1628008200000000000,1628008200000000000,147.074,147.135,147.175,147.0701,123382.0
570,2021-08-03 12:31:00-04:00,2021-08-03 12:31:00-04:00,1628008260000000000,1628008260000000000,147.13,147.1813,147.19,147.105,70138.0
571,2021-08-03 12:32:00-04:00,2021-08-03 12:32:00-04:00,1628008320000000000,1628008320000000000,147.18,147.185,147.24,147.18,121758.0
572,2021-08-03 12:33:00-04:00,2021-08-03 12:33:00-04:00,1628008380000000000,1628008380000000000,147.1801,147.27,147.27,147.15,96371.0
573,2021-08-03 12:34:00-04:00,2021-08-03 12:34:00-04:00,1628008440000000000,1628008440000000000,147.2725,147.29,147.2999,147.24,119419.0
574,2021-08-03 12:35:00-04:00,2021-08-03 12:35:00-04:00,1628008500000000000,1628008500000000000,147.297,147.32,147.34,147.28,96690.0
575,2021-08-03 12:36:00-04:00,2021-08-03 12:36:00-04:00,1628008560000000000,1628008560000000000,147.31,147.3627,147.365,147.27,94619.0
576,2021-08-03 12:37:00-04:00,2021-08-03 12:37:00-04:00,1628008620000000000,1628008620000000000,147.36,147.29,147.3774,147.275,72266.0
577,2021-08-03 12:38:00-04:00,2021-08-03 12:38:00-04:00,1628008680000000000,1628008680000000000,147.29,147.34,147.35,147.2828,65907.0
578,2021-08-03 12:39:00-04:00,2021-08-03 12:39:00-04:00,1628008740000000000,1628008740000000000,147.3301,147.3234,147.34,147.29,62792.0
579,2021-08-03 12:40:00-04:00,2021-08-03 12:40:00-04:00,1628008800000000000,1628008800000000000,147.325,147.3,147.37,147.27,80657.0
580,2021-08-03 12:41:00-04:00,2021-08-03 12:41:00-04:00,1628008860000000000,1628008860000000000,147.292,147.345,147.38,147.28,83853.0
581,2021-08-03 12:42:00-04:00,2021-08-03 12:42:00-04:00,1628008920000000000,1628008920000000000,147.3485,147.3997,147.4218,147.341,121110.0
582,2021-08-03 12:43:00-04:00,2021-08-03 12:43:00-04:00,1628008980000000000,1628008980000000000,147.395,147.325,147.4125,147.32,76648.0
583,2021-08-03 12:44:00-04:00,2021-08-03 12:44:00-04:00,1628009040000000000,1628009040000000000,147.3253,147.3146,147.3283,147.22,121795.0
584,2021-08-03 12:45:00-04:00,2021-08-03 12:45:00-04:00,1628009100000000000,1628009100000000000,147.32,147.295,147.3399,147.27,105912.0
585,2021-08-03 12:46:00-04:00,2021-08-03 12:46:00-04:00,1628009160000000000,1628009160000000000,147.3099,147.2801,147.315,147.24,62050.0
586,2021-08-03 12:47:00-04:00,2021-08-03 12:47:00-04:00,1628009220000000000,1628009220000000000,147.285,147.25,147.31,147.235,59367.0
587,2021-08-03 12:48:00-04:00,2021-08-03 12:48:00-04:00,1628009280000000000,1628009280000000000,147.26,147.47,147.47,147.26,133379.0
588,2021-08-03 12:49:00-04:00,2021-08-03 12:49:00-04:00,1628009340000000000,1628009340000000000,147.468,147.515,147.5283,147.44,249928.0
589,2021-08-03 12:50:00-04:00,2021-08-03 12:50:00-04:00,1628009400000000000,1628009400000000000,147.5127,147.4,147.52,147.39,146844.0
590,2021-08-03 12:51:00-04:00,2021-08-03 12:51:00-04:00,1628009460000000000,1628009460000000000,147.395,147.415,147.4261,147.375,77936.0
591,2021-08-03 12:52:00-04:00,2021-08-03 12:52:00-04:00,1628009520000000000,1628009520000000000,147.415,147.3844,147.42,147.3801,62338.0
592,2021-08-03 12:53:00-04:00,2021-08-03 12:53:00-04:00,1628009580000000000,1628009580000000000,147.3899,147.4641,147.48,147.3899,71470.0
593,2021-08-03 12:54:00-04:00,2021-08-03 12:54:00-04:00,1628009640000000000,1628009640000000000,147.465,147.455,147.47,147.4001,74653.0
594,2021-08-03 12:55:00-04:00,2021-08-03 12:55:00-04:00,1628009700000000000,1628009700000000000,147.46,147.49,147.49,147.39,84635.0
595,2021-08-03 12:56:00-04:00,2021-08-03 12:56:00-04:00,1628009760000000000,1628009760000000000,147.485,147.4798,147.5,147.469,100361.0
596,2021-08-03 12:57:00-04:00,2021-08-03 12:57:00-04:00,1628009820000000000,1628009820000000000,147.48,147.5301,147.55,147.465,113603.0
597,2021-08-03 12:58:00-04:00,2021-08-03 12:58:00-04:00,1628009880000000000,1628009880000000000,147.54,147.53,147.55,147.45,74981.0
598,2021-08-03 12:59:00-04:00,2021-08-03 12:59:00-04:00,1628009940000000000,1628009940000000000,147.535,147.73,147.75,147.535,242533.0
599,2021-08-03 13:00:00-04:00,2021-08-03 13:00:00-04:00,1628010000000000000,1628010000000000000,147.73,147.75,147.78,147.72,134643.0
600,2021-08-03 13:01:00-04:00,2021-08-03 13:01:00-04:00,1628010060000000000,1628010060000000000,147.7501,147.74,147.8254,147.72,172222.0
601,2021-08-03 13:02:00-04:00,2021-08-03 13:02:00-04:00,1628010120000000000,1628010120000000000,147.73,147.795,147.8,147.71,101214.0
602,2021-08-03 13:03:00-04:00,2021-08-03 13:03:00-04:00,1628010180000000000,1628010180000000000,147.79,147.845,147.85,147.76,89298.0
603,2021-08-03 13:04:00-04:00,2021-08-03 13:04:00-04:00,1628010240000000000,1628010240000000000,147.84,147.85,147.87,147.8,139774.0
604,2021-08-03 13:05:00-04:00,2021-08-03 13:05:00-04:00,1628010300000000000,1628010300000000000,147.8599,147.9,147.94,147.85,161657.0
605,2021-08-03 13:06:00-04:00,2021-08-03 13:06:00-04:00,1628010360000000000,1628010360000000000,147.9099,147.939,147.96,147.89,133072.0
606,2021-08-03 13:07:00-04:00,2021-08-03 13:07:00-04:00,1628010420000000000,1628010420000000000,147.938,147.93,147.96,147.91,106240.0
607,2021-08-03 13:08:00-04:00,2021-08-03 13:08:00-04:00,1628010480000000000,1628010480000000000,147.925,147.98,148.0,147.921,172465.0
608,2021-08-03 13:09:00-04:00,2021-08-03 13:09:00-04:00,1628010540000000000,1628010540000000000,147.98,147.915,148.045,147.9112,358234.0
609,2021-08-03 13:10:00-04:00,2021-08-03 13:10:00-04:00,1628010600000000000,1628010600000000000,147.915,147.93,147.95,147.8725,178700.0
610,2021-08-03 13:11:00-04:00,2021-08-03 13:11:00-04:00,1628010660000000000,1628010660000000000,147.92,147.885,147.955,147.845,127074.0
611,2021-08-03 13:12:00-04:00,2021-08-03 13:12:00-04:00,1628010720000000000,1628010720000000000,147.88,147.87,147.9299,147.86,68179.0
612,2021-08-03 13:13:00-04:00,2021-08-03 13:13:00-04:00,1628010780000000000,1628010780000000000,147.88,147.895,147.93,147.88,74337.0
613,2021-08-03 13:14:00-04:00,2021-08-03 13:14:00-04:00,1628010840000000000,1628010840000000000,147.9,147.91,147.925,147.87,55320.0
614,2021-08-03 13:15:00-04:00,2021-08-03 13:15:00-04:00,1628010900000000000,1628010900000000000,147.91,147.8732,147.9557,147.84,180211.0
615,2021-08-03 13:16:00-04:00,2021-08-03 13:16:00-04:00,1628010960000000000,1628010960000000000,147.87,147.9425,147.95,147.85,84203.0
616,2021-08-03 13:17:00-04:00,2021-08-03 13:17:00-04:00,1628011020000000000,1628011020000000000,147.95,147.88,147.95,147.87,115382.0
617,2021-08-03 13:18:00-04:00,2021-08-03 13:18:00-04:00,1628011080000000000,1628011080000000000,147.8799,147.905,147.9199,147.865,45909.0
618,2021-08-03 13:19:00-04:00,2021-08-03 13:19:00-04:00,1628011140000000000,1628011140000000000,147.9,147.8201,147.9002,147.8201,88529.0
619,2021-08-03 13:20:00-04:00,2021-08-03 13:20:00-04:00,1628011200000000000,1628011200000000000,147.825,147.842,147.8686,147.8,93090.0
620,2021-08-03 13:21:00-04:00,2021-08-03 13:21:00-04:00,1628011260000000000,1628011260000000000,147.85,147.845,147.865,147.81,94921.0
621,2021-08-03 13:22:00-04:00,2021-08-03 13:22:00-04:00,1628011320000000000,1628011320000000000,147.85,147.845,147.865,147.82,76574.0
622,2021-08-03 13:23:00-04:00,2021-08-03 13:23:00-04:00,1628011380000000000,1628011380000000000,147.845,147.8327,147.845,147.79,74464.0
623,2021-08-03 13:24:00-04:00,2021-08-03 13:24:00-04:00,1628011440000000000,1628011440000000000,147.835,147.81,147.87,147.76,126364.0
624,2021-08-03 13:25:00-04:00,2021-08-03 13:25:00-04:00,1628011500000000000,1628011500000000000,147.815,147.79,147.8299,147.78,57711.0
625,2021-08-03 13:26:00-04:00,2021-08-03 13:26:00-04:00,1628011560000000000,1628011560000000000,147.79,147.865,147.865,147.77,77618.0
626,2021-08-03 13:27:00-04:00,2021-08-03 13:27:00-04:00,1628011620000000000,1628011620000000000,147.865,147.91,147.9617,147.865,144508.0
627,2021-08-03 13:28:00-04:00,2021-08-03 13:28:00-04:00,1628011680000000000,1628011680000000000,147.9109,147.87,147.95,147.87,81982.0
628,2021-08-03 13:29:00-04:00,2021-08-03 13:29:00-04:00,1628011740000000000,1628011740000000000,147.87,147.875,147.9102,147.83,91849.0
629,2021-08-03 13:30:00-04:00,2021-08-03 13:30:00-04:00,1628011800000000000,1628011800000000000,147.875,147.8899,147.93,147.875,69567.0
630,2021-08-03 13:31:00-04:00,2021-08-03 13:31:00-04:00,1628011860000000000,1628011860000000000,147.89,147.925,147.9484,147.8875,71573.0
631,2021-08-03 13:32:00-04:00,2021-08-03 13:32:00-04:00,1628011920000000000,1628011920000000000,147.925,147.96,147.98,147.91,63337.0
632,2021-08-03 13:33:00-04:00,2021-08-03 13:33:00-04:00,1628011980000000000,1628011980000000000,147.96,147.97,147.975,147.92,67569.0
633,2021-08-03 13:34:00-04:00,2021-08-03 13:34:00-04:00,1628012040000000000,1628012040000000000,147.9686,147.96,148.01,147.95,146554.0
634,2021-08-03 13:35:00-04:00,2021-08-03 13:35:00-04:00,1628012100000000000,1628012100000000000,147.965,148.01,148.02,147.9416,85590.0
635,2021-08-03 13:36:00-04:00,2021-08-03 13:36:00-04:00,1628012160000000000,1628012160000000000,148.02,147.9613,148.025,147.95,71324.0
636,2021-08-03 13:37:00-04:00,2021-08-03 13:37:00-04:00,1628012220000000000,1628012220000000000,147.96,147.8997,147.97,147.87,84873.0
637,2021-08-03 13:38:00-04:00,2021-08-03 13:38:00-04:00,1628012280000000000,1628012280000000000,147.8986,147.88,147.905,147.83,100666.0
638,2021-08-03 13:39:00-04:00,2021-08-03 13:39:00-04:00,1628012340000000000,1628012340000000000,147.87,147.9209,147.95,147.87,72494.0
639,2021-08-03 13:40:00-04:00,2021-08-03 13:40:00-04:00,1628012400000000000,1628012400000000000,147.9299,147.835,147.95,147.83,89646.0
640,2021-08-03 13:41:00-04:00,2021-08-03 13:41:00-04:00,1628012460000000000,1628012460000000000,147.84,147.875,147.885,147.825,74474.0
641,2021-08-03 13:42:00-04:00,2021-08-03 13:42:00-04:00,1628012520000000000,1628012520000000000,147.88,147.8701,147.89,147.82,101650.0
642,2021-08-03 13:43:00-04:00,2021-08-03 13:43:00-04:00,1628012580000000000,1628012580000000000,147.865,147.925,147.93,147.855,93041.0
643,2021-08-03 13:44:00-04:00,2021-08-03 13:44:00-04:00,1628012640000000000,1628012640000000000,147.91,147.83,147.9101,147.83,81440.0
644,2021-08-03 13:45:00-04:00,2021-08-03 13:45:00-04:00,1628012700000000000,1628012700000000000,147.84,147.92,147.93,147.8301,81520.0
645,2021-08-03 13:46:00-04:00,2021-08-03 13:46:00-04:00,1628012760000000000,1628012760000000000,147.92,147.94,147.955,147.91,95758.0
646,2021-08-03 13:47:00-04:00,2021-08-03 13:47:00-04:00,1628012820000000000,1628012820000000000,147.9474,147.925,147.9474,147.9,41958.0
647,2021-08-03 13:48:00-04:00,2021-08-03 13:48:00-04:00,1628012880000000000,1628012880000000000,147.925,147.8677,147.94,147.86,60977.0
648,2021-08-03 13:49:00-04:00,2021-08-03 13:49:00-04:00,1628012940000000000,1628012940000000000,147.865,147.9,147.91,147.865,69997.0
649,2021-08-03 13:50:00-04:00,2021-08-03 13:50:00-04:00,1628013000000000000,1628013000000000000,147.9,147.89,147.9168,147.83,72564.0
650,2021-08-03 13:51:00-04:00,2021-08-03 13:51:00-04:00,1628013060000000000,1628013060000000000,147.9,147.91,147.9299,147.9,39311.0
651,2021-08-03 13:52:00-04:00,2021-08-03 13:52:00-04:00,1628013120000000000,1628013120000000000,147.905,147.9446,147.95,147.89,61337.0
652,2021-08-03 13:53:00-04:00,2021-08-03 13:53:00-04:00,1628013180000000000,1628013180000000000,147.94,147.94,147.98,147.93,74840.0
653,2021-08-03 13:54:00-04:00,2021-08-03 13:54:00-04:00,1628013240000000000,1628013240000000000,147.96,147.99,148.005,147.96,120968.0
654,2021-08-03 13:55:00-04:00,2021-08-03 13:55:00-04:00,1628013300000000000,1628013300000000000,147.99,147.96,148.0287,147.92,88116.0
655,2021-08-03 13:56:00-04:00,2021-08-03 13:56:00-04:00,1628013360000000000,1628013360000000000,147.955,147.9001,147.955,147.88,65440.0
656,2021-08-03 13:57:00-04:00,2021-08-03 13:57:00-04:00,1628013420000000000,1628013420000000000,147.905,147.86,147.915,147.83,94755.0
657,2021-08-03 13:58:00-04:00,2021-08-03 13:58:00-04:00,1628013480000000000,1628013480000000000,147.855,147.785,147.86,147.785,78435.0
658,2021-08-03 13:59:00-04:00,2021-08-03 13:59:00-04:00,1628013540000000000,1628013540000000000,147.7843,147.825,147.83,147.77,78433.0
659,2021-08-03 14:00:00-04:00,2021-08-03 14:00:00-04:00,1628013600000000000,1628013600000000000,147.83,147.8,147.86,147.8,77233.0
660,2021-08-03 14:01:00-04:00,2021-08-03 14:01:00-04:00,1628013660000000000,1628013660000000000,147.805,147.615,147.805,147.59,154660.0
661,2021-08-03 14:02:00-04:00,2021-08-03 14:02:00-04:00,1628013720000000000,1628013720000000000,147.63,147.655,147.68,147.6219,82094.0
662,2021-08-03 14:03:00-04:00,2021-08-03 14:03:00-04:00,1628013780000000000,1628013780000000000,147.66,147.69,147.72,147.66,53602.0
663,2021-08-03 14:04:00-04:00,2021-08-03 14:04:00-04:00,1628013840000000000,1628013840000000000,147.695,147.735,147.7399,147.6809,61904.0
664,2021-08-03 14:05:00-04:00,2021-08-03 14:05:00-04:00,1628013900000000000,1628013900000000000,147.73,147.78,147.7899,147.705,84139.0
665,2021-08-03 14:06:00-04:00,2021-08-03 14:06:00-04:00,1628013960000000000,1628013960000000000,147.79,147.8072,147.82,147.7701,104556.0
666,2021-08-03 14:07:00-04:00,2021-08-03 14:07:00-04:00,1628014020000000000,1628014020000000000,147.8001,147.86,147.88,147.8,88799.0
667,2021-08-03 14:08:00-04:00,2021-08-03 14:08:00-04:00,1628014080000000000,1628014080000000000,147.86,147.8773,147.88,147.81,65198.0
668,2021-08-03 14:09:00-04:00,2021-08-03 14:09:00-04:00,1628014140000000000,1628014140000000000,147.87,147.9,147.92,147.84,74057.0
669,2021-08-03 14:10:00-04:00,2021-08-03 14:10:00-04:00,1628014200000000000,1628014200000000000,147.89,147.9099,147.94,147.87,101878.0
670,2021-08-03 14:11:00-04:00,2021-08-03 14:11:00-04:00,1628014260000000000,1628014260000000000,147.9099,147.86,147.96,147.86,112618.0
671,2021-08-03 14:12:00-04:00,2021-08-03 14:12:00-04:00,1628014320000000000,1628014320000000000,147.8695,147.925,147.93,147.84,84316.0
672,2021-08-03 14:13:00-04:00,2021-08-03 14:13:00-04:00,1628014380000000000,1628014380000000000,147.92,147.85,147.92,147.83,86084.0
673,2021-08-03 14:14:00-04:00,2021-08-03 14:14:00-04:00,1628014440000000000,1628014440000000000,147.85,147.83,147.86,147.815,51445.0
674,2021-08-03 14:15:00-04:00,2021-08-03 14:15:00-04:00,1628014500000000000,1628014500000000000,147.825,147.8202,147.84,147.79,67860.0
675,2021-08-03 14:16:00-04:00,2021-08-03 14:16:00-04:00,1628014560000000000,1628014560000000000,147.825,147.7911,147.83,147.78,43928.0
676,2021-08-03 14:17:00-04:00,2021-08-03 14:17:00-04:00,1628014620000000000,1628014620000000000,147.795,147.7801,147.807,147.7613,46665.0
677,2021-08-03 14:18:00-04:00,2021-08-03 14:18:00-04:00,1628014680000000000,1628014680000000000,147.79,147.8,147.83,147.78,150107.0
678,2021-08-03 14:19:00-04:00,2021-08-03 14:19:00-04:00,1628014740000000000,1628014740000000000,147.7925,147.82,147.84,147.785,75164.0
679,2021-08-03 14:20:00-04:00,2021-08-03 14:20:00-04:00,1628014800000000000,1628014800000000000,147.8193,147.79,147.8399,147.79,32220.0
680,2021-08-03 14:21:00-04:00,2021-08-03 14:21:00-04:00,1628014860000000000,1628014860000000000,147.79,147.7455,147.8,147.74,59690.0
681,2021-08-03 14:22:00-04:00,2021-08-03 14:22:00-04:00,1628014920000000000,1628014920000000000,147.7455,147.6999,147.75,147.68,73966.0
682,2021-08-03 14:23:00-04:00,2021-08-03 14:23:00-04:00,1628014980000000000,1628014980000000000,147.7,147.695,147.72,147.68,76232.0
683,2021-08-03 14:24:00-04:00,2021-08-03 14:24:00-04:00,1628015040000000000,1628015040000000000,147.695,147.635,147.7017,147.62,79743.0
684,2021-08-03 14:25:00-04:00,2021-08-03 14:25:00-04:00,1628015100000000000,1628015100000000000,147.64,147.6804,147.6899,147.64,59875.0
685,2021-08-03 14:26:00-04:00,2021-08-03 14:26:00-04:00,1628015160000000000,1628015160000000000,147.6899,147.67,147.7,147.665,62438.0
686,2021-08-03 14:27:00-04:00,2021-08-03 14:27:00-04:00,1628015220000000000,1628015220000000000,147.675,147.645,147.68,147.63,75584.0
687,2021-08-03 14:28:00-04:00,2021-08-03 14:28:00-04:00,1628015280000000000,1628015280000000000,147.645,147.6309,147.68,147.63,61734.0
688,2021-08-03 14:29:00-04:00,2021-08-03 14:29:00-04:00,1628015340000000000,1628015340000000000,147.635,147.575,147.635,147.57,99874.0
689,2021-08-03 14:30:00-04:00,2021-08-03 14:30:00-04:00,1628015400000000000,1628015400000000000,147.585,147.535,147.5943,147.52,119810.0
690,2021-08-03 14:31:00-04:00,2021-08-03 14:31:00-04:00,1628015460000000000,1628015460000000000,147.5324,147.54,147.5499,147.51,97373.0
691,2021-08-03 14:32:00-04:00,2021-08-03 14:32:00-04:00,1628015520000000000,1628015520000000000,147.54,147.55,147.57,147.5314,81329.0
692,2021-08-03 14:33:00-04:00,2021-08-03 14:33:00-04:00,1628015580000000000,1628015580000000000,147.5475,147.465,147.5475,147.43,147435.0
693,2021-08-03 14:34:00-04:00,2021-08-03 14:34:00-04:00,1628015640000000000,1628015640000000000,147.465,147.39,147.465,147.35,109036.0
694,2021-08-03 14:35:00-04:00,2021-08-03 14:35:00-04:00,1628015700000000000,1628015700000000000,147.3984,147.445,147.48,147.3984,100956.0
695,2021-08-03 14:36:00-04:00,2021-08-03 14:36:00-04:00,1628015760000000000,1628015760000000000,147.44,147.3899,147.45,147.37,92702.0
696,2021-08-03 14:37:00-04:00,2021-08-03 14:37:00-04:00,1628015820000000000,1628015820000000000,147.3848,147.41,147.42,147.35,93249.0
697,2021-08-03 14:38:00-04:00,2021-08-03 14:38:00-04:00,1628015880000000000,1628015880000000000,147.4189,147.3708,147.4199,147.35,74408.0
698,2021-08-03 14:39:00-04:00,2021-08-03 14:39:00-04:00,1628015940000000000,1628015940000000000,147.38,147.325,147.41,147.315,109615.0
699,2021-08-03 14:40:00-04:00,2021-08-03 14:40:00-04:00,1628016000000000000,1628016000000000000,147.3401,147.4,147.44,147.325,99576.0
700,2021-08-03 14:41:00-04:00,2021-08-03 14:41:00-04:00,1628016060000000000,1628016060000000000,147.4,147.35,147.405,147.3147,90929.0
701,2021-08-03 14:42:00-04:00,2021-08-03 14:42:00-04:00,1628016120000000000,1628016120000000000,147.355,147.405,147.43,147.355,92087.0
702,2021-08-03 14:43:00-04:00,2021-08-03 14:43:00-04:00,1628016180000000000,1628016180000000000,147.4017,147.475,147.52,147.4017,146791.0
703,2021-08-03 14:44:00-04:00,2021-08-03 14:44:00-04:00,1628016240000000000,1628016240000000000,147.48,147.465,147.48,147.44,83940.0
704,2021-08-03 14:45:00-04:00,2021-08-03 14:45:00-04:00,1628016300000000000,1628016300000000000,147.47,147.4325,147.5099,147.42,110485.0
705,2021-08-03 14:46:00-04:00,2021-08-03 14:46:00-04:00,1628016360000000000,1628016360000000000,147.435,147.355,147.46,147.35,113919.0
706,2021-08-03 14:47:00-04:00,2021-08-03 14:47:00-04:00,1628016420000000000,1628016420000000000,147.36,147.335,147.36,147.3112,100420.0
707,2021-08-03 14:48:00-04:00,2021-08-03 14:48:00-04:00,1628016480000000000,1628016480000000000,147.34,147.2304,147.34,147.215,179939.0
708,2021-08-03 14:49:00-04:00,2021-08-03 14:49:00-04:00,1628016540000000000,1628016540000000000,147.23,147.165,147.25,147.13,145947.0
709,2021-08-03 14:50:00-04:00,2021-08-03 14:50:00-04:00,1628016600000000000,1628016600000000000,147.17,147.275,147.31,147.17,118726.0
710,2021-08-03 14:51:00-04:00,2021-08-03 14:51:00-04:00,1628016660000000000,1628016660000000000,147.28,147.35,147.4,147.28,127962.0
711,2021-08-03 14:52:00-04:00,2021-08-03 14:52:00-04:00,1628016720000000000,1628016720000000000,147.36,147.425,147.43,147.3531,86397.0
712,2021-08-03 14:53:00-04:00,2021-08-03 14:53:00-04:00,1628016780000000000,1628016780000000000,147.42,147.45,147.46,147.3859,61646.0
713,2021-08-03 14:54:00-04:00,2021-08-03 14:54:00-04:00,1628016840000000000,1628016840000000000,147.45,147.375,147.45,147.36,72514.0
714,2021-08-03 14:55:00-04:00,2021-08-03 14:55:00-04:00,1628016900000000000,1628016900000000000,147.38,147.45,147.45,147.37,125628.0
715,2021-08-03 14:56:00-04:00,2021-08-03 14:56:00-04:00,1628016960000000000,1628016960000000000,147.445,147.4601,147.5,147.44,138109.0
716,2021-08-03 14:57:00-04:00,2021-08-03 14:57:00-04:00,1628017020000000000,1628017020000000000,147.4699,147.4404,147.49,147.43,107665.0
717,2021-08-03 14:58:00-04:00,2021-08-03 14:58:00-04:00,1628017080000000000,1628017080000000000,147.44,147.4486,147.47,147.423,52079.0
718,2021-08-03 14:59:00-04:00,2021-08-03 14:59:00-04:00,1628017140000000000,1628017140000000000,147.44,147.44,147.4699,147.43,54949.0
719,2021-08-03 15:00:00-04:00,2021-08-03 15:00:00-04:00,1628017200000000000,1628017200000000000,147.44,147.4799,147.5,147.44,88120.0
720,2021-08-03 15:01:00-04:00,2021-08-03 15:01:00-04:00,1628017260000000000,1628017260000000000,147.47,147.4486,147.48,147.4001,91432.0
721,2021-08-03 15:02:00-04:00,2021-08-03 15:02:00-04:00,1628017320000000000,1628017320000000000,147.4499,147.47,147.48,147.41,156797.0
722,2021-08-03 15:03:00-04:00,2021-08-03 15:03:00-04:00,1628017380000000000,1628017380000000000,147.4793,147.452,147.51,147.45,134272.0
723,2021-08-03 15:04:00-04:00,2021-08-03 15:04:00-04:00,1628017440000000000,1628017440000000000,147.46,147.465,147.51,147.46,75311.0
724,2021-08-03 15:05:00-04:00,2021-08-03 15:05:00-04:00,1628017500000000000,1628017500000000000,147.465,147.57,147.57,147.42,142908.0
725,2021-08-03 15:06:00-04:00,2021-08-03 15:06:00-04:00,1628017560000000000,1628017560000000000,147.575,147.565,147.6,147.55,147438.0
726,2021-08-03 15:07:00-04:00,2021-08-03 15:07:00-04:00,1628017620000000000,1628017620000000000,147.565,147.575,147.585,147.54,96346.0
727,2021-08-03 15:08:00-04:00,2021-08-03 15:08:00-04:00,1628017680000000000,1628017680000000000,147.58,147.535,147.58,147.495,82157.0
728,2021-08-03 15:09:00-04:00,2021-08-03 15:09:00-04:00,1628017740000000000,1628017740000000000,147.535,147.56,147.5899,147.52,85217.0
729,2021-08-03 15:10:00-04:00,2021-08-03 15:10:00-04:00,1628017800000000000,1628017800000000000,147.553,147.63,147.63,147.54,82275.0
730,2021-08-03 15:11:00-04:00,2021-08-03 15:11:00-04:00,1628017860000000000,1628017860000000000,147.615,147.57,147.63,147.56,94176.0
731,2021-08-03 15:12:00-04:00,2021-08-03 15:12:00-04:00,1628017920000000000,1628017920000000000,147.575,147.4917,147.575,147.4801,103234.0
732,2021-08-03 15:13:00-04:00,2021-08-03 15:13:00-04:00,1628017980000000000,1628017980000000000,147.49,147.453,147.49,147.42,96193.0
733,2021-08-03 15:14:00-04:00,2021-08-03 15:14:00-04:00,1628018040000000000,1628018040000000000,147.45,147.51,147.54,147.45,104390.0
734,2021-08-03 15:15:00-04:00,2021-08-03 15:15:00-04:00,1628018100000000000,1628018100000000000,147.51,147.501,147.545,147.492,78256.0
735,2021-08-03 15:16:00-04:00,2021-08-03 15:16:00-04:00,1628018160000000000,1628018160000000000,147.505,147.5319,147.555,147.49,98945.0
736,2021-08-03 15:17:00-04:00,2021-08-03 15:17:00-04:00,1628018220000000000,1628018220000000000,147.535,147.54,147.59,147.5231,88350.0
737,2021-08-03 15:18:00-04:00,2021-08-03 15:18:00-04:00,1628018280000000000,1628018280000000000,147.535,147.495,147.55,147.48,100048.0
738,2021-08-03 15:19:00-04:00,2021-08-03 15:19:00-04:00,1628018340000000000,1628018340000000000,147.49,147.455,147.49,147.45,70648.0
739,2021-08-03 15:20:00-04:00,2021-08-03 15:20:00-04:00,1628018400000000000,1628018400000000000,147.45,147.405,147.4699,147.4036,91262.0
740,2021-08-03 15:21:00-04:00,2021-08-03 15:21:00-04:00,1628018460000000000,1628018460000000000,147.405,147.515,147.52,147.405,115344.0
741,2021-08-03 15:22:00-04:00,2021-08-03 15:22:00-04:00,1628018520000000000,1628018520000000000,147.515,147.485,147.54,147.46,114977.0
742,2021-08-03 15:23:00-04:00,2021-08-03 15:23:00-04:00,1628018580000000000,1628018580000000000,147.48,147.52,147.52,147.46,90690.0
743,2021-08-03 15:24:00-04:00,2021-08-03 15:24:00-04:00,1628018640000000000,1628018640000000000,147.5201,147.53,147.545,147.5,101974.0
744,2021-08-03 15:25:00-04:00,2021-08-03 15:25:00-04:00,1628018700000000000,1628018700000000000,147.535,147.515,147.57,147.5,128342.0
745,2021-08-03 15:26:00-04:00,2021-08-03 15:26:00-04:00,1628018760000000000,1628018760000000000,147.515,147.605,147.61,147.5131,99210.0
746,2021-08-03 15:27:00-04:00,2021-08-03 15:27:00-04:00,1628018820000000000,1628018820000000000,147.61,147.6197,147.6399,147.59,100475.0
747,2021-08-03 15:28:00-04:00,2021-08-03 15:28:00-04:00,1628018880000000000,1628018880000000000,147.6153,147.6,147.62,147.59,71343.0
748,2021-08-03 15:29:00-04:00,2021-08-03 15:29:00-04:00,1628018940000000000,1628018940000000000,147.605,147.59,147.605,147.55,80149.0
749,2021-08-03 15:30:00-04:00,2021-08-03 15:30:00-04:00,1628019000000000000,1628019000000000000,147.5801,147.6976,147.71,147.58,245098.0
750,2021-08-03 15:31:00-04:00,2021-08-03 15:31:00-04:00,1628019060000000000,1628019060000000000,147.695,147.735,147.735,147.6724,164471.0
751,2021-08-03 15:32:00-04:00,2021-08-03 15:32:00-04:00,1628019120000000000,1628019120000000000,147.7325,147.715,147.74,147.68,159065.0
752,2021-08-03 15:33:00-04:00,2021-08-03 15:33:00-04:00,1628019180000000000,1628019180000000000,147.7101,147.58,147.7177,147.56,211053.0
753,2021-08-03 15:34:00-04:00,2021-08-03 15:34:00-04:00,1628019240000000000,1628019240000000000,147.575,147.495,147.6,147.47,182794.0
754,2021-08-03 15:35:00-04:00,2021-08-03 15:35:00-04:00,1628019300000000000,1628019300000000000,147.495,147.42,147.495,147.41,128378.0
755,2021-08-03 15:36:00-04:00,2021-08-03 15:36:00-04:00,1628019360000000000,1628019360000000000,147.425,147.495,147.4999,147.4201,122718.0
756,2021-08-03 15:37:00-04:00,2021-08-03 15:37:00-04:00,1628019420000000000,1628019420000000000,147.49,147.455,147.505,147.45,74128.0
757,2021-08-03 15:38:00-04:00,2021-08-03 15:38:00-04:00,1628019480000000000,1628019480000000000,147.45,147.4,147.48,147.4,120440.0
758,2021-08-03 15:39:00-04:00,2021-08-03 15:39:00-04:00,1628019540000000000,1628019540000000000,147.4011,147.36,147.42,147.35,70750.0
759,2021-08-03 15:40:00-04:00,2021-08-03 15:40:00-04:00,1628019600000000000,1628019600000000000,147.37,147.435,147.465,147.37,142840.0
760,2021-08-03 15:41:00-04:00,2021-08-03 15:41:00-04:00,1628019660000000000,1628019660000000000,147.435,147.455,147.46,147.4,73750.0
761,2021-08-03 15:42:00-04:00,2021-08-03 15:42:00-04:00,1628019720000000000,1628019720000000000,147.4587,147.445,147.4769,147.4335,96850.0
762,2021-08-03 15:43:00-04:00,2021-08-03 15:43:00-04:00,1628019780000000000,1628019780000000000,147.445,147.425,147.45,147.42,92057.0
763,2021-08-03 15:44:00-04:00,2021-08-03 15:44:00-04:00,1628019840000000000,1628019840000000000,147.425,147.42,147.477,147.42,122914.0
764,2021-08-03 15:45:00-04:00,2021-08-03 15:45:00-04:00,1628019900000000000,1628019900000000000,147.425,147.41,147.45,147.38,146418.0
765,2021-08-03 15:46:00-04:00,2021-08-03 15:46:00-04:00,1628019960000000000,1628019960000000000,147.41,147.4,147.43,147.36,106898.0
766,2021-08-03 15:47:00-04:00,2021-08-03 15:47:00-04:00,1628020020000000000,1628020020000000000,147.4,147.395,147.4,147.36,100814.0
767,2021-08-03 15:48:00-04:00,2021-08-03 15:48:00-04:00,1628020080000000000,1628020080000000000,147.395,147.355,147.41,147.345,129605.0
768,2021-08-03 15:49:00-04:00,2021-08-03 15:49:00-04:00,1628020140000000000,1628020140000000000,147.355,147.3011,147.355,147.27,194139.0
769,2021-08-03 15:50:00-04:00,2021-08-03 15:50:00-04:00,1628020200000000000,1628020200000000000,147.31,147.2699,147.39,147.25,227702.0
770,2021-08-03 15:51:00-04:00,2021-08-03 15:51:00-04:00,1628020260000000000,1628020260000000000,147.265,147.2329,147.28,147.2,167219.0
771,2021-08-03 15:52:00-04:00,2021-08-03 15:52:00-04:00,1628020320000000000,1628020320000000000,147.24,147.24,147.29,147.225,185733.0
772,2021-08-03 15:53:00-04:00,2021-08-03 15:53:00-04:00,1628020380000000000,1628020380000000000,147.24,147.275,147.29,147.24,191537.0
773,2021-08-03 15:54:00-04:00,2021-08-03 15:54:00-04:00,1628020440000000000,1628020440000000000,147.27,147.29,147.41,147.24,366193.0
774,2021-08-03 15:55:00-04:00,2021-08-03 15:55:00-04:00,1628020500000000000,1628020500000000000,147.3,147.29,147.37,147.271,249263.0
775,2021-08-03 15:56:00-04:00,2021-08-03 15:56:00-04:00,1628020560000000000,1628020560000000000,147.3,147.39,147.43,147.28,481896.0
776,2021-08-03 15:57:00-04:00,2021-08-03 15:57:00-04:00,1628020620000000000,1628020620000000000,147.39,147.4275,147.45,147.36,306086.0
777,2021-08-03 15:58:00-04:00,2021-08-03 15:58:00-04:00,1628020680000000000,1628020680000000000,147.42,147.33,147.4272,147.14,396345.0
778,2021-08-04 09:30:00-04:00,2021-08-04 09:30:00-04:00,1628083800000000000,1628083800000000000,147.27,147.1,147.47,147.02,1081795.0
779,2021-08-04 09:31:00-04:00,2021-08-04 09:31:00-04:00,1628083860000000000,1628083860000000000,147.11,147.2,147.52,147.05,429725.0
780,2021-08-04 09:32:00-04:00,2021-08-04 09:32:00-04:00,1628083920000000000,1628083920000000000,147.2099,147.14,147.2099,146.89,395005.0
781,2021-08-04 09:33:00-04:00,2021-08-04 09:33:00-04:00,1628083980000000000,1628083980000000000,147.145,147.46,147.5,147.14,426274.0
782,2021-08-04 09:34:00-04:00,2021-08-04 09:34:00-04:00,1628084040000000000,1628084040000000000,147.46,146.95,147.48,146.89,358824.0
783,2021-08-04 09:35:00-04:00,2021-08-04 09:35:00-04:00,1628084100000000000,1628084100000000000,146.95,147.11,147.21,146.79,503335.0
784,2021-08-04 09:36:00-04:00,2021-08-04 09:36:00-04:00,1628084160000000000,1628084160000000000,147.1,146.84,147.16,146.84,338127.0
785,2021-08-04 09:37:00-04:00,2021-08-04 09:37:00-04:00,1628084220000000000,1628084220000000000,146.855,147.0024,147.0424,146.8,300102.0
786,2021-08-04 09:38:00-04:00,2021-08-04 09:38:00-04:00,1628084280000000000,1628084280000000000,147.015,147.0407,147.06,146.86,209627.0
787,2021-08-04 09:39:00-04:00,2021-08-04 09:39:00-04:00,1628084340000000000,1628084340000000000,147.0441,147.11,147.17,146.91,287190.0
788,2021-08-04 09:40:00-04:00,2021-08-04 09:40:00-04:00,1628084400000000000,1628084400000000000,147.16,147.435,147.4898,147.135,400252.0
789,2021-08-04 09:41:00-04:00,2021-08-04 09:41:00-04:00,1628084460000000000,1628084460000000000,147.44,147.25,147.515,147.17,309683.0
790,2021-08-04 09:42:00-04:00,2021-08-04 09:42:00-04:00,1628084520000000000,1628084520000000000,147.24,147.3,147.4,147.175,198393.0
791,2021-08-04 09:43:00-04:00,2021-08-04 09:43:00-04:00,1628084580000000000,1628084580000000000,147.291,147.44,147.47,147.28,248125.0
792,2021-08-04 09:44:00-04:00,2021-08-04 09:44:00-04:00,1628084640000000000,1628084640000000000,147.45,147.55,147.61,147.41,277295.0
793,2021-08-04 09:45:00-04:00,2021-08-04 09:45:00-04:00,1628084700000000000,1628084700000000000,147.56,147.6399,147.7199,147.5,324792.0
794,2021-08-04 09:46:00-04:00,2021-08-04 09:46:00-04:00,1628084760000000000,1628084760000000000,147.63,147.685,147.78,147.61,269698.0
795,2021-08-04 09:47:00-04:00,2021-08-04 09:47:00-04:00,1628084820000000000,1628084820000000000,147.6856,147.5715,147.7202,147.45,293772.0
796,2021-08-04 09:48:00-04:00,2021-08-04 09:48:00-04:00,1628084880000000000,1628084880000000000,147.57,147.41,147.57,147.39,212479.0
797,2021-08-04 09:49:00-04:00,2021-08-04 09:49:00-04:00,1628084940000000000,1628084940000000000,147.42,147.3453,147.45,147.24,281703.0
798,2021-08-04 09:50:00-04:00,2021-08-04 09:50:00-04:00,1628085000000000000,1628085000000000000,147.34,147.51,147.54,147.34,263629.0
799,2021-08-04 09:51:00-04:00,2021-08-04 09:51:00-04:00,1628085060000000000,1628085060000000000,147.52,147.361,147.6,147.3042,254658.0
800,2021-08-04 09:52:00-04:00,2021-08-04 09:52:00-04:00,1628085120000000000,1628085120000000000,147.36,147.18,147.46,147.12,339638.0
801,2021-08-04 09:53:00-04:00,2021-08-04 09:53:00-04:00,1628085180000000000,1628085180000000000,147.17,147.28,147.32,147.13,236986.0
802,2021-08-04 09:54:00-04:00,2021-08-04 09:54:00-04:00,1628085240000000000,1628085240000000000,147.285,147.3499,147.38,147.1,255089.0
803,2021-08-04 09:55:00-04:00,2021-08-04 09:55:00-04:00,1628085300000000000,1628085300000000000,147.35,147.4401,147.455,147.3,512052.0
804,2021-08-04 09:56:00-04:00,2021-08-04 09:56:00-04:00,1628085360000000000,1628085360000000000,147.45,147.55,147.55,147.38,229285.0
805,2021-08-04 09:57:00-04:00,2021-08-04 09:57:00-04:00,1628085420000000000,1628085420000000000,147.55,147.59,147.635,147.54,281718.0
806,2021-08-04 09:58:00-04:00,2021-08-04 09:58:00-04:00,1628085480000000000,1628085480000000000,147.58,147.68,147.6998,147.53,204988.0
807,2021-08-04 09:59:00-04:00,2021-08-04 09:59:00-04:00,1628085540000000000,1628085540000000000,147.68,147.693,147.79,147.66,232761.0
808,2021-08-04 10:00:00-04:00,2021-08-04 10:00:00-04:00,1628085600000000000,1628085600000000000,147.7,147.5709,147.756,147.43,259678.0
809,2021-08-04 10:01:00-04:00,2021-08-04 10:01:00-04:00,1628085660000000000,1628085660000000000,147.59,147.62,147.6599,147.52,119840.0
810,2021-08-04 10:02:00-04:00,2021-08-04 10:02:00-04:00,1628085720000000000,1628085720000000000,147.62,147.49,147.63,147.47,155693.0
811,2021-08-04 10:03:00-04:00,2021-08-04 10:03:00-04:00,1628085780000000000,1628085780000000000,147.48,147.36,147.52,147.3,247243.0
812,2021-08-04 10:04:00-04:00,2021-08-04 10:04:00-04:00,1628085840000000000,1628085840000000000,147.34,147.4,147.46,147.32,165427.0
813,2021-08-04 10:05:00-04:00,2021-08-04 10:05:00-04:00,1628085900000000000,1628085900000000000,147.41,147.25,147.425,147.23,157504.0
814,2021-08-04 10:06:00-04:00,2021-08-04 10:06:00-04:00,1628085960000000000,1628085960000000000,147.24,147.14,147.27,147.13,234915.0
815,2021-08-04 10:07:00-04:00,2021-08-04 10:07:00-04:00,1628086020000000000,1628086020000000000,147.135,147.1399,147.1857,147.07,175787.0
816,2021-08-04 10:08:00-04:00,2021-08-04 10:08:00-04:00,1628086080000000000,1628086080000000000,147.13,147.209,147.265,147.07,210219.0
817,2021-08-04 10:09:00-04:00,2021-08-04 10:09:00-04:00,1628086140000000000,1628086140000000000,147.2086,147.2623,147.286,147.1901,145816.0
818,2021-08-04 10:10:00-04:00,2021-08-04 10:10:00-04:00,1628086200000000000,1628086200000000000,147.285,147.265,147.39,147.2612,173660.0
819,2021-08-04 10:11:00-04:00,2021-08-04 10:11:00-04:00,1628086260000000000,1628086260000000000,147.2699,147.185,147.28,147.14,177059.0
820,2021-08-04 10:12:00-04:00,2021-08-04 10:12:00-04:00,1628086320000000000,1628086320000000000,147.18,147.0799,147.1833,147.0,249018.0
821,2021-08-04 10:13:00-04:00,2021-08-04 10:13:00-04:00,1628086380000000000,1628086380000000000,147.07,146.975,147.07,146.89,209226.0
822,2021-08-04 10:14:00-04:00,2021-08-04 10:14:00-04:00,1628086440000000000,1628086440000000000,146.975,146.9701,147.01,146.84,261310.0
823,2021-08-04 10:15:00-04:00,2021-08-04 10:15:00-04:00,1628086500000000000,1628086500000000000,146.98,146.82,147.0,146.8,306010.0
824,2021-08-04 10:16:00-04:00,2021-08-04 10:16:00-04:00,1628086560000000000,1628086560000000000,146.815,146.9301,146.9301,146.8057,275019.0
825,2021-08-04 10:17:00-04:00,2021-08-04 10:17:00-04:00,1628086620000000000,1628086620000000000,146.93,146.948,146.99,146.86,176354.0
826,2021-08-04 10:18:00-04:00,2021-08-04 10:18:00-04:00,1628086680000000000,1628086680000000000,146.95,146.98,147.02,146.86,204711.0
827,2021-08-04 10:19:00-04:00,2021-08-04 10:19:00-04:00,1628086740000000000,1628086740000000000,146.98,146.92,146.98,146.89,205064.0
828,2021-08-04 10:20:00-04:00,2021-08-04 10:20:00-04:00,1628086800000000000,1628086800000000000,146.92,146.81,146.93,146.69,423822.0
829,2021-08-04 10:21:00-04:00,2021-08-04 10:21:00-04:00,1628086860000000000,1628086860000000000,146.8,146.8,146.81,146.71,155840.0
830,2021-08-04 10:22:00-04:00,2021-08-04 10:22:00-04:00,1628086920000000000,1628086920000000000,146.8,146.955,146.9913,146.7801,196276.0
831,2021-08-04 10:23:00-04:00,2021-08-04 10:23:00-04:00,1628086980000000000,1628086980000000000,146.955,146.92,146.97,146.88,173277.0
832,2021-08-04 10:24:00-04:00,2021-08-04 10:24:00-04:00,1628087040000000000,1628087040000000000,146.925,147.04,147.0699,146.925,214021.0
833,2021-08-04 10:25:00-04:00,2021-08-04 10:25:00-04:00,1628087100000000000,1628087100000000000,147.035,147.119,147.12,146.97,188217.0
834,2021-08-04 10:26:00-04:00,2021-08-04 10:26:00-04:00,1628087160000000000,1628087160000000000,147.115,147.1001,147.15,147.04,133029.0
835,2021-08-04 10:27:00-04:00,2021-08-04 10:27:00-04:00,1628087220000000000,1628087220000000000,147.11,147.09,147.18,147.035,194629.0
836,2021-08-04 10:28:00-04:00,2021-08-04 10:28:00-04:00,1628087280000000000,1628087280000000000,147.09,147.07,147.09,146.9,209382.0
837,2021-08-04 10:29:00-04:00,2021-08-04 10:29:00-04:00,1628087340000000000,1628087340000000000,147.07,147.08,147.1,147.0025,143771.0
838,2021-08-04 10:30:00-04:00,2021-08-04 10:30:00-04:00,1628087400000000000,1628087400000000000,147.07,146.95,147.11,146.91,169734.0
839,2021-08-04 10:31:00-04:00,2021-08-04 10:31:00-04:00,1628087460000000000,1628087460000000000,146.94,146.9169,146.985,146.82,177739.0
840,2021-08-04 10:32:00-04:00,2021-08-04 10:32:00-04:00,1628087520000000000,1628087520000000000,146.905,146.88,146.93,146.7863,139679.0
841,2021-08-04 10:33:00-04:00,2021-08-04 10:33:00-04:00,1628087580000000000,1628087580000000000,146.885,147.15,147.15,146.885,140263.0
842,2021-08-04 10:34:00-04:00,2021-08-04 10:34:00-04:00,1628087640000000000,1628087640000000000,147.1423,147.175,147.2788,147.14,218856.0
843,2021-08-04 10:35:00-04:00,2021-08-04 10:35:00-04:00,1628087700000000000,1628087700000000000,147.19,147.21,147.29,147.15,152116.0
844,2021-08-04 10:36:00-04:00,2021-08-04 10:36:00-04:00,1628087760000000000,1628087760000000000,147.205,147.24,147.2847,147.18,118020.0
845,2021-08-04 10:37:00-04:00,2021-08-04 10:37:00-04:00,1628087820000000000,1628087820000000000,147.241,147.12,147.255,147.091,96372.0
846,2021-08-04 10:38:00-04:00,2021-08-04 10:38:00-04:00,1628087880000000000,1628087880000000000,147.115,146.987,147.16,146.98,135231.0
847,2021-08-04 10:39:00-04:00,2021-08-04 10:39:00-04:00,1628087940000000000,1628087940000000000,146.985,146.86,146.9899,146.7899,204128.0
848,2021-08-04 10:40:00-04:00,2021-08-04 10:40:00-04:00,1628088000000000000,1628088000000000000,146.8685,147.0099,147.0187,146.8,1170638.0
849,2021-08-04 10:41:00-04:00,2021-08-04 10:41:00-04:00,1628088060000000000,1628088060000000000,147.0,147.0199,147.025,146.905,118158.0
850,2021-08-04 10:42:00-04:00,2021-08-04 10:42:00-04:00,1628088120000000000,1628088120000000000,147.01,147.02,147.0964,147.0,125190.0
851,2021-08-04 10:43:00-04:00,2021-08-04 10:43:00-04:00,1628088180000000000,1628088180000000000,147.01,146.9107,147.01,146.9,127025.0
852,2021-08-04 10:44:00-04:00,2021-08-04 10:44:00-04:00,1628088240000000000,1628088240000000000,146.91,146.8489,146.95,146.82,126950.0
853,2021-08-04 10:45:00-04:00,2021-08-04 10:45:00-04:00,1628088300000000000,1628088300000000000,146.85,146.9601,147.017,146.835,137917.0
854,2021-08-04 10:46:00-04:00,2021-08-04 10:46:00-04:00,1628088360000000000,1628088360000000000,146.9533,146.995,147.01,146.9287,101240.0
855,2021-08-04 10:47:00-04:00,2021-08-04 10:47:00-04:00,1628088420000000000,1628088420000000000,147.0,146.97,147.01,146.95,96341.0
856,2021-08-04 10:48:00-04:00,2021-08-04 10:48:00-04:00,1628088480000000000,1628088480000000000,146.98,147.05,147.0599,146.91,129212.0
857,2021-08-04 10:49:00-04:00,2021-08-04 10:49:00-04:00,1628088540000000000,1628088540000000000,147.0401,146.9758,147.06,146.95,75662.0
858,2021-08-04 10:50:00-04:00,2021-08-04 10:50:00-04:00,1628088600000000000,1628088600000000000,146.9722,146.9299,147.0,146.8799,120307.0
859,2021-08-04 10:51:00-04:00,2021-08-04 10:51:00-04:00,1628088660000000000,1628088660000000000,146.925,146.92,146.93,146.85,99362.0
860,2021-08-04 10:52:00-04:00,2021-08-04 10:52:00-04:00,1628088720000000000,1628088720000000000,146.93,146.77,146.95,146.7,208395.0
861,2021-08-04 10:53:00-04:00,2021-08-04 10:53:00-04:00,1628088780000000000,1628088780000000000,146.775,146.775,146.825,146.72,121989.0
862,2021-08-04 10:54:00-04:00,2021-08-04 10:54:00-04:00,1628088840000000000,1628088840000000000,146.7999,146.7299,146.83,146.705,114364.0
863,2021-08-04 10:55:00-04:00,2021-08-04 10:55:00-04:00,1628088900000000000,1628088900000000000,146.73,146.77,146.86,146.7201,93273.0
864,2021-08-04 10:56:00-04:00,2021-08-04 10:56:00-04:00,1628088960000000000,1628088960000000000,146.76,146.77,146.8201,146.69,147553.0
865,2021-08-04 10:57:00-04:00,2021-08-04 10:57:00-04:00,1628089020000000000,1628089020000000000,146.7799,146.6699,146.81,146.58,182368.0
866,2021-08-04 10:58:00-04:00,2021-08-04 10:58:00-04:00,1628089080000000000,1628089080000000000,146.66,146.625,146.675,146.6,119340.0
867,2021-08-04 10:59:00-04:00,2021-08-04 10:59:00-04:00,1628089140000000000,1628089140000000000,146.63,146.63,146.72,146.61,104945.0
868,2021-08-04 11:00:00-04:00,2021-08-04 11:00:00-04:00,1628089200000000000,1628089200000000000,146.635,146.6985,146.7,146.59,132385.0
869,2021-08-04 11:01:00-04:00,2021-08-04 11:01:00-04:00,1628089260000000000,1628089260000000000,146.695,146.685,146.76,146.67,144798.0
870,2021-08-04 11:02:00-04:00,2021-08-04 11:02:00-04:00,1628089320000000000,1628089320000000000,146.69,146.62,146.74,146.61,154868.0
871,2021-08-04 11:03:00-04:00,2021-08-04 11:03:00-04:00,1628089380000000000,1628089380000000000,146.615,146.58,146.62,146.45,358614.0
872,2021-08-04 11:04:00-04:00,2021-08-04 11:04:00-04:00,1628089440000000000,1628089440000000000,146.572,146.575,146.61,146.53,97746.0
873,2021-08-04 11:05:00-04:00,2021-08-04 11:05:00-04:00,1628089500000000000,1628089500000000000,146.58,146.65,146.65,146.515,108293.0
874,2021-08-04 11:06:00-04:00,2021-08-04 11:06:00-04:00,1628089560000000000,1628089560000000000,146.6591,146.65,146.71,146.635,125379.0
875,2021-08-04 11:07:00-04:00,2021-08-04 11:07:00-04:00,1628089620000000000,1628089620000000000,146.655,146.7102,146.73,146.6201,107993.0
876,2021-08-04 11:08:00-04:00,2021-08-04 11:08:00-04:00,1628089680000000000,1628089680000000000,146.71,146.6831,146.75,146.656,125404.0
877,2021-08-04 11:09:00-04:00,2021-08-04 11:09:00-04:00,1628089740000000000,1628089740000000000,146.68,146.64,146.68,146.6,95229.0
878,2021-08-04 11:10:00-04:00,2021-08-04 11:10:00-04:00,1628089800000000000,1628089800000000000,146.6409,146.69,146.7216,146.6001,134067.0
879,2021-08-04 11:11:00-04:00,2021-08-04 11:11:00-04:00,1628089860000000000,1628089860000000000,146.69,146.6091,146.695,146.6,159431.0
880,2021-08-04 11:12:00-04:00,2021-08-04 11:12:00-04:00,1628089920000000000,1628089920000000000,146.6013,146.615,146.635,146.59,105771.0
881,2021-08-04 11:13:00-04:00,2021-08-04 11:13:00-04:00,1628089980000000000,1628089980000000000,146.619,146.6274,146.68,146.619,77873.0
882,2021-08-04 11:14:00-04:00,2021-08-04 11:14:00-04:00,1628090040000000000,1628090040000000000,146.62,146.6499,146.6574,146.61,60334.0
883,2021-08-04 11:15:00-04:00,2021-08-04 11:15:00-04:00,1628090100000000000,1628090100000000000,146.65,146.605,146.679,146.54,113882.0
884,2021-08-04 11:16:00-04:00,2021-08-04 11:16:00-04:00,1628090160000000000,1628090160000000000,146.605,146.575,146.61,146.535,102990.0
885,2021-08-04 11:17:00-04:00,2021-08-04 11:17:00-04:00,1628090220000000000,1628090220000000000,146.57,146.46,146.57,146.43,155250.0
886,2021-08-04 11:18:00-04:00,2021-08-04 11:18:00-04:00,1628090280000000000,1628090280000000000,146.45,146.4917,146.4982,146.39,143020.0
887,2021-08-04 11:19:00-04:00,2021-08-04 11:19:00-04:00,1628090340000000000,1628090340000000000,146.5,146.4281,146.5,146.41,109293.0
888,2021-08-04 11:20:00-04:00,2021-08-04 11:20:00-04:00,1628090400000000000,1628090400000000000,146.4272,146.3035,146.43,146.3,200595.0
889,2021-08-04 11:21:00-04:00,2021-08-04 11:21:00-04:00,1628090460000000000,1628090460000000000,146.3,146.35,146.41,146.29,178749.0
890,2021-08-04 11:22:00-04:00,2021-08-04 11:22:00-04:00,1628090520000000000,1628090520000000000,146.35,146.455,146.47,146.3306,126789.0
891,2021-08-04 11:23:00-04:00,2021-08-04 11:23:00-04:00,1628090580000000000,1628090580000000000,146.45,146.46,146.48,146.4383,94096.0
892,2021-08-04 11:24:00-04:00,2021-08-04 11:24:00-04:00,1628090640000000000,1628090640000000000,146.45,146.32,146.48,146.28,127004.0
893,2021-08-04 11:25:00-04:00,2021-08-04 11:25:00-04:00,1628090700000000000,1628090700000000000,146.32,146.415,146.435,146.32,108412.0
894,2021-08-04 11:26:00-04:00,2021-08-04 11:26:00-04:00,1628090760000000000,1628090760000000000,146.41,146.475,146.48,146.365,108076.0
895,2021-08-04 11:27:00-04:00,2021-08-04 11:27:00-04:00,1628090820000000000,1628090820000000000,146.48,146.4891,146.6,146.4642,160215.0
896,2021-08-04 11:28:00-04:00,2021-08-04 11:28:00-04:00,1628090880000000000,1628090880000000000,146.48,146.3149,146.49,146.31,139706.0
897,2021-08-04 11:29:00-04:00,2021-08-04 11:29:00-04:00,1628090940000000000,1628090940000000000,146.32,146.4,146.4109,146.28,118279.0
898,2021-08-04 11:30:00-04:00,2021-08-04 11:30:00-04:00,1628091000000000000,1628091000000000000,146.405,146.475,146.5072,146.37,105164.0
899,2021-08-04 11:31:00-04:00,2021-08-04 11:31:00-04:00,1628091060000000000,1628091060000000000,146.48,146.52,146.54,146.44,97147.0
900,2021-08-04 11:32:00-04:00,2021-08-04 11:32:00-04:00,1628091120000000000,1628091120000000000,146.529,146.5127,146.54,146.43,121722.0
901,2021-08-04 11:33:00-04:00,2021-08-04 11:33:00-04:00,1628091180000000000,1628091180000000000,146.5101,146.56,146.59,146.49,84225.0
902,2021-08-04 11:34:00-04:00,2021-08-04 11:34:00-04:00,1628091240000000000,1628091240000000000,146.565,146.6191,146.62,146.55,88517.0
903,2021-08-04 11:35:00-04:00,2021-08-04 11:35:00-04:00,1628091300000000000,1628091300000000000,146.6191,146.59,146.635,146.57,112054.0
904,2021-08-04 11:36:00-04:00,2021-08-04 11:36:00-04:00,1628091360000000000,1628091360000000000,146.5899,146.595,146.62,146.57,78834.0
905,2021-08-04 11:37:00-04:00,2021-08-04 11:37:00-04:00,1628091420000000000,1628091420000000000,146.59,146.525,146.595,146.52,86889.0
906,2021-08-04 11:38:00-04:00,2021-08-04 11:38:00-04:00,1628091480000000000,1628091480000000000,146.53,146.5222,146.57,146.495,178935.0
907,2021-08-04 11:39:00-04:00,2021-08-04 11:39:00-04:00,1628091540000000000,1628091540000000000,146.52,146.51,146.5449,146.44,206134.0
908,2021-08-04 11:40:00-04:00,2021-08-04 11:40:00-04:00,1628091600000000000,1628091600000000000,146.52,146.48,146.53,146.44,108196.0
909,2021-08-04 11:41:00-04:00,2021-08-04 11:41:00-04:00,1628091660000000000,1628091660000000000,146.49,146.51,146.53,146.46,77046.0
910,2021-08-04 11:42:00-04:00,2021-08-04 11:42:00-04:00,1628091720000000000,1628091720000000000,146.51,146.49,146.527,146.46,95493.0
911,2021-08-04 11:43:00-04:00,2021-08-04 11:43:00-04:00,1628091780000000000,1628091780000000000,146.49,146.45,146.49,146.43,59507.0
912,2021-08-04 11:44:00-04:00,2021-08-04 11:44:00-04:00,1628091840000000000,1628091840000000000,146.44,146.48,146.48,146.43,62192.0
913,2021-08-04 11:45:00-04:00,2021-08-04 11:45:00-04:00,1628091900000000000,1628091900000000000,146.48,146.64,146.65,146.4738,96702.0
914,2021-08-04 11:46:00-04:00,2021-08-04 11:46:00-04:00,1628091960000000000,1628091960000000000,146.6313,146.6909,146.7,146.6313,151976.0
915,2021-08-04 11:47:00-04:00,2021-08-04 11:47:00-04:00,1628092020000000000,1628092020000000000,146.699,146.7338,146.74,146.6501,116218.0
916,2021-08-04 11:48:00-04:00,2021-08-04 11:48:00-04:00,1628092080000000000,1628092080000000000,146.73,146.7699,146.7699,146.665,98953.0
917,2021-08-04 11:49:00-04:00,2021-08-04 11:49:00-04:00,1628092140000000000,1628092140000000000,146.76,146.775,146.8,146.74,124474.0
918,2021-08-04 11:50:00-04:00,2021-08-04 11:50:00-04:00,1628092200000000000,1628092200000000000,146.775,146.755,146.79,146.73,105315.0
919,2021-08-04 11:51:00-04:00,2021-08-04 11:51:00-04:00,1628092260000000000,1628092260000000000,146.75,146.7701,146.775,146.71,77496.0
920,2021-08-04 11:52:00-04:00,2021-08-04 11:52:00-04:00,1628092320000000000,1628092320000000000,146.7733,146.84,146.88,146.7733,135285.0
921,2021-08-04 11:53:00-04:00,2021-08-04 11:53:00-04:00,1628092380000000000,1628092380000000000,146.8399,146.825,146.89,146.805,97400.0
922,2021-08-04 11:54:00-04:00,2021-08-04 11:54:00-04:00,1628092440000000000,1628092440000000000,146.8288,146.81,146.8288,146.76,86932.0
923,2021-08-04 11:55:00-04:00,2021-08-04 11:55:00-04:00,1628092500000000000,1628092500000000000,146.81,146.8201,146.84,146.79,81357.0
924,2021-08-04 11:56:00-04:00,2021-08-04 11:56:00-04:00,1628092560000000000,1628092560000000000,146.84,146.8921,146.9,146.82,73421.0
925,2021-08-04 11:57:00-04:00,2021-08-04 11:57:00-04:00,1628092620000000000,1628092620000000000,146.897,146.9346,146.94,146.88,82115.0
926,2021-08-04 11:58:00-04:00,2021-08-04 11:58:00-04:00,1628092680000000000,1628092680000000000,146.93,146.9001,146.97,146.8901,125787.0
927,2021-08-04 11:59:00-04:00,2021-08-04 11:59:00-04:00,1628092740000000000,1628092740000000000,146.9,146.97,146.99,146.89,106288.0
928,2021-08-04 12:00:00-04:00,2021-08-04 12:00:00-04:00,1628092800000000000,1628092800000000000,146.96,146.9331,146.9701,146.9101,64380.0
929,2021-08-04 12:01:00-04:00,2021-08-04 12:01:00-04:00,1628092860000000000,1628092860000000000,146.94,146.8973,146.9632,146.8801,78943.0
930,2021-08-04 12:02:00-04:00,2021-08-04 12:02:00-04:00,1628092920000000000,1628092920000000000,146.89,146.867,146.9,146.81,79669.0
931,2021-08-04 12:03:00-04:00,2021-08-04 12:03:00-04:00,1628092980000000000,1628092980000000000,146.87,146.905,146.93,146.86,58363.0
932,2021-08-04 12:04:00-04:00,2021-08-04 12:04:00-04:00,1628093040000000000,1628093040000000000,146.9,146.8913,146.9159,146.87,46999.0
933,2021-08-04 12:05:00-04:00,2021-08-04 12:05:00-04:00,1628093100000000000,1628093100000000000,146.895,146.94,146.955,146.895,48510.0
934,2021-08-04 12:06:00-04:00,2021-08-04 12:06:00-04:00,1628093160000000000,1628093160000000000,146.9499,146.98,147.01,146.941,154144.0
935,2021-08-04 12:07:00-04:00,2021-08-04 12:07:00-04:00,1628093220000000000,1628093220000000000,146.9715,146.942,146.98,146.92,54945.0
936,2021-08-04 12:08:00-04:00,2021-08-04 12:08:00-04:00,1628093280000000000,1628093280000000000,146.95,146.975,146.98,146.93,63637.0
937,2021-08-04 12:09:00-04:00,2021-08-04 12:09:00-04:00,1628093340000000000,1628093340000000000,146.975,147.07,147.08,146.97,163362.0
938,2021-08-04 12:10:00-04:00,2021-08-04 12:10:00-04:00,1628093400000000000,1628093400000000000,147.0724,147.07,147.11,147.02,129728.0
939,2021-08-04 12:11:00-04:00,2021-08-04 12:11:00-04:00,1628093460000000000,1628093460000000000,147.075,147.165,147.1682,147.06,65245.0
940,2021-08-04 12:12:00-04:00,2021-08-04 12:12:00-04:00,1628093520000000000,1628093520000000000,147.1613,147.21,147.2399,147.1613,167080.0
941,2021-08-04 12:13:00-04:00,2021-08-04 12:13:00-04:00,1628093580000000000,1628093580000000000,147.2021,147.25,147.26,147.18,171450.0
942,2021-08-04 12:14:00-04:00,2021-08-04 12:14:00-04:00,1628093640000000000,1628093640000000000,147.24,147.13,147.25,147.13,100604.0
943,2021-08-04 12:15:00-04:00,2021-08-04 12:15:00-04:00,1628093700000000000,1628093700000000000,147.1332,147.18,147.18,147.13,76553.0
944,2021-08-04 12:16:00-04:00,2021-08-04 12:16:00-04:00,1628093760000000000,1628093760000000000,147.181,147.1503,147.23,147.13,126156.0
945,2021-08-04 12:17:00-04:00,2021-08-04 12:17:00-04:00,1628093820000000000,1628093820000000000,147.155,147.178,147.2,147.15,59263.0
946,2021-08-04 12:18:00-04:00,2021-08-04 12:18:00-04:00,1628093880000000000,1628093880000000000,147.18,147.2299,147.27,147.17,105353.0
947,2021-08-04 12:19:00-04:00,2021-08-04 12:19:00-04:00,1628093940000000000,1628093940000000000,147.23,147.2455,147.27,147.2106,80859.0
948,2021-08-04 12:20:00-04:00,2021-08-04 12:20:00-04:00,1628094000000000000,1628094000000000000,147.25,147.2124,147.265,147.21,98737.0
949,2021-08-04 12:21:00-04:00,2021-08-04 12:21:00-04:00,1628094060000000000,1628094060000000000,147.21,147.135,147.23,147.13,91244.0
950,2021-08-04 12:22:00-04:00,2021-08-04 12:22:00-04:00,1628094120000000000,1628094120000000000,147.14,147.1,147.1591,147.09,113978.0
951,2021-08-04 12:23:00-04:00,2021-08-04 12:23:00-04:00,1628094180000000000,1628094180000000000,147.09,147.1801,147.185,147.08,83068.0
952,2021-08-04 12:24:00-04:00,2021-08-04 12:24:00-04:00,1628094240000000000,1628094240000000000,147.2,147.16,147.21,147.14,60217.0
953,2021-08-04 12:25:00-04:00,2021-08-04 12:25:00-04:00,1628094300000000000,1628094300000000000,147.15,147.2803,147.31,147.15,163941.0
954,2021-08-04 12:26:00-04:00,2021-08-04 12:26:00-04:00,1628094360000000000,1628094360000000000,147.29,147.2326,147.29,147.19,130422.0
955,2021-08-04 12:27:00-04:00,2021-08-04 12:27:00-04:00,1628094420000000000,1628094420000000000,147.24,147.1713,147.265,147.165,83960.0
956,2021-08-04 12:28:00-04:00,2021-08-04 12:28:00-04:00,1628094480000000000,1628094480000000000,147.17,147.17,147.205,147.155,71039.0
957,2021-08-04 12:29:00-04:00,2021-08-04 12:29:00-04:00,1628094540000000000,1628094540000000000,147.17,147.195,147.236,147.17,60634.0
958,2021-08-04 12:30:00-04:00,2021-08-04 12:30:00-04:00,1628094600000000000,1628094600000000000,147.2,147.205,147.24,147.2,51576.0
959,2021-08-04 12:31:00-04:00,2021-08-04 12:31:00-04:00,1628094660000000000,1628094660000000000,147.205,147.055,147.205,147.055,89889.0
960,2021-08-04 12:32:00-04:00,2021-08-04 12:32:00-04:00,1628094720000000000,1628094720000000000,147.0599,147.1201,147.13,147.0599,63202.0
961,2021-08-04 12:33:00-04:00,2021-08-04 12:33:00-04:00,1628094780000000000,1628094780000000000,147.12,147.095,147.1481,147.07,59680.0
962,2021-08-04 12:34:00-04:00,2021-08-04 12:34:00-04:00,1628094840000000000,1628094840000000000,147.1,147.14,147.15,147.08,71425.0
963,2021-08-04 12:35:00-04:00,2021-08-04 12:35:00-04:00,1628094900000000000,1628094900000000000,147.135,147.0701,147.165,147.07,42188.0
964,2021-08-04 12:36:00-04:00,2021-08-04 12:36:00-04:00,1628094960000000000,1628094960000000000,147.0701,147.06,147.081,147.04,65490.0
965,2021-08-04 12:37:00-04:00,2021-08-04 12:37:00-04:00,1628095020000000000,1628095020000000000,147.0601,147.0899,147.0899,147.03,70290.0
966,2021-08-04 12:38:00-04:00,2021-08-04 12:38:00-04:00,1628095080000000000,1628095080000000000,147.09,147.0848,147.09,147.04,58404.0
967,2021-08-04 12:39:00-04:00,2021-08-04 12:39:00-04:00,1628095140000000000,1628095140000000000,147.09,147.03,147.09,147.03,40747.0
968,2021-08-04 12:40:00-04:00,2021-08-04 12:40:00-04:00,1628095200000000000,1628095200000000000,147.035,147.029,147.07,147.01,60142.0
969,2021-08-04 12:41:00-04:00,2021-08-04 12:41:00-04:00,1628095260000000000,1628095260000000000,147.03,147.03,147.065,147.02,48768.0
970,2021-08-04 12:42:00-04:00,2021-08-04 12:42:00-04:00,1628095320000000000,1628095320000000000,147.03,147.02,147.045,147.0014,50065.0
971,2021-08-04 12:43:00-04:00,2021-08-04 12:43:00-04:00,1628095380000000000,1628095380000000000,147.01,146.995,147.03,146.97,89405.0
972,2021-08-04 12:44:00-04:00,2021-08-04 12:44:00-04:00,1628095440000000000,1628095440000000000,146.99,146.991,147.065,146.98,62768.0
973,2021-08-04 12:45:00-04:00,2021-08-04 12:45:00-04:00,1628095500000000000,1628095500000000000,146.995,147.06,147.07,146.995,65972.0
974,2021-08-04 12:46:00-04:00,2021-08-04 12:46:00-04:00,1628095560000000000,1628095560000000000,147.0599,147.093,147.14,147.05,103449.0
975,2021-08-04 12:47:00-04:00,2021-08-04 12:47:00-04:00,1628095620000000000,1628095620000000000,147.1,147.18,147.18,147.09,63251.0
976,2021-08-04 12:48:00-04:00,2021-08-04 12:48:00-04:00,1628095680000000000,1628095680000000000,147.185,147.1501,147.19,147.15,58580.0
977,2021-08-04 12:49:00-04:00,2021-08-04 12:49:00-04:00,1628095740000000000,1628095740000000000,147.155,147.1,147.16,147.07,66294.0
978,2021-08-04 12:50:00-04:00,2021-08-04 12:50:00-04:00,1628095800000000000,1628095800000000000,147.1,147.055,147.117,147.05,56175.0
979,2021-08-04 12:51:00-04:00,2021-08-04 12:51:00-04:00,1628095860000000000,1628095860000000000,147.05,147.0199,147.05,146.99,72968.0
980,2021-08-04 12:52:00-04:00,2021-08-04 12:52:00-04:00,1628095920000000000,1628095920000000000,147.02,147.0299,147.055,147.0101,48471.0
981,2021-08-04 12:53:00-04:00,2021-08-04 12:53:00-04:00,1628095980000000000,1628095980000000000,147.0301,147.07,147.11,147.025,81288.0
982,2021-08-04 12:54:00-04:00,2021-08-04 12:54:00-04:00,1628096040000000000,1628096040000000000,147.0701,147.0809,147.1,147.04,49855.0
983,2021-08-04 12:55:00-04:00,2021-08-04 12:55:00-04:00,1628096100000000000,1628096100000000000,147.09,147.03,147.1,147.02,35579.0
984,2021-08-04 12:56:00-04:00,2021-08-04 12:56:00-04:00,1628096160000000000,1628096160000000000,147.03,147.085,147.085,147.0148,37922.0
985,2021-08-04 12:57:00-04:00,2021-08-04 12:57:00-04:00,1628096220000000000,1628096220000000000,147.0842,147.125,147.14,147.05,64293.0
986,2021-08-04 12:58:00-04:00,2021-08-04 12:58:00-04:00,1628096280000000000,1628096280000000000,147.13,147.1401,147.1789,147.13,50124.0
987,2021-08-04 12:59:00-04:00,2021-08-04 12:59:00-04:00,1628096340000000000,1628096340000000000,147.15,147.145,147.17,147.13,38036.0
988,2021-08-04 13:00:00-04:00,2021-08-04 13:00:00-04:00,1628096400000000000,1628096400000000000,147.15,147.22,147.22,147.1401,51656.0
989,2021-08-04 13:01:00-04:00,2021-08-04 13:01:00-04:00,1628096460000000000,1628096460000000000,147.2199,147.2718,147.28,147.21,106036.0
990,2021-08-04 13:02:00-04:00,2021-08-04 13:02:00-04:00,1628096520000000000,1628096520000000000,147.28,147.28,147.3,147.24,118922.0
991,2021-08-04 13:03:00-04:00,2021-08-04 13:03:00-04:00,1628096580000000000,1628096580000000000,147.28,147.29,147.3,147.27,55401.0
992,2021-08-04 13:04:00-04:00,2021-08-04 13:04:00-04:00,1628096640000000000,1628096640000000000,147.29,147.27,147.3,147.27,45372.0
993,2021-08-04 13:05:00-04:00,2021-08-04 13:05:00-04:00,1628096700000000000,1628096700000000000,147.265,147.28,147.31,147.25,89097.0
994,2021-08-04 13:06:00-04:00,2021-08-04 13:06:00-04:00,1628096760000000000,1628096760000000000,147.275,147.37,147.38,147.275,125164.0
995,2021-08-04 13:07:00-04:00,2021-08-04 13:07:00-04:00,1628096820000000000,1628096820000000000,147.37,147.42,147.43,147.37,92537.0
996,2021-08-04 13:08:00-04:00,2021-08-04 13:08:00-04:00,1628096880000000000,1628096880000000000,147.41,147.3653,147.415,147.3401,85649.0
997,2021-08-04 13:09:00-04:00,2021-08-04 13:09:00-04:00,1628096940000000000,1628096940000000000,147.36,147.43,147.44,147.36,88041.0
998,2021-08-04 13:10:00-04:00,2021-08-04 13:10:00-04:00,1628097000000000000,1628097000000000000,147.431,147.415,147.45,147.393,94257.0
999,2021-08-04 13:11:00-04:00,2021-08-04 13:11:00-04:00,1628097060000000000,1628097060000000000,147.42,147.355,147.4201,147.34,72152.0
1000,2021-08-04 13:12:00-04:00,2021-08-04 13:12:00-04:00,1628097120000000000,1628097120000000000,147.35,147.39,147.4,147.3401,52130.0
1001,2021-08-04 13:13:00-04:00,2021-08-04 13:13:00-04:00,1628097180000000000,1628097180000000000,147.3901,147.3958,147.43,147.38,64269.0
1002,2021-08-04 13:14:00-04:00,2021-08-04 13:14:00-04:00,1628097240000000000,1628097240000000000,147.3958,147.3965,147.41,147.37,49046.0
1003,2021-08-04 13:15:00-04:00,2021-08-04 13:15:00-04:00,1628097300000000000,1628097300000000000,147.395,147.3573,147.44,147.34,106500.0
1004,2021-08-04 13:16:00-04:00,2021-08-04 13:16:00-04:00,1628097360000000000,1628097360000000000,147.355,147.445,147.45,147.3517,45013.0
1005,2021-08-04 13:17:00-04:00,2021-08-04 13:17:00-04:00,1628097420000000000,1628097420000000000,147.45,147.42,147.4899,147.42,99236.0
1006,2021-08-04 13:18:00-04:00,2021-08-04 13:18:00-04:00,1628097480000000000,1628097480000000000,147.4103,147.385,147.42,147.37,47920.0
1007,2021-08-04 13:19:00-04:00,2021-08-04 13:19:00-04:00,1628097540000000000,1628097540000000000,147.39,147.44,147.44,147.39,76224.0
1008,2021-08-04 13:20:00-04:00,2021-08-04 13:20:00-04:00,1628097600000000000,1628097600000000000,147.44,147.44,147.484,147.43,95592.0
1009,2021-08-04 13:21:00-04:00,2021-08-04 13:21:00-04:00,1628097660000000000,1628097660000000000,147.445,147.4898,147.49,147.41,85781.0
1010,2021-08-04 13:22:00-04:00,2021-08-04 13:22:00-04:00,1628097720000000000,1628097720000000000,147.485,147.5,147.52,147.485,133648.0
1011,2021-08-04 13:23:00-04:00,2021-08-04 13:23:00-04:00,1628097780000000000,1628097780000000000,147.49,147.455,147.495,147.45,69115.0
1012,2021-08-04 13:24:00-04:00,2021-08-04 13:24:00-04:00,1628097840000000000,1628097840000000000,147.45,147.425,147.475,147.42,58474.0
1013,2021-08-04 13:25:00-04:00,2021-08-04 13:25:00-04:00,1628097900000000000,1628097900000000000,147.423,147.4162,147.4271,147.39,47498.0
1014,2021-08-04 13:26:00-04:00,2021-08-04 13:26:00-04:00,1628097960000000000,1628097960000000000,147.4112,147.34,147.42,147.34,60497.0
1015,2021-08-04 13:27:00-04:00,2021-08-04 13:27:00-04:00,1628098020000000000,1628098020000000000,147.342,147.31,147.3701,147.31,89665.0
1016,2021-08-04 13:28:00-04:00,2021-08-04 13:28:00-04:00,1628098080000000000,1628098080000000000,147.307,147.26,147.315,147.24,85515.0
1017,2021-08-04 13:29:00-04:00,2021-08-04 13:29:00-04:00,1628098140000000000,1628098140000000000,147.26,147.265,147.29,147.2546,70075.0
1018,2021-08-04 13:30:00-04:00,2021-08-04 13:30:00-04:00,1628098200000000000,1628098200000000000,147.27,147.29,147.3,147.24,61328.0
1019,2021-08-04 13:31:00-04:00,2021-08-04 13:31:00-04:00,1628098260000000000,1628098260000000000,147.2921,147.235,147.2987,147.235,53170.0
1020,2021-08-04 13:32:00-04:00,2021-08-04 13:32:00-04:00,1628098320000000000,1628098320000000000,147.235,147.215,147.2399,147.2,66380.0
1021,2021-08-04 13:33:00-04:00,2021-08-04 13:33:00-04:00,1628098380000000000,1628098380000000000,147.21,147.17,147.2171,147.16,57316.0
1022,2021-08-04 13:34:00-04:00,2021-08-04 13:34:00-04:00,1628098440000000000,1628098440000000000,147.1699,147.1401,147.17,147.08,91976.0
1023,2021-08-04 13:35:00-04:00,2021-08-04 13:35:00-04:00,1628098500000000000,1628098500000000000,147.1399,147.12,147.1399,147.1001,48301.0
1024,2021-08-04 13:36:00-04:00,2021-08-04 13:36:00-04:00,1628098560000000000,1628098560000000000,147.125,147.085,147.13,147.0616,61038.0
1025,2021-08-04 13:37:00-04:00,2021-08-04 13:37:00-04:00,1628098620000000000,1628098620000000000,147.08,147.0911,147.1,147.04,73156.0
1026,2021-08-04 13:38:00-04:00,2021-08-04 13:38:00-04:00,1628098680000000000,1628098680000000000,147.09,147.055,147.1,147.05,68185.0
1027,2021-08-04 13:39:00-04:00,2021-08-04 13:39:00-04:00,1628098740000000000,1628098740000000000,147.0597,147.035,147.0597,147.01,80206.0
1028,2021-08-04 13:40:00-04:00,2021-08-04 13:40:00-04:00,1628098800000000000,1628098800000000000,147.0386,147.0198,147.0699,147.011,58930.0
1029,2021-08-04 13:41:00-04:00,2021-08-04 13:41:00-04:00,1628098860000000000,1628098860000000000,147.0199,147.045,147.08,147.0,83705.0
1030,2021-08-04 13:42:00-04:00,2021-08-04 13:42:00-04:00,1628098920000000000,1628098920000000000,147.0486,147.085,147.1,147.0426,85227.0
1031,2021-08-04 13:43:00-04:00,2021-08-04 13:43:00-04:00,1628098980000000000,1628098980000000000,147.0867,147.11,147.1199,147.06,62117.0
1032,2021-08-04 13:44:00-04:00,2021-08-04 13:44:00-04:00,1628099040000000000,1628099040000000000,147.105,147.1,147.105,147.06,52304.0
1033,2021-08-04 13:45:00-04:00,2021-08-04 13:45:00-04:00,1628099100000000000,1628099100000000000,147.095,147.02,147.11,147.0189,64724.0
1034,2021-08-04 13:46:00-04:00,2021-08-04 13:46:00-04:00,1628099160000000000,1628099160000000000,147.02,147.0873,147.1,147.02,51310.0
1035,2021-08-04 13:47:00-04:00,2021-08-04 13:47:00-04:00,1628099220000000000,1628099220000000000,147.085,147.05,147.11,147.035,74153.0
1036,2021-08-04 13:48:00-04:00,2021-08-04 13:48:00-04:00,1628099280000000000,1628099280000000000,147.0513,147.1,147.105,147.05,59441.0
1037,2021-08-04 13:49:00-04:00,2021-08-04 13:49:00-04:00,1628099340000000000,1628099340000000000,147.11,147.15,147.1701,147.11,58446.0
1038,2021-08-04 13:50:00-04:00,2021-08-04 13:50:00-04:00,1628099400000000000,1628099400000000000,147.14,147.1088,147.1479,147.095,40902.0
1039,2021-08-04 13:51:00-04:00,2021-08-04 13:51:00-04:00,1628099460000000000,1628099460000000000,147.1005,147.2006,147.21,147.1001,63088.0
1040,2021-08-04 13:52:00-04:00,2021-08-04 13:52:00-04:00,1628099520000000000,1628099520000000000,147.2,147.203,147.2297,147.195,55716.0
1041,2021-08-04 13:53:00-04:00,2021-08-04 13:53:00-04:00,1628099580000000000,1628099580000000000,147.21,147.18,147.2299,147.18,51084.0
1042,2021-08-04 13:54:00-04:00,2021-08-04 13:54:00-04:00,1628099640000000000,1628099640000000000,147.18,147.195,147.205,147.16,37967.0
1043,2021-08-04 13:55:00-04:00,2021-08-04 13:55:00-04:00,1628099700000000000,1628099700000000000,147.195,147.16,147.205,147.155,50445.0
1044,2021-08-04 13:56:00-04:00,2021-08-04 13:56:00-04:00,1628099760000000000,1628099760000000000,147.16,147.195,147.195,147.14,40598.0
1045,2021-08-04 13:57:00-04:00,2021-08-04 13:57:00-04:00,1628099820000000000,1628099820000000000,147.2,147.2019,147.21,147.17,35780.0
1046,2021-08-04 13:58:00-04:00,2021-08-04 13:58:00-04:00,1628099880000000000,1628099880000000000,147.205,147.125,147.21,147.11,65500.0
1047,2021-08-04 13:59:00-04:00,2021-08-04 13:59:00-04:00,1628099940000000000,1628099940000000000,147.125,147.075,147.13,147.0601,68493.0
1048,2021-08-04 14:00:00-04:00,2021-08-04 14:00:00-04:00,1628100000000000000,1628100000000000000,147.07,147.03,147.105,147.03,94770.0
1049,2021-08-04 14:01:00-04:00,2021-08-04 14:01:00-04:00,1628100060000000000,1628100060000000000,147.0374,147.0032,147.0498,146.991,126786.0
1050,2021-08-04 14:02:00-04:00,2021-08-04 14:02:00-04:00,1628100120000000000,1628100120000000000,147.0,147.0,147.02,146.97,71009.0
1051,2021-08-04 14:03:00-04:00,2021-08-04 14:03:00-04:00,1628100180000000000,1628100180000000000,147.0,147.0282,147.04,147.0,67770.0
1052,2021-08-04 14:04:00-04:00,2021-08-04 14:04:00-04:00,1628100240000000000,1628100240000000000,147.03,147.055,147.06,147.01,41135.0
1053,2021-08-04 14:05:00-04:00,2021-08-04 14:05:00-04:00,1628100300000000000,1628100300000000000,147.06,147.0401,147.075,147.025,45404.0
1054,2021-08-04 14:06:00-04:00,2021-08-04 14:06:00-04:00,1628100360000000000,1628100360000000000,147.05,147.1,147.11,147.05,47745.0
1055,2021-08-04 14:07:00-04:00,2021-08-04 14:07:00-04:00,1628100420000000000,1628100420000000000,147.1,147.12,147.14,147.1,58993.0
1056,2021-08-04 14:08:00-04:00,2021-08-04 14:08:00-04:00,1628100480000000000,1628100480000000000,147.12,147.12,147.135,147.1002,51705.0
1057,2021-08-04 14:09:00-04:00,2021-08-04 14:09:00-04:00,1628100540000000000,1628100540000000000,147.11,147.1,147.12,147.0847,38033.0
1058,2021-08-04 14:10:00-04:00,2021-08-04 14:10:00-04:00,1628100600000000000,1628100600000000000,147.09,147.12,147.14,147.08,40762.0
1059,2021-08-04 14:11:00-04:00,2021-08-04 14:11:00-04:00,1628100660000000000,1628100660000000000,147.115,147.2,147.205,147.115,107700.0
1060,2021-08-04 14:12:00-04:00,2021-08-04 14:12:00-04:00,1628100720000000000,1628100720000000000,147.2,147.2148,147.22,147.165,59907.0
1061,2021-08-04 14:13:00-04:00,2021-08-04 14:13:00-04:00,1628100780000000000,1628100780000000000,147.2188,147.195,147.22,147.18,82559.0
1062,2021-08-04 14:14:00-04:00,2021-08-04 14:14:00-04:00,1628100840000000000,1628100840000000000,147.2,147.24,147.26,147.2,67569.0
1063,2021-08-04 14:15:00-04:00,2021-08-04 14:15:00-04:00,1628100900000000000,1628100900000000000,147.24,147.17,147.242,147.17,62378.0
1064,2021-08-04 14:16:00-04:00,2021-08-04 14:16:00-04:00,1628100960000000000,1628100960000000000,147.175,147.1598,147.1899,147.1359,61622.0
1065,2021-08-04 14:17:00-04:00,2021-08-04 14:17:00-04:00,1628101020000000000,1628101020000000000,147.155,147.1418,147.1699,147.14,29034.0
1066,2021-08-04 14:18:00-04:00,2021-08-04 14:18:00-04:00,1628101080000000000,1628101080000000000,147.145,147.185,147.19,147.145,39878.0
1067,2021-08-04 14:19:00-04:00,2021-08-04 14:19:00-04:00,1628101140000000000,1628101140000000000,147.18,147.18,147.205,147.155,60532.0
1068,2021-08-04 14:20:00-04:00,2021-08-04 14:20:00-04:00,1628101200000000000,1628101200000000000,147.175,147.175,147.18,147.149,35161.0
1069,2021-08-04 14:21:00-04:00,2021-08-04 14:21:00-04:00,1628101260000000000,1628101260000000000,147.18,147.225,147.23,147.175,65947.0
1070,2021-08-04 14:22:00-04:00,2021-08-04 14:22:00-04:00,1628101320000000000,1628101320000000000,147.2186,147.21,147.2422,147.2,63450.0
1071,2021-08-04 14:23:00-04:00,2021-08-04 14:23:00-04:00,1628101380000000000,1628101380000000000,147.2,147.2101,147.23,147.18,45336.0
1072,2021-08-04 14:24:00-04:00,2021-08-04 14:24:00-04:00,1628101440000000000,1628101440000000000,147.22,147.175,147.22,147.17,48935.0
1073,2021-08-04 14:25:00-04:00,2021-08-04 14:25:00-04:00,1628101500000000000,1628101500000000000,147.1785,147.17,147.19,147.155,47200.0
1074,2021-08-04 14:26:00-04:00,2021-08-04 14:26:00-04:00,1628101560000000000,1628101560000000000,147.18,147.16,147.19,147.155,73955.0
1075,2021-08-04 14:27:00-04:00,2021-08-04 14:27:00-04:00,1628101620000000000,1628101620000000000,147.16,147.1175,147.1799,147.1031,94407.0
1076,2021-08-04 14:28:00-04:00,2021-08-04 14:28:00-04:00,1628101680000000000,1628101680000000000,147.1114,147.09,147.1314,147.0829,52422.0
1077,2021-08-04 14:29:00-04:00,2021-08-04 14:29:00-04:00,1628101740000000000,1628101740000000000,147.08,147.1,147.1101,147.08,57969.0
1078,2021-08-04 14:30:00-04:00,2021-08-04 14:30:00-04:00,1628101800000000000,1628101800000000000,147.105,147.1,147.13,147.09,57754.0
1079,2021-08-04 14:31:00-04:00,2021-08-04 14:31:00-04:00,1628101860000000000,1628101860000000000,147.101,147.056,147.12,147.03,94076.0
1080,2021-08-04 14:32:00-04:00,2021-08-04 14:32:00-04:00,1628101920000000000,1628101920000000000,147.05,147.06,147.06,147.015,53579.0
1081,2021-08-04 14:33:00-04:00,2021-08-04 14:33:00-04:00,1628101980000000000,1628101980000000000,147.06,147.0388,147.08,147.03,50911.0
1082,2021-08-04 14:34:00-04:00,2021-08-04 14:34:00-04:00,1628102040000000000,1628102040000000000,147.04,147.11,147.12,147.035,58154.0
1083,2021-08-04 14:35:00-04:00,2021-08-04 14:35:00-04:00,1628102100000000000,1628102100000000000,147.11,147.1799,147.19,147.08,133598.0
1084,2021-08-04 14:36:00-04:00,2021-08-04 14:36:00-04:00,1628102160000000000,1628102160000000000,147.18,147.14,147.19,147.13,67457.0
1085,2021-08-04 14:37:00-04:00,2021-08-04 14:37:00-04:00,1628102220000000000,1628102220000000000,147.1471,147.14,147.16,147.1,58256.0
1086,2021-08-04 14:38:00-04:00,2021-08-04 14:38:00-04:00,1628102280000000000,1628102280000000000,147.14,147.15,147.16,147.1229,43382.0
1087,2021-08-04 14:39:00-04:00,2021-08-04 14:39:00-04:00,1628102340000000000,1628102340000000000,147.15,147.19,147.2,147.15,59493.0
1088,2021-08-04 14:40:00-04:00,2021-08-04 14:40:00-04:00,1628102400000000000,1628102400000000000,147.195,147.1401,147.2,147.1401,51305.0
1089,2021-08-04 14:41:00-04:00,2021-08-04 14:41:00-04:00,1628102460000000000,1628102460000000000,147.15,147.17,147.17,147.135,59545.0
1090,2021-08-04 14:42:00-04:00,2021-08-04 14:42:00-04:00,1628102520000000000,1628102520000000000,147.17,147.09,147.175,147.06,76963.0
1091,2021-08-04 14:43:00-04:00,2021-08-04 14:43:00-04:00,1628102580000000000,1628102580000000000,147.095,147.095,147.11,147.06,46034.0
1092,2021-08-04 14:44:00-04:00,2021-08-04 14:44:00-04:00,1628102640000000000,1628102640000000000,147.1,147.0842,147.105,147.06,38694.0
1093,2021-08-04 14:45:00-04:00,2021-08-04 14:45:00-04:00,1628102700000000000,1628102700000000000,147.08,147.09,147.105,147.07,50732.0
1094,2021-08-04 14:46:00-04:00,2021-08-04 14:46:00-04:00,1628102760000000000,1628102760000000000,147.0899,147.03,147.0899,147.025,49409.0
1095,2021-08-04 14:47:00-04:00,2021-08-04 14:47:00-04:00,1628102820000000000,1628102820000000000,147.03,147.075,147.08,147.02,42479.0
1096,2021-08-04 14:48:00-04:00,2021-08-04 14:48:00-04:00,1628102880000000000,1628102880000000000,147.07,146.9682,147.09,146.935,176383.0
1097,2021-08-04 14:49:00-04:00,2021-08-04 14:49:00-04:00,1628102940000000000,1628102940000000000,146.96,146.92,146.9999,146.8901,93667.0
1098,2021-08-04 14:50:00-04:00,2021-08-04 14:50:00-04:00,1628103000000000000,1628103000000000000,146.9302,146.85,146.94,146.83,104373.0
1099,2021-08-04 14:51:00-04:00,2021-08-04 14:51:00-04:00,1628103060000000000,1628103060000000000,146.855,146.89,146.91,146.835,76764.0
1100,2021-08-04 14:52:00-04:00,2021-08-04 14:52:00-04:00,1628103120000000000,1628103120000000000,146.89,146.89,146.91,146.86,83910.0
1101,2021-08-04 14:53:00-04:00,2021-08-04 14:53:00-04:00,1628103180000000000,1628103180000000000,146.895,146.9,146.9272,146.8701,54140.0
1102,2021-08-04 14:54:00-04:00,2021-08-04 14:54:00-04:00,1628103240000000000,1628103240000000000,146.9,146.9391,146.94,146.88,48342.0
1103,2021-08-04 14:55:00-04:00,2021-08-04 14:55:00-04:00,1628103300000000000,1628103300000000000,146.935,146.82,146.9399,146.81,110840.0
1104,2021-08-04 14:56:00-04:00,2021-08-04 14:56:00-04:00,1628103360000000000,1628103360000000000,146.82,146.8047,146.84,146.777,100177.0
1105,2021-08-04 14:57:00-04:00,2021-08-04 14:57:00-04:00,1628103420000000000,1628103420000000000,146.81,146.79,146.83,146.78,64908.0
1106,2021-08-04 14:58:00-04:00,2021-08-04 14:58:00-04:00,1628103480000000000,1628103480000000000,146.785,146.83,146.84,146.77,64977.0
1107,2021-08-04 14:59:00-04:00,2021-08-04 14:59:00-04:00,1628103540000000000,1628103540000000000,146.835,146.82,146.85,146.82,61156.0
1108,2021-08-04 15:00:00-04:00,2021-08-04 15:00:00-04:00,1628103600000000000,1628103600000000000,146.815,146.795,146.8617,146.78,65603.0
1109,2021-08-04 15:01:00-04:00,2021-08-04 15:01:00-04:00,1628103660000000000,1628103660000000000,146.7991,146.86,146.86,146.7991,45726.0
1110,2021-08-04 15:02:00-04:00,2021-08-04 15:02:00-04:00,1628103720000000000,1628103720000000000,146.855,146.87,146.9,146.84,69265.0
1111,2021-08-04 15:03:00-04:00,2021-08-04 15:03:00-04:00,1628103780000000000,1628103780000000000,146.8699,146.8301,146.875,146.83,56675.0
1112,2021-08-04 15:04:00-04:00,2021-08-04 15:04:00-04:00,1628103840000000000,1628103840000000000,146.835,146.866,146.88,146.8301,57566.0
1113,2021-08-04 15:05:00-04:00,2021-08-04 15:05:00-04:00,1628103900000000000,1628103900000000000,146.87,146.86,146.87,146.835,48547.0
1114,2021-08-04 15:06:00-04:00,2021-08-04 15:06:00-04:00,1628103960000000000,1628103960000000000,146.855,146.84,146.8584,146.82,65382.0
1115,2021-08-04 15:07:00-04:00,2021-08-04 15:07:00-04:00,1628104020000000000,1628104020000000000,146.838,146.84,146.87,146.835,56881.0
1116,2021-08-04 15:08:00-04:00,2021-08-04 15:08:00-04:00,1628104080000000000,1628104080000000000,146.845,146.84,146.85,146.8043,47620.0
1117,2021-08-04 15:09:00-04:00,2021-08-04 15:09:00-04:00,1628104140000000000,1628104140000000000,146.84,146.755,146.84,146.745,93230.0
1118,2021-08-04 15:10:00-04:00,2021-08-04 15:10:00-04:00,1628104200000000000,1628104200000000000,146.76,146.73,146.79,146.725,99064.0
1119,2021-08-04 15:11:00-04:00,2021-08-04 15:11:00-04:00,1628104260000000000,1628104260000000000,146.725,146.7,146.76,146.68,119560.0
1120,2021-08-04 15:12:00-04:00,2021-08-04 15:12:00-04:00,1628104320000000000,1628104320000000000,146.7,146.71,146.72,146.66,118550.0
1121,2021-08-04 15:13:00-04:00,2021-08-04 15:13:00-04:00,1628104380000000000,1628104380000000000,146.7099,146.7579,146.77,146.7,65028.0
1122,2021-08-04 15:14:00-04:00,2021-08-04 15:14:00-04:00,1628104440000000000,1628104440000000000,146.755,146.7719,146.795,146.7529,59504.0
1123,2021-08-04 15:15:00-04:00,2021-08-04 15:15:00-04:00,1628104500000000000,1628104500000000000,146.7716,146.7474,146.7716,146.72,63556.0
1124,2021-08-04 15:16:00-04:00,2021-08-04 15:16:00-04:00,1628104560000000000,1628104560000000000,146.74,146.69,146.7686,146.6852,81644.0
1125,2021-08-04 15:17:00-04:00,2021-08-04 15:17:00-04:00,1628104620000000000,1628104620000000000,146.69,146.72,146.745,146.69,46178.0
1126,2021-08-04 15:18:00-04:00,2021-08-04 15:18:00-04:00,1628104680000000000,1628104680000000000,146.72,146.73,146.77,146.71,70942.0
1127,2021-08-04 15:19:00-04:00,2021-08-04 15:19:00-04:00,1628104740000000000,1628104740000000000,146.725,146.7599,146.7683,146.725,53574.0
1128,2021-08-04 15:20:00-04:00,2021-08-04 15:20:00-04:00,1628104800000000000,1628104800000000000,146.76,146.8099,146.82,146.73,97769.0
1129,2021-08-04 15:21:00-04:00,2021-08-04 15:21:00-04:00,1628104860000000000,1628104860000000000,146.805,146.8412,146.8412,146.78,87702.0
1130,2021-08-04 15:22:00-04:00,2021-08-04 15:22:00-04:00,1628104920000000000,1628104920000000000,146.845,146.8999,146.91,146.84,89691.0
1131,2021-08-04 15:23:00-04:00,2021-08-04 15:23:00-04:00,1628104980000000000,1628104980000000000,146.9,146.935,146.97,146.9,171576.0
1132,2021-08-04 15:24:00-04:00,2021-08-04 15:24:00-04:00,1628105040000000000,1628105040000000000,146.93,146.9531,146.965,146.915,67412.0
1133,2021-08-04 15:25:00-04:00,2021-08-04 15:25:00-04:00,1628105100000000000,1628105100000000000,146.95,147.03,147.0358,146.935,121739.0
1134,2021-08-04 15:26:00-04:00,2021-08-04 15:26:00-04:00,1628105160000000000,1628105160000000000,147.03,146.9876,147.03,146.9501,120433.0
1135,2021-08-04 15:27:00-04:00,2021-08-04 15:27:00-04:00,1628105220000000000,1628105220000000000,146.98,147.015,147.0183,146.98,233938.0
1136,2021-08-04 15:28:00-04:00,2021-08-04 15:28:00-04:00,1628105280000000000,1628105280000000000,147.015,147.015,147.0287,147.0,54267.0
1137,2021-08-04 15:29:00-04:00,2021-08-04 15:29:00-04:00,1628105340000000000,1628105340000000000,147.015,147.013,147.05,146.995,70026.0
1138,2021-08-04 15:30:00-04:00,2021-08-04 15:30:00-04:00,1628105400000000000,1628105400000000000,147.02,146.985,147.03,146.97,93858.0
1139,2021-08-04 15:31:00-04:00,2021-08-04 15:31:00-04:00,1628105460000000000,1628105460000000000,146.985,147.0232,147.0271,146.95,86633.0
1140,2021-08-04 15:32:00-04:00,2021-08-04 15:32:00-04:00,1628105520000000000,1628105520000000000,147.02,147.045,147.09,147.02,127442.0
1141,2021-08-04 15:33:00-04:00,2021-08-04 15:33:00-04:00,1628105580000000000,1628105580000000000,147.045,147.145,147.17,147.04,122191.0
1142,2021-08-04 15:34:00-04:00,2021-08-04 15:34:00-04:00,1628105640000000000,1628105640000000000,147.15,147.135,147.15,147.09,67995.0
1143,2021-08-04 15:35:00-04:00,2021-08-04 15:35:00-04:00,1628105700000000000,1628105700000000000,147.1328,147.1768,147.1768,147.111,71221.0
1144,2021-08-04 15:36:00-04:00,2021-08-04 15:36:00-04:00,1628105760000000000,1628105760000000000,147.174,147.165,147.174,147.1101,80556.0
1145,2021-08-04 15:37:00-04:00,2021-08-04 15:37:00-04:00,1628105820000000000,1628105820000000000,147.17,147.198,147.21,147.1624,125962.0
1146,2021-08-04 15:38:00-04:00,2021-08-04 15:38:00-04:00,1628105880000000000,1628105880000000000,147.191,147.145,147.2,147.13,100500.0
1147,2021-08-04 15:39:00-04:00,2021-08-04 15:39:00-04:00,1628105940000000000,1628105940000000000,147.15,147.1833,147.1877,147.14,80782.0
1148,2021-08-04 15:40:00-04:00,2021-08-04 15:40:00-04:00,1628106000000000000,1628106000000000000,147.19,147.1499,147.2,147.1201,112316.0
1149,2021-08-04 15:41:00-04:00,2021-08-04 15:41:00-04:00,1628106060000000000,1628106060000000000,147.15,147.16,147.18,147.1124,77133.0
1150,2021-08-04 15:42:00-04:00,2021-08-04 15:42:00-04:00,1628106120000000000,1628106120000000000,147.16,147.2149,147.22,147.15,63241.0
1151,2021-08-04 15:43:00-04:00,2021-08-04 15:43:00-04:00,1628106180000000000,1628106180000000000,147.21,147.265,147.29,147.21,160857.0
1152,2021-08-04 15:44:00-04:00,2021-08-04 15:44:00-04:00,1628106240000000000,1628106240000000000,147.26,147.2883,147.29,147.2501,64682.0
1153,2021-08-04 15:45:00-04:00,2021-08-04 15:45:00-04:00,1628106300000000000,1628106300000000000,147.2882,147.1863,147.29,147.18,139437.0
1154,2021-08-04 15:46:00-04:00,2021-08-04 15:46:00-04:00,1628106360000000000,1628106360000000000,147.185,147.2251,147.2251,147.1701,82616.0
1155,2021-08-04 15:47:00-04:00,2021-08-04 15:47:00-04:00,1628106420000000000,1628106420000000000,147.23,147.245,147.27,147.205,101806.0
1156,2021-08-04 15:48:00-04:00,2021-08-04 15:48:00-04:00,1628106480000000000,1628106480000000000,147.2499,147.255,147.288,147.24,96610.0
1157,2021-08-04 15:49:00-04:00,2021-08-04 15:49:00-04:00,1628106540000000000,1628106540000000000,147.25,147.24,147.28,147.223,73087.0
1158,2021-08-04 15:50:00-04:00,2021-08-04 15:50:00-04:00,1628106600000000000,1628106600000000000,147.25,147.26,147.33,147.25,180750.0
1159,2021-08-04 15:51:00-04:00,2021-08-04 15:51:00-04:00,1628106660000000000,1628106660000000000,147.26,147.295,147.32,147.25,107134.0
1160,2021-08-04 15:52:00-04:00,2021-08-04 15:52:00-04:00,1628106720000000000,1628106720000000000,147.295,147.225,147.3199,147.21,139086.0
1161,2021-08-04 15:53:00-04:00,2021-08-04 15:53:00-04:00,1628106780000000000,1628106780000000000,147.23,147.245,147.28,147.23,147798.0
1162,2021-08-04 15:54:00-04:00,2021-08-04 15:54:00-04:00,1628106840000000000,1628106840000000000,147.25,147.29,147.3,147.24,222598.0
1163,2021-08-04 15:55:00-04:00,2021-08-04 15:55:00-04:00,1628106900000000000,1628106900000000000,147.28,147.1569,147.285,147.15,241779.0
1164,2021-08-04 15:56:00-04:00,2021-08-04 15:56:00-04:00,1628106960000000000,1628106960000000000,147.155,147.0399,147.16,147.03,284267.0
1165,2021-08-04 15:57:00-04:00,2021-08-04 15:57:00-04:00,1628107020000000000,1628107020000000000,147.035,147.0,147.045,146.99,269941.0
1166,2021-08-04 15:58:00-04:00,2021-08-04 15:58:00-04:00,1628107080000000000,1628107080000000000,147.005,147.051,147.09,147.0,224865.0
1167,2021-08-05 09:30:00-04:00,2021-08-05 09:30:00-04:00,1628170200000000000,1628170200000000000,146.98,146.9,147.06,146.56,1080778.0
1168,2021-08-05 09:31:00-04:00,2021-08-05 09:31:00-04:00,1628170260000000000,1628170260000000000,146.89,146.439,146.99,146.42,390772.0
1169,2021-08-05 09:32:00-04:00,2021-08-05 09:32:00-04:00,1628170320000000000,1628170320000000000,146.43,146.3601,146.48,146.17,433979.0
1170,2021-08-05 09:33:00-04:00,2021-08-05 09:33:00-04:00,1628170380000000000,1628170380000000000,146.341,146.625,146.65,146.22,447978.0
1171,2021-08-05 09:34:00-04:00,2021-08-05 09:34:00-04:00,1628170440000000000,1628170440000000000,146.58,146.55,146.74,146.51,385558.0
1172,2021-08-05 09:35:00-04:00,2021-08-05 09:35:00-04:00,1628170500000000000,1628170500000000000,146.53,146.515,146.77,146.475,352372.0
1173,2021-08-05 09:36:00-04:00,2021-08-05 09:36:00-04:00,1628170560000000000,1628170560000000000,146.52,146.6,146.69,146.51,224436.0
1174,2021-08-05 09:37:00-04:00,2021-08-05 09:37:00-04:00,1628170620000000000,1628170620000000000,146.6,146.425,146.7077,146.37,247600.0
1175,2021-08-05 09:38:00-04:00,2021-08-05 09:38:00-04:00,1628170680000000000,1628170680000000000,146.4297,146.345,146.46,146.26,269307.0
1176,2021-08-05 09:39:00-04:00,2021-08-05 09:39:00-04:00,1628170740000000000,1628170740000000000,146.345,146.2662,146.42,146.255,235387.0
1177,2021-08-05 09:40:00-04:00,2021-08-05 09:40:00-04:00,1628170800000000000,1628170800000000000,146.26,146.46,146.4872,146.185,318807.0
1178,2021-08-05 09:41:00-04:00,2021-08-05 09:41:00-04:00,1628170860000000000,1628170860000000000,146.465,146.29,146.515,146.24,226348.0
1179,2021-08-05 09:42:00-04:00,2021-08-05 09:42:00-04:00,1628170920000000000,1628170920000000000,146.29,146.385,146.4499,146.23,288095.0
1180,2021-08-05 09:43:00-04:00,2021-08-05 09:43:00-04:00,1628170980000000000,1628170980000000000,146.385,146.465,146.535,146.36,271675.0
1181,2021-08-05 09:44:00-04:00,2021-08-05 09:44:00-04:00,1628171040000000000,1628171040000000000,146.46,146.4936,146.5657,146.42,232491.0
1182,2021-08-05 09:45:00-04:00,2021-08-05 09:45:00-04:00,1628171100000000000,1628171100000000000,146.495,146.6611,146.685,146.42,374301.0
1183,2021-08-05 09:46:00-04:00,2021-08-05 09:46:00-04:00,1628171160000000000,1628171160000000000,146.6613,146.5975,146.715,146.59,264637.0
1184,2021-08-05 09:47:00-04:00,2021-08-05 09:47:00-04:00,1628171220000000000,1628171220000000000,146.61,146.66,146.8,146.605,310003.0
1185,2021-08-05 09:48:00-04:00,2021-08-05 09:48:00-04:00,1628171280000000000,1628171280000000000,146.66,146.7599,146.83,146.65,212617.0
1186,2021-08-05 09:49:00-04:00,2021-08-05 09:49:00-04:00,1628171340000000000,1628171340000000000,146.76,146.7201,146.83,146.72,207676.0
1187,2021-08-05 09:50:00-04:00,2021-08-05 09:50:00-04:00,1628171400000000000,1628171400000000000,146.7291,146.75,146.92,146.7291,268863.0
1188,2021-08-05 09:51:00-04:00,2021-08-05 09:51:00-04:00,1628171460000000000,1628171460000000000,146.75,146.94,146.981,146.75,203536.0
1189,2021-08-05 09:52:00-04:00,2021-08-05 09:52:00-04:00,1628171520000000000,1628171520000000000,146.94,147.055,147.09,146.88,256424.0
1190,2021-08-05 09:53:00-04:00,2021-08-05 09:53:00-04:00,1628171580000000000,1628171580000000000,147.06,147.1024,147.145,147.02,244951.0
1191,2021-08-05 09:54:00-04:00,2021-08-05 09:54:00-04:00,1628171640000000000,1628171640000000000,147.109,147.145,147.1799,147.07,199530.0
1192,2021-08-05 09:55:00-04:00,2021-08-05 09:55:00-04:00,1628171700000000000,1628171700000000000,147.14,147.08,147.18,147.06,205283.0
1193,2021-08-05 09:56:00-04:00,2021-08-05 09:56:00-04:00,1628171760000000000,1628171760000000000,147.085,146.9354,147.1,146.8701,270022.0
1194,2021-08-05 09:57:00-04:00,2021-08-05 09:57:00-04:00,1628171820000000000,1628171820000000000,146.94,146.88,146.94,146.82,206334.0
1195,2021-08-05 09:58:00-04:00,2021-08-05 09:58:00-04:00,1628171880000000000,1628171880000000000,146.8724,146.95,146.985,146.81,169284.0
1196,2021-08-05 09:59:00-04:00,2021-08-05 09:59:00-04:00,1628171940000000000,1628171940000000000,146.955,147.055,147.0709,146.955,185716.0
1197,2021-08-05 10:00:00-04:00,2021-08-05 10:00:00-04:00,1628172000000000000,1628172000000000000,147.06,147.01,147.13,147.01,248400.0
1198,2021-08-05 10:01:00-04:00,2021-08-05 10:01:00-04:00,1628172060000000000,1628172060000000000,147.01,147.02,147.1,147.0,140017.0
1199,2021-08-05 10:02:00-04:00,2021-08-05 10:02:00-04:00,1628172120000000000,1628172120000000000,147.03,147.0801,147.09,146.9808,141931.0
1200,2021-08-05 10:03:00-04:00,2021-08-05 10:03:00-04:00,1628172180000000000,1628172180000000000,147.08,147.0341,147.16,147.025,188769.0
1201,2021-08-05 10:04:00-04:00,2021-08-05 10:04:00-04:00,1628172240000000000,1628172240000000000,147.04,146.965,147.07,146.95,145859.0
1202,2021-08-05 10:05:00-04:00,2021-08-05 10:05:00-04:00,1628172300000000000,1628172300000000000,146.96,146.96,147.01,146.88,163989.0
1203,2021-08-05 10:06:00-04:00,2021-08-05 10:06:00-04:00,1628172360000000000,1628172360000000000,146.965,146.895,146.975,146.86,124388.0
1204,2021-08-05 10:07:00-04:00,2021-08-05 10:07:00-04:00,1628172420000000000,1628172420000000000,146.895,146.9962,147.0,146.7906,172430.0
1205,2021-08-05 10:08:00-04:00,2021-08-05 10:08:00-04:00,1628172480000000000,1628172480000000000,146.995,147.1215,147.14,146.995,191041.0
1206,2021-08-05 10:09:00-04:00,2021-08-05 10:09:00-04:00,1628172540000000000,1628172540000000000,147.12,147.125,147.15,147.0605,141701.0
1207,2021-08-05 10:10:00-04:00,2021-08-05 10:10:00-04:00,1628172600000000000,1628172600000000000,147.12,147.12,147.19,147.0911,153608.0
1208,2021-08-05 10:11:00-04:00,2021-08-05 10:11:00-04:00,1628172660000000000,1628172660000000000,147.13,147.12,147.15,146.98,210598.0
1209,2021-08-05 10:12:00-04:00,2021-08-05 10:12:00-04:00,1628172720000000000,1628172720000000000,147.125,147.075,147.19,147.01,133844.0
1210,2021-08-05 10:13:00-04:00,2021-08-05 10:13:00-04:00,1628172780000000000,1628172780000000000,147.08,147.1599,147.17,147.06,92455.0
1211,2021-08-05 10:14:00-04:00,2021-08-05 10:14:00-04:00,1628172840000000000,1628172840000000000,147.151,147.265,147.27,147.12,184294.0
1212,2021-08-05 10:15:00-04:00,2021-08-05 10:15:00-04:00,1628172900000000000,1628172900000000000,147.265,147.3071,147.34,147.2,201155.0
1213,2021-08-05 10:16:00-04:00,2021-08-05 10:16:00-04:00,1628172960000000000,1628172960000000000,147.301,147.36,147.4,147.2968,240299.0
1214,2021-08-05 10:17:00-04:00,2021-08-05 10:17:00-04:00,1628173020000000000,1628173020000000000,147.3591,147.375,147.43,147.3,215258.0
1215,2021-08-05 10:18:00-04:00,2021-08-05 10:18:00-04:00,1628173080000000000,1628173080000000000,147.37,147.27,147.41,147.22,198683.0
1216,2021-08-05 10:19:00-04:00,2021-08-05 10:19:00-04:00,1628173140000000000,1628173140000000000,147.2725,147.2362,147.3,147.2149,92517.0
1217,2021-08-05 10:20:00-04:00,2021-08-05 10:20:00-04:00,1628173200000000000,1628173200000000000,147.24,147.1709,147.32,147.05,195229.0
1218,2021-08-05 10:21:00-04:00,2021-08-05 10:21:00-04:00,1628173260000000000,1628173260000000000,147.17,147.1599,147.21,147.15,116685.0
1219,2021-08-05 10:22:00-04:00,2021-08-05 10:22:00-04:00,1628173320000000000,1628173320000000000,147.155,147.115,147.2,147.09,127460.0
1220,2021-08-05 10:23:00-04:00,2021-08-05 10:23:00-04:00,1628173380000000000,1628173380000000000,147.1,147.11,147.17,147.085,125985.0
1221,2021-08-05 10:24:00-04:00,2021-08-05 10:24:00-04:00,1628173440000000000,1628173440000000000,147.1,147.11,147.11,147.02,117326.0
1222,2021-08-05 10:25:00-04:00,2021-08-05 10:25:00-04:00,1628173500000000000,1628173500000000000,147.11,147.23,147.24,147.06,188271.0
1223,2021-08-05 10:26:00-04:00,2021-08-05 10:26:00-04:00,1628173560000000000,1628173560000000000,147.23,147.165,147.28,147.16,181626.0
1224,2021-08-05 10:27:00-04:00,2021-08-05 10:27:00-04:00,1628173620000000000,1628173620000000000,147.16,147.215,147.24,147.095,124005.0
1225,2021-08-05 10:28:00-04:00,2021-08-05 10:28:00-04:00,1628173680000000000,1628173680000000000,147.2111,147.28,147.34,147.21,150238.0
1226,2021-08-05 10:29:00-04:00,2021-08-05 10:29:00-04:00,1628173740000000000,1628173740000000000,147.29,147.36,147.36,147.23,135411.0
1227,2021-08-05 10:30:00-04:00,2021-08-05 10:30:00-04:00,1628173800000000000,1628173800000000000,147.3624,147.4099,147.44,147.36,193462.0
1228,2021-08-05 10:31:00-04:00,2021-08-05 10:31:00-04:00,1628173860000000000,1628173860000000000,147.41,147.3801,147.47,147.34,135994.0
1229,2021-08-05 10:32:00-04:00,2021-08-05 10:32:00-04:00,1628173920000000000,1628173920000000000,147.3801,147.4,147.44,147.35,99885.0
1230,2021-08-05 10:33:00-04:00,2021-08-05 10:33:00-04:00,1628173980000000000,1628173980000000000,147.4008,147.3511,147.4401,147.33,135503.0
1231,2021-08-05 10:34:00-04:00,2021-08-05 10:34:00-04:00,1628174040000000000,1628174040000000000,147.37,147.31,147.38,147.28,122862.0
1232,2021-08-05 10:35:00-04:00,2021-08-05 10:35:00-04:00,1628174100000000000,1628174100000000000,147.31,147.35,147.37,147.23,118956.0
1233,2021-08-05 10:36:00-04:00,2021-08-05 10:36:00-04:00,1628174160000000000,1628174160000000000,147.3401,147.22,147.346,147.1602,117087.0
1234,2021-08-05 10:37:00-04:00,2021-08-05 10:37:00-04:00,1628174220000000000,1628174220000000000,147.225,147.17,147.2558,147.17,70637.0
1235,2021-08-05 10:38:00-04:00,2021-08-05 10:38:00-04:00,1628174280000000000,1628174280000000000,147.1787,147.3099,147.323,147.175,133216.0
1236,2021-08-05 10:39:00-04:00,2021-08-05 10:39:00-04:00,1628174340000000000,1628174340000000000,147.3,147.345,147.365,147.28,120684.0
1237,2021-08-05 10:40:00-04:00,2021-08-05 10:40:00-04:00,1628174400000000000,1628174400000000000,147.36,147.3775,147.4182,147.34,124057.0
1238,2021-08-05 10:41:00-04:00,2021-08-05 10:41:00-04:00,1628174460000000000,1628174460000000000,147.38,147.39,147.475,147.36,156349.0
1239,2021-08-05 10:42:00-04:00,2021-08-05 10:42:00-04:00,1628174520000000000,1628174520000000000,147.38,147.38,147.4099,147.3308,88492.0
1240,2021-08-05 10:43:00-04:00,2021-08-05 10:43:00-04:00,1628174580000000000,1628174580000000000,147.38,147.4427,147.46,147.375,77235.0
1241,2021-08-05 10:44:00-04:00,2021-08-05 10:44:00-04:00,1628174640000000000,1628174640000000000,147.4407,147.4201,147.4875,147.41,87182.0
1242,2021-08-05 10:45:00-04:00,2021-08-05 10:45:00-04:00,1628174700000000000,1628174700000000000,147.425,147.45,147.4674,147.4,82970.0
1243,2021-08-05 10:46:00-04:00,2021-08-05 10:46:00-04:00,1628174760000000000,1628174760000000000,147.45,147.375,147.45,147.34,98488.0
1244,2021-08-05 10:47:00-04:00,2021-08-05 10:47:00-04:00,1628174820000000000,1628174820000000000,147.3708,147.31,147.38,147.27,121657.0
1245,2021-08-05 10:48:00-04:00,2021-08-05 10:48:00-04:00,1628174880000000000,1628174880000000000,147.3,147.27,147.32,147.24,93101.0
1246,2021-08-05 10:49:00-04:00,2021-08-05 10:49:00-04:00,1628174940000000000,1628174940000000000,147.27,147.275,147.32,147.25,61221.0
1247,2021-08-05 10:50:00-04:00,2021-08-05 10:50:00-04:00,1628175000000000000,1628175000000000000,147.275,147.38,147.4,147.2701,91386.0
1248,2021-08-05 10:51:00-04:00,2021-08-05 10:51:00-04:00,1628175060000000000,1628175060000000000,147.38,147.47,147.475,147.3799,150440.0
1249,2021-08-05 10:52:00-04:00,2021-08-05 10:52:00-04:00,1628175120000000000,1628175120000000000,147.46,147.49,147.51,147.4513,208390.0
1250,2021-08-05 10:53:00-04:00,2021-08-05 10:53:00-04:00,1628175180000000000,1628175180000000000,147.4801,147.5499,147.5581,147.48,131900.0
1251,2021-08-05 10:54:00-04:00,2021-08-05 10:54:00-04:00,1628175240000000000,1628175240000000000,147.545,147.5476,147.585,147.5301,88947.0
1252,2021-08-05 10:55:00-04:00,2021-08-05 10:55:00-04:00,1628175300000000000,1628175300000000000,147.54,147.555,147.56,147.4957,89930.0
1253,2021-08-05 10:56:00-04:00,2021-08-05 10:56:00-04:00,1628175360000000000,1628175360000000000,147.5594,147.4799,147.5613,147.47,95306.0
1254,2021-08-05 10:57:00-04:00,2021-08-05 10:57:00-04:00,1628175420000000000,1628175420000000000,147.47,147.4091,147.48,147.4001,91044.0
1255,2021-08-05 10:58:00-04:00,2021-08-05 10:58:00-04:00,1628175480000000000,1628175480000000000,147.4,147.455,147.455,147.3716,65435.0
1256,2021-08-05 10:59:00-04:00,2021-08-05 10:59:00-04:00,1628175540000000000,1628175540000000000,147.459,147.49,147.5,147.44,69932.0
1257,2021-08-05 11:00:00-04:00,2021-08-05 11:00:00-04:00,1628175600000000000,1628175600000000000,147.4899,147.6488,147.65,147.47,184248.0
1258,2021-08-05 11:01:00-04:00,2021-08-05 11:01:00-04:00,1628175660000000000,1628175660000000000,147.645,147.7,147.72,147.61,199236.0
1259,2021-08-05 11:02:00-04:00,2021-08-05 11:02:00-04:00,1628175720000000000,1628175720000000000,147.7,147.76,147.79,147.69,174269.0
1260,2021-08-05 11:03:00-04:00,2021-08-05 11:03:00-04:00,1628175780000000000,1628175780000000000,147.765,147.7625,147.815,147.74,179726.0
1261,2021-08-05 11:04:00-04:00,2021-08-05 11:04:00-04:00,1628175840000000000,1628175840000000000,147.775,147.805,147.84,147.775,119379.0
1262,2021-08-05 11:05:00-04:00,2021-08-05 11:05:00-04:00,1628175900000000000,1628175900000000000,147.815,147.7401,147.83,147.7208,133525.0
1263,2021-08-05 11:06:00-04:00,2021-08-05 11:06:00-04:00,1628175960000000000,1628175960000000000,147.74,147.69,147.749,147.67,87960.0
1264,2021-08-05 11:07:00-04:00,2021-08-05 11:07:00-04:00,1628176020000000000,1628176020000000000,147.6999,147.69,147.74,147.68,85336.0
1265,2021-08-05 11:08:00-04:00,2021-08-05 11:08:00-04:00,1628176080000000000,1628176080000000000,147.68,147.71,147.74,147.65,80379.0
1266,2021-08-05 11:09:00-04:00,2021-08-05 11:09:00-04:00,1628176140000000000,1628176140000000000,147.7077,147.6225,147.7114,147.61,63220.0
1267,2021-08-05 11:10:00-04:00,2021-08-05 11:10:00-04:00,1628176200000000000,1628176200000000000,147.63,147.55,147.64,147.54,92328.0
1268,2021-08-05 11:11:00-04:00,2021-08-05 11:11:00-04:00,1628176260000000000,1628176260000000000,147.5491,147.64,147.64,147.5452,95421.0
1269,2021-08-05 11:12:00-04:00,2021-08-05 11:12:00-04:00,1628176320000000000,1628176320000000000,147.6374,147.565,147.66,147.555,141772.0
1270,2021-08-05 11:13:00-04:00,2021-08-05 11:13:00-04:00,1628176380000000000,1628176380000000000,147.57,147.5981,147.605,147.54,96986.0
1271,2021-08-05 11:14:00-04:00,2021-08-05 11:14:00-04:00,1628176440000000000,1628176440000000000,147.595,147.6293,147.665,147.595,108525.0
1272,2021-08-05 11:15:00-04:00,2021-08-05 11:15:00-04:00,1628176500000000000,1628176500000000000,147.62,147.6748,147.68,147.6189,107745.0
1273,2021-08-05 11:16:00-04:00,2021-08-05 11:16:00-04:00,1628176560000000000,1628176560000000000,147.67,147.6099,147.67,147.6,66333.0
1274,2021-08-05 11:17:00-04:00,2021-08-05 11:17:00-04:00,1628176620000000000,1628176620000000000,147.6001,147.5029,147.61,147.5,93518.0
1275,2021-08-05 11:18:00-04:00,2021-08-05 11:18:00-04:00,1628176680000000000,1628176680000000000,147.5,147.43,147.52,147.42,107098.0
1276,2021-08-05 11:19:00-04:00,2021-08-05 11:19:00-04:00,1628176740000000000,1628176740000000000,147.43,147.49,147.49,147.41,95659.0
1277,2021-08-05 11:20:00-04:00,2021-08-05 11:20:00-04:00,1628176800000000000,1628176800000000000,147.485,147.485,147.5,147.435,82436.0
1278,2021-08-05 11:21:00-04:00,2021-08-05 11:21:00-04:00,1628176860000000000,1628176860000000000,147.48,147.455,147.4879,147.445,45786.0
1279,2021-08-05 11:22:00-04:00,2021-08-05 11:22:00-04:00,1628176920000000000,1628176920000000000,147.455,147.42,147.46,147.41,83001.0
1280,2021-08-05 11:23:00-04:00,2021-08-05 11:23:00-04:00,1628176980000000000,1628176980000000000,147.42,147.39,147.4471,147.38,114084.0
1281,2021-08-05 11:24:00-04:00,2021-08-05 11:24:00-04:00,1628177040000000000,1628177040000000000,147.39,147.39,147.415,147.37,78843.0
1282,2021-08-05 11:25:00-04:00,2021-08-05 11:25:00-04:00,1628177100000000000,1628177100000000000,147.39,147.32,147.39,147.3,128378.0
1283,2021-08-05 11:26:00-04:00,2021-08-05 11:26:00-04:00,1628177160000000000,1628177160000000000,147.32,147.37,147.42,147.3,104072.0
1284,2021-08-05 11:27:00-04:00,2021-08-05 11:27:00-04:00,1628177220000000000,1628177220000000000,147.365,147.4199,147.45,147.3422,90262.0
1285,2021-08-05 11:28:00-04:00,2021-08-05 11:28:00-04:00,1628177280000000000,1628177280000000000,147.42,147.4999,147.5,147.415,94859.0
1286,2021-08-05 11:29:00-04:00,2021-08-05 11:29:00-04:00,1628177340000000000,1628177340000000000,147.4946,147.4701,147.5127,147.44,110836.0
1287,2021-08-05 11:30:00-04:00,2021-08-05 11:30:00-04:00,1628177400000000000,1628177400000000000,147.48,147.53,147.53,147.44,78966.0
1288,2021-08-05 11:31:00-04:00,2021-08-05 11:31:00-04:00,1628177460000000000,1628177460000000000,147.535,147.52,147.56,147.51,81505.0
1289,2021-08-05 11:32:00-04:00,2021-08-05 11:32:00-04:00,1628177520000000000,1628177520000000000,147.525,147.573,147.61,147.5,75516.0
1290,2021-08-05 11:33:00-04:00,2021-08-05 11:33:00-04:00,1628177580000000000,1628177580000000000,147.5899,147.6079,147.63,147.5801,70555.0
1291,2021-08-05 11:34:00-04:00,2021-08-05 11:34:00-04:00,1628177640000000000,1628177640000000000,147.6,147.56,147.6,147.54,78315.0
1292,2021-08-05 11:35:00-04:00,2021-08-05 11:35:00-04:00,1628177700000000000,1628177700000000000,147.565,147.505,147.57,147.4629,131393.0
1293,2021-08-05 11:36:00-04:00,2021-08-05 11:36:00-04:00,1628177760000000000,1628177760000000000,147.505,147.5401,147.55,147.4702,59252.0
1294,2021-08-05 11:37:00-04:00,2021-08-05 11:37:00-04:00,1628177820000000000,1628177820000000000,147.545,147.51,147.575,147.5,65676.0
1295,2021-08-05 11:38:00-04:00,2021-08-05 11:38:00-04:00,1628177880000000000,1628177880000000000,147.503,147.485,147.5261,147.475,58811.0
1296,2021-08-05 11:39:00-04:00,2021-08-05 11:39:00-04:00,1628177940000000000,1628177940000000000,147.49,147.48,147.53,147.475,53016.0
1297,2021-08-05 11:40:00-04:00,2021-08-05 11:40:00-04:00,1628178000000000000,1628178000000000000,147.4799,147.435,147.4799,147.4,89789.0
1298,2021-08-05 11:41:00-04:00,2021-08-05 11:41:00-04:00,1628178060000000000,1628178060000000000,147.4497,147.5089,147.525,147.4,103667.0
1299,2021-08-05 11:42:00-04:00,2021-08-05 11:42:00-04:00,1628178120000000000,1628178120000000000,147.51,147.4102,147.51,147.41,73011.0
1300,2021-08-05 11:43:00-04:00,2021-08-05 11:43:00-04:00,1628178180000000000,1628178180000000000,147.41,147.385,147.41,147.36,81195.0
1301,2021-08-05 11:44:00-04:00,2021-08-05 11:44:00-04:00,1628178240000000000,1628178240000000000,147.38,147.42,147.435,147.37,57408.0
1302,2021-08-05 11:45:00-04:00,2021-08-05 11:45:00-04:00,1628178300000000000,1628178300000000000,147.42,147.37,147.4299,147.3454,81757.0
1303,2021-08-05 11:46:00-04:00,2021-08-05 11:46:00-04:00,1628178360000000000,1628178360000000000,147.37,147.41,147.4467,147.36,64253.0
1304,2021-08-05 11:47:00-04:00,2021-08-05 11:47:00-04:00,1628178420000000000,1628178420000000000,147.405,147.456,147.4599,147.39,63728.0
1305,2021-08-05 11:48:00-04:00,2021-08-05 11:48:00-04:00,1628178480000000000,1628178480000000000,147.455,147.45,147.455,147.42,62635.0
1306,2021-08-05 11:49:00-04:00,2021-08-05 11:49:00-04:00,1628178540000000000,1628178540000000000,147.4425,147.4412,147.4502,147.41,66785.0
1307,2021-08-05 11:50:00-04:00,2021-08-05 11:50:00-04:00,1628178600000000000,1628178600000000000,147.442,147.49,147.49,147.42,91768.0
1308,2021-08-05 11:51:00-04:00,2021-08-05 11:51:00-04:00,1628178660000000000,1628178660000000000,147.485,147.45,147.5,147.42,75851.0
1309,2021-08-05 11:52:00-04:00,2021-08-05 11:52:00-04:00,1628178720000000000,1628178720000000000,147.44,147.485,147.485,147.41,44247.0
1310,2021-08-05 11:53:00-04:00,2021-08-05 11:53:00-04:00,1628178780000000000,1628178780000000000,147.485,147.5497,147.55,147.474,80808.0
1311,2021-08-05 11:54:00-04:00,2021-08-05 11:54:00-04:00,1628178840000000000,1628178840000000000,147.55,147.6,147.6,147.532,100855.0
1312,2021-08-05 11:55:00-04:00,2021-08-05 11:55:00-04:00,1628178900000000000,1628178900000000000,147.6,147.565,147.6,147.5201,92221.0
1313,2021-08-05 11:56:00-04:00,2021-08-05 11:56:00-04:00,1628178960000000000,1628178960000000000,147.5649,147.505,147.59,147.5,70710.0
1314,2021-08-05 11:57:00-04:00,2021-08-05 11:57:00-04:00,1628179020000000000,1628179020000000000,147.505,147.475,147.51,147.455,35475.0
1315,2021-08-05 11:58:00-04:00,2021-08-05 11:58:00-04:00,1628179080000000000,1628179080000000000,147.48,147.465,147.515,147.42,77029.0
1316,2021-08-05 11:59:00-04:00,2021-08-05 11:59:00-04:00,1628179140000000000,1628179140000000000,147.46,147.46,147.49,147.44,61045.0
1317,2021-08-05 12:00:00-04:00,2021-08-05 12:00:00-04:00,1628179200000000000,1628179200000000000,147.465,147.415,147.475,147.4,91519.0
1318,2021-08-05 12:01:00-04:00,2021-08-05 12:01:00-04:00,1628179260000000000,1628179260000000000,147.415,147.35,147.415,147.34,102107.0
1319,2021-08-05 12:02:00-04:00,2021-08-05 12:02:00-04:00,1628179320000000000,1628179320000000000,147.351,147.44,147.44,147.325,79284.0
1320,2021-08-05 12:03:00-04:00,2021-08-05 12:03:00-04:00,1628179380000000000,1628179380000000000,147.44,147.43,147.4599,147.39,74847.0
1321,2021-08-05 12:04:00-04:00,2021-08-05 12:04:00-04:00,1628179440000000000,1628179440000000000,147.43,147.39,147.4338,147.36,51173.0
1322,2021-08-05 12:05:00-04:00,2021-08-05 12:05:00-04:00,1628179500000000000,1628179500000000000,147.385,147.35,147.3897,147.34,71304.0
1323,2021-08-05 12:06:00-04:00,2021-08-05 12:06:00-04:00,1628179560000000000,1628179560000000000,147.3427,147.345,147.35,147.3,101187.0
1324,2021-08-05 12:07:00-04:00,2021-08-05 12:07:00-04:00,1628179620000000000,1628179620000000000,147.35,147.35,147.41,147.335,103067.0
1325,2021-08-05 12:08:00-04:00,2021-08-05 12:08:00-04:00,1628179680000000000,1628179680000000000,147.36,147.37,147.37,147.34,43566.0
1326,2021-08-05 12:09:00-04:00,2021-08-05 12:09:00-04:00,1628179740000000000,1628179740000000000,147.37,147.3785,147.4,147.365,52096.0
1327,2021-08-05 12:10:00-04:00,2021-08-05 12:10:00-04:00,1628179800000000000,1628179800000000000,147.37,147.45,147.45,147.36,76836.0
1328,2021-08-05 12:11:00-04:00,2021-08-05 12:11:00-04:00,1628179860000000000,1628179860000000000,147.445,147.438,147.47,147.435,59465.0
1329,2021-08-05 12:12:00-04:00,2021-08-05 12:12:00-04:00,1628179920000000000,1628179920000000000,147.44,147.49,147.49,147.44,59527.0
1330,2021-08-05 12:13:00-04:00,2021-08-05 12:13:00-04:00,1628179980000000000,1628179980000000000,147.48,147.545,147.545,147.47,71819.0
1331,2021-08-05 12:14:00-04:00,2021-08-05 12:14:00-04:00,1628180040000000000,1628180040000000000,147.5424,147.51,147.545,147.48,61150.0
1332,2021-08-05 12:15:00-04:00,2021-08-05 12:15:00-04:00,1628180100000000000,1628180100000000000,147.5086,147.43,147.52,147.43,68374.0
1333,2021-08-05 12:16:00-04:00,2021-08-05 12:16:00-04:00,1628180160000000000,1628180160000000000,147.43,147.4332,147.46,147.41,58990.0
1334,2021-08-05 12:17:00-04:00,2021-08-05 12:17:00-04:00,1628180220000000000,1628180220000000000,147.4301,147.39,147.45,147.39,62404.0
1335,2021-08-05 12:18:00-04:00,2021-08-05 12:18:00-04:00,1628180280000000000,1628180280000000000,147.4,147.385,147.4,147.35,65915.0
1336,2021-08-05 12:19:00-04:00,2021-08-05 12:19:00-04:00,1628180340000000000,1628180340000000000,147.38,147.38,147.41,147.3515,56767.0
1337,2021-08-05 12:20:00-04:00,2021-08-05 12:20:00-04:00,1628180400000000000,1628180400000000000,147.39,147.3501,147.39,147.35,52351.0
1338,2021-08-05 12:21:00-04:00,2021-08-05 12:21:00-04:00,1628180460000000000,1628180460000000000,147.35,147.325,147.35,147.31,72707.0
1339,2021-08-05 12:22:00-04:00,2021-08-05 12:22:00-04:00,1628180520000000000,1628180520000000000,147.32,147.345,147.37,147.31,57606.0
1340,2021-08-05 12:23:00-04:00,2021-08-05 12:23:00-04:00,1628180580000000000,1628180580000000000,147.35,147.3,147.35,147.265,72224.0
1341,2021-08-05 12:24:00-04:00,2021-08-05 12:24:00-04:00,1628180640000000000,1628180640000000000,147.3,147.3401,147.35,147.28,48731.0
1342,2021-08-05 12:25:00-04:00,2021-08-05 12:25:00-04:00,1628180700000000000,1628180700000000000,147.35,147.34,147.37,147.32,80598.0
1343,2021-08-05 12:26:00-04:00,2021-08-05 12:26:00-04:00,1628180760000000000,1628180760000000000,147.34,147.3025,147.36,147.3,61961.0
1344,2021-08-05 12:27:00-04:00,2021-08-05 12:27:00-04:00,1628180820000000000,1628180820000000000,147.32,147.26,147.32,147.24,107210.0
1345,2021-08-05 12:28:00-04:00,2021-08-05 12:28:00-04:00,1628180880000000000,1628180880000000000,147.265,147.3291,147.33,147.25,54490.0
1346,2021-08-05 12:29:00-04:00,2021-08-05 12:29:00-04:00,1628180940000000000,1628180940000000000,147.33,147.285,147.35,147.285,62605.0
1347,2021-08-05 12:30:00-04:00,2021-08-05 12:30:00-04:00,1628181000000000000,1628181000000000000,147.291,147.3622,147.3672,147.283,54201.0
1348,2021-08-05 12:31:00-04:00,2021-08-05 12:31:00-04:00,1628181060000000000,1628181060000000000,147.365,147.34,147.38,147.335,64861.0
1349,2021-08-05 12:32:00-04:00,2021-08-05 12:32:00-04:00,1628181120000000000,1628181120000000000,147.345,147.3724,147.39,147.3202,55352.0
1350,2021-08-05 12:33:00-04:00,2021-08-05 12:33:00-04:00,1628181180000000000,1628181180000000000,147.3802,147.35,147.39,147.3424,47702.0
1351,2021-08-05 12:34:00-04:00,2021-08-05 12:34:00-04:00,1628181240000000000,1628181240000000000,147.355,147.355,147.36,147.32,41291.0
1352,2021-08-05 12:35:00-04:00,2021-08-05 12:35:00-04:00,1628181300000000000,1628181300000000000,147.353,147.3101,147.36,147.31,52213.0
1353,2021-08-05 12:36:00-04:00,2021-08-05 12:36:00-04:00,1628181360000000000,1628181360000000000,147.31,147.35,147.3518,147.3,45353.0
1354,2021-08-05 12:37:00-04:00,2021-08-05 12:37:00-04:00,1628181420000000000,1628181420000000000,147.36,147.39,147.4,147.355,65652.0
1355,2021-08-05 12:38:00-04:00,2021-08-05 12:38:00-04:00,1628181480000000000,1628181480000000000,147.3883,147.37,147.4,147.35,74526.0
1356,2021-08-05 12:39:00-04:00,2021-08-05 12:39:00-04:00,1628181540000000000,1628181540000000000,147.365,147.3281,147.38,147.32,37253.0
1357,2021-08-05 12:40:00-04:00,2021-08-05 12:40:00-04:00,1628181600000000000,1628181600000000000,147.3276,147.3,147.33,147.28,60305.0
1358,2021-08-05 12:41:00-04:00,2021-08-05 12:41:00-04:00,1628181660000000000,1628181660000000000,147.2933,147.29,147.32,147.27,60132.0
1359,2021-08-05 12:42:00-04:00,2021-08-05 12:42:00-04:00,1628181720000000000,1628181720000000000,147.29,147.3499,147.355,147.29,70792.0
1360,2021-08-05 12:43:00-04:00,2021-08-05 12:43:00-04:00,1628181780000000000,1628181780000000000,147.34,147.273,147.345,147.2713,45612.0
1361,2021-08-05 12:44:00-04:00,2021-08-05 12:44:00-04:00,1628181840000000000,1628181840000000000,147.27,147.255,147.32,147.25,49670.0
1362,2021-08-05 12:45:00-04:00,2021-08-05 12:45:00-04:00,1628181900000000000,1628181900000000000,147.2521,147.2599,147.2681,147.22,64428.0
1363,2021-08-05 12:46:00-04:00,2021-08-05 12:46:00-04:00,1628181960000000000,1628181960000000000,147.26,147.2495,147.26,147.24,29365.0
1364,2021-08-05 12:47:00-04:00,2021-08-05 12:47:00-04:00,1628182020000000000,1628182020000000000,147.245,147.2199,147.2638,147.17,128972.0
1365,2021-08-05 12:48:00-04:00,2021-08-05 12:48:00-04:00,1628182080000000000,1628182080000000000,147.22,147.215,147.235,147.2,50511.0
1366,2021-08-05 12:49:00-04:00,2021-08-05 12:49:00-04:00,1628182140000000000,1628182140000000000,147.215,147.295,147.295,147.2,66683.0
1367,2021-08-05 12:50:00-04:00,2021-08-05 12:50:00-04:00,1628182200000000000,1628182200000000000,147.295,147.305,147.3099,147.265,48445.0
1368,2021-08-05 12:51:00-04:00,2021-08-05 12:51:00-04:00,1628182260000000000,1628182260000000000,147.305,147.304,147.31,147.28,58271.0
1369,2021-08-05 12:52:00-04:00,2021-08-05 12:52:00-04:00,1628182320000000000,1628182320000000000,147.295,147.315,147.3199,147.261,35524.0
1370,2021-08-05 12:53:00-04:00,2021-08-05 12:53:00-04:00,1628182380000000000,1628182380000000000,147.3173,147.315,147.33,147.3,48350.0
1371,2021-08-05 12:54:00-04:00,2021-08-05 12:54:00-04:00,1628182440000000000,1628182440000000000,147.315,147.27,147.3199,147.26,43347.0
1372,2021-08-05 12:55:00-04:00,2021-08-05 12:55:00-04:00,1628182500000000000,1628182500000000000,147.27,147.27,147.28,147.2425,62331.0
1373,2021-08-05 12:56:00-04:00,2021-08-05 12:56:00-04:00,1628182560000000000,1628182560000000000,147.2718,147.285,147.285,147.25,40239.0
1374,2021-08-05 12:57:00-04:00,2021-08-05 12:57:00-04:00,1628182620000000000,1628182620000000000,147.285,147.25,147.31,147.25,72332.0
1375,2021-08-05 12:58:00-04:00,2021-08-05 12:58:00-04:00,1628182680000000000,1628182680000000000,147.26,147.2853,147.2853,147.2201,48353.0
1376,2021-08-05 12:59:00-04:00,2021-08-05 12:59:00-04:00,1628182740000000000,1628182740000000000,147.29,147.2576,147.295,147.24,48543.0
1377,2021-08-05 13:00:00-04:00,2021-08-05 13:00:00-04:00,1628182800000000000,1628182800000000000,147.25,147.24,147.265,147.23,43487.0
1378,2021-08-05 13:01:00-04:00,2021-08-05 13:01:00-04:00,1628182860000000000,1628182860000000000,147.24,147.225,147.25,147.215,99542.0
1379,2021-08-05 13:02:00-04:00,2021-08-05 13:02:00-04:00,1628182920000000000,1628182920000000000,147.22,147.17,147.235,147.15,66485.0
1380,2021-08-05 13:03:00-04:00,2021-08-05 13:03:00-04:00,1628182980000000000,1628182980000000000,147.17,147.17,147.18,147.16,37875.0
1381,2021-08-05 13:04:00-04:00,2021-08-05 13:04:00-04:00,1628183040000000000,1628183040000000000,147.1606,147.21,147.21,147.155,35967.0
1382,2021-08-05 13:05:00-04:00,2021-08-05 13:05:00-04:00,1628183100000000000,1628183100000000000,147.215,147.156,147.23,147.1499,57835.0
1383,2021-08-05 13:06:00-04:00,2021-08-05 13:06:00-04:00,1628183160000000000,1628183160000000000,147.16,147.1523,147.18,147.1322,44919.0
1384,2021-08-05 13:07:00-04:00,2021-08-05 13:07:00-04:00,1628183220000000000,1628183220000000000,147.15,147.15,147.1797,147.14,47874.0
1385,2021-08-05 13:08:00-04:00,2021-08-05 13:08:00-04:00,1628183280000000000,1628183280000000000,147.145,147.1628,147.17,147.14,37892.0
1386,2021-08-05 13:09:00-04:00,2021-08-05 13:09:00-04:00,1628183340000000000,1628183340000000000,147.165,147.165,147.175,147.15,32220.0
1387,2021-08-05 13:10:00-04:00,2021-08-05 13:10:00-04:00,1628183400000000000,1628183400000000000,147.17,147.17,147.19,147.16,53760.0
1388,2021-08-05 13:11:00-04:00,2021-08-05 13:11:00-04:00,1628183460000000000,1628183460000000000,147.175,147.155,147.195,147.15,38286.0
1389,2021-08-05 13:12:00-04:00,2021-08-05 13:12:00-04:00,1628183520000000000,1628183520000000000,147.15,147.13,147.155,147.13,50044.0
1390,2021-08-05 13:13:00-04:00,2021-08-05 13:13:00-04:00,1628183580000000000,1628183580000000000,147.1201,147.1397,147.14,147.11,43445.0
1391,2021-08-05 13:14:00-04:00,2021-08-05 13:14:00-04:00,1628183640000000000,1628183640000000000,147.13,147.145,147.159,147.1203,43023.0
1392,2021-08-05 13:15:00-04:00,2021-08-05 13:15:00-04:00,1628183700000000000,1628183700000000000,147.14,147.1589,147.1589,147.125,42952.0
1393,2021-08-05 13:16:00-04:00,2021-08-05 13:16:00-04:00,1628183760000000000,1628183760000000000,147.16,147.23,147.23,147.14,65526.0
1394,2021-08-05 13:17:00-04:00,2021-08-05 13:17:00-04:00,1628183820000000000,1628183820000000000,147.23,147.235,147.235,147.195,51208.0
1395,2021-08-05 13:18:00-04:00,2021-08-05 13:18:00-04:00,1628183880000000000,1628183880000000000,147.235,147.2143,147.237,147.19,39472.0
1396,2021-08-05 13:19:00-04:00,2021-08-05 13:19:00-04:00,1628183940000000000,1628183940000000000,147.215,147.205,147.225,147.19,26911.0
1397,2021-08-05 13:20:00-04:00,2021-08-05 13:20:00-04:00,1628184000000000000,1628184000000000000,147.2016,147.185,147.21,147.16,77402.0
1398,2021-08-05 13:21:00-04:00,2021-08-05 13:21:00-04:00,1628184060000000000,1628184060000000000,147.1801,147.22,147.235,147.1801,42509.0
1399,2021-08-05 13:22:00-04:00,2021-08-05 13:22:00-04:00,1628184120000000000,1628184120000000000,147.215,147.19,147.2275,147.18,41973.0
1400,2021-08-05 13:23:00-04:00,2021-08-05 13:23:00-04:00,1628184180000000000,1628184180000000000,147.193,147.2069,147.23,147.19,38277.0
1401,2021-08-05 13:24:00-04:00,2021-08-05 13:24:00-04:00,1628184240000000000,1628184240000000000,147.2066,147.215,147.22,147.185,38033.0
1402,2021-08-05 13:25:00-04:00,2021-08-05 13:25:00-04:00,1628184300000000000,1628184300000000000,147.22,147.215,147.23,147.2,31130.0
1403,2021-08-05 13:26:00-04:00,2021-08-05 13:26:00-04:00,1628184360000000000,1628184360000000000,147.2177,147.205,147.23,147.2,49484.0
1404,2021-08-05 13:27:00-04:00,2021-08-05 13:27:00-04:00,1628184420000000000,1628184420000000000,147.21,147.16,147.2399,147.15,98554.0
1405,2021-08-05 13:28:00-04:00,2021-08-05 13:28:00-04:00,1628184480000000000,1628184480000000000,147.17,147.2199,147.2199,147.17,24979.0
1406,2021-08-05 13:29:00-04:00,2021-08-05 13:29:00-04:00,1628184540000000000,1628184540000000000,147.2101,147.2276,147.2276,147.2,35920.0
1407,2021-08-05 13:30:00-04:00,2021-08-05 13:30:00-04:00,1628184600000000000,1628184600000000000,147.23,147.1808,147.23,147.1742,43470.0
1408,2021-08-05 13:31:00-04:00,2021-08-05 13:31:00-04:00,1628184660000000000,1628184660000000000,147.18,147.1601,147.1999,147.16,552762.0
1409,2021-08-05 13:32:00-04:00,2021-08-05 13:32:00-04:00,1628184720000000000,1628184720000000000,147.17,147.2,147.225,147.15,54562.0
1410,2021-08-05 13:33:00-04:00,2021-08-05 13:33:00-04:00,1628184780000000000,1628184780000000000,147.2,147.19,147.21,147.18,33449.0
1411,2021-08-05 13:34:00-04:00,2021-08-05 13:34:00-04:00,1628184840000000000,1628184840000000000,147.185,147.235,147.24,147.18,55515.0
1412,2021-08-05 13:35:00-04:00,2021-08-05 13:35:00-04:00,1628184900000000000,1628184900000000000,147.23,147.2598,147.28,147.23,66428.0
1413,2021-08-05 13:36:00-04:00,2021-08-05 13:36:00-04:00,1628184960000000000,1628184960000000000,147.25,147.245,147.27,147.24,28820.0
1414,2021-08-05 13:37:00-04:00,2021-08-05 13:37:00-04:00,1628185020000000000,1628185020000000000,147.24,147.27,147.275,147.235,51210.0
1415,2021-08-05 13:38:00-04:00,2021-08-05 13:38:00-04:00,1628185080000000000,1628185080000000000,147.2687,147.25,147.27,147.2323,49627.0
1416,2021-08-05 13:39:00-04:00,2021-08-05 13:39:00-04:00,1628185140000000000,1628185140000000000,147.26,147.2683,147.27,147.24,34395.0
1417,2021-08-05 13:40:00-04:00,2021-08-05 13:40:00-04:00,1628185200000000000,1628185200000000000,147.26,147.2501,147.2699,147.24,34201.0
1418,2021-08-05 13:41:00-04:00,2021-08-05 13:41:00-04:00,1628185260000000000,1628185260000000000,147.26,147.2824,147.2896,147.25,42092.0
1419,2021-08-05 13:42:00-04:00,2021-08-05 13:42:00-04:00,1628185320000000000,1628185320000000000,147.29,147.3429,147.345,147.27,112008.0
1420,2021-08-05 13:43:00-04:00,2021-08-05 13:43:00-04:00,1628185380000000000,1628185380000000000,147.34,147.33,147.37,147.33,112389.0
1421,2021-08-05 13:44:00-04:00,2021-08-05 13:44:00-04:00,1628185440000000000,1628185440000000000,147.3301,147.3101,147.3301,147.27,70754.0
1422,2021-08-05 13:45:00-04:00,2021-08-05 13:45:00-04:00,1628185500000000000,1628185500000000000,147.32,147.32,147.34,147.2712,38032.0
1423,2021-08-05 13:46:00-04:00,2021-08-05 13:46:00-04:00,1628185560000000000,1628185560000000000,147.32,147.35,147.355,147.32,39001.0
1424,2021-08-05 13:47:00-04:00,2021-08-05 13:47:00-04:00,1628185620000000000,1628185620000000000,147.36,147.375,147.38,147.3401,46465.0
1425,2021-08-05 13:48:00-04:00,2021-08-05 13:48:00-04:00,1628185680000000000,1628185680000000000,147.38,147.365,147.38,147.34,53534.0
1426,2021-08-05 13:49:00-04:00,2021-08-05 13:49:00-04:00,1628185740000000000,1628185740000000000,147.36,147.355,147.38,147.35,41012.0
1427,2021-08-05 13:50:00-04:00,2021-08-05 13:50:00-04:00,1628185800000000000,1628185800000000000,147.3599,147.305,147.3599,147.305,42029.0
1428,2021-08-05 13:51:00-04:00,2021-08-05 13:51:00-04:00,1628185860000000000,1628185860000000000,147.3024,147.335,147.35,147.3024,42258.0
1429,2021-08-05 13:52:00-04:00,2021-08-05 13:52:00-04:00,1628185920000000000,1628185920000000000,147.335,147.33,147.3499,147.3201,28261.0
1430,2021-08-05 13:53:00-04:00,2021-08-05 13:53:00-04:00,1628185980000000000,1628185980000000000,147.335,147.335,147.37,147.33,30118.0
1431,2021-08-05 13:54:00-04:00,2021-08-05 13:54:00-04:00,1628186040000000000,1628186040000000000,147.3345,147.325,147.335,147.3,426832.0
1432,2021-08-05 13:55:00-04:00,2021-08-05 13:55:00-04:00,1628186100000000000,1628186100000000000,147.3246,147.31,147.335,147.29,50763.0
1433,2021-08-05 13:56:00-04:00,2021-08-05 13:56:00-04:00,1628186160000000000,1628186160000000000,147.31,147.3154,147.3175,147.2804,35801.0
1434,2021-08-05 13:57:00-04:00,2021-08-05 13:57:00-04:00,1628186220000000000,1628186220000000000,147.3132,147.3392,147.355,147.31,30411.0
1435,2021-08-05 13:58:00-04:00,2021-08-05 13:58:00-04:00,1628186280000000000,1628186280000000000,147.34,147.3536,147.37,147.34,55055.0
1436,2021-08-05 13:59:00-04:00,2021-08-05 13:59:00-04:00,1628186340000000000,1628186340000000000,147.3501,147.353,147.37,147.35,20968.0
1437,2021-08-05 14:00:00-04:00,2021-08-05 14:00:00-04:00,1628186400000000000,1628186400000000000,147.36,147.38,147.39,147.3541,49566.0
1438,2021-08-05 14:01:00-04:00,2021-08-05 14:01:00-04:00,1628186460000000000,1628186460000000000,147.38,147.385,147.4,147.36,39215.0
1439,2021-08-05 14:02:00-04:00,2021-08-05 14:02:00-04:00,1628186520000000000,1628186520000000000,147.3899,147.4201,147.43,147.3899,113476.0
1440,2021-08-05 14:03:00-04:00,2021-08-05 14:03:00-04:00,1628186580000000000,1628186580000000000,147.43,147.445,147.46,147.4201,61486.0
1441,2021-08-05 14:04:00-04:00,2021-08-05 14:04:00-04:00,1628186640000000000,1628186640000000000,147.445,147.4,147.45,147.4,52789.0
1442,2021-08-05 14:05:00-04:00,2021-08-05 14:05:00-04:00,1628186700000000000,1628186700000000000,147.405,147.39,147.43,147.39,65067.0
1443,2021-08-05 14:06:00-04:00,2021-08-05 14:06:00-04:00,1628186760000000000,1628186760000000000,147.3901,147.363,147.4,147.36,55432.0
1444,2021-08-05 14:07:00-04:00,2021-08-05 14:07:00-04:00,1628186820000000000,1628186820000000000,147.36,147.355,147.41,147.34,84649.0
1445,2021-08-05 14:08:00-04:00,2021-08-05 14:08:00-04:00,1628186880000000000,1628186880000000000,147.35,147.3625,147.37,147.29,78574.0
1446,2021-08-05 14:09:00-04:00,2021-08-05 14:09:00-04:00,1628186940000000000,1628186940000000000,147.36,147.4415,147.46,147.36,74715.0
1447,2021-08-05 14:10:00-04:00,2021-08-05 14:10:00-04:00,1628187000000000000,1628187000000000000,147.44,147.405,147.46,147.4001,69092.0
1448,2021-08-05 14:11:00-04:00,2021-08-05 14:11:00-04:00,1628187060000000000,1628187060000000000,147.4096,147.385,147.4099,147.38,39154.0
1449,2021-08-05 14:12:00-04:00,2021-08-05 14:12:00-04:00,1628187120000000000,1628187120000000000,147.385,147.34,147.385,147.33,59120.0
1450,2021-08-05 14:13:00-04:00,2021-08-05 14:13:00-04:00,1628187180000000000,1628187180000000000,147.335,147.34,147.36,147.32,57449.0
1451,2021-08-05 14:14:00-04:00,2021-08-05 14:14:00-04:00,1628187240000000000,1628187240000000000,147.345,147.315,147.37,147.31,35823.0
1452,2021-08-05 14:15:00-04:00,2021-08-05 14:15:00-04:00,1628187300000000000,1628187300000000000,147.3172,147.349,147.355,147.31,44885.0
1453,2021-08-05 14:16:00-04:00,2021-08-05 14:16:00-04:00,1628187360000000000,1628187360000000000,147.345,147.35,147.35,147.33,210258.0
1454,2021-08-05 14:17:00-04:00,2021-08-05 14:17:00-04:00,1628187420000000000,1628187420000000000,147.34,147.38,147.38,147.3322,41819.0
1455,2021-08-05 14:18:00-04:00,2021-08-05 14:18:00-04:00,1628187480000000000,1628187480000000000,147.3798,147.38,147.38,147.35,40258.0
1456,2021-08-05 14:19:00-04:00,2021-08-05 14:19:00-04:00,1628187540000000000,1628187540000000000,147.38,147.39,147.4,147.36,44752.0
1457,2021-08-05 14:20:00-04:00,2021-08-05 14:20:00-04:00,1628187600000000000,1628187600000000000,147.385,147.375,147.4,147.36,58834.0
1458,2021-08-05 14:21:00-04:00,2021-08-05 14:21:00-04:00,1628187660000000000,1628187660000000000,147.38,147.3401,147.3859,147.34,30671.0
1459,2021-08-05 14:22:00-04:00,2021-08-05 14:22:00-04:00,1628187720000000000,1628187720000000000,147.35,147.365,147.37,147.34,53667.0
1460,2021-08-05 14:23:00-04:00,2021-08-05 14:23:00-04:00,1628187780000000000,1628187780000000000,147.365,147.365,147.38,147.35,46155.0
1461,2021-08-05 14:24:00-04:00,2021-08-05 14:24:00-04:00,1628187840000000000,1628187840000000000,147.36,147.3699,147.37,147.34,45080.0
1462,2021-08-05 14:25:00-04:00,2021-08-05 14:25:00-04:00,1628187900000000000,1628187900000000000,147.36,147.3801,147.41,147.36,46431.0
1463,2021-08-05 14:26:00-04:00,2021-08-05 14:26:00-04:00,1628187960000000000,1628187960000000000,147.38,147.37,147.3884,147.3526,60053.0
1464,2021-08-05 14:27:00-04:00,2021-08-05 14:27:00-04:00,1628188020000000000,1628188020000000000,147.37,147.295,147.376,147.29,156551.0
1465,2021-08-05 14:28:00-04:00,2021-08-05 14:28:00-04:00,1628188080000000000,1628188080000000000,147.295,147.25,147.3,147.2301,78928.0
1466,2021-08-05 14:29:00-04:00,2021-08-05 14:29:00-04:00,1628188140000000000,1628188140000000000,147.255,147.225,147.26,147.2201,39698.0
1467,2021-08-05 14:30:00-04:00,2021-08-05 14:30:00-04:00,1628188200000000000,1628188200000000000,147.22,147.185,147.24,147.18,114968.0
1468,2021-08-05 14:31:00-04:00,2021-08-05 14:31:00-04:00,1628188260000000000,1628188260000000000,147.18,147.2036,147.2307,147.17,86367.0
1469,2021-08-05 14:32:00-04:00,2021-08-05 14:32:00-04:00,1628188320000000000,1628188320000000000,147.21,147.1416,147.23,147.1,226872.0
1470,2021-08-05 14:33:00-04:00,2021-08-05 14:33:00-04:00,1628188380000000000,1628188380000000000,147.145,147.16,147.18,147.1382,48615.0
1471,2021-08-05 14:34:00-04:00,2021-08-05 14:34:00-04:00,1628188440000000000,1628188440000000000,147.15,147.14,147.16,147.13,64653.0
1472,2021-08-05 14:35:00-04:00,2021-08-05 14:35:00-04:00,1628188500000000000,1628188500000000000,147.14,147.195,147.2,147.135,257495.0
1473,2021-08-05 14:36:00-04:00,2021-08-05 14:36:00-04:00,1628188560000000000,1628188560000000000,147.19,147.25,147.26,147.19,74540.0
1474,2021-08-05 14:37:00-04:00,2021-08-05 14:37:00-04:00,1628188620000000000,1628188620000000000,147.25,147.1555,147.25,147.1555,100200.0
1475,2021-08-05 14:38:00-04:00,2021-08-05 14:38:00-04:00,1628188680000000000,1628188680000000000,147.1573,147.1579,147.16,147.13,84000.0
1476,2021-08-05 14:39:00-04:00,2021-08-05 14:39:00-04:00,1628188740000000000,1628188740000000000,147.15,147.1558,147.16,147.11,71642.0
1477,2021-08-05 14:40:00-04:00,2021-08-05 14:40:00-04:00,1628188800000000000,1628188800000000000,147.16,147.18,147.18,147.1222,60781.0
1478,2021-08-05 14:41:00-04:00,2021-08-05 14:41:00-04:00,1628188860000000000,1628188860000000000,147.18,147.1888,147.2,147.1526,58202.0
1479,2021-08-05 14:42:00-04:00,2021-08-05 14:42:00-04:00,1628188920000000000,1628188920000000000,147.19,147.1991,147.22,147.18,58432.0
1480,2021-08-05 14:43:00-04:00,2021-08-05 14:43:00-04:00,1628188980000000000,1628188980000000000,147.2,147.1868,147.215,147.17,48492.0
1481,2021-08-05 14:44:00-04:00,2021-08-05 14:44:00-04:00,1628189040000000000,1628189040000000000,147.185,147.195,147.2278,147.17,53623.0
1482,2021-08-05 14:45:00-04:00,2021-08-05 14:45:00-04:00,1628189100000000000,1628189100000000000,147.2012,147.18,147.21,147.15,55642.0
1483,2021-08-05 14:46:00-04:00,2021-08-05 14:46:00-04:00,1628189160000000000,1628189160000000000,147.18,147.18,147.19,147.1501,55203.0
1484,2021-08-05 14:47:00-04:00,2021-08-05 14:47:00-04:00,1628189220000000000,1628189220000000000,147.175,147.1471,147.1999,147.14,51207.0
1485,2021-08-05 14:48:00-04:00,2021-08-05 14:48:00-04:00,1628189280000000000,1628189280000000000,147.15,147.16,147.175,147.145,44187.0
1486,2021-08-05 14:49:00-04:00,2021-08-05 14:49:00-04:00,1628189340000000000,1628189340000000000,147.16,147.165,147.18,147.14,39514.0
1487,2021-08-05 14:50:00-04:00,2021-08-05 14:50:00-04:00,1628189400000000000,1628189400000000000,147.17,147.165,147.19,147.16,47536.0
1488,2021-08-05 14:51:00-04:00,2021-08-05 14:51:00-04:00,1628189460000000000,1628189460000000000,147.165,147.155,147.171,147.15,47321.0
1489,2021-08-05 14:52:00-04:00,2021-08-05 14:52:00-04:00,1628189520000000000,1628189520000000000,147.16,147.17,147.175,147.15,50253.0
1490,2021-08-05 14:53:00-04:00,2021-08-05 14:53:00-04:00,1628189580000000000,1628189580000000000,147.163,147.15,147.179,147.1416,64424.0
1491,2021-08-05 14:54:00-04:00,2021-08-05 14:54:00-04:00,1628189640000000000,1628189640000000000,147.145,147.1501,147.165,147.1024,82481.0
1492,2021-08-05 14:55:00-04:00,2021-08-05 14:55:00-04:00,1628189700000000000,1628189700000000000,147.1501,147.15,147.16,147.1,83542.0
1493,2021-08-05 14:56:00-04:00,2021-08-05 14:56:00-04:00,1628189760000000000,1628189760000000000,147.15,147.15,147.18,147.14,77723.0
1494,2021-08-05 14:57:00-04:00,2021-08-05 14:57:00-04:00,1628189820000000000,1628189820000000000,147.15,147.1,147.17,147.0902,77130.0
1495,2021-08-05 14:58:00-04:00,2021-08-05 14:58:00-04:00,1628189880000000000,1628189880000000000,147.095,147.0517,147.11,147.05,75125.0
1496,2021-08-05 14:59:00-04:00,2021-08-05 14:59:00-04:00,1628189940000000000,1628189940000000000,147.055,147.0545,147.09,147.0419,69847.0
1497,2021-08-05 15:00:00-04:00,2021-08-05 15:00:00-04:00,1628190000000000000,1628190000000000000,147.055,147.105,147.11,147.0481,73517.0
1498,2021-08-05 15:01:00-04:00,2021-08-05 15:01:00-04:00,1628190060000000000,1628190060000000000,147.105,147.1468,147.1672,147.105,102371.0
1499,2021-08-05 15:02:00-04:00,2021-08-05 15:02:00-04:00,1628190120000000000,1628190120000000000,147.145,147.12,147.15,147.11,48949.0
1500,2021-08-05 15:03:00-04:00,2021-08-05 15:03:00-04:00,1628190180000000000,1628190180000000000,147.12,147.13,147.1591,147.115,59531.0
1501,2021-08-05 15:04:00-04:00,2021-08-05 15:04:00-04:00,1628190240000000000,1628190240000000000,147.125,147.14,147.15,147.12,48032.0
1502,2021-08-05 15:05:00-04:00,2021-08-05 15:05:00-04:00,1628190300000000000,1628190300000000000,147.14,147.175,147.19,147.1,90136.0
1503,2021-08-05 15:06:00-04:00,2021-08-05 15:06:00-04:00,1628190360000000000,1628190360000000000,147.175,147.15,147.18,147.14,44565.0
1504,2021-08-05 15:07:00-04:00,2021-08-05 15:07:00-04:00,1628190420000000000,1628190420000000000,147.15,147.1628,147.17,147.13,43065.0
1505,2021-08-05 15:08:00-04:00,2021-08-05 15:08:00-04:00,1628190480000000000,1628190480000000000,147.16,147.1117,147.17,147.1,63927.0
1506,2021-08-05 15:09:00-04:00,2021-08-05 15:09:00-04:00,1628190540000000000,1628190540000000000,147.115,147.07,147.13,147.063,96529.0
1507,2021-08-05 15:10:00-04:00,2021-08-05 15:10:00-04:00,1628190600000000000,1628190600000000000,147.08,147.0699,147.08,147.03,82363.0
1508,2021-08-05 15:11:00-04:00,2021-08-05 15:11:00-04:00,1628190660000000000,1628190660000000000,147.065,147.06,147.09,147.05,56777.0
1509,2021-08-05 15:12:00-04:00,2021-08-05 15:12:00-04:00,1628190720000000000,1628190720000000000,147.06,147.05,147.06,147.02,95197.0
1510,2021-08-05 15:13:00-04:00,2021-08-05 15:13:00-04:00,1628190780000000000,1628190780000000000,147.0501,147.0467,147.07,147.03,41384.0
1511,2021-08-05 15:14:00-04:00,2021-08-05 15:14:00-04:00,1628190840000000000,1628190840000000000,147.045,147.0332,147.07,147.03,45541.0
1512,2021-08-05 15:15:00-04:00,2021-08-05 15:15:00-04:00,1628190900000000000,1628190900000000000,147.04,147.03,147.06,147.0201,56199.0
1513,2021-08-05 15:16:00-04:00,2021-08-05 15:16:00-04:00,1628190960000000000,1628190960000000000,147.03,146.9964,147.03,146.99,171474.0
1514,2021-08-05 15:17:00-04:00,2021-08-05 15:17:00-04:00,1628191020000000000,1628191020000000000,146.999,146.963,147.0,146.96,83230.0
1515,2021-08-05 15:18:00-04:00,2021-08-05 15:18:00-04:00,1628191080000000000,1628191080000000000,146.9625,146.91,146.97,146.9,120030.0
1516,2021-08-05 15:19:00-04:00,2021-08-05 15:19:00-04:00,1628191140000000000,1628191140000000000,146.91,146.875,146.92,146.87,116627.0
1517,2021-08-05 15:20:00-04:00,2021-08-05 15:20:00-04:00,1628191200000000000,1628191200000000000,146.87,146.925,146.945,146.87,120448.0
1518,2021-08-05 15:21:00-04:00,2021-08-05 15:21:00-04:00,1628191260000000000,1628191260000000000,146.92,146.885,146.935,146.88,93677.0
1519,2021-08-05 15:22:00-04:00,2021-08-05 15:22:00-04:00,1628191320000000000,1628191320000000000,146.889,146.8749,146.895,146.87,54445.0
1520,2021-08-05 15:23:00-04:00,2021-08-05 15:23:00-04:00,1628191380000000000,1628191380000000000,146.87,146.8701,146.88,146.85,75704.0
1521,2021-08-05 15:24:00-04:00,2021-08-05 15:24:00-04:00,1628191440000000000,1628191440000000000,146.873,146.8737,146.92,146.87,113164.0
1522,2021-08-05 15:25:00-04:00,2021-08-05 15:25:00-04:00,1628191500000000000,1628191500000000000,146.875,146.935,146.94,146.875,115277.0
1523,2021-08-05 15:26:00-04:00,2021-08-05 15:26:00-04:00,1628191560000000000,1628191560000000000,146.935,146.9439,146.975,146.935,96331.0
1524,2021-08-05 15:27:00-04:00,2021-08-05 15:27:00-04:00,1628191620000000000,1628191620000000000,146.94,146.915,146.941,146.88,74764.0
1525,2021-08-05 15:28:00-04:00,2021-08-05 15:28:00-04:00,1628191680000000000,1628191680000000000,146.91,146.86,146.91,146.84,93832.0
1526,2021-08-05 15:29:00-04:00,2021-08-05 15:29:00-04:00,1628191740000000000,1628191740000000000,146.86,146.85,146.86,146.8299,46525.0
1527,2021-08-05 15:30:00-04:00,2021-08-05 15:30:00-04:00,1628191800000000000,1628191800000000000,146.8403,146.82,146.85,146.8,79326.0
1528,2021-08-05 15:31:00-04:00,2021-08-05 15:31:00-04:00,1628191860000000000,1628191860000000000,146.825,146.8399,146.85,146.81,54534.0
1529,2021-08-05 15:32:00-04:00,2021-08-05 15:32:00-04:00,1628191920000000000,1628191920000000000,146.835,146.79,146.835,146.79,80116.0
1530,2021-08-05 15:33:00-04:00,2021-08-05 15:33:00-04:00,1628191980000000000,1628191980000000000,146.78,146.785,146.7999,146.765,76016.0
1531,2021-08-05 15:34:00-04:00,2021-08-05 15:34:00-04:00,1628192040000000000,1628192040000000000,146.785,146.7611,146.79,146.73,111698.0
1532,2021-08-05 15:35:00-04:00,2021-08-05 15:35:00-04:00,1628192100000000000,1628192100000000000,146.76,146.77,146.79,146.75,103576.0
1533,2021-08-05 15:36:00-04:00,2021-08-05 15:36:00-04:00,1628192160000000000,1628192160000000000,146.7691,146.765,146.8,146.76,107226.0
1534,2021-08-05 15:37:00-04:00,2021-08-05 15:37:00-04:00,1628192220000000000,1628192220000000000,146.765,146.785,146.81,146.74,89711.0
1535,2021-08-05 15:38:00-04:00,2021-08-05 15:38:00-04:00,1628192280000000000,1628192280000000000,146.79,146.7899,146.815,146.753,87416.0
1536,2021-08-05 15:39:00-04:00,2021-08-05 15:39:00-04:00,1628192340000000000,1628192340000000000,146.785,146.78,146.805,146.77,55935.0
1537,2021-08-05 15:40:00-04:00,2021-08-05 15:40:00-04:00,1628192400000000000,1628192400000000000,146.785,146.755,146.8,146.7401,112880.0
1538,2021-08-05 15:41:00-04:00,2021-08-05 15:41:00-04:00,1628192460000000000,1628192460000000000,146.755,146.76,146.7901,146.75,106037.0
1539,2021-08-05 15:42:00-04:00,2021-08-05 15:42:00-04:00,1628192520000000000,1628192520000000000,146.765,146.8006,146.83,146.76,115501.0
1540,2021-08-05 15:43:00-04:00,2021-08-05 15:43:00-04:00,1628192580000000000,1628192580000000000,146.805,146.81,146.83,146.78,106747.0
1541,2021-08-05 15:44:00-04:00,2021-08-05 15:44:00-04:00,1628192640000000000,1628192640000000000,146.82,146.845,146.86,146.81,91938.0
1542,2021-08-05 15:45:00-04:00,2021-08-05 15:45:00-04:00,1628192700000000000,1628192700000000000,146.83,146.8654,146.87,146.82,109272.0
1543,2021-08-05 15:46:00-04:00,2021-08-05 15:46:00-04:00,1628192760000000000,1628192760000000000,146.87,146.805,146.8899,146.8,135916.0
1544,2021-08-05 15:47:00-04:00,2021-08-05 15:47:00-04:00,1628192820000000000,1628192820000000000,146.805,146.825,146.83,146.8,75489.0
1545,2021-08-05 15:48:00-04:00,2021-08-05 15:48:00-04:00,1628192880000000000,1628192880000000000,146.83,146.86,146.87,146.825,73774.0
1546,2021-08-05 15:49:00-04:00,2021-08-05 15:49:00-04:00,1628192940000000000,1628192940000000000,146.85,146.8764,146.895,146.84,121744.0
1547,2021-08-05 15:50:00-04:00,2021-08-05 15:50:00-04:00,1628193000000000000,1628193000000000000,146.88,146.93,146.94,146.87,254626.0
1548,2021-08-05 15:51:00-04:00,2021-08-05 15:51:00-04:00,1628193060000000000,1628193060000000000,146.93,146.92,147.0,146.905,203117.0
1549,2021-08-05 15:52:00-04:00,2021-08-05 15:52:00-04:00,1628193120000000000,1628193120000000000,146.92,146.94,146.95,146.915,108366.0
1550,2021-08-05 15:53:00-04:00,2021-08-05 15:53:00-04:00,1628193180000000000,1628193180000000000,146.94,146.93,146.97,146.93,111485.0
1551,2021-08-05 15:54:00-04:00,2021-08-05 15:54:00-04:00,1628193240000000000,1628193240000000000,146.94,147.0,147.03,146.9,370819.0
1552,2021-08-05 15:55:00-04:00,2021-08-05 15:55:00-04:00,1628193300000000000,1628193300000000000,147.01,147.055,147.07,146.97,246145.0
1553,2021-08-05 15:56:00-04:00,2021-08-05 15:56:00-04:00,1628193360000000000,1628193360000000000,147.05,147.095,147.105,147.03,281217.0
1554,2021-08-05 15:57:00-04:00,2021-08-05 15:57:00-04:00,1628193420000000000,1628193420000000000,147.0901,147.005,147.11,146.995,311700.0
1555,2021-08-05 15:58:00-04:00,2021-08-05 15:58:00-04:00,1628193480000000000,1628193480000000000,147.01,146.985,147.04,146.95,396728.0
1556,2021-08-06 09:30:00-04:00,2021-08-06 09:30:00-04:00,1628256600000000000,1628256600000000000,146.35,146.23,146.46,146.055,1157442.0
1557,2021-08-06 09:31:00-04:00,2021-08-06 09:31:00-04:00,1628256660000000000,1628256660000000000,146.2568,146.13,146.29,145.9,472178.0
1558,2021-08-06 09:32:00-04:00,2021-08-06 09:32:00-04:00,1628256720000000000,1628256720000000000,146.1191,146.07,146.2,145.9,429441.0
1559,2021-08-06 09:33:00-04:00,2021-08-06 09:33:00-04:00,1628256780000000000,1628256780000000000,146.1,146.2,146.26,146.06,415920.0
1560,2021-08-06 09:34:00-04:00,2021-08-06 09:34:00-04:00,1628256840000000000,1628256840000000000,146.194,146.44,146.44,146.14,351628.0
1561,2021-08-06 09:35:00-04:00,2021-08-06 09:35:00-04:00,1628256900000000000,1628256900000000000,146.44,146.501,146.65,146.43,492002.0
1562,2021-08-06 09:36:00-04:00,2021-08-06 09:36:00-04:00,1628256960000000000,1628256960000000000,146.51,146.4177,146.65,146.4,334599.0
1563,2021-08-06 09:37:00-04:00,2021-08-06 09:37:00-04:00,1628257020000000000,1628257020000000000,146.41,146.46,146.59,146.41,237128.0
1564,2021-08-06 09:38:00-04:00,2021-08-06 09:38:00-04:00,1628257080000000000,1628257080000000000,146.485,146.22,146.55,146.195,294412.0
1565,2021-08-06 09:39:00-04:00,2021-08-06 09:39:00-04:00,1628257140000000000,1628257140000000000,146.22,146.1,146.25,146.07,268554.0
1566,2021-08-06 09:40:00-04:00,2021-08-06 09:40:00-04:00,1628257200000000000,1628257200000000000,146.1,146.18,146.195,146.1,321213.0
1567,2021-08-06 09:41:00-04:00,2021-08-06 09:41:00-04:00,1628257260000000000,1628257260000000000,146.18,146.0143,146.18,145.96,298812.0
1568,2021-08-06 09:42:00-04:00,2021-08-06 09:42:00-04:00,1628257320000000000,1628257320000000000,146.0201,146.14,146.1986,146.0,225129.0
1569,2021-08-06 09:43:00-04:00,2021-08-06 09:43:00-04:00,1628257380000000000,1628257380000000000,146.14,146.099,146.25,146.01,252733.0
1570,2021-08-06 09:44:00-04:00,2021-08-06 09:44:00-04:00,1628257440000000000,1628257440000000000,146.1,146.335,146.39,146.1,254994.0
1571,2021-08-06 09:45:00-04:00,2021-08-06 09:45:00-04:00,1628257500000000000,1628257500000000000,146.345,146.2,146.42,146.19,224661.0
1572,2021-08-06 09:46:00-04:00,2021-08-06 09:46:00-04:00,1628257560000000000,1628257560000000000,146.2,146.23,146.2317,146.04,235829.0
1573,2021-08-06 09:47:00-04:00,2021-08-06 09:47:00-04:00,1628257620000000000,1628257620000000000,146.23,146.1909,146.35,146.17,229328.0
1574,2021-08-06 09:48:00-04:00,2021-08-06 09:48:00-04:00,1628257680000000000,1628257680000000000,146.2,146.3,146.34,146.1701,141696.0
1575,2021-08-06 09:49:00-04:00,2021-08-06 09:49:00-04:00,1628257740000000000,1628257740000000000,146.3,146.4,146.44,146.3,249697.0
1576,2021-08-06 09:50:00-04:00,2021-08-06 09:50:00-04:00,1628257800000000000,1628257800000000000,146.41,146.28,146.4474,146.24,229086.0
1577,2021-08-06 09:51:00-04:00,2021-08-06 09:51:00-04:00,1628257860000000000,1628257860000000000,146.29,146.4699,146.47,146.27,181739.0
1578,2021-08-06 09:52:00-04:00,2021-08-06 09:52:00-04:00,1628257920000000000,1628257920000000000,146.46,146.37,146.5201,146.34,216895.0
1579,2021-08-06 09:53:00-04:00,2021-08-06 09:53:00-04:00,1628257980000000000,1628257980000000000,146.37,146.535,146.54,146.28,173584.0
1580,2021-08-06 09:54:00-04:00,2021-08-06 09:54:00-04:00,1628258040000000000,1628258040000000000,146.539,146.555,146.64,146.53,202242.0
1581,2021-08-06 09:55:00-04:00,2021-08-06 09:55:00-04:00,1628258100000000000,1628258100000000000,146.5586,146.7,146.71,146.55,239004.0
1582,2021-08-06 09:56:00-04:00,2021-08-06 09:56:00-04:00,1628258160000000000,1628258160000000000,146.7,146.7401,146.85,146.7,223287.0
1583,2021-08-06 09:57:00-04:00,2021-08-06 09:57:00-04:00,1628258220000000000,1628258220000000000,146.75,146.73,146.7738,146.66,190972.0
1584,2021-08-06 09:58:00-04:00,2021-08-06 09:58:00-04:00,1628258280000000000,1628258280000000000,146.72,146.705,146.86,146.68,226891.0
1585,2021-08-06 09:59:00-04:00,2021-08-06 09:59:00-04:00,1628258340000000000,1628258340000000000,146.71,146.59,146.77,146.55,159716.0
1586,2021-08-06 10:00:00-04:00,2021-08-06 10:00:00-04:00,1628258400000000000,1628258400000000000,146.59,146.47,146.67,146.43,212356.0
1587,2021-08-06 10:01:00-04:00,2021-08-06 10:01:00-04:00,1628258460000000000,1628258460000000000,146.49,146.5092,146.57,146.49,98354.0
1588,2021-08-06 10:02:00-04:00,2021-08-06 10:02:00-04:00,1628258520000000000,1628258520000000000,146.5,146.46,146.5767,146.43,116642.0
1589,2021-08-06 10:03:00-04:00,2021-08-06 10:03:00-04:00,1628258580000000000,1628258580000000000,146.4688,146.485,146.61,146.4688,154551.0
1590,2021-08-06 10:04:00-04:00,2021-08-06 10:04:00-04:00,1628258640000000000,1628258640000000000,146.48,146.5,146.59,146.4701,162167.0
1591,2021-08-06 10:05:00-04:00,2021-08-06 10:05:00-04:00,1628258700000000000,1628258700000000000,146.5,146.44,146.53,146.4,145413.0
1592,2021-08-06 10:06:00-04:00,2021-08-06 10:06:00-04:00,1628258760000000000,1628258760000000000,146.43,146.6401,146.665,146.43,168819.0
1593,2021-08-06 10:07:00-04:00,2021-08-06 10:07:00-04:00,1628258820000000000,1628258820000000000,146.6403,146.84,146.84,146.64,214251.0
1594,2021-08-06 10:08:00-04:00,2021-08-06 10:08:00-04:00,1628258880000000000,1628258880000000000,146.84,146.84,146.9099,146.82,203473.0
1595,2021-08-06 10:09:00-04:00,2021-08-06 10:09:00-04:00,1628258940000000000,1628258940000000000,146.8301,146.94,146.945,146.8301,180736.0
1596,2021-08-06 10:10:00-04:00,2021-08-06 10:10:00-04:00,1628259000000000000,1628259000000000000,146.94,146.903,146.97,146.875,161470.0
1597,2021-08-06 10:11:00-04:00,2021-08-06 10:11:00-04:00,1628259060000000000,1628259060000000000,146.905,146.84,146.92,146.81,135630.0
1598,2021-08-06 10:12:00-04:00,2021-08-06 10:12:00-04:00,1628259120000000000,1628259120000000000,146.845,146.845,146.975,146.83,158200.0
1599,2021-08-06 10:13:00-04:00,2021-08-06 10:13:00-04:00,1628259180000000000,1628259180000000000,146.85,146.8,146.88,146.78,131069.0
1600,2021-08-06 10:14:00-04:00,2021-08-06 10:14:00-04:00,1628259240000000000,1628259240000000000,146.8,146.62,146.805,146.62,168361.0
1601,2021-08-06 10:15:00-04:00,2021-08-06 10:15:00-04:00,1628259300000000000,1628259300000000000,146.63,146.791,146.795,146.63,142294.0
1602,2021-08-06 10:16:00-04:00,2021-08-06 10:16:00-04:00,1628259360000000000,1628259360000000000,146.79,146.815,146.8555,146.75,142418.0
1603,2021-08-06 10:17:00-04:00,2021-08-06 10:17:00-04:00,1628259420000000000,1628259420000000000,146.82,146.82,146.9,146.82,121393.0
1604,2021-08-06 10:18:00-04:00,2021-08-06 10:18:00-04:00,1628259480000000000,1628259480000000000,146.83,146.8207,146.9,146.79,93435.0
1605,2021-08-06 10:19:00-04:00,2021-08-06 10:19:00-04:00,1628259540000000000,1628259540000000000,146.83,146.81,146.84,146.745,77095.0
1606,2021-08-06 10:20:00-04:00,2021-08-06 10:20:00-04:00,1628259600000000000,1628259600000000000,146.81,146.7349,146.85,146.71,105961.0
1607,2021-08-06 10:21:00-04:00,2021-08-06 10:21:00-04:00,1628259660000000000,1628259660000000000,146.74,146.77,146.81,146.65,113325.0
1608,2021-08-06 10:22:00-04:00,2021-08-06 10:22:00-04:00,1628259720000000000,1628259720000000000,146.77,146.7499,146.78,146.68,97854.0
1609,2021-08-06 10:23:00-04:00,2021-08-06 10:23:00-04:00,1628259780000000000,1628259780000000000,146.745,146.705,146.77,146.7,84970.0
1610,2021-08-06 10:24:00-04:00,2021-08-06 10:24:00-04:00,1628259840000000000,1628259840000000000,146.72,146.795,146.81,146.68,106880.0
1611,2021-08-06 10:25:00-04:00,2021-08-06 10:25:00-04:00,1628259900000000000,1628259900000000000,146.8,146.82,146.83,146.72,76123.0
1612,2021-08-06 10:26:00-04:00,2021-08-06 10:26:00-04:00,1628259960000000000,1628259960000000000,146.83,146.84,146.88,146.81,142997.0
1613,2021-08-06 10:27:00-04:00,2021-08-06 10:27:00-04:00,1628260020000000000,1628260020000000000,146.84,146.825,146.9299,146.77,118002.0
1614,2021-08-06 10:28:00-04:00,2021-08-06 10:28:00-04:00,1628260080000000000,1628260080000000000,146.82,146.8693,146.935,146.795,144075.0
1615,2021-08-06 10:29:00-04:00,2021-08-06 10:29:00-04:00,1628260140000000000,1628260140000000000,146.8699,146.875,146.9,146.8434,74405.0
1616,2021-08-06 10:30:00-04:00,2021-08-06 10:30:00-04:00,1628260200000000000,1628260200000000000,146.88,146.8898,146.91,146.83,105948.0
1617,2021-08-06 10:31:00-04:00,2021-08-06 10:31:00-04:00,1628260260000000000,1628260260000000000,146.88,146.905,146.94,146.87,66826.0
1618,2021-08-06 10:32:00-04:00,2021-08-06 10:32:00-04:00,1628260320000000000,1628260320000000000,146.91,146.97,146.97,146.91,145687.0
1619,2021-08-06 10:33:00-04:00,2021-08-06 10:33:00-04:00,1628260380000000000,1628260380000000000,146.97,146.945,147.0,146.93,111477.0
1620,2021-08-06 10:34:00-04:00,2021-08-06 10:34:00-04:00,1628260440000000000,1628260440000000000,146.9401,146.93,146.9401,146.8692,85547.0
1621,2021-08-06 10:35:00-04:00,2021-08-06 10:35:00-04:00,1628260500000000000,1628260500000000000,146.93,146.8976,146.935,146.86,77186.0
1622,2021-08-06 10:36:00-04:00,2021-08-06 10:36:00-04:00,1628260560000000000,1628260560000000000,146.895,146.9978,147.0,146.86,107707.0
1623,2021-08-06 10:37:00-04:00,2021-08-06 10:37:00-04:00,1628260620000000000,1628260620000000000,147.0,146.9706,147.0569,146.97,224423.0
1624,2021-08-06 10:38:00-04:00,2021-08-06 10:38:00-04:00,1628260680000000000,1628260680000000000,146.98,147.03,147.04,146.95,136255.0
1625,2021-08-06 10:39:00-04:00,2021-08-06 10:39:00-04:00,1628260740000000000,1628260740000000000,147.03,147.08,147.09,146.98,126374.0
1626,2021-08-06 10:40:00-04:00,2021-08-06 10:40:00-04:00,1628260800000000000,1628260800000000000,147.09,147.05,147.11,147.01,155063.0
1627,2021-08-06 10:41:00-04:00,2021-08-06 10:41:00-04:00,1628260860000000000,1628260860000000000,147.05,146.95,147.07,146.93,104560.0
1628,2021-08-06 10:42:00-04:00,2021-08-06 10:42:00-04:00,1628260920000000000,1628260920000000000,146.94,146.97,146.98,146.93,80868.0
1629,2021-08-06 10:43:00-04:00,2021-08-06 10:43:00-04:00,1628260980000000000,1628260980000000000,146.975,147.06,147.09,146.97,107826.0
1630,2021-08-06 10:44:00-04:00,2021-08-06 10:44:00-04:00,1628261040000000000,1628261040000000000,147.065,147.04,147.1,146.99,99357.0
1631,2021-08-06 10:45:00-04:00,2021-08-06 10:45:00-04:00,1628261100000000000,1628261100000000000,147.03,147.0,147.0687,146.99,95478.0
1632,2021-08-06 10:46:00-04:00,2021-08-06 10:46:00-04:00,1628261160000000000,1628261160000000000,147.0,146.89,147.005,146.88,119435.0
1633,2021-08-06 10:47:00-04:00,2021-08-06 10:47:00-04:00,1628261220000000000,1628261220000000000,146.89,146.865,146.8998,146.82,113542.0
1634,2021-08-06 10:48:00-04:00,2021-08-06 10:48:00-04:00,1628261280000000000,1628261280000000000,146.86,146.76,146.8799,146.75,151400.0
1635,2021-08-06 10:49:00-04:00,2021-08-06 10:49:00-04:00,1628261340000000000,1628261340000000000,146.77,146.745,146.775,146.69,122965.0
1636,2021-08-06 10:50:00-04:00,2021-08-06 10:50:00-04:00,1628261400000000000,1628261400000000000,146.75,146.64,146.75,146.64,89805.0
1637,2021-08-06 10:51:00-04:00,2021-08-06 10:51:00-04:00,1628261460000000000,1628261460000000000,146.65,146.665,146.67,146.61,69423.0
1638,2021-08-06 10:52:00-04:00,2021-08-06 10:52:00-04:00,1628261520000000000,1628261520000000000,146.66,146.685,146.74,146.64,123675.0
1639,2021-08-06 10:53:00-04:00,2021-08-06 10:53:00-04:00,1628261580000000000,1628261580000000000,146.685,146.63,146.685,146.595,115519.0
1640,2021-08-06 10:54:00-04:00,2021-08-06 10:54:00-04:00,1628261640000000000,1628261640000000000,146.63,146.615,146.6472,146.5616,78530.0
1641,2021-08-06 10:55:00-04:00,2021-08-06 10:55:00-04:00,1628261700000000000,1628261700000000000,146.6199,146.53,146.62,146.49,127482.0
1642,2021-08-06 10:56:00-04:00,2021-08-06 10:56:00-04:00,1628261760000000000,1628261760000000000,146.535,146.4654,146.535,146.4438,108421.0
1643,2021-08-06 10:57:00-04:00,2021-08-06 10:57:00-04:00,1628261820000000000,1628261820000000000,146.47,146.5699,146.6,146.4591,128235.0
1644,2021-08-06 10:58:00-04:00,2021-08-06 10:58:00-04:00,1628261880000000000,1628261880000000000,146.57,146.605,146.61,146.55,107816.0
1645,2021-08-06 10:59:00-04:00,2021-08-06 10:59:00-04:00,1628261940000000000,1628261940000000000,146.61,146.53,146.62,146.52,100485.0
1646,2021-08-06 11:00:00-04:00,2021-08-06 11:00:00-04:00,1628262000000000000,1628262000000000000,146.54,146.5229,146.6301,146.5014,440975.0
1647,2021-08-06 11:01:00-04:00,2021-08-06 11:01:00-04:00,1628262060000000000,1628262060000000000,146.5202,146.63,146.631,146.4601,211569.0
1648,2021-08-06 11:02:00-04:00,2021-08-06 11:02:00-04:00,1628262120000000000,1628262120000000000,146.629,146.675,146.7,146.625,124128.0
1649,2021-08-06 11:03:00-04:00,2021-08-06 11:03:00-04:00,1628262180000000000,1628262180000000000,146.68,146.6,146.69,146.5901,100172.0
1650,2021-08-06 11:04:00-04:00,2021-08-06 11:04:00-04:00,1628262240000000000,1628262240000000000,146.6091,146.4711,146.6157,146.4028,98766.0
1651,2021-08-06 11:05:00-04:00,2021-08-06 11:05:00-04:00,1628262300000000000,1628262300000000000,146.47,146.338,146.47,146.2928,219611.0
1652,2021-08-06 11:06:00-04:00,2021-08-06 11:06:00-04:00,1628262360000000000,1628262360000000000,146.33,146.295,146.35,146.26,114470.0
1653,2021-08-06 11:07:00-04:00,2021-08-06 11:07:00-04:00,1628262420000000000,1628262420000000000,146.3,146.245,146.3252,146.2,138967.0
1654,2021-08-06 11:08:00-04:00,2021-08-06 11:08:00-04:00,1628262480000000000,1628262480000000000,146.24,146.2048,146.28,146.17,144520.0
1655,2021-08-06 11:09:00-04:00,2021-08-06 11:09:00-04:00,1628262540000000000,1628262540000000000,146.21,146.1899,146.23,146.14,153842.0
1656,2021-08-06 11:10:00-04:00,2021-08-06 11:10:00-04:00,1628262600000000000,1628262600000000000,146.185,146.09,146.22,146.02,227756.0
1657,2021-08-06 11:11:00-04:00,2021-08-06 11:11:00-04:00,1628262660000000000,1628262660000000000,146.0901,146.05,146.1,146.015,156072.0
1658,2021-08-06 11:12:00-04:00,2021-08-06 11:12:00-04:00,1628262720000000000,1628262720000000000,146.045,146.1499,146.17,146.045,162087.0
1659,2021-08-06 11:13:00-04:00,2021-08-06 11:13:00-04:00,1628262780000000000,1628262780000000000,146.1462,146.2,146.24,146.1462,132726.0
1660,2021-08-06 11:14:00-04:00,2021-08-06 11:14:00-04:00,1628262840000000000,1628262840000000000,146.19,146.255,146.28,146.19,113542.0
1661,2021-08-06 11:15:00-04:00,2021-08-06 11:15:00-04:00,1628262900000000000,1628262900000000000,146.2575,146.15,146.2575,146.13,131128.0
1662,2021-08-06 11:16:00-04:00,2021-08-06 11:16:00-04:00,1628262960000000000,1628262960000000000,146.145,146.23,146.2599,146.09,124703.0
1663,2021-08-06 11:17:00-04:00,2021-08-06 11:17:00-04:00,1628263020000000000,1628263020000000000,146.225,146.2359,146.33,146.2201,167251.0
1664,2021-08-06 11:18:00-04:00,2021-08-06 11:18:00-04:00,1628263080000000000,1628263080000000000,146.24,146.3269,146.3882,146.23,112868.0
1665,2021-08-06 11:19:00-04:00,2021-08-06 11:19:00-04:00,1628263140000000000,1628263140000000000,146.33,146.32,146.335,146.2102,103480.0
1666,2021-08-06 11:20:00-04:00,2021-08-06 11:20:00-04:00,1628263200000000000,1628263200000000000,146.325,146.195,146.35,146.18,152657.0
1667,2021-08-06 11:21:00-04:00,2021-08-06 11:21:00-04:00,1628263260000000000,1628263260000000000,146.19,146.24,146.25,146.16,103347.0
1668,2021-08-06 11:22:00-04:00,2021-08-06 11:22:00-04:00,1628263320000000000,1628263320000000000,146.23,146.258,146.258,146.195,112212.0
1669,2021-08-06 11:23:00-04:00,2021-08-06 11:23:00-04:00,1628263380000000000,1628263380000000000,146.255,146.2979,146.3,146.2444,473389.0
1670,2021-08-06 11:24:00-04:00,2021-08-06 11:24:00-04:00,1628263440000000000,1628263440000000000,146.299,146.289,146.33,146.21,109940.0
1671,2021-08-06 11:25:00-04:00,2021-08-06 11:25:00-04:00,1628263500000000000,1628263500000000000,146.29,146.19,146.3189,146.18,103378.0
1672,2021-08-06 11:26:00-04:00,2021-08-06 11:26:00-04:00,1628263560000000000,1628263560000000000,146.18,146.1202,146.2379,146.12,84627.0
1673,2021-08-06 11:27:00-04:00,2021-08-06 11:27:00-04:00,1628263620000000000,1628263620000000000,146.1259,146.15,146.16,146.05,353706.0
1674,2021-08-06 11:28:00-04:00,2021-08-06 11:28:00-04:00,1628263680000000000,1628263680000000000,146.16,146.2273,146.26,146.105,74079.0
1675,2021-08-06 11:29:00-04:00,2021-08-06 11:29:00-04:00,1628263740000000000,1628263740000000000,146.2204,146.24,146.27,146.1658,73675.0
1676,2021-08-06 11:30:00-04:00,2021-08-06 11:30:00-04:00,1628263800000000000,1628263800000000000,146.2401,146.2564,146.3,146.18,105441.0
1677,2021-08-06 11:31:00-04:00,2021-08-06 11:31:00-04:00,1628263860000000000,1628263860000000000,146.25,146.245,146.3,146.2,80144.0
1678,2021-08-06 11:32:00-04:00,2021-08-06 11:32:00-04:00,1628263920000000000,1628263920000000000,146.242,146.2,146.26,146.1942,60819.0
1679,2021-08-06 11:33:00-04:00,2021-08-06 11:33:00-04:00,1628263980000000000,1628263980000000000,146.2043,146.18,146.25,146.17,63322.0
1680,2021-08-06 11:34:00-04:00,2021-08-06 11:34:00-04:00,1628264040000000000,1628264040000000000,146.18,146.1352,146.23,146.1352,79300.0
1681,2021-08-06 11:35:00-04:00,2021-08-06 11:35:00-04:00,1628264100000000000,1628264100000000000,146.1384,146.075,146.1384,146.06,88796.0
1682,2021-08-06 11:36:00-04:00,2021-08-06 11:36:00-04:00,1628264160000000000,1628264160000000000,146.07,146.105,146.13,146.04,110691.0
1683,2021-08-06 11:37:00-04:00,2021-08-06 11:37:00-04:00,1628264220000000000,1628264220000000000,146.1,146.096,146.11,146.06,78170.0
1684,2021-08-06 11:38:00-04:00,2021-08-06 11:38:00-04:00,1628264280000000000,1628264280000000000,146.1,146.0878,146.14,146.06,73248.0
1685,2021-08-06 11:39:00-04:00,2021-08-06 11:39:00-04:00,1628264340000000000,1628264340000000000,146.085,146.1118,146.13,146.085,74381.0
1686,2021-08-06 11:40:00-04:00,2021-08-06 11:40:00-04:00,1628264400000000000,1628264400000000000,146.115,146.138,146.14,146.02,140318.0
1687,2021-08-06 11:41:00-04:00,2021-08-06 11:41:00-04:00,1628264460000000000,1628264460000000000,146.1311,146.115,146.1311,146.06,63912.0
1688,2021-08-06 11:42:00-04:00,2021-08-06 11:42:00-04:00,1628264520000000000,1628264520000000000,146.12,146.095,146.13,146.09,41591.0
1689,2021-08-06 11:43:00-04:00,2021-08-06 11:43:00-04:00,1628264580000000000,1628264580000000000,146.09,146.09,146.12,146.07,52876.0
1690,2021-08-06 11:44:00-04:00,2021-08-06 11:44:00-04:00,1628264640000000000,1628264640000000000,146.1,146.085,146.17,146.08,76237.0
1691,2021-08-06 11:45:00-04:00,2021-08-06 11:45:00-04:00,1628264700000000000,1628264700000000000,146.0807,146.015,146.1,146.0,130224.0
1692,2021-08-06 11:46:00-04:00,2021-08-06 11:46:00-04:00,1628264760000000000,1628264760000000000,146.02,146.0801,146.09,145.97,214054.0
1693,2021-08-06 11:47:00-04:00,2021-08-06 11:47:00-04:00,1628264820000000000,1628264820000000000,146.0899,146.045,146.12,146.04,79134.0
1694,2021-08-06 11:48:00-04:00,2021-08-06 11:48:00-04:00,1628264880000000000,1628264880000000000,146.045,146.0882,146.09,146.035,60124.0
1695,2021-08-06 11:49:00-04:00,2021-08-06 11:49:00-04:00,1628264940000000000,1628264940000000000,146.09,146.1077,146.14,146.08,57373.0
1696,2021-08-06 11:50:00-04:00,2021-08-06 11:50:00-04:00,1628265000000000000,1628265000000000000,146.11,146.2001,146.21,146.1,109658.0
1697,2021-08-06 11:51:00-04:00,2021-08-06 11:51:00-04:00,1628265060000000000,1628265060000000000,146.205,146.175,146.22,146.16,87320.0
1698,2021-08-06 11:52:00-04:00,2021-08-06 11:52:00-04:00,1628265120000000000,1628265120000000000,146.17,146.12,146.17,146.1027,76854.0
1699,2021-08-06 11:53:00-04:00,2021-08-06 11:53:00-04:00,1628265180000000000,1628265180000000000,146.11,146.105,146.12,146.06,67737.0
1700,2021-08-06 11:54:00-04:00,2021-08-06 11:54:00-04:00,1628265240000000000,1628265240000000000,146.11,146.11,146.1135,146.0405,68895.0
1701,2021-08-06 11:55:00-04:00,2021-08-06 11:55:00-04:00,1628265300000000000,1628265300000000000,146.11,146.1226,146.15,146.065,70200.0
1702,2021-08-06 11:56:00-04:00,2021-08-06 11:56:00-04:00,1628265360000000000,1628265360000000000,146.135,146.14,146.16,146.13,56272.0
1703,2021-08-06 11:57:00-04:00,2021-08-06 11:57:00-04:00,1628265420000000000,1628265420000000000,146.1373,146.195,146.2,146.12,72356.0
1704,2021-08-06 11:58:00-04:00,2021-08-06 11:58:00-04:00,1628265480000000000,1628265480000000000,146.195,146.24,146.24,146.19,95064.0
1705,2021-08-06 11:59:00-04:00,2021-08-06 11:59:00-04:00,1628265540000000000,1628265540000000000,146.235,146.29,146.29,146.225,109572.0
1706,2021-08-06 12:00:00-04:00,2021-08-06 12:00:00-04:00,1628265600000000000,1628265600000000000,146.2891,146.305,146.33,146.28,125790.0
1707,2021-08-06 12:01:00-04:00,2021-08-06 12:01:00-04:00,1628265660000000000,1628265660000000000,146.305,146.2999,146.31,146.28,53310.0
1708,2021-08-06 12:02:00-04:00,2021-08-06 12:02:00-04:00,1628265720000000000,1628265720000000000,146.2999,146.255,146.305,146.25,49491.0
1709,2021-08-06 12:03:00-04:00,2021-08-06 12:03:00-04:00,1628265780000000000,1628265780000000000,146.26,146.255,146.26,146.22,76449.0
1710,2021-08-06 12:04:00-04:00,2021-08-06 12:04:00-04:00,1628265840000000000,1628265840000000000,146.255,146.2501,146.29,146.2318,86418.0
1711,2021-08-06 12:05:00-04:00,2021-08-06 12:05:00-04:00,1628265900000000000,1628265900000000000,146.255,146.2099,146.29,146.2099,60318.0
1712,2021-08-06 12:06:00-04:00,2021-08-06 12:06:00-04:00,1628265960000000000,1628265960000000000,146.2,146.215,146.22,146.18,56122.0
1713,2021-08-06 12:07:00-04:00,2021-08-06 12:07:00-04:00,1628266020000000000,1628266020000000000,146.215,146.195,146.24,146.19,49981.0
1714,2021-08-06 12:08:00-04:00,2021-08-06 12:08:00-04:00,1628266080000000000,1628266080000000000,146.19,146.15,146.215,146.15,64159.0
1715,2021-08-06 12:09:00-04:00,2021-08-06 12:09:00-04:00,1628266140000000000,1628266140000000000,146.15,146.155,146.1797,146.15,83011.0
1716,2021-08-06 12:10:00-04:00,2021-08-06 12:10:00-04:00,1628266200000000000,1628266200000000000,146.1516,146.17,146.19,146.12,78268.0
1717,2021-08-06 12:11:00-04:00,2021-08-06 12:11:00-04:00,1628266260000000000,1628266260000000000,146.165,146.175,146.19,146.14,54727.0
1718,2021-08-06 12:12:00-04:00,2021-08-06 12:12:00-04:00,1628266320000000000,1628266320000000000,146.17,146.17,146.2,146.14,56741.0
1719,2021-08-06 12:13:00-04:00,2021-08-06 12:13:00-04:00,1628266380000000000,1628266380000000000,146.17,146.15,146.2,146.15,64542.0
1720,2021-08-06 12:14:00-04:00,2021-08-06 12:14:00-04:00,1628266440000000000,1628266440000000000,146.15,146.13,146.15,146.1,68332.0
1721,2021-08-06 12:15:00-04:00,2021-08-06 12:15:00-04:00,1628266500000000000,1628266500000000000,146.1342,146.1,146.135,146.07,81797.0
1722,2021-08-06 12:16:00-04:00,2021-08-06 12:16:00-04:00,1628266560000000000,1628266560000000000,146.1058,146.13,146.1399,146.07,63326.0
1723,2021-08-06 12:17:00-04:00,2021-08-06 12:17:00-04:00,1628266620000000000,1628266620000000000,146.135,146.14,146.16,146.13,46000.0
1724,2021-08-06 12:18:00-04:00,2021-08-06 12:18:00-04:00,1628266680000000000,1628266680000000000,146.1494,146.1361,146.17,146.125,55290.0
1725,2021-08-06 12:19:00-04:00,2021-08-06 12:19:00-04:00,1628266740000000000,1628266740000000000,146.13,146.12,146.13,146.09,80529.0
1726,2021-08-06 12:20:00-04:00,2021-08-06 12:20:00-04:00,1628266800000000000,1628266800000000000,146.12,146.12,146.1499,146.1,72240.0
1727,2021-08-06 12:21:00-04:00,2021-08-06 12:21:00-04:00,1628266860000000000,1628266860000000000,146.12,146.14,146.155,146.11,41809.0
1728,2021-08-06 12:22:00-04:00,2021-08-06 12:22:00-04:00,1628266920000000000,1628266920000000000,146.1328,146.11,146.155,146.11,48369.0
1729,2021-08-06 12:23:00-04:00,2021-08-06 12:23:00-04:00,1628266980000000000,1628266980000000000,146.115,146.1301,146.1399,146.1,43011.0
1730,2021-08-06 12:24:00-04:00,2021-08-06 12:24:00-04:00,1628267040000000000,1628267040000000000,146.14,146.185,146.2098,146.14,86040.0
1731,2021-08-06 12:25:00-04:00,2021-08-06 12:25:00-04:00,1628267100000000000,1628267100000000000,146.185,146.185,146.22,146.175,57236.0
1732,2021-08-06 12:26:00-04:00,2021-08-06 12:26:00-04:00,1628267160000000000,1628267160000000000,146.19,146.175,146.21,146.17,48507.0
1733,2021-08-06 12:27:00-04:00,2021-08-06 12:27:00-04:00,1628267220000000000,1628267220000000000,146.17,146.195,146.23,146.1601,59973.0
1734,2021-08-06 12:28:00-04:00,2021-08-06 12:28:00-04:00,1628267280000000000,1628267280000000000,146.1972,146.24,146.245,146.19,40902.0
1735,2021-08-06 12:29:00-04:00,2021-08-06 12:29:00-04:00,1628267340000000000,1628267340000000000,146.24,146.235,146.2588,146.2201,58140.0
1736,2021-08-06 12:30:00-04:00,2021-08-06 12:30:00-04:00,1628267400000000000,1628267400000000000,146.23,146.225,146.25,146.21,37372.0
1737,2021-08-06 12:31:00-04:00,2021-08-06 12:31:00-04:00,1628267460000000000,1628267460000000000,146.227,146.19,146.227,146.17,57953.0
1738,2021-08-06 12:32:00-04:00,2021-08-06 12:32:00-04:00,1628267520000000000,1628267520000000000,146.18,146.2356,146.24,146.18,48827.0
1739,2021-08-06 12:33:00-04:00,2021-08-06 12:33:00-04:00,1628267580000000000,1628267580000000000,146.235,146.19,146.28,146.19,83178.0
1740,2021-08-06 12:34:00-04:00,2021-08-06 12:34:00-04:00,1628267640000000000,1628267640000000000,146.2,146.15,146.21,146.14,70704.0
1741,2021-08-06 12:35:00-04:00,2021-08-06 12:35:00-04:00,1628267700000000000,1628267700000000000,146.15,146.13,146.16,146.12,49672.0
1742,2021-08-06 12:36:00-04:00,2021-08-06 12:36:00-04:00,1628267760000000000,1628267760000000000,146.14,146.105,146.14,146.09,90343.0
1743,2021-08-06 12:37:00-04:00,2021-08-06 12:37:00-04:00,1628267820000000000,1628267820000000000,146.1099,146.125,146.13,146.08,356220.0
1744,2021-08-06 12:38:00-04:00,2021-08-06 12:38:00-04:00,1628267880000000000,1628267880000000000,146.125,146.108,146.138,146.1,51869.0
1745,2021-08-06 12:39:00-04:00,2021-08-06 12:39:00-04:00,1628267940000000000,1628267940000000000,146.105,146.0984,146.137,146.09,48273.0
1746,2021-08-06 12:40:00-04:00,2021-08-06 12:40:00-04:00,1628268000000000000,1628268000000000000,146.1,146.1,146.13,146.09,48733.0
1747,2021-08-06 12:41:00-04:00,2021-08-06 12:41:00-04:00,1628268060000000000,1628268060000000000,146.1,146.105,146.1122,146.09,57452.0
1748,2021-08-06 12:42:00-04:00,2021-08-06 12:42:00-04:00,1628268120000000000,1628268120000000000,146.1057,146.0885,146.12,146.06,65277.0
1749,2021-08-06 12:43:00-04:00,2021-08-06 12:43:00-04:00,1628268180000000000,1628268180000000000,146.09,146.1169,146.12,146.07,39373.0
1750,2021-08-06 12:44:00-04:00,2021-08-06 12:44:00-04:00,1628268240000000000,1628268240000000000,146.11,146.05,146.11,146.04,89477.0
1751,2021-08-06 12:45:00-04:00,2021-08-06 12:45:00-04:00,1628268300000000000,1628268300000000000,146.0499,146.065,146.075,146.01,92551.0
1752,2021-08-06 12:46:00-04:00,2021-08-06 12:46:00-04:00,1628268360000000000,1628268360000000000,146.065,146.05,146.0679,146.03,60632.0
1753,2021-08-06 12:47:00-04:00,2021-08-06 12:47:00-04:00,1628268420000000000,1628268420000000000,146.055,146.035,146.057,146.03,33886.0
1754,2021-08-06 12:48:00-04:00,2021-08-06 12:48:00-04:00,1628268480000000000,1628268480000000000,146.0376,146.005,146.04,145.99,103131.0
1755,2021-08-06 12:49:00-04:00,2021-08-06 12:49:00-04:00,1628268540000000000,1628268540000000000,146.0,145.9501,146.02,145.94,177042.0
1756,2021-08-06 12:50:00-04:00,2021-08-06 12:50:00-04:00,1628268600000000000,1628268600000000000,145.96,145.935,145.9697,145.91,108888.0
1757,2021-08-06 12:51:00-04:00,2021-08-06 12:51:00-04:00,1628268660000000000,1628268660000000000,145.93,145.995,146.0,145.93,71711.0
1758,2021-08-06 12:52:00-04:00,2021-08-06 12:52:00-04:00,1628268720000000000,1628268720000000000,146.0,145.995,146.01,145.971,76588.0
1759,2021-08-06 12:53:00-04:00,2021-08-06 12:53:00-04:00,1628268780000000000,1628268780000000000,145.995,146.005,146.0276,145.985,46701.0
1760,2021-08-06 12:54:00-04:00,2021-08-06 12:54:00-04:00,1628268840000000000,1628268840000000000,146.002,146.055,146.07,146.0,116890.0
1761,2021-08-06 12:55:00-04:00,2021-08-06 12:55:00-04:00,1628268900000000000,1628268900000000000,146.05,146.035,146.069,146.01,72337.0
1762,2021-08-06 12:56:00-04:00,2021-08-06 12:56:00-04:00,1628268960000000000,1628268960000000000,146.035,146.0792,146.09,146.03,94307.0
1763,2021-08-06 12:57:00-04:00,2021-08-06 12:57:00-04:00,1628269020000000000,1628269020000000000,146.0799,146.1082,146.12,146.07,63857.0
1764,2021-08-06 12:58:00-04:00,2021-08-06 12:58:00-04:00,1628269080000000000,1628269080000000000,146.105,146.13,146.14,146.105,56322.0
1765,2021-08-06 12:59:00-04:00,2021-08-06 12:59:00-04:00,1628269140000000000,1628269140000000000,146.13,146.1,146.13,146.08,83002.0
1766,2021-08-06 13:00:00-04:00,2021-08-06 13:00:00-04:00,1628269200000000000,1628269200000000000,146.1006,146.1006,146.15,146.1,75297.0
1767,2021-08-06 13:01:00-04:00,2021-08-06 13:01:00-04:00,1628269260000000000,1628269260000000000,146.1001,146.165,146.19,146.1,74767.0
1768,2021-08-06 13:02:00-04:00,2021-08-06 13:02:00-04:00,1628269320000000000,1628269320000000000,146.18,146.15,146.18,146.14,55490.0
1769,2021-08-06 13:03:00-04:00,2021-08-06 13:03:00-04:00,1628269380000000000,1628269380000000000,146.15,146.2084,146.225,146.135,78687.0
1770,2021-08-06 13:04:00-04:00,2021-08-06 13:04:00-04:00,1628269440000000000,1628269440000000000,146.2002,146.19,146.2002,146.17,29484.0
1771,2021-08-06 13:05:00-04:00,2021-08-06 13:05:00-04:00,1628269500000000000,1628269500000000000,146.19,146.1757,146.19,146.16,48821.0
1772,2021-08-06 13:06:00-04:00,2021-08-06 13:06:00-04:00,1628269560000000000,1628269560000000000,146.175,146.2113,146.22,146.17,56167.0
1773,2021-08-06 13:07:00-04:00,2021-08-06 13:07:00-04:00,1628269620000000000,1628269620000000000,146.22,146.1985,146.235,146.19,47766.0
1774,2021-08-06 13:08:00-04:00,2021-08-06 13:08:00-04:00,1628269680000000000,1628269680000000000,146.191,146.185,146.2091,146.1801,33891.0
1775,2021-08-06 13:09:00-04:00,2021-08-06 13:09:00-04:00,1628269740000000000,1628269740000000000,146.1826,146.1541,146.2,146.15,57884.0
1776,2021-08-06 13:10:00-04:00,2021-08-06 13:10:00-04:00,1628269800000000000,1628269800000000000,146.15,146.135,146.158,146.11,71874.0
1777,2021-08-06 13:11:00-04:00,2021-08-06 13:11:00-04:00,1628269860000000000,1628269860000000000,146.14,146.15,146.18,146.13,65824.0
1778,2021-08-06 13:12:00-04:00,2021-08-06 13:12:00-04:00,1628269920000000000,1628269920000000000,146.1586,146.165,146.17,146.15,81344.0
1779,2021-08-06 13:13:00-04:00,2021-08-06 13:13:00-04:00,1628269980000000000,1628269980000000000,146.1674,146.1583,146.17,146.1203,36661.0
1780,2021-08-06 13:14:00-04:00,2021-08-06 13:14:00-04:00,1628270040000000000,1628270040000000000,146.1528,146.1783,146.18,146.14,50079.0
1781,2021-08-06 13:15:00-04:00,2021-08-06 13:15:00-04:00,1628270100000000000,1628270100000000000,146.175,146.165,146.18,146.16,34515.0
1782,2021-08-06 13:16:00-04:00,2021-08-06 13:16:00-04:00,1628270160000000000,1628270160000000000,146.17,146.13,146.17,146.11,54626.0
1783,2021-08-06 13:17:00-04:00,2021-08-06 13:17:00-04:00,1628270220000000000,1628270220000000000,146.12,146.09,146.12,146.06,70565.0
1784,2021-08-06 13:18:00-04:00,2021-08-06 13:18:00-04:00,1628270280000000000,1628270280000000000,146.0945,146.105,146.105,146.07,45964.0
1785,2021-08-06 13:19:00-04:00,2021-08-06 13:19:00-04:00,1628270340000000000,1628270340000000000,146.1067,146.0901,146.12,146.0901,55031.0
1786,2021-08-06 13:20:00-04:00,2021-08-06 13:20:00-04:00,1628270400000000000,1628270400000000000,146.0922,146.0601,146.0922,146.04,51611.0
1787,2021-08-06 13:21:00-04:00,2021-08-06 13:21:00-04:00,1628270460000000000,1628270460000000000,146.0649,146.015,146.065,145.995,95277.0
1788,2021-08-06 13:22:00-04:00,2021-08-06 13:22:00-04:00,1628270520000000000,1628270520000000000,146.0199,145.945,146.02,145.94,104042.0
1789,2021-08-06 13:23:00-04:00,2021-08-06 13:23:00-04:00,1628270580000000000,1628270580000000000,145.95,145.955,145.97,145.92,96508.0
1790,2021-08-06 13:24:00-04:00,2021-08-06 13:24:00-04:00,1628270640000000000,1628270640000000000,145.9577,145.9305,145.96,145.9223,67930.0
1791,2021-08-06 13:25:00-04:00,2021-08-06 13:25:00-04:00,1628270700000000000,1628270700000000000,145.94,145.885,145.95,145.87,153575.0
1792,2021-08-06 13:26:00-04:00,2021-08-06 13:26:00-04:00,1628270760000000000,1628270760000000000,145.889,145.94,145.9499,145.889,95902.0
1793,2021-08-06 13:27:00-04:00,2021-08-06 13:27:00-04:00,1628270820000000000,1628270820000000000,145.94,145.93,145.95,145.91,101955.0
1794,2021-08-06 13:28:00-04:00,2021-08-06 13:28:00-04:00,1628270880000000000,1628270880000000000,145.925,145.88,145.93,145.88,78379.0
1795,2021-08-06 13:29:00-04:00,2021-08-06 13:29:00-04:00,1628270940000000000,1628270940000000000,145.88,145.8999,145.8999,145.86,70407.0
1796,2021-08-06 13:30:00-04:00,2021-08-06 13:30:00-04:00,1628271000000000000,1628271000000000000,145.89,145.8305,145.8972,145.83,126933.0
1797,2021-08-06 13:31:00-04:00,2021-08-06 13:31:00-04:00,1628271060000000000,1628271060000000000,145.8325,145.8399,145.87,145.81,68159.0
1798,2021-08-06 13:32:00-04:00,2021-08-06 13:32:00-04:00,1628271120000000000,1628271120000000000,145.84,145.85,145.8788,145.84,82006.0
1799,2021-08-06 13:33:00-04:00,2021-08-06 13:33:00-04:00,1628271180000000000,1628271180000000000,145.85,145.825,145.86,145.82,55064.0
1800,2021-08-06 13:34:00-04:00,2021-08-06 13:34:00-04:00,1628271240000000000,1628271240000000000,145.82,145.865,145.8675,145.82,46828.0
1801,2021-08-06 13:35:00-04:00,2021-08-06 13:35:00-04:00,1628271300000000000,1628271300000000000,145.865,145.8932,145.8999,145.84,57296.0
1802,2021-08-06 13:36:00-04:00,2021-08-06 13:36:00-04:00,1628271360000000000,1628271360000000000,145.895,145.9188,145.93,145.8891,74022.0
1803,2021-08-06 13:37:00-04:00,2021-08-06 13:37:00-04:00,1628271420000000000,1628271420000000000,145.92,145.925,145.93,145.89,61109.0
1804,2021-08-06 13:38:00-04:00,2021-08-06 13:38:00-04:00,1628271480000000000,1628271480000000000,145.925,145.9479,145.95,145.9198,46113.0
1805,2021-08-06 13:39:00-04:00,2021-08-06 13:39:00-04:00,1628271540000000000,1628271540000000000,145.95,145.915,145.95,145.8949,50033.0
1806,2021-08-06 13:40:00-04:00,2021-08-06 13:40:00-04:00,1628271600000000000,1628271600000000000,145.915,145.9065,145.935,145.9,43288.0
1807,2021-08-06 13:41:00-04:00,2021-08-06 13:41:00-04:00,1628271660000000000,1628271660000000000,145.9027,145.879,145.9199,145.87,60735.0
1808,2021-08-06 13:42:00-04:00,2021-08-06 13:42:00-04:00,1628271720000000000,1628271720000000000,145.8799,145.855,145.89,145.85,35964.0
1809,2021-08-06 13:43:00-04:00,2021-08-06 13:43:00-04:00,1628271780000000000,1628271780000000000,145.8523,145.78,145.8546,145.77,172325.0
1810,2021-08-06 13:44:00-04:00,2021-08-06 13:44:00-04:00,1628271840000000000,1628271840000000000,145.785,145.7699,145.785,145.72,114249.0
1811,2021-08-06 13:45:00-04:00,2021-08-06 13:45:00-04:00,1628271900000000000,1628271900000000000,145.77,145.7654,145.78,145.7525,66264.0
1812,2021-08-06 13:46:00-04:00,2021-08-06 13:46:00-04:00,1628271960000000000,1628271960000000000,145.7699,145.809,145.82,145.76,64469.0
1813,2021-08-06 13:47:00-04:00,2021-08-06 13:47:00-04:00,1628272020000000000,1628272020000000000,145.8055,145.8383,145.8478,145.805,69108.0
1814,2021-08-06 13:48:00-04:00,2021-08-06 13:48:00-04:00,1628272080000000000,1628272080000000000,145.8399,145.8701,145.88,145.83,60171.0
1815,2021-08-06 13:49:00-04:00,2021-08-06 13:49:00-04:00,1628272140000000000,1628272140000000000,145.8701,145.795,145.8701,145.78,68386.0
1816,2021-08-06 13:50:00-04:00,2021-08-06 13:50:00-04:00,1628272200000000000,1628272200000000000,145.79,145.855,145.86,145.79,52650.0
1817,2021-08-06 13:51:00-04:00,2021-08-06 13:51:00-04:00,1628272260000000000,1628272260000000000,145.85,145.8501,145.89,145.84,55984.0
1818,2021-08-06 13:52:00-04:00,2021-08-06 13:52:00-04:00,1628272320000000000,1628272320000000000,145.86,145.8977,145.9067,145.86,34535.0
1819,2021-08-06 13:53:00-04:00,2021-08-06 13:53:00-04:00,1628272380000000000,1628272380000000000,145.9,145.885,145.92,145.87,60246.0
1820,2021-08-06 13:54:00-04:00,2021-08-06 13:54:00-04:00,1628272440000000000,1628272440000000000,145.8815,145.87,145.885,145.83,65697.0
1821,2021-08-06 13:55:00-04:00,2021-08-06 13:55:00-04:00,1628272500000000000,1628272500000000000,145.875,145.8929,145.9,145.84,73019.0
1822,2021-08-06 13:56:00-04:00,2021-08-06 13:56:00-04:00,1628272560000000000,1628272560000000000,145.9,145.87,145.91,145.86,56917.0
1823,2021-08-06 13:57:00-04:00,2021-08-06 13:57:00-04:00,1628272620000000000,1628272620000000000,145.87,145.9,145.92,145.865,38625.0
1824,2021-08-06 13:58:00-04:00,2021-08-06 13:58:00-04:00,1628272680000000000,1628272680000000000,145.8967,145.87,145.9,145.86,37914.0
1825,2021-08-06 13:59:00-04:00,2021-08-06 13:59:00-04:00,1628272740000000000,1628272740000000000,145.8729,145.94,145.94,145.8729,57282.0
1826,2021-08-06 14:00:00-04:00,2021-08-06 14:00:00-04:00,1628272800000000000,1628272800000000000,145.9414,145.9483,145.97,145.93,68904.0
1827,2021-08-06 14:01:00-04:00,2021-08-06 14:01:00-04:00,1628272860000000000,1628272860000000000,145.95,145.9325,145.965,145.93,61677.0
1828,2021-08-06 14:02:00-04:00,2021-08-06 14:02:00-04:00,1628272920000000000,1628272920000000000,145.9326,145.89,145.94,145.88,73055.0
1829,2021-08-06 14:03:00-04:00,2021-08-06 14:03:00-04:00,1628272980000000000,1628272980000000000,145.89,145.93,145.9371,145.885,41901.0
1830,2021-08-06 14:04:00-04:00,2021-08-06 14:04:00-04:00,1628273040000000000,1628273040000000000,145.93,145.941,145.965,145.913,43651.0
1831,2021-08-06 14:05:00-04:00,2021-08-06 14:05:00-04:00,1628273100000000000,1628273100000000000,145.945,145.945,145.9517,145.925,43925.0
1832,2021-08-06 14:06:00-04:00,2021-08-06 14:06:00-04:00,1628273160000000000,1628273160000000000,145.94,145.96,145.965,145.925,40123.0
1833,2021-08-06 14:07:00-04:00,2021-08-06 14:07:00-04:00,1628273220000000000,1628273220000000000,145.9542,145.9199,145.955,145.9001,47722.0
1834,2021-08-06 14:08:00-04:00,2021-08-06 14:08:00-04:00,1628273280000000000,1628273280000000000,145.915,145.92,145.94,145.8998,55988.0
1835,2021-08-06 14:09:00-04:00,2021-08-06 14:09:00-04:00,1628273340000000000,1628273340000000000,145.92,145.92,145.93,145.9,38146.0
1836,2021-08-06 14:10:00-04:00,2021-08-06 14:10:00-04:00,1628273400000000000,1628273400000000000,145.9146,145.89,145.93,145.89,49749.0
1837,2021-08-06 14:11:00-04:00,2021-08-06 14:11:00-04:00,1628273460000000000,1628273460000000000,145.8857,145.84,145.89,145.8,112757.0
1838,2021-08-06 14:12:00-04:00,2021-08-06 14:12:00-04:00,1628273520000000000,1628273520000000000,145.8352,145.81,145.8499,145.8,52350.0
1839,2021-08-06 14:13:00-04:00,2021-08-06 14:13:00-04:00,1628273580000000000,1628273580000000000,145.81,145.83,145.85,145.81,52856.0
1840,2021-08-06 14:14:00-04:00,2021-08-06 14:14:00-04:00,1628273640000000000,1628273640000000000,145.835,145.84,145.87,145.82,85199.0
1841,2021-08-06 14:15:00-04:00,2021-08-06 14:15:00-04:00,1628273700000000000,1628273700000000000,145.845,145.87,145.88,145.82,54301.0
1842,2021-08-06 14:16:00-04:00,2021-08-06 14:16:00-04:00,1628273760000000000,1628273760000000000,145.8699,145.87,145.89,145.84,48344.0
1843,2021-08-06 14:17:00-04:00,2021-08-06 14:17:00-04:00,1628273820000000000,1628273820000000000,145.87,145.87,145.9,145.855,48171.0
1844,2021-08-06 14:18:00-04:00,2021-08-06 14:18:00-04:00,1628273880000000000,1628273880000000000,145.88,145.895,145.9,145.85,49410.0
1845,2021-08-06 14:19:00-04:00,2021-08-06 14:19:00-04:00,1628273940000000000,1628273940000000000,145.8989,145.8801,145.92,145.8801,43533.0
1846,2021-08-06 14:20:00-04:00,2021-08-06 14:20:00-04:00,1628274000000000000,1628274000000000000,145.89,145.79,145.8962,145.79,85720.0
1847,2021-08-06 14:21:00-04:00,2021-08-06 14:21:00-04:00,1628274060000000000,1628274060000000000,145.79,145.86,145.86,145.78,60511.0
1848,2021-08-06 14:22:00-04:00,2021-08-06 14:22:00-04:00,1628274120000000000,1628274120000000000,145.85,145.865,145.89,145.85,29931.0
1849,2021-08-06 14:23:00-04:00,2021-08-06 14:23:00-04:00,1628274180000000000,1628274180000000000,145.8615,145.856,145.8799,145.85,27797.0
1850,2021-08-06 14:24:00-04:00,2021-08-06 14:24:00-04:00,1628274240000000000,1628274240000000000,145.85,145.91,145.91,145.85,46895.0
1851,2021-08-06 14:25:00-04:00,2021-08-06 14:25:00-04:00,1628274300000000000,1628274300000000000,145.91,145.8986,145.92,145.87,68624.0
1852,2021-08-06 14:26:00-04:00,2021-08-06 14:26:00-04:00,1628274360000000000,1628274360000000000,145.89,145.906,145.91,145.885,57473.0
1853,2021-08-06 14:27:00-04:00,2021-08-06 14:27:00-04:00,1628274420000000000,1628274420000000000,145.91,145.855,145.937,145.85,86705.0
1854,2021-08-06 14:28:00-04:00,2021-08-06 14:28:00-04:00,1628274480000000000,1628274480000000000,145.86,145.92,145.93,145.8565,45427.0
1855,2021-08-06 14:29:00-04:00,2021-08-06 14:29:00-04:00,1628274540000000000,1628274540000000000,145.9196,145.925,145.938,145.91,45358.0
1856,2021-08-06 14:30:00-04:00,2021-08-06 14:30:00-04:00,1628274600000000000,1628274600000000000,145.92,145.915,145.93,145.9,36055.0
1857,2021-08-06 14:31:00-04:00,2021-08-06 14:31:00-04:00,1628274660000000000,1628274660000000000,145.915,145.915,145.94,145.8926,26232.0
1858,2021-08-06 14:32:00-04:00,2021-08-06 14:32:00-04:00,1628274720000000000,1628274720000000000,145.915,145.94,145.94,145.9,35933.0
1859,2021-08-06 14:33:00-04:00,2021-08-06 14:33:00-04:00,1628274780000000000,1628274780000000000,145.94,145.935,145.96,145.91,132823.0
1860,2021-08-06 14:34:00-04:00,2021-08-06 14:34:00-04:00,1628274840000000000,1628274840000000000,145.94,145.945,145.9496,145.93,35220.0
1861,2021-08-06 14:35:00-04:00,2021-08-06 14:35:00-04:00,1628274900000000000,1628274900000000000,145.95,145.9001,145.96,145.8845,91069.0
1862,2021-08-06 14:36:00-04:00,2021-08-06 14:36:00-04:00,1628274960000000000,1628274960000000000,145.905,145.91,145.92,145.8907,29158.0
1863,2021-08-06 14:37:00-04:00,2021-08-06 14:37:00-04:00,1628275020000000000,1628275020000000000,145.91,145.8589,145.91,145.85,71520.0
1864,2021-08-06 14:38:00-04:00,2021-08-06 14:38:00-04:00,1628275080000000000,1628275080000000000,145.85,145.8596,145.88,145.82,91333.0
1865,2021-08-06 14:39:00-04:00,2021-08-06 14:39:00-04:00,1628275140000000000,1628275140000000000,145.8558,145.875,145.9,145.85,52309.0
1866,2021-08-06 14:40:00-04:00,2021-08-06 14:40:00-04:00,1628275200000000000,1628275200000000000,145.87,145.835,145.88,145.8201,67598.0
1867,2021-08-06 14:41:00-04:00,2021-08-06 14:41:00-04:00,1628275260000000000,1628275260000000000,145.83,145.8222,145.845,145.795,77903.0
1868,2021-08-06 14:42:00-04:00,2021-08-06 14:42:00-04:00,1628275320000000000,1628275320000000000,145.8221,145.8212,145.85,145.81,55047.0
1869,2021-08-06 14:43:00-04:00,2021-08-06 14:43:00-04:00,1628275380000000000,1628275380000000000,145.82,145.835,145.85,145.82,37135.0
1870,2021-08-06 14:44:00-04:00,2021-08-06 14:44:00-04:00,1628275440000000000,1628275440000000000,145.835,145.8118,145.845,145.8101,38055.0
1871,2021-08-06 14:45:00-04:00,2021-08-06 14:45:00-04:00,1628275500000000000,1628275500000000000,145.82,145.8,145.825,145.7737,72414.0
1872,2021-08-06 14:46:00-04:00,2021-08-06 14:46:00-04:00,1628275560000000000,1628275560000000000,145.8,145.79,145.82,145.79,57519.0
1873,2021-08-06 14:47:00-04:00,2021-08-06 14:47:00-04:00,1628275620000000000,1628275620000000000,145.7909,145.83,145.84,145.78,65283.0
1874,2021-08-06 14:48:00-04:00,2021-08-06 14:48:00-04:00,1628275680000000000,1628275680000000000,145.83,145.7999,145.8425,145.78,117099.0
1875,2021-08-06 14:49:00-04:00,2021-08-06 14:49:00-04:00,1628275740000000000,1628275740000000000,145.8,145.79,145.805,145.761,64627.0
1876,2021-08-06 14:50:00-04:00,2021-08-06 14:50:00-04:00,1628275800000000000,1628275800000000000,145.79,145.79,145.8163,145.78,64814.0
1877,2021-08-06 14:51:00-04:00,2021-08-06 14:51:00-04:00,1628275860000000000,1628275860000000000,145.795,145.8,145.82,145.7949,63750.0
1878,2021-08-06 14:52:00-04:00,2021-08-06 14:52:00-04:00,1628275920000000000,1628275920000000000,145.8,145.8,145.82,145.79,36729.0
1879,2021-08-06 14:53:00-04:00,2021-08-06 14:53:00-04:00,1628275980000000000,1628275980000000000,145.795,145.745,145.8069,145.74,134100.0
1880,2021-08-06 14:54:00-04:00,2021-08-06 14:54:00-04:00,1628276040000000000,1628276040000000000,145.74,145.715,145.7699,145.71,82403.0
1881,2021-08-06 14:55:00-04:00,2021-08-06 14:55:00-04:00,1628276100000000000,1628276100000000000,145.715,145.67,145.715,145.63,191274.0
1882,2021-08-06 14:56:00-04:00,2021-08-06 14:56:00-04:00,1628276160000000000,1628276160000000000,145.67,145.695,145.6999,145.64,111646.0
1883,2021-08-06 14:57:00-04:00,2021-08-06 14:57:00-04:00,1628276220000000000,1628276220000000000,145.6901,145.75,145.75,145.68,82241.0
1884,2021-08-06 14:58:00-04:00,2021-08-06 14:58:00-04:00,1628276280000000000,1628276280000000000,145.7499,145.755,145.77,145.7316,57262.0
1885,2021-08-06 14:59:00-04:00,2021-08-06 14:59:00-04:00,1628276340000000000,1628276340000000000,145.755,145.71,145.78,145.71,61118.0
1886,2021-08-06 15:00:00-04:00,2021-08-06 15:00:00-04:00,1628276400000000000,1628276400000000000,145.71,145.75,145.755,145.7,70551.0
1887,2021-08-06 15:01:00-04:00,2021-08-06 15:01:00-04:00,1628276460000000000,1628276460000000000,145.76,145.755,145.78,145.745,49619.0
1888,2021-08-06 15:02:00-04:00,2021-08-06 15:02:00-04:00,1628276520000000000,1628276520000000000,145.75,145.715,145.75,145.6801,94949.0
1889,2021-08-06 15:03:00-04:00,2021-08-06 15:03:00-04:00,1628276580000000000,1628276580000000000,145.7122,145.69,145.72,145.66,85839.0
1890,2021-08-06 15:04:00-04:00,2021-08-06 15:04:00-04:00,1628276640000000000,1628276640000000000,145.69,145.68,145.71,145.67,97428.0
1891,2021-08-06 15:05:00-04:00,2021-08-06 15:05:00-04:00,1628276700000000000,1628276700000000000,145.69,145.715,145.725,145.69,54294.0
1892,2021-08-06 15:06:00-04:00,2021-08-06 15:06:00-04:00,1628276760000000000,1628276760000000000,145.715,145.715,145.74,145.705,205316.0
1893,2021-08-06 15:07:00-04:00,2021-08-06 15:07:00-04:00,1628276820000000000,1628276820000000000,145.715,145.7599,145.77,145.715,59485.0
1894,2021-08-06 15:08:00-04:00,2021-08-06 15:08:00-04:00,1628276880000000000,1628276880000000000,145.755,145.735,145.77,145.71,89625.0
1895,2021-08-06 15:09:00-04:00,2021-08-06 15:09:00-04:00,1628276940000000000,1628276940000000000,145.74,145.76,145.7667,145.74,52539.0
1896,2021-08-06 15:10:00-04:00,2021-08-06 15:10:00-04:00,1628277000000000000,1628277000000000000,145.76,145.77,145.78,145.73,61896.0
1897,2021-08-06 15:11:00-04:00,2021-08-06 15:11:00-04:00,1628277060000000000,1628277060000000000,145.77,145.78,145.805,145.7684,112188.0
1898,2021-08-06 15:12:00-04:00,2021-08-06 15:12:00-04:00,1628277120000000000,1628277120000000000,145.78,145.8,145.8,145.76,65427.0
1899,2021-08-06 15:13:00-04:00,2021-08-06 15:13:00-04:00,1628277180000000000,1628277180000000000,145.8,145.825,145.845,145.79,100707.0
1900,2021-08-06 15:14:00-04:00,2021-08-06 15:14:00-04:00,1628277240000000000,1628277240000000000,145.8279,145.845,145.845,145.8,84731.0
1901,2021-08-06 15:15:00-04:00,2021-08-06 15:15:00-04:00,1628277300000000000,1628277300000000000,145.8431,145.872,145.9,145.8412,89195.0
1902,2021-08-06 15:16:00-04:00,2021-08-06 15:16:00-04:00,1628277360000000000,1628277360000000000,145.875,145.825,145.89,145.825,83761.0
1903,2021-08-06 15:17:00-04:00,2021-08-06 15:17:00-04:00,1628277420000000000,1628277420000000000,145.8201,145.85,145.86,145.8201,77487.0
1904,2021-08-06 15:18:00-04:00,2021-08-06 15:18:00-04:00,1628277480000000000,1628277480000000000,145.855,145.86,145.8665,145.83,82786.0
1905,2021-08-06 15:19:00-04:00,2021-08-06 15:19:00-04:00,1628277540000000000,1628277540000000000,145.865,145.88,145.895,145.86,51356.0
1906,2021-08-06 15:20:00-04:00,2021-08-06 15:20:00-04:00,1628277600000000000,1628277600000000000,145.885,145.8701,145.905,145.87,74877.0
1907,2021-08-06 15:21:00-04:00,2021-08-06 15:21:00-04:00,1628277660000000000,1628277660000000000,145.875,145.915,145.92,145.86,73896.0
1908,2021-08-06 15:22:00-04:00,2021-08-06 15:22:00-04:00,1628277720000000000,1628277720000000000,145.92,145.93,145.95,145.9,86107.0
1909,2021-08-06 15:23:00-04:00,2021-08-06 15:23:00-04:00,1628277780000000000,1628277780000000000,145.93,145.93,145.95,145.92,76623.0
1910,2021-08-06 15:24:00-04:00,2021-08-06 15:24:00-04:00,1628277840000000000,1628277840000000000,145.94,145.915,145.94,145.91,52821.0
1911,2021-08-06 15:25:00-04:00,2021-08-06 15:25:00-04:00,1628277900000000000,1628277900000000000,145.91,145.935,145.94,145.91,51613.0
1912,2021-08-06 15:26:00-04:00,2021-08-06 15:26:00-04:00,1628277960000000000,1628277960000000000,145.9331,145.93,145.95,145.915,61285.0
1913,2021-08-06 15:27:00-04:00,2021-08-06 15:27:00-04:00,1628278020000000000,1628278020000000000,145.94,145.9179,145.9572,145.91,84752.0
1914,2021-08-06 15:28:00-04:00,2021-08-06 15:28:00-04:00,1628278080000000000,1628278080000000000,145.915,145.97,145.98,145.9,86462.0
1915,2021-08-06 15:29:00-04:00,2021-08-06 15:29:00-04:00,1628278140000000000,1628278140000000000,145.97,145.99,145.99,145.95,82157.0
1916,2021-08-06 15:30:00-04:00,2021-08-06 15:30:00-04:00,1628278200000000000,1628278200000000000,145.99,146.03,146.03,145.985,200151.0
1917,2021-08-06 15:31:00-04:00,2021-08-06 15:31:00-04:00,1628278260000000000,1628278260000000000,146.034,145.9799,146.0599,145.97,117403.0
1918,2021-08-06 15:32:00-04:00,2021-08-06 15:32:00-04:00,1628278320000000000,1628278320000000000,145.98,145.965,145.985,145.955,98688.0
1919,2021-08-06 15:33:00-04:00,2021-08-06 15:33:00-04:00,1628278380000000000,1628278380000000000,145.9601,145.975,145.98,145.93,117342.0
1920,2021-08-06 15:34:00-04:00,2021-08-06 15:34:00-04:00,1628278440000000000,1628278440000000000,145.98,146.04,146.05,145.975,85079.0
1921,2021-08-06 15:35:00-04:00,2021-08-06 15:35:00-04:00,1628278500000000000,1628278500000000000,146.0498,146.0922,146.11,146.035,130503.0
1922,2021-08-06 15:36:00-04:00,2021-08-06 15:36:00-04:00,1628278560000000000,1628278560000000000,146.1,146.135,146.14,146.0972,161671.0
1923,2021-08-06 15:37:00-04:00,2021-08-06 15:37:00-04:00,1628278620000000000,1628278620000000000,146.135,146.125,146.1385,146.0839,161575.0
1924,2021-08-06 15:38:00-04:00,2021-08-06 15:38:00-04:00,1628278680000000000,1628278680000000000,146.12,146.14,146.15,146.12,124767.0
1925,2021-08-06 15:39:00-04:00,2021-08-06 15:39:00-04:00,1628278740000000000,1628278740000000000,146.14,146.105,146.16,146.1,145779.0
1926,2021-08-06 15:40:00-04:00,2021-08-06 15:40:00-04:00,1628278800000000000,1628278800000000000,146.11,146.075,146.1374,146.035,167486.0
1927,2021-08-06 15:41:00-04:00,2021-08-06 15:41:00-04:00,1628278860000000000,1628278860000000000,146.08,146.055,146.105,146.055,93150.0
1928,2021-08-06 15:42:00-04:00,2021-08-06 15:42:00-04:00,1628278920000000000,1628278920000000000,146.05,145.992,146.06,145.99,116017.0
1929,2021-08-06 15:43:00-04:00,2021-08-06 15:43:00-04:00,1628278980000000000,1628278980000000000,145.99,145.9807,146.0,145.96,107725.0
1930,2021-08-06 15:44:00-04:00,2021-08-06 15:44:00-04:00,1628279040000000000,1628279040000000000,145.9816,145.95,145.99,145.94,110009.0
1931,2021-08-06 15:45:00-04:00,2021-08-06 15:45:00-04:00,1628279100000000000,1628279100000000000,145.95,145.895,145.955,145.88,116785.0
1932,2021-08-06 15:46:00-04:00,2021-08-06 15:46:00-04:00,1628279160000000000,1628279160000000000,145.9,145.89,145.9054,145.875,100728.0
1933,2021-08-06 15:47:00-04:00,2021-08-06 15:47:00-04:00,1628279220000000000,1628279220000000000,145.89,145.9,145.91,145.855,118946.0
1934,2021-08-06 15:48:00-04:00,2021-08-06 15:48:00-04:00,1628279280000000000,1628279280000000000,145.89,145.915,145.93,145.89,105895.0
1935,2021-08-06 15:49:00-04:00,2021-08-06 15:49:00-04:00,1628279340000000000,1628279340000000000,145.92,145.87,145.94,145.84,178974.0
1936,2021-08-06 15:50:00-04:00,2021-08-06 15:50:00-04:00,1628279400000000000,1628279400000000000,145.87,146.0006,146.03,145.83,221030.0
1937,2021-08-06 15:51:00-04:00,2021-08-06 15:51:00-04:00,1628279460000000000,1628279460000000000,146.005,146.02,146.03,145.9801,145491.0
1938,2021-08-06 15:52:00-04:00,2021-08-06 15:52:00-04:00,1628279520000000000,1628279520000000000,146.02,146.015,146.04,145.985,219359.0
1939,2021-08-06 15:53:00-04:00,2021-08-06 15:53:00-04:00,1628279580000000000,1628279580000000000,146.015,146.0,146.025,145.99,171697.0
1940,2021-08-06 15:54:00-04:00,2021-08-06 15:54:00-04:00,1628279640000000000,1628279640000000000,145.995,146.045,146.05,145.98,390557.0
1941,2021-08-06 15:55:00-04:00,2021-08-06 15:55:00-04:00,1628279700000000000,1628279700000000000,146.04,145.9993,146.09,145.985,439515.0
1942,2021-08-06 15:56:00-04:00,2021-08-06 15:56:00-04:00,1628279760000000000,1628279760000000000,146.0,146.0,146.06,145.98,292119.0
1943,2021-08-06 15:57:00-04:00,2021-08-06 15:57:00-04:00,1628279820000000000,1628279820000000000,145.995,146.025,146.03,145.97,266856.0
1944,2021-08-06 15:58:00-04:00,2021-08-06 15:58:00-04:00,1628279880000000000,1628279880000000000,146.025,146.04,146.07,146.02,429619.0
