index,Start_DateTime,End_DateTime,Start_Timestamp,End_Timestamp,Open,Close,High,Low,Volume
0,2020-12-28 09:30:00-05:00,2020-12-28 09:44:00-05:00,1609165800000000000,1609166640000000000,674.51,677.418,681.4,671.2,4339270.0
1,2020-12-28 09:45:00-05:00,2020-12-28 09:59:00-05:00,1609166700000000000,1609167540000000000,677.255,674.44,679.35,672.0,2301968.0
2,2020-12-28 10:00:00-05:00,2020-12-28 10:14:00-05:00,1609167600000000000,1609168440000000000,674.28,669.3101,677.91,668.56,2438404.0
3,2020-12-28 10:15:00-05:00,2020-12-28 10:29:00-05:00,1609168500000000000,1609169340000000000,669.33,668.5061,671.4699,665.21,2127106.0
4,2020-12-28 10:30:00-05:00,2020-12-28 10:44:00-05:00,1609169400000000000,1609170240000000000,668.65,663.8501,672.53,662.12,1946584.0
5,2020-12-28 10:45:00-05:00,2020-12-28 10:59:00-05:00,1609170300000000000,1609171140000000000,663.8776,665.2,666.44,660.8,1645530.0
6,2020-12-28 11:00:00-05:00,2020-12-28 11:14:00-05:00,1609171200000000000,1609172040000000000,664.9971,669.63,670.09,664.8271,1245611.0
7,2020-12-28 11:15:00-05:00,2020-12-28 11:29:00-05:00,1609172100000000000,1609172940000000000,669.6,671.5775,672.17,667.6,976632.0
8,2020-12-28 11:30:00-05:00,2020-12-28 11:44:00-05:00,1609173000000000000,1609173840000000000,671.49,671.06,673.55,670.69,1024483.0
9,2020-12-28 11:45:00-05:00,2020-12-28 11:59:00-05:00,1609173900000000000,1609174740000000000,671.11,668.7,671.6599,668.54,670681.0
10,2020-12-28 12:00:00-05:00,2020-12-28 12:14:00-05:00,1609174800000000000,1609175640000000000,668.7,666.9182,669.79,665.31,846305.0
11,2020-12-28 12:15:00-05:00,2020-12-28 12:29:00-05:00,1609175700000000000,1609176540000000000,666.915,668.0132,668.8741,665.08,925949.0
12,2020-12-28 12:30:00-05:00,2020-12-28 12:44:00-05:00,1609176600000000000,1609177440000000000,667.975,667.7546,668.7921,666.3,522665.0
13,2020-12-28 12:45:00-05:00,2020-12-28 12:59:00-05:00,1609177500000000000,1609178340000000000,667.81,668.86,669.2437,665.95,732100.0
14,2020-12-28 13:00:00-05:00,2020-12-28 13:14:00-05:00,1609178400000000000,1609179240000000000,668.8528,669.35,671.4499,668.1216,890818.0
15,2020-12-28 13:15:00-05:00,2020-12-28 13:29:00-05:00,1609179300000000000,1609180140000000000,669.405,668.9271,670.8,668.58,528422.0
16,2020-12-28 13:30:00-05:00,2020-12-28 13:44:00-05:00,1609180200000000000,1609181040000000000,668.7818,668.62,669.6599,667.7,387035.0
17,2020-12-28 13:45:00-05:00,2020-12-28 13:59:00-05:00,1609181100000000000,1609181940000000000,668.55,666.7849,668.61,666.38,514883.0
18,2020-12-28 14:00:00-05:00,2020-12-28 14:14:00-05:00,1609182000000000000,1609182840000000000,666.765,669.28,669.3,666.765,468836.0
19,2020-12-28 14:15:00-05:00,2020-12-28 14:29:00-05:00,1609182900000000000,1609183740000000000,669.1801,668.1025,669.45,667.0952,362458.0
20,2020-12-28 14:30:00-05:00,2020-12-28 14:44:00-05:00,1609183800000000000,1609184640000000000,668.11,668.0599,669.14,667.8,385959.0
21,2020-12-28 14:45:00-05:00,2020-12-28 14:59:00-05:00,1609184700000000000,1609185540000000000,667.92,667.335,668.4799,667.2601,347744.0
22,2020-12-28 15:00:00-05:00,2020-12-28 15:14:00-05:00,1609185600000000000,1609186440000000000,667.32,666.955,668.13,666.2935,489406.0
23,2020-12-28 15:15:00-05:00,2020-12-28 15:29:00-05:00,1609186500000000000,1609187340000000000,667.02,666.685,667.42,665.75,529525.0
24,2020-12-28 15:30:00-05:00,2020-12-28 15:44:00-05:00,1609187400000000000,1609188240000000000,666.82,666.945,668.04,666.13,637365.0
25,2020-12-28 15:45:00-05:00,2020-12-28 15:59:00-05:00,1609188300000000000,1609189140000000000,667.03,663.77,667.03,662.27,1869517.0
26,2020-12-29 09:30:00-05:00,2020-12-29 09:44:00-05:00,1609252200000000000,1609253040000000000,661.0,665.9631,666.66,657.4601,2336207.0
27,2020-12-29 09:45:00-05:00,2020-12-29 09:59:00-05:00,1609253100000000000,1609253940000000000,666.0069,662.25,669.9,661.7,1869563.0
28,2020-12-29 10:00:00-05:00,2020-12-29 10:14:00-05:00,1609254000000000000,1609254840000000000,662.38,656.06,663.74,655.0,1851254.0
29,2020-12-29 10:15:00-05:00,2020-12-29 10:29:00-05:00,1609254900000000000,1609255740000000000,656.33,660.24,661.0,656.33,1383635.0
30,2020-12-29 10:30:00-05:00,2020-12-29 10:44:00-05:00,1609255800000000000,1609256640000000000,660.245,663.75,664.65,659.08,1196755.0
31,2020-12-29 10:45:00-05:00,2020-12-29 10:59:00-05:00,1609256700000000000,1609257540000000000,663.7124,664.89,665.37,661.0808,990929.0
32,2020-12-29 11:00:00-05:00,2020-12-29 11:14:00-05:00,1609257600000000000,1609258440000000000,664.8,662.8563,665.49,662.0173,670940.0
33,2020-12-29 11:15:00-05:00,2020-12-29 11:29:00-05:00,1609258500000000000,1609259340000000000,662.83,661.185,662.97,659.0,812417.0
34,2020-12-29 11:30:00-05:00,2020-12-29 11:44:00-05:00,1609259400000000000,1609260240000000000,661.2163,662.4684,663.595,660.7237,531345.0
35,2020-12-29 11:45:00-05:00,2020-12-29 11:59:00-05:00,1609260300000000000,1609261140000000000,662.47,661.8115,662.75,660.25,431170.0
36,2020-12-29 12:00:00-05:00,2020-12-29 12:14:00-05:00,1609261200000000000,1609262040000000000,661.665,659.24,661.8352,658.65,646962.0
37,2020-12-29 12:15:00-05:00,2020-12-29 12:29:00-05:00,1609262100000000000,1609262940000000000,659.3364,658.9899,660.0,657.56,637784.0
38,2020-12-29 12:30:00-05:00,2020-12-29 12:44:00-05:00,1609263000000000000,1609263840000000000,658.67,661.4,661.49,658.0,525591.0
39,2020-12-29 12:45:00-05:00,2020-12-29 12:59:00-05:00,1609263900000000000,1609264740000000000,661.41,662.66,662.75,660.0,619934.0
40,2020-12-29 13:00:00-05:00,2020-12-29 13:14:00-05:00,1609264800000000000,1609265640000000000,662.6987,663.7874,665.0,662.4601,767125.0
41,2020-12-29 13:15:00-05:00,2020-12-29 13:29:00-05:00,1609265700000000000,1609266540000000000,663.7652,666.1,666.37,663.2701,583652.0
42,2020-12-29 13:30:00-05:00,2020-12-29 13:44:00-05:00,1609266600000000000,1609267440000000000,665.9901,664.23,666.2399,663.0,474611.0
43,2020-12-29 13:45:00-05:00,2020-12-29 13:59:00-05:00,1609267500000000000,1609268340000000000,664.2358,665.75,665.84,663.5,477691.0
44,2020-12-29 14:00:00-05:00,2020-12-29 14:14:00-05:00,1609268400000000000,1609269240000000000,665.73,663.06,665.745,662.7,390879.0
45,2020-12-29 14:15:00-05:00,2020-12-29 14:29:00-05:00,1609269300000000000,1609270140000000000,663.0,663.03,664.14,662.2455,290007.0
46,2020-12-29 14:30:00-05:00,2020-12-29 14:44:00-05:00,1609270200000000000,1609271040000000000,663.24,661.695,664.0,660.75,397948.0
47,2020-12-29 14:45:00-05:00,2020-12-29 14:59:00-05:00,1609271100000000000,1609271940000000000,661.635,662.8505,663.7299,660.83,491075.0
48,2020-12-29 15:00:00-05:00,2020-12-29 15:14:00-05:00,1609272000000000000,1609272840000000000,662.909,664.1654,664.2566,662.57,328002.0
49,2020-12-29 15:15:00-05:00,2020-12-29 15:29:00-05:00,1609272900000000000,1609273740000000000,664.15,664.08,665.86,663.62,642220.0
50,2020-12-29 15:30:00-05:00,2020-12-29 15:44:00-05:00,1609273800000000000,1609274640000000000,664.09,664.9,665.8,663.76,482836.0
51,2020-12-29 15:45:00-05:00,2020-12-29 15:59:00-05:00,1609274700000000000,1609275540000000000,665.1099,665.98,666.1,663.62,1065167.0
52,2020-12-30 09:30:00-05:00,2020-12-30 09:44:00-05:00,1609338600000000000,1609339440000000000,672.0,670.305,675.0999,668.3603,2654103.0
53,2020-12-30 09:45:00-05:00,2020-12-30 09:59:00-05:00,1609339500000000000,1609340340000000000,670.11,673.17,673.71,668.89,1563690.0
54,2020-12-30 10:00:00-05:00,2020-12-30 10:14:00-05:00,1609340400000000000,1609341240000000000,673.3,675.3998,677.0,671.07,1860905.0
55,2020-12-30 10:15:00-05:00,2020-12-30 10:29:00-05:00,1609341300000000000,1609342140000000000,675.32,674.875,675.5,673.55,1458377.0
56,2020-12-30 10:30:00-05:00,2020-12-30 10:44:00-05:00,1609342200000000000,1609343040000000000,674.94,672.255,675.67,671.42,1111618.0
57,2020-12-30 10:45:00-05:00,2020-12-30 10:59:00-05:00,1609343100000000000,1609343940000000000,672.19,673.97,674.5,672.08,1122396.0
58,2020-12-30 11:00:00-05:00,2020-12-30 11:14:00-05:00,1609344000000000000,1609344840000000000,674.0,676.31,678.29,673.895,1506718.0
59,2020-12-30 11:15:00-05:00,2020-12-30 11:29:00-05:00,1609344900000000000,1609345740000000000,676.2194,682.3591,683.45,676.1577,2551905.0
60,2020-12-30 11:30:00-05:00,2020-12-30 11:44:00-05:00,1609345800000000000,1609346640000000000,682.393,681.04,682.8264,680.52,1545027.0
61,2020-12-30 11:45:00-05:00,2020-12-30 11:59:00-05:00,1609346700000000000,1609347540000000000,681.03,681.28,683.5,679.36,1538965.0
62,2020-12-30 12:00:00-05:00,2020-12-30 12:14:00-05:00,1609347600000000000,1609348440000000000,681.4325,684.9,685.0,681.0101,1726628.0
63,2020-12-30 12:15:00-05:00,2020-12-30 12:29:00-05:00,1609348500000000000,1609349340000000000,684.8911,684.179,686.99,683.41,1615756.0
64,2020-12-30 12:30:00-05:00,2020-12-30 12:44:00-05:00,1609349400000000000,1609350240000000000,684.34,683.75,685.8,682.05,1013136.0
65,2020-12-30 12:45:00-05:00,2020-12-30 12:59:00-05:00,1609350300000000000,1609351140000000000,683.68,684.1898,685.09,683.3133,737749.0
66,2020-12-30 13:00:00-05:00,2020-12-30 13:14:00-05:00,1609351200000000000,1609352040000000000,684.17,683.6999,685.98,683.0,965279.0
67,2020-12-30 13:15:00-05:00,2020-12-30 13:29:00-05:00,1609352100000000000,1609352940000000000,683.65,687.29,687.5,683.6,1105663.0
68,2020-12-30 13:30:00-05:00,2020-12-30 13:44:00-05:00,1609353000000000000,1609353840000000000,687.2569,687.935,688.0,685.15,1033203.0
69,2020-12-30 13:45:00-05:00,2020-12-30 13:59:00-05:00,1609353900000000000,1609354740000000000,687.9165,688.12,689.47,687.0101,1191595.0
70,2020-12-30 14:00:00-05:00,2020-12-30 14:14:00-05:00,1609354800000000000,1609355640000000000,688.3,692.0,693.4186,687.87,1862165.0
71,2020-12-30 14:15:00-05:00,2020-12-30 14:29:00-05:00,1609355700000000000,1609356540000000000,692.12,694.28,694.7,692.0,1766888.0
72,2020-12-30 14:30:00-05:00,2020-12-30 14:44:00-05:00,1609356600000000000,1609357440000000000,694.31,695.8699,696.6,692.25,2221971.0
73,2020-12-30 14:45:00-05:00,2020-12-30 14:59:00-05:00,1609357500000000000,1609358340000000000,695.843,693.1319,695.845,691.2,1862239.0
74,2020-12-30 15:00:00-05:00,2020-12-30 15:14:00-05:00,1609358400000000000,1609359240000000000,693.06,690.91,695.0,690.2996,1553575.0
75,2020-12-30 15:15:00-05:00,2020-12-30 15:29:00-05:00,1609359300000000000,1609360140000000000,691.021,690.65,692.33,687.68,1847668.0
76,2020-12-30 15:30:00-05:00,2020-12-30 15:44:00-05:00,1609360200000000000,1609361040000000000,690.65,694.2001,694.3569,690.38,1305242.0
77,2020-12-30 15:45:00-05:00,2020-12-30 15:59:00-05:00,1609361100000000000,1609361940000000000,694.2134,694.71,696.49,692.37,2045354.0
78,2020-12-31 09:30:00-05:00,2020-12-31 09:44:00-05:00,1609425000000000000,1609425840000000000,699.99,698.51,703.7399,696.0,3748124.0
79,2020-12-31 09:45:00-05:00,2020-12-31 09:59:00-05:00,1609425900000000000,1609426740000000000,698.614,693.25,699.0,691.12,2377000.0
80,2020-12-31 10:00:00-05:00,2020-12-31 10:14:00-05:00,1609426800000000000,1609427640000000000,693.31,698.58,700.0,692.28,1800584.0
81,2020-12-31 10:15:00-05:00,2020-12-31 10:29:00-05:00,1609427700000000000,1609428540000000000,698.62,701.875,702.5,697.6001,1951620.0
82,2020-12-31 10:30:00-05:00,2020-12-31 10:44:00-05:00,1609428600000000000,1609429440000000000,701.87,704.8344,705.33,700.263,1835513.0
83,2020-12-31 10:45:00-05:00,2020-12-31 10:59:00-05:00,1609429500000000000,1609430340000000000,704.825,707.87,712.0,704.65,3427208.0
84,2020-12-31 11:00:00-05:00,2020-12-31 11:14:00-05:00,1609430400000000000,1609431240000000000,707.88,712.91,713.85,707.75,2084839.0
85,2020-12-31 11:15:00-05:00,2020-12-31 11:29:00-05:00,1609431300000000000,1609432140000000000,712.89,715.43,718.3,712.89,3324105.0
86,2020-12-31 11:30:00-05:00,2020-12-31 11:44:00-05:00,1609432200000000000,1609433040000000000,715.48,716.7301,718.72,714.3,2170377.0
87,2020-12-31 11:45:00-05:00,2020-12-31 11:59:00-05:00,1609433100000000000,1609433940000000000,716.8284,714.2234,717.4,711.68,2007520.0
88,2020-12-31 12:00:00-05:00,2020-12-31 12:14:00-05:00,1609434000000000000,1609434840000000000,714.49,715.73,716.8,711.96,1596242.0
89,2020-12-31 12:15:00-05:00,2020-12-31 12:29:00-05:00,1609434900000000000,1609435740000000000,715.79,715.16,716.53,713.04,1040139.0
90,2020-12-31 12:30:00-05:00,2020-12-31 12:44:00-05:00,1609435800000000000,1609436640000000000,715.0907,715.5585,716.03,712.66,1046498.0
91,2020-12-31 12:45:00-05:00,2020-12-31 12:59:00-05:00,1609436700000000000,1609437540000000000,715.6,714.84,717.32,714.02,1193832.0
92,2020-12-31 13:00:00-05:00,2020-12-31 13:14:00-05:00,1609437600000000000,1609438440000000000,714.85,716.7464,717.0,713.76,825349.0
93,2020-12-31 13:15:00-05:00,2020-12-31 13:29:00-05:00,1609438500000000000,1609439340000000000,716.6515,715.29,716.7033,714.5,765693.0
94,2020-12-31 13:30:00-05:00,2020-12-31 13:44:00-05:00,1609439400000000000,1609440240000000000,715.28,715.69,716.74,714.56,740059.0
95,2020-12-31 13:45:00-05:00,2020-12-31 13:59:00-05:00,1609440300000000000,1609441140000000000,715.6281,716.54,717.77,715.2,1033194.0
96,2020-12-31 14:00:00-05:00,2020-12-31 14:14:00-05:00,1609441200000000000,1609442040000000000,716.4646,713.99,717.28,713.8,910656.0
97,2020-12-31 14:15:00-05:00,2020-12-31 14:29:00-05:00,1609442100000000000,1609442940000000000,714.0,708.3,714.03,707.25,2104438.0
98,2020-12-31 14:30:00-05:00,2020-12-31 14:44:00-05:00,1609443000000000000,1609443840000000000,708.3066,706.8589,710.8699,705.27,1968036.0
99,2020-12-31 14:45:00-05:00,2020-12-31 14:59:00-05:00,1609443900000000000,1609444740000000000,706.9165,702.35,708.0,702.14,1498987.0
100,2020-12-31 15:00:00-05:00,2020-12-31 15:14:00-05:00,1609444800000000000,1609445640000000000,702.24,703.69,705.25,700.7352,1960425.0
101,2020-12-31 15:15:00-05:00,2020-12-31 15:29:00-05:00,1609445700000000000,1609446540000000000,703.676,698.0,703.96,698.0,1892125.0
102,2020-12-31 15:30:00-05:00,2020-12-31 15:44:00-05:00,1609446600000000000,1609447440000000000,698.2032,704.17,704.95,697.69,1840609.0
103,2020-12-31 15:45:00-05:00,2020-12-31 15:59:00-05:00,1609447500000000000,1609448340000000000,704.2213,705.21,706.8999,702.64,2266363.0
104,2021-01-04 09:30:00-05:00,2021-01-04 09:44:00-05:00,1609770600000000000,1609771440000000000,719.46,742.6,742.85,717.1895,6344173.0
105,2021-01-04 09:45:00-05:00,2021-01-04 09:59:00-05:00,1609771500000000000,1609772340000000000,742.5278,738.55,743.7599,735.22,3621618.0
106,2021-01-04 10:00:00-05:00,2021-01-04 10:14:00-05:00,1609772400000000000,1609773240000000000,738.95,738.3432,739.54,733.5,2187076.0
107,2021-01-04 10:15:00-05:00,2021-01-04 10:29:00-05:00,1609773300000000000,1609774140000000000,738.46,740.03,743.0,737.93,2375240.0
108,2021-01-04 10:30:00-05:00,2021-01-04 10:44:00-05:00,1609774200000000000,1609775040000000000,740.0,741.0574,744.4899,738.5701,2134383.0
109,2021-01-04 10:45:00-05:00,2021-01-04 10:59:00-05:00,1609775100000000000,1609775940000000000,741.0,731.2001,741.071,730.52,2377139.0
110,2021-01-04 11:00:00-05:00,2021-01-04 11:14:00-05:00,1609776000000000000,1609776840000000000,731.335,729.8899,740.18,728.26,2258036.0
111,2021-01-04 11:15:00-05:00,2021-01-04 11:29:00-05:00,1609776900000000000,1609777740000000000,729.8,735.62,736.82,728.5102,1737617.0
112,2021-01-04 11:30:00-05:00,2021-01-04 11:44:00-05:00,1609777800000000000,1609778640000000000,735.45,732.8426,735.75,731.925,874110.0
113,2021-01-04 11:45:00-05:00,2021-01-04 11:59:00-05:00,1609778700000000000,1609779540000000000,732.99,730.975,734.5,729.2527,1021624.0
114,2021-01-04 12:00:00-05:00,2021-01-04 12:14:00-05:00,1609779600000000000,1609780440000000000,730.8544,721.45,732.6343,720.12,2778941.0
115,2021-01-04 12:15:00-05:00,2021-01-04 12:29:00-05:00,1609780500000000000,1609781340000000000,721.436,723.61,725.9575,718.03,2326995.0
116,2021-01-04 12:30:00-05:00,2021-01-04 12:44:00-05:00,1609781400000000000,1609782240000000000,723.76,722.24,725.71,721.1506,977235.0
117,2021-01-04 12:45:00-05:00,2021-01-04 12:59:00-05:00,1609782300000000000,1609783140000000000,722.299,724.055,724.99,719.9,1122470.0
118,2021-01-04 13:00:00-05:00,2021-01-04 13:14:00-05:00,1609783200000000000,1609784040000000000,723.83,726.0554,727.76,723.31,1054895.0
119,2021-01-04 13:15:00-05:00,2021-01-04 13:29:00-05:00,1609784100000000000,1609784940000000000,725.95,731.165,733.0,725.8,1329072.0
120,2021-01-04 13:30:00-05:00,2021-01-04 13:44:00-05:00,1609785000000000000,1609785840000000000,731.11,733.9593,734.85,728.6704,1112743.0
121,2021-01-04 13:45:00-05:00,2021-01-04 13:59:00-05:00,1609785900000000000,1609786740000000000,734.1154,733.13,736.4905,732.58,1037958.0
122,2021-01-04 14:00:00-05:00,2021-01-04 14:14:00-05:00,1609786800000000000,1609787640000000000,733.283,731.3095,733.9896,729.1101,875430.0
123,2021-01-04 14:15:00-05:00,2021-01-04 14:29:00-05:00,1609787700000000000,1609788540000000000,731.1901,727.47,731.28,726.2501,881534.0
124,2021-01-04 14:30:00-05:00,2021-01-04 14:44:00-05:00,1609788600000000000,1609789440000000000,727.29,728.56,729.85,726.3001,785567.0
125,2021-01-04 14:45:00-05:00,2021-01-04 14:59:00-05:00,1609789500000000000,1609790340000000000,728.37,730.38,730.69,724.28,1178658.0
126,2021-01-04 15:00:00-05:00,2021-01-04 15:14:00-05:00,1609790400000000000,1609791240000000000,730.37,730.78,731.0,726.8001,887074.0
127,2021-01-04 15:15:00-05:00,2021-01-04 15:29:00-05:00,1609791300000000000,1609792140000000000,730.605,730.7913,732.68,729.58,894381.0
128,2021-01-04 15:30:00-05:00,2021-01-04 15:44:00-05:00,1609792200000000000,1609793040000000000,730.855,730.053,732.78,729.2,1010352.0
129,2021-01-04 15:45:00-05:00,2021-01-04 15:59:00-05:00,1609793100000000000,1609793940000000000,730.1,729.75,731.4,728.25,1449864.0
130,2021-01-05 09:30:00-05:00,2021-01-05 09:44:00-05:00,1609857000000000000,1609857840000000000,723.66,723.0401,728.43,719.2,3226232.0
131,2021-01-05 09:45:00-05:00,2021-01-05 09:59:00-05:00,1609857900000000000,1609858740000000000,723.281,721.9,728.35,721.68,1750730.0
132,2021-01-05 10:00:00-05:00,2021-01-05 10:14:00-05:00,1609858800000000000,1609859640000000000,721.94,727.315,727.6,720.3,1928372.0
133,2021-01-05 10:15:00-05:00,2021-01-05 10:29:00-05:00,1609859700000000000,1609860540000000000,727.5,731.9,735.68,727.48,2444061.0
134,2021-01-05 10:30:00-05:00,2021-01-05 10:44:00-05:00,1609860600000000000,1609861440000000000,731.861,732.5001,734.44,730.55,1137468.0
135,2021-01-05 10:45:00-05:00,2021-01-05 10:59:00-05:00,1609861500000000000,1609862340000000000,732.5794,734.6638,738.5,731.56,1735138.0
136,2021-01-05 11:00:00-05:00,2021-01-05 11:14:00-05:00,1609862400000000000,1609863240000000000,734.76,736.725,738.8983,734.667,1172391.0
137,2021-01-05 11:15:00-05:00,2021-01-05 11:29:00-05:00,1609863300000000000,1609864140000000000,736.55,738.59,738.76,733.37,948235.0
138,2021-01-05 11:30:00-05:00,2021-01-05 11:44:00-05:00,1609864200000000000,1609865040000000000,738.7799,738.425,740.84,736.7,1409922.0
139,2021-01-05 11:45:00-05:00,2021-01-05 11:59:00-05:00,1609865100000000000,1609865940000000000,738.3859,737.42,740.01,736.2701,762784.0
140,2021-01-05 12:00:00-05:00,2021-01-05 12:14:00-05:00,1609866000000000000,1609866840000000000,737.41,734.682,737.4999,733.53,803916.0
141,2021-01-05 12:15:00-05:00,2021-01-05 12:29:00-05:00,1609866900000000000,1609867740000000000,734.681,737.67,737.79,734.0,828508.0
142,2021-01-05 12:30:00-05:00,2021-01-05 12:44:00-05:00,1609867800000000000,1609868640000000000,737.67,736.69,737.79,735.61,507456.0
143,2021-01-05 12:45:00-05:00,2021-01-05 12:59:00-05:00,1609868700000000000,1609869540000000000,736.5591,738.32,738.33,735.1501,530846.0
144,2021-01-05 13:00:00-05:00,2021-01-05 13:14:00-05:00,1609869600000000000,1609870440000000000,738.2025,737.6299,739.4909,737.04,719375.0
145,2021-01-05 13:15:00-05:00,2021-01-05 13:29:00-05:00,1609870500000000000,1609871340000000000,737.48,738.737,740.6,737.37,978882.0
146,2021-01-05 13:30:00-05:00,2021-01-05 13:44:00-05:00,1609871400000000000,1609872240000000000,738.73,739.885,739.99,738.5105,381903.0
147,2021-01-05 13:45:00-05:00,2021-01-05 13:59:00-05:00,1609872300000000000,1609873140000000000,739.8141,738.67,740.53,738.01,564677.0
148,2021-01-05 14:00:00-05:00,2021-01-05 14:14:00-05:00,1609873200000000000,1609874040000000000,738.7,738.0862,739.7,737.51,549222.0
149,2021-01-05 14:15:00-05:00,2021-01-05 14:29:00-05:00,1609874100000000000,1609874940000000000,738.105,738.3288,738.97,737.0,424686.0
150,2021-01-05 14:30:00-05:00,2021-01-05 14:44:00-05:00,1609875000000000000,1609875840000000000,738.4,738.2955,739.03,737.2149,433952.0
151,2021-01-05 14:45:00-05:00,2021-01-05 14:59:00-05:00,1609875900000000000,1609876740000000000,738.29,736.035,739.4,735.2,822920.0
152,2021-01-05 15:00:00-05:00,2021-01-05 15:14:00-05:00,1609876800000000000,1609877640000000000,736.025,736.0,736.69,733.6,788142.0
153,2021-01-05 15:15:00-05:00,2021-01-05 15:29:00-05:00,1609877700000000000,1609878540000000000,735.97,735.9,736.29,734.5,511349.0
154,2021-01-05 15:30:00-05:00,2021-01-05 15:44:00-05:00,1609878600000000000,1609879440000000000,735.9,733.9472,736.8,732.07,974717.0
155,2021-01-05 15:45:00-05:00,2021-01-05 15:59:00-05:00,1609879500000000000,1609880340000000000,733.9472,735.055,735.49,731.12,1609111.0
156,2021-01-06 09:30:00-05:00,2021-01-06 09:44:00-05:00,1609943400000000000,1609944240000000000,758.49,756.66,761.4999,751.85,4406006.0
157,2021-01-06 09:45:00-05:00,2021-01-06 09:59:00-05:00,1609944300000000000,1609945140000000000,756.6424,751.33,758.59,750.12,2360832.0
158,2021-01-06 10:00:00-05:00,2021-01-06 10:14:00-05:00,1609945200000000000,1609946040000000000,751.52,758.4527,760.5,749.1,2848155.0
159,2021-01-06 10:15:00-05:00,2021-01-06 10:29:00-05:00,1609946100000000000,1609946940000000000,758.46,757.3092,758.918,756.56,1155385.0
160,2021-01-06 10:30:00-05:00,2021-01-06 10:44:00-05:00,1609947000000000000,1609947840000000000,757.2504,760.84,763.2499,755.5101,2034686.0
161,2021-01-06 10:45:00-05:00,2021-01-06 10:59:00-05:00,1609947900000000000,1609948740000000000,760.815,762.8784,763.8,759.0,1776158.0
162,2021-01-06 11:00:00-05:00,2021-01-06 11:14:00-05:00,1609948800000000000,1609949640000000000,762.89,767.8,769.2,762.87,2407545.0
163,2021-01-06 11:15:00-05:00,2021-01-06 11:29:00-05:00,1609949700000000000,1609950540000000000,767.8806,769.42,769.98,766.68,1413610.0
164,2021-01-06 11:30:00-05:00,2021-01-06 11:44:00-05:00,1609950600000000000,1609951440000000000,769.615,770.85,772.7,768.7,1912482.0
165,2021-01-06 11:45:00-05:00,2021-01-06 11:59:00-05:00,1609951500000000000,1609952340000000000,770.9006,771.1255,772.31,768.4,1182962.0
166,2021-01-06 12:00:00-05:00,2021-01-06 12:14:00-05:00,1609952400000000000,1609953240000000000,771.18,772.8888,773.7499,770.5001,1305550.0
167,2021-01-06 12:15:00-05:00,2021-01-06 12:29:00-05:00,1609953300000000000,1609954140000000000,772.85,771.1446,773.2312,770.3301,830706.0
168,2021-01-06 12:30:00-05:00,2021-01-06 12:44:00-05:00,1609954200000000000,1609955040000000000,771.18,771.3266,771.67,768.3418,850380.0
169,2021-01-06 12:45:00-05:00,2021-01-06 12:59:00-05:00,1609955100000000000,1609955940000000000,771.2723,771.0326,772.5,770.86,601195.0
170,2021-01-06 13:00:00-05:00,2021-01-06 13:14:00-05:00,1609956000000000000,1609956840000000000,771.24,769.68,771.35,768.73,627293.0
171,2021-01-06 13:15:00-05:00,2021-01-06 13:29:00-05:00,1609956900000000000,1609957740000000000,769.7423,769.6904,770.49,768.58,563160.0
172,2021-01-06 13:30:00-05:00,2021-01-06 13:44:00-05:00,1609957800000000000,1609958640000000000,769.615,771.4285,771.76,769.2572,625807.0
173,2021-01-06 13:45:00-05:00,2021-01-06 13:59:00-05:00,1609958700000000000,1609959540000000000,771.35,771.655,772.15,770.27,531760.0
174,2021-01-06 14:00:00-05:00,2021-01-06 14:14:00-05:00,1609959600000000000,1609960440000000000,771.7999,772.4778,774.0,771.1601,906855.0
175,2021-01-06 14:15:00-05:00,2021-01-06 14:29:00-05:00,1609960500000000000,1609961340000000000,772.5999,764.5,772.6,764.4,1581286.0
176,2021-01-06 14:30:00-05:00,2021-01-06 14:44:00-05:00,1609961400000000000,1609962240000000000,764.51,759.2558,767.93,758.0,2238281.0
177,2021-01-06 14:45:00-05:00,2021-01-06 14:59:00-05:00,1609962300000000000,1609963140000000000,759.4017,761.6767,763.8,750.0,3025150.0
178,2021-01-06 15:00:00-05:00,2021-01-06 15:14:00-05:00,1609963200000000000,1609964040000000000,761.8445,760.59,762.455,754.77,1879068.0
179,2021-01-06 15:15:00-05:00,2021-01-06 15:29:00-05:00,1609964100000000000,1609964940000000000,760.645,758.68,762.5,756.7981,1143400.0
180,2021-01-06 15:30:00-05:00,2021-01-06 15:44:00-05:00,1609965000000000000,1609965840000000000,758.53,761.34,761.95,756.0,1225708.0
181,2021-01-06 15:45:00-05:00,2021-01-06 15:59:00-05:00,1609965900000000000,1609966740000000000,761.3929,756.46,761.66,755.0,1933688.0
182,2021-01-07 09:30:00-05:00,2021-01-07 09:44:00-05:00,1610029800000000000,1610030640000000000,777.63,792.77,792.93,775.2,5037652.0
183,2021-01-07 09:45:00-05:00,2021-01-07 09:59:00-05:00,1610030700000000000,1610031540000000000,792.49,786.57,792.77,785.01,2863578.0
184,2021-01-07 10:00:00-05:00,2021-01-07 10:14:00-05:00,1610031600000000000,1610032440000000000,786.9,788.5478,794.01,785.8,2549232.0
185,2021-01-07 10:15:00-05:00,2021-01-07 10:29:00-05:00,1610032500000000000,1610033340000000000,788.7676,788.91,792.75,786.5,1697005.0
186,2021-01-07 10:30:00-05:00,2021-01-07 10:44:00-05:00,1610033400000000000,1610034240000000000,788.91,795.65,797.0,788.81,2438520.0
187,2021-01-07 10:45:00-05:00,2021-01-07 10:59:00-05:00,1610034300000000000,1610035140000000000,795.79,797.24,801.0,795.16,3438389.0
188,2021-01-07 11:00:00-05:00,2021-01-07 11:14:00-05:00,1610035200000000000,1610036040000000000,797.24,798.8776,801.94,797.24,2328729.0
189,2021-01-07 11:15:00-05:00,2021-01-07 11:29:00-05:00,1610036100000000000,1610036940000000000,798.838,807.44,811.61,798.7,3190892.0
190,2021-01-07 11:30:00-05:00,2021-01-07 11:44:00-05:00,1610037000000000000,1610037840000000000,807.4461,803.663,808.077,801.06,2179009.0
191,2021-01-07 11:45:00-05:00,2021-01-07 11:59:00-05:00,1610037900000000000,1610038740000000000,803.79,798.3062,804.99,797.73,1376096.0
192,2021-01-07 12:00:00-05:00,2021-01-07 12:14:00-05:00,1610038800000000000,1610039640000000000,798.47,799.5931,802.8,798.2801,1215452.0
193,2021-01-07 12:15:00-05:00,2021-01-07 12:29:00-05:00,1610039700000000000,1610040540000000000,799.48,799.8122,801.99,798.8201,881798.0
194,2021-01-07 12:30:00-05:00,2021-01-07 12:44:00-05:00,1610040600000000000,1610041440000000000,800.09,798.71,801.64,798.0,1006517.0
195,2021-01-07 12:45:00-05:00,2021-01-07 12:59:00-05:00,1610041500000000000,1610042340000000000,798.8144,798.9,800.9,798.73,722470.0
196,2021-01-07 13:00:00-05:00,2021-01-07 13:14:00-05:00,1610042400000000000,1610043240000000000,798.98,798.6,800.71,795.31,1155384.0
197,2021-01-07 13:15:00-05:00,2021-01-07 13:29:00-05:00,1610043300000000000,1610044140000000000,798.615,799.56,800.54,798.19,853379.0
198,2021-01-07 13:30:00-05:00,2021-01-07 13:44:00-05:00,1610044200000000000,1610045040000000000,799.705,803.76,805.7,799.46,1323944.0
199,2021-01-07 13:45:00-05:00,2021-01-07 13:59:00-05:00,1610045100000000000,1610045940000000000,803.72,805.33,805.58,801.21,1027675.0
200,2021-01-07 14:00:00-05:00,2021-01-07 14:14:00-05:00,1610046000000000000,1610046840000000000,805.39,806.1718,808.33,804.4,1286622.0
201,2021-01-07 14:15:00-05:00,2021-01-07 14:29:00-05:00,1610046900000000000,1610047740000000000,806.32,809.7289,810.0,806.06,1401975.0
202,2021-01-07 14:30:00-05:00,2021-01-07 14:44:00-05:00,1610047800000000000,1610048640000000000,809.78,809.55,812.79,808.54,1593107.0
203,2021-01-07 14:45:00-05:00,2021-01-07 14:59:00-05:00,1610048700000000000,1610049540000000000,809.4919,806.6433,809.9,806.42,922170.0
204,2021-01-07 15:00:00-05:00,2021-01-07 15:14:00-05:00,1610049600000000000,1610050440000000000,806.75,809.19,812.1799,806.2,1734254.0
205,2021-01-07 15:15:00-05:00,2021-01-07 15:29:00-05:00,1610050500000000000,1610051340000000000,809.19,811.58,811.73,808.89,1198958.0
206,2021-01-07 15:30:00-05:00,2021-01-07 15:44:00-05:00,1610051400000000000,1610052240000000000,811.6,810.375,812.22,810.08,1108742.0
207,2021-01-07 15:45:00-05:00,2021-01-07 15:59:00-05:00,1610052300000000000,1610053140000000000,810.495,816.24,816.99,809.59,2825705.0
208,2021-01-08 09:30:00-05:00,2021-01-08 09:44:00-05:00,1610116200000000000,1610117040000000000,856.0,847.93,856.42,838.39,6921705.0
209,2021-01-08 09:45:00-05:00,2021-01-08 09:59:00-05:00,1610117100000000000,1610117940000000000,847.98,852.03,854.96,841.5,3687708.0
210,2021-01-08 10:00:00-05:00,2021-01-08 10:14:00-05:00,1610118000000000000,1610118840000000000,851.88,866.8848,867.88,851.88,4847183.0
211,2021-01-08 10:15:00-05:00,2021-01-08 10:29:00-05:00,1610118900000000000,1610119740000000000,866.805,859.34,875.38,856.21,5448284.0
212,2021-01-08 10:30:00-05:00,2021-01-08 10:44:00-05:00,1610119800000000000,1610120640000000000,859.31,870.61,872.48,857.0,3828653.0
213,2021-01-08 10:45:00-05:00,2021-01-08 10:59:00-05:00,1610120700000000000,1610121540000000000,870.61,877.9204,879.0,868.63,3441083.0
214,2021-01-08 11:00:00-05:00,2021-01-08 11:14:00-05:00,1610121600000000000,1610122440000000000,877.98,881.52,884.49,873.3,3423369.0
215,2021-01-08 11:15:00-05:00,2021-01-08 11:29:00-05:00,1610122500000000000,1610123340000000000,881.2551,882.45,883.31,875.73,2379808.0
216,2021-01-08 11:30:00-05:00,2021-01-08 11:44:00-05:00,1610123400000000000,1610124240000000000,882.49,878.8948,883.89,877.11,1847742.0
217,2021-01-08 11:45:00-05:00,2021-01-08 11:59:00-05:00,1610124300000000000,1610125140000000000,879.14,873.95,879.8743,871.0,2336281.0
218,2021-01-08 12:00:00-05:00,2021-01-08 12:14:00-05:00,1610125200000000000,1610126040000000000,874.0,878.91,879.41,869.04,1971943.0
219,2021-01-08 12:15:00-05:00,2021-01-08 12:29:00-05:00,1610126100000000000,1610126940000000000,878.94,879.12,879.4877,876.5,1240114.0
220,2021-01-08 12:30:00-05:00,2021-01-08 12:44:00-05:00,1610127000000000000,1610127840000000000,879.0469,882.5531,883.67,877.0,1644395.0
221,2021-01-08 12:45:00-05:00,2021-01-08 12:59:00-05:00,1610127900000000000,1610128740000000000,882.35,877.16,882.35,875.05,1309305.0
222,2021-01-08 13:00:00-05:00,2021-01-08 13:14:00-05:00,1610128800000000000,1610129640000000000,877.25,875.135,877.3,872.9,1210726.0
223,2021-01-08 13:15:00-05:00,2021-01-08 13:29:00-05:00,1610129700000000000,1610130540000000000,875.02,869.2235,875.405,861.11,2594513.0
224,2021-01-08 13:30:00-05:00,2021-01-08 13:44:00-05:00,1610130600000000000,1610131440000000000,868.8377,857.0701,869.39,847.18,3785233.0
225,2021-01-08 13:45:00-05:00,2021-01-08 13:59:00-05:00,1610131500000000000,1610132340000000000,857.23,865.325,867.45,856.0,2510303.0
226,2021-01-08 14:00:00-05:00,2021-01-08 14:14:00-05:00,1610132400000000000,1610133240000000000,865.4,857.5863,872.5,857.3,2197680.0
227,2021-01-08 14:15:00-05:00,2021-01-08 14:29:00-05:00,1610133300000000000,1610134140000000000,857.5063,861.64,862.0,853.4,1869289.0
228,2021-01-08 14:30:00-05:00,2021-01-08 14:44:00-05:00,1610134200000000000,1610135040000000000,861.58,858.3082,861.79,854.9,1174908.0
229,2021-01-08 14:45:00-05:00,2021-01-08 14:59:00-05:00,1610135100000000000,1610135940000000000,858.2844,865.96,867.59,857.19,1616629.0
230,2021-01-08 15:00:00-05:00,2021-01-08 15:14:00-05:00,1610136000000000000,1610136840000000000,865.85,869.75,871.52,864.55,1621988.0
231,2021-01-08 15:15:00-05:00,2021-01-08 15:29:00-05:00,1610136900000000000,1610137740000000000,869.76,867.3,870.0,861.49,1332692.0
232,2021-01-08 15:30:00-05:00,2021-01-08 15:44:00-05:00,1610137800000000000,1610138640000000000,867.2,872.5913,876.4,866.305,2226711.0
233,2021-01-08 15:45:00-05:00,2021-01-08 15:59:00-05:00,1610138700000000000,1610139540000000000,872.52,880.03,884.0,872.51,4032625.0
234,2021-01-11 09:30:00-05:00,2021-01-11 09:44:00-05:00,1610375400000000000,1610376240000000000,849.4,833.13,853.23,831.25,6989729.0
235,2021-01-11 09:45:00-05:00,2021-01-11 09:59:00-05:00,1610376300000000000,1610377140000000000,832.85,838.99,839.25,817.0,6088387.0
236,2021-01-11 10:00:00-05:00,2021-01-11 10:14:00-05:00,1610377200000000000,1610378040000000000,838.93,844.0,846.0,834.54,3746893.0
237,2021-01-11 10:15:00-05:00,2021-01-11 10:29:00-05:00,1610378100000000000,1610378940000000000,843.76,847.79,854.43,843.03,3264967.0
238,2021-01-11 10:30:00-05:00,2021-01-11 10:44:00-05:00,1610379000000000000,1610379840000000000,847.715,845.11,851.37,843.95,1747334.0
239,2021-01-11 10:45:00-05:00,2021-01-11 10:59:00-05:00,1610379900000000000,1610380740000000000,844.96,843.835,847.0,837.075,2042239.0
240,2021-01-11 11:00:00-05:00,2021-01-11 11:14:00-05:00,1610380800000000000,1610381640000000000,843.66,835.01,844.247,834.8209,1525703.0
241,2021-01-11 11:15:00-05:00,2021-01-11 11:29:00-05:00,1610381700000000000,1610382540000000000,835.06,839.5582,844.33,833.39,1723779.0
242,2021-01-11 11:30:00-05:00,2021-01-11 11:44:00-05:00,1610382600000000000,1610383440000000000,839.52,835.5225,840.5,834.3202,1092312.0
243,2021-01-11 11:45:00-05:00,2021-01-11 11:59:00-05:00,1610383500000000000,1610384340000000000,835.81,838.0987,849.74,835.33,791911.0
244,2021-01-11 12:00:00-05:00,2021-01-11 12:14:00-05:00,1610384400000000000,1610385240000000000,837.9922,839.4521,843.82,837.9887,1212133.0
245,2021-01-11 12:15:00-05:00,2021-01-11 12:29:00-05:00,1610385300000000000,1610386140000000000,839.64,836.095,840.1962,835.01,828895.0
246,2021-01-11 12:30:00-05:00,2021-01-11 12:44:00-05:00,1610386200000000000,1610387040000000000,836.1067,836.3373,837.8874,834.38,1170658.0
247,2021-01-11 12:45:00-05:00,2021-01-11 12:59:00-05:00,1610387100000000000,1610387940000000000,836.4096,836.44,839.98,835.25,847115.0
248,2021-01-11 13:00:00-05:00,2021-01-11 13:14:00-05:00,1610388000000000000,1610388840000000000,836.4163,835.29,837.37,831.3001,1221365.0
249,2021-01-11 13:15:00-05:00,2021-01-11 13:29:00-05:00,1610388900000000000,1610389740000000000,835.26,828.6009,836.87,828.0,1274261.0
250,2021-01-11 13:30:00-05:00,2021-01-11 13:44:00-05:00,1610389800000000000,1610390640000000000,828.5,827.5,831.1999,825.25,1352274.0
251,2021-01-11 13:45:00-05:00,2021-01-11 13:59:00-05:00,1610390700000000000,1610391540000000000,827.47,829.635,831.4299,824.2,1579306.0
252,2021-01-11 14:00:00-05:00,2021-01-11 14:14:00-05:00,1610391600000000000,1610392440000000000,829.6754,825.55,832.3576,823.4,1275593.0
253,2021-01-11 14:15:00-05:00,2021-01-11 14:29:00-05:00,1610392500000000000,1610393340000000000,825.4949,821.4375,826.3199,819.0,2102122.0
254,2021-01-11 14:30:00-05:00,2021-01-11 14:44:00-05:00,1610393400000000000,1610394240000000000,821.35,826.76,828.4,820.52,1282480.0
255,2021-01-11 14:45:00-05:00,2021-01-11 14:59:00-05:00,1610394300000000000,1610395140000000000,826.8,822.55,828.74,821.59,1267621.0
256,2021-01-11 15:00:00-05:00,2021-01-11 15:14:00-05:00,1610395200000000000,1610396040000000000,822.425,815.91,822.9873,815.0,2036239.0
257,2021-01-11 15:15:00-05:00,2021-01-11 15:29:00-05:00,1610396100000000000,1610396940000000000,816.14,806.48,818.63,805.05,3200213.0
258,2021-01-11 15:30:00-05:00,2021-01-11 15:44:00-05:00,1610397000000000000,1610397840000000000,806.64,809.43,814.0,803.6222,2527251.0
259,2021-01-11 15:45:00-05:00,2021-01-11 15:59:00-05:00,1610397900000000000,1610398740000000000,809.43,811.18,819.0,808.52,2920601.0
260,2021-01-12 09:30:00-05:00,2021-01-12 09:44:00-05:00,1610461800000000000,1610462640000000000,831.0,845.68,846.26,827.34,4889237.0
261,2021-01-12 09:45:00-05:00,2021-01-12 09:59:00-05:00,1610462700000000000,1610463540000000000,845.72,848.82,849.07,839.5,3293478.0
262,2021-01-12 10:00:00-05:00,2021-01-12 10:14:00-05:00,1610463600000000000,1610464440000000000,848.9,856.68,857.73,844.85,3036352.0
263,2021-01-12 10:15:00-05:00,2021-01-12 10:29:00-05:00,1610464500000000000,1610465340000000000,856.59,860.02,865.0,853.01,3031391.0
264,2021-01-12 10:30:00-05:00,2021-01-12 10:44:00-05:00,1610465400000000000,1610466240000000000,860.19,862.34,866.5699,859.0,2495552.0
265,2021-01-12 10:45:00-05:00,2021-01-12 10:59:00-05:00,1610466300000000000,1610467140000000000,862.395,860.865,865.97,859.27,1805454.0
266,2021-01-12 11:00:00-05:00,2021-01-12 11:14:00-05:00,1610467200000000000,1610468040000000000,860.865,859.25,863.69,856.99,1556370.0
267,2021-01-12 11:15:00-05:00,2021-01-12 11:29:00-05:00,1610468100000000000,1610468940000000000,859.28,862.2294,865.0,859.28,1352659.0
268,2021-01-12 11:30:00-05:00,2021-01-12 11:44:00-05:00,1610469000000000000,1610469840000000000,862.4,862.968,868.0,860.67,1757709.0
269,2021-01-12 11:45:00-05:00,2021-01-12 11:59:00-05:00,1610469900000000000,1610470740000000000,863.055,860.326,864.44,856.27,1763443.0
270,2021-01-12 12:00:00-05:00,2021-01-12 12:14:00-05:00,1610470800000000000,1610471640000000000,860.35,850.7021,861.41,849.0,2162959.0
271,2021-01-12 12:15:00-05:00,2021-01-12 12:29:00-05:00,1610471700000000000,1610472540000000000,850.95,858.1396,858.3099,849.0,1722129.0
272,2021-01-12 12:30:00-05:00,2021-01-12 12:44:00-05:00,1610472600000000000,1610473440000000000,858.1183,855.87,858.97,854.48,1016227.0
273,2021-01-12 12:45:00-05:00,2021-01-12 12:59:00-05:00,1610473500000000000,1610474340000000000,855.845,858.1505,858.5187,854.365,733613.0
274,2021-01-12 13:00:00-05:00,2021-01-12 13:14:00-05:00,1610474400000000000,1610475240000000000,858.399,859.2772,860.0,856.78,800495.0
275,2021-01-12 13:15:00-05:00,2021-01-12 13:29:00-05:00,1610475300000000000,1610476140000000000,859.29,858.985,859.55,856.4081,510614.0
276,2021-01-12 13:30:00-05:00,2021-01-12 13:44:00-05:00,1610476200000000000,1610477040000000000,858.74,859.56,860.23,857.65,779399.0
277,2021-01-12 13:45:00-05:00,2021-01-12 13:59:00-05:00,1610477100000000000,1610477940000000000,859.56,855.76,860.0,855.0,759674.0
278,2021-01-12 14:00:00-05:00,2021-01-12 14:14:00-05:00,1610478000000000000,1610478840000000000,855.74,854.85,858.32,854.73,594649.0
279,2021-01-12 14:15:00-05:00,2021-01-12 14:29:00-05:00,1610478900000000000,1610479740000000000,854.9129,851.3299,855.0,847.645,1265641.0
280,2021-01-12 14:30:00-05:00,2021-01-12 14:44:00-05:00,1610479800000000000,1610480640000000000,851.11,854.325,856.5,850.52,1144403.0
281,2021-01-12 14:45:00-05:00,2021-01-12 14:59:00-05:00,1610480700000000000,1610481540000000000,854.18,854.0,854.18,850.19,1028828.0
282,2021-01-12 15:00:00-05:00,2021-01-12 15:14:00-05:00,1610481600000000000,1610482440000000000,854.08,854.65,855.25,851.4,846868.0
283,2021-01-12 15:15:00-05:00,2021-01-12 15:29:00-05:00,1610482500000000000,1610483340000000000,854.66,858.5631,860.15,853.38,1337295.0
284,2021-01-12 15:30:00-05:00,2021-01-12 15:44:00-05:00,1610483400000000000,1610484240000000000,858.43,854.47,859.0999,853.0301,1145131.0
285,2021-01-12 15:45:00-05:00,2021-01-12 15:59:00-05:00,1610484300000000000,1610485140000000000,854.42,849.22,858.18,848.6,2254677.0
286,2021-01-13 09:30:00-05:00,2021-01-13 09:44:00-05:00,1610548200000000000,1610549040000000000,852.76,845.5111,860.47,845.18,3358563.0
287,2021-01-13 09:45:00-05:00,2021-01-13 09:59:00-05:00,1610549100000000000,1610549940000000000,845.74,846.1652,854.35,845.5,2020217.0
288,2021-01-13 10:00:00-05:00,2021-01-13 10:14:00-05:00,1610550000000000000,1610550840000000000,846.1083,840.8574,846.53,833.51,3204037.0
289,2021-01-13 10:15:00-05:00,2021-01-13 10:29:00-05:00,1610550900000000000,1610551740000000000,840.89,839.84,853.32,836.38,1572600.0
290,2021-01-13 10:30:00-05:00,2021-01-13 10:44:00-05:00,1610551800000000000,1610552640000000000,839.9,843.87,845.0,837.0,1355962.0
291,2021-01-13 10:45:00-05:00,2021-01-13 10:59:00-05:00,1610552700000000000,1610553540000000000,843.67,843.895,846.7994,842.17,967741.0
292,2021-01-13 11:00:00-05:00,2021-01-13 11:14:00-05:00,1610553600000000000,1610554440000000000,844.16,840.884,844.8,840.7,604653.0
293,2021-01-13 11:15:00-05:00,2021-01-13 11:29:00-05:00,1610554500000000000,1610555340000000000,840.845,842.44,843.0,838.75,754500.0
294,2021-01-13 11:30:00-05:00,2021-01-13 11:44:00-05:00,1610555400000000000,1610556240000000000,842.51,842.01,842.65,839.8,419660.0
295,2021-01-13 11:45:00-05:00,2021-01-13 11:59:00-05:00,1610556300000000000,1610557140000000000,841.96,837.9434,842.1404,837.37,692405.0
296,2021-01-13 12:00:00-05:00,2021-01-13 12:14:00-05:00,1610557200000000000,1610558040000000000,837.9967,837.61,838.62,834.1,1047295.0
297,2021-01-13 12:15:00-05:00,2021-01-13 12:29:00-05:00,1610558100000000000,1610558940000000000,837.54,839.15,839.84,837.41,607604.0
298,2021-01-13 12:30:00-05:00,2021-01-13 12:44:00-05:00,1610559000000000000,1610559840000000000,839.1148,836.2116,839.3999,834.35,1046255.0
299,2021-01-13 12:45:00-05:00,2021-01-13 12:59:00-05:00,1610559900000000000,1610560740000000000,836.4298,839.99,841.48,832.0,1167406.0
300,2021-01-13 13:00:00-05:00,2021-01-13 13:14:00-05:00,1610560800000000000,1610561640000000000,840.06,837.8,840.5,837.7616,629258.0
301,2021-01-13 13:15:00-05:00,2021-01-13 13:29:00-05:00,1610561700000000000,1610562540000000000,837.81,838.0225,839.4999,836.7401,394548.0
302,2021-01-13 13:30:00-05:00,2021-01-13 13:44:00-05:00,1610562600000000000,1610563440000000000,837.95,839.3996,840.41,836.5501,463750.0
303,2021-01-13 13:45:00-05:00,2021-01-13 13:59:00-05:00,1610563500000000000,1610564340000000000,839.42,844.0,844.0,837.2612,761183.0
304,2021-01-13 14:00:00-05:00,2021-01-13 14:14:00-05:00,1610564400000000000,1610565240000000000,843.9518,852.08,852.15,842.7741,1606379.0
305,2021-01-13 14:15:00-05:00,2021-01-13 14:29:00-05:00,1610565300000000000,1610566140000000000,852.1699,853.85,855.45,850.554,1574791.0
306,2021-01-13 14:30:00-05:00,2021-01-13 14:44:00-05:00,1610566200000000000,1610567040000000000,854.03,850.27,855.5099,850.06,1045073.0
307,2021-01-13 14:45:00-05:00,2021-01-13 14:59:00-05:00,1610567100000000000,1610567940000000000,850.2913,855.63,855.73,849.51,1123780.0
308,2021-01-13 15:00:00-05:00,2021-01-13 15:14:00-05:00,1610568000000000000,1610568840000000000,855.5018,855.2938,856.0,852.52,930256.0
309,2021-01-13 15:15:00-05:00,2021-01-13 15:29:00-05:00,1610568900000000000,1610569740000000000,855.19,851.4411,858.0,851.1301,1112751.0
310,2021-01-13 15:30:00-05:00,2021-01-13 15:44:00-05:00,1610569800000000000,1610570640000000000,851.3864,853.6508,854.86,849.75,957878.0
311,2021-01-13 15:45:00-05:00,2021-01-13 15:59:00-05:00,1610570700000000000,1610571540000000000,853.71,854.42,855.8281,850.5,1340580.0
312,2021-01-14 09:30:00-05:00,2021-01-14 09:44:00-05:00,1610634600000000000,1610635440000000000,843.39,848.79,849.7,838.75,2787830.0
313,2021-01-14 09:45:00-05:00,2021-01-14 09:59:00-05:00,1610635500000000000,1610636340000000000,848.675,846.41,848.9899,842.77,1969339.0
314,2021-01-14 10:00:00-05:00,2021-01-14 10:14:00-05:00,1610636400000000000,1610637240000000000,846.55,859.2355,860.1,846.3268,2671247.0
315,2021-01-14 10:15:00-05:00,2021-01-14 10:29:00-05:00,1610637300000000000,1610638140000000000,859.275,858.0,860.35,856.5,2163099.0
316,2021-01-14 10:30:00-05:00,2021-01-14 10:44:00-05:00,1610638200000000000,1610639040000000000,858.0,861.0904,863.0,855.2,2323928.0
317,2021-01-14 10:45:00-05:00,2021-01-14 10:59:00-05:00,1610639100000000000,1610639940000000000,861.18,857.03,862.22,856.06,1173821.0
318,2021-01-14 11:00:00-05:00,2021-01-14 11:14:00-05:00,1610640000000000000,1610640840000000000,856.83,857.5601,859.7,856.5999,751638.0
319,2021-01-14 11:15:00-05:00,2021-01-14 11:29:00-05:00,1610640900000000000,1610641740000000000,857.56,853.2431,857.56,852.19,1061332.0
320,2021-01-14 11:30:00-05:00,2021-01-14 11:44:00-05:00,1610641800000000000,1610642640000000000,853.05,856.9,858.0,852.9601,815816.0
321,2021-01-14 11:45:00-05:00,2021-01-14 11:59:00-05:00,1610642700000000000,1610643540000000000,857.125,853.2242,857.59,850.2,868555.0
322,2021-01-14 12:00:00-05:00,2021-01-14 12:14:00-05:00,1610643600000000000,1610644440000000000,853.3,853.64,854.23,850.62,608955.0
323,2021-01-14 12:15:00-05:00,2021-01-14 12:29:00-05:00,1610644500000000000,1610645340000000000,853.84,856.28,856.7586,851.62,617180.0
324,2021-01-14 12:30:00-05:00,2021-01-14 12:44:00-05:00,1610645400000000000,1610646240000000000,856.2927,852.625,858.0,852.5,812286.0
325,2021-01-14 12:45:00-05:00,2021-01-14 12:59:00-05:00,1610646300000000000,1610647140000000000,852.5,854.2449,854.6,850.87,626544.0
326,2021-01-14 13:00:00-05:00,2021-01-14 13:14:00-05:00,1610647200000000000,1610648040000000000,854.2,848.64,854.206,845.6301,1296834.0
327,2021-01-14 13:15:00-05:00,2021-01-14 13:29:00-05:00,1610648100000000000,1610648940000000000,848.75,845.1126,851.09,844.69,874258.0
328,2021-01-14 13:30:00-05:00,2021-01-14 13:44:00-05:00,1610649000000000000,1610649840000000000,845.0,849.1494,849.445,844.0,786416.0
329,2021-01-14 13:45:00-05:00,2021-01-14 13:59:00-05:00,1610649900000000000,1610650740000000000,849.11,847.0301,852.82,847.0301,854054.0
330,2021-01-14 14:00:00-05:00,2021-01-14 14:14:00-05:00,1610650800000000000,1610651640000000000,847.165,849.41,849.9212,846.68,546201.0
331,2021-01-14 14:15:00-05:00,2021-01-14 14:29:00-05:00,1610651700000000000,1610652540000000000,849.3252,852.233,852.5,848.9744,687051.0
332,2021-01-14 14:30:00-05:00,2021-01-14 14:44:00-05:00,1610652600000000000,1610653440000000000,852.195,849.83,855.0,849.1301,968551.0
333,2021-01-14 14:45:00-05:00,2021-01-14 14:59:00-05:00,1610653500000000000,1610654340000000000,849.9335,848.8747,851.5899,847.2649,747537.0
334,2021-01-14 15:00:00-05:00,2021-01-14 15:14:00-05:00,1610654400000000000,1610655240000000000,848.77,847.6499,849.83,845.61,586357.0
335,2021-01-14 15:15:00-05:00,2021-01-14 15:29:00-05:00,1610655300000000000,1610656140000000000,847.68,846.555,848.57,843.4,947220.0
336,2021-01-14 15:30:00-05:00,2021-01-14 15:44:00-05:00,1610656200000000000,1610657040000000000,846.57,847.7381,849.0,844.84,892703.0
337,2021-01-14 15:45:00-05:00,2021-01-14 15:59:00-05:00,1610657100000000000,1610657940000000000,847.56,844.21,848.06,843.7,1235602.0
338,2021-01-15 09:30:00-05:00,2021-01-15 09:44:00-05:00,1610721000000000000,1610721840000000000,852.0,852.22,859.9,849.0,3231522.0
339,2021-01-15 09:45:00-05:00,2021-01-15 09:59:00-05:00,1610721900000000000,1610722740000000000,852.34,854.45,858.7499,851.57,1843570.0
340,2021-01-15 10:00:00-05:00,2021-01-15 10:14:00-05:00,1610722800000000000,1610723640000000000,854.44,843.0679,855.27,839.0,2845000.0
341,2021-01-15 10:15:00-05:00,2021-01-15 10:29:00-05:00,1610723700000000000,1610724540000000000,843.0,843.34,845.719,835.9,2453041.0
342,2021-01-15 10:30:00-05:00,2021-01-15 10:44:00-05:00,1610724600000000000,1610725440000000000,843.3401,842.155,846.0,841.3,1526888.0
343,2021-01-15 10:45:00-05:00,2021-01-15 10:59:00-05:00,1610725500000000000,1610726340000000000,841.85,842.35,842.95,837.25,1157282.0
344,2021-01-15 11:00:00-05:00,2021-01-15 11:14:00-05:00,1610726400000000000,1610727240000000000,842.3517,841.0,843.89,835.0,1578447.0
345,2021-01-15 11:15:00-05:00,2021-01-15 11:29:00-05:00,1610727300000000000,1610728140000000000,840.8346,845.08,845.8494,839.3001,1424134.0
346,2021-01-15 11:30:00-05:00,2021-01-15 11:44:00-05:00,1610728200000000000,1610729040000000000,845.23,842.9934,845.5,841.1,731559.0
347,2021-01-15 11:45:00-05:00,2021-01-15 11:59:00-05:00,1610729100000000000,1610729940000000000,843.0788,839.695,843.44,839.0,639792.0
348,2021-01-15 12:00:00-05:00,2021-01-15 12:14:00-05:00,1610730000000000000,1610730840000000000,839.67,839.5,841.71,837.95,778904.0
349,2021-01-15 12:15:00-05:00,2021-01-15 12:29:00-05:00,1610730900000000000,1610731740000000000,839.42,837.21,840.53,837.0,547700.0
350,2021-01-15 12:30:00-05:00,2021-01-15 12:44:00-05:00,1610731800000000000,1610732640000000000,837.21,838.16,839.98,836.89,810947.0
351,2021-01-15 12:45:00-05:00,2021-01-15 12:59:00-05:00,1610732700000000000,1610733540000000000,838.16,835.065,838.44,833.28,916474.0
352,2021-01-15 13:00:00-05:00,2021-01-15 13:14:00-05:00,1610733600000000000,1610734440000000000,835.09,835.3901,836.89,832.1,931063.0
353,2021-01-15 13:15:00-05:00,2021-01-15 13:29:00-05:00,1610734500000000000,1610735340000000000,835.2,839.7001,840.85,834.9906,1026444.0
354,2021-01-15 13:30:00-05:00,2021-01-15 13:44:00-05:00,1610735400000000000,1610736240000000000,839.8454,842.7081,844.5,838.2301,863967.0
355,2021-01-15 13:45:00-05:00,2021-01-15 13:59:00-05:00,1610736300000000000,1610737140000000000,842.75,842.4901,844.5,842.3524,586865.0
356,2021-01-15 14:00:00-05:00,2021-01-15 14:14:00-05:00,1610737200000000000,1610738040000000000,842.51,837.21,842.9477,836.27,759425.0
357,2021-01-15 14:15:00-05:00,2021-01-15 14:29:00-05:00,1610738100000000000,1610738940000000000,837.4247,832.425,838.0,829.0,1379606.0
358,2021-01-15 14:30:00-05:00,2021-01-15 14:44:00-05:00,1610739000000000000,1610739840000000000,832.4162,828.8612,833.3094,826.83,1491029.0
359,2021-01-15 14:45:00-05:00,2021-01-15 14:59:00-05:00,1610739900000000000,1610740740000000000,828.9999,823.31,829.05,821.3,2087833.0
360,2021-01-15 15:00:00-05:00,2021-01-15 15:14:00-05:00,1610740800000000000,1610741640000000000,823.5399,823.3135,826.95,819.1,2022491.0
361,2021-01-15 15:15:00-05:00,2021-01-15 15:29:00-05:00,1610741700000000000,1610742540000000000,823.34,825.02,827.0,821.0,1189243.0
362,2021-01-15 15:30:00-05:00,2021-01-15 15:44:00-05:00,1610742600000000000,1610743440000000000,825.0,824.33,830.49,822.32,1348956.0
363,2021-01-15 15:45:00-05:00,2021-01-15 15:59:00-05:00,1610743500000000000,1610744340000000000,824.24,826.16,827.78,823.76,1819531.0
364,2021-01-19 09:30:00-05:00,2021-01-19 09:44:00-05:00,1611066600000000000,1611067440000000000,837.8,844.7725,850.0,835.5,3312718.0
365,2021-01-19 09:45:00-05:00,2021-01-19 09:59:00-05:00,1611067500000000000,1611068340000000000,844.48,841.62,848.76,839.2,1912316.0
366,2021-01-19 10:00:00-05:00,2021-01-19 10:14:00-05:00,1611068400000000000,1611069240000000000,841.49,844.66,845.66,838.12,1453014.0
367,2021-01-19 10:15:00-05:00,2021-01-19 10:29:00-05:00,1611069300000000000,1611070140000000000,844.628,840.4567,844.74,839.0,955660.0
368,2021-01-19 10:30:00-05:00,2021-01-19 10:44:00-05:00,1611070200000000000,1611071040000000000,840.46,840.745,843.38,839.5,729838.0
369,2021-01-19 10:45:00-05:00,2021-01-19 10:59:00-05:00,1611071100000000000,1611071940000000000,840.8899,833.25,842.09,833.02,1160597.0
370,2021-01-19 11:00:00-05:00,2021-01-19 11:14:00-05:00,1611072000000000000,1611072840000000000,833.3078,837.9999,839.5205,833.0,1067526.0
371,2021-01-19 11:15:00-05:00,2021-01-19 11:29:00-05:00,1611072900000000000,1611073740000000000,837.7273,838.28,839.21,834.48,746051.0
372,2021-01-19 11:30:00-05:00,2021-01-19 11:44:00-05:00,1611073800000000000,1611074640000000000,838.4105,837.25,840.1,836.6501,668549.0
373,2021-01-19 11:45:00-05:00,2021-01-19 11:59:00-05:00,1611074700000000000,1611075540000000000,837.5,839.02,839.34,835.3178,473930.0
374,2021-01-19 12:00:00-05:00,2021-01-19 12:14:00-05:00,1611075600000000000,1611076440000000000,839.025,838.88,840.1799,838.2401,645276.0
375,2021-01-19 12:15:00-05:00,2021-01-19 12:29:00-05:00,1611076500000000000,1611077340000000000,838.9,838.21,840.22,836.61,578908.0
376,2021-01-19 12:30:00-05:00,2021-01-19 12:44:00-05:00,1611077400000000000,1611078240000000000,838.33,837.69,838.71,836.28,355356.0
377,2021-01-19 12:45:00-05:00,2021-01-19 12:59:00-05:00,1611078300000000000,1611079140000000000,837.7929,837.6701,838.28,836.34,362410.0
378,2021-01-19 13:00:00-05:00,2021-01-19 13:14:00-05:00,1611079200000000000,1611080040000000000,837.715,837.34,838.25,837.0,403493.0
379,2021-01-19 13:15:00-05:00,2021-01-19 13:29:00-05:00,1611080100000000000,1611080940000000000,837.3601,836.64,838.5,836.0949,461775.0
380,2021-01-19 13:30:00-05:00,2021-01-19 13:44:00-05:00,1611081000000000000,1611081840000000000,836.74,835.56,837.42,835.13,555741.0
381,2021-01-19 13:45:00-05:00,2021-01-19 13:59:00-05:00,1611081900000000000,1611082740000000000,835.5468,842.77,843.6799,835.5468,834216.0
382,2021-01-19 14:00:00-05:00,2021-01-19 14:14:00-05:00,1611082800000000000,1611083640000000000,842.6705,841.26,846.0,841.16,1221708.0
383,2021-01-19 14:15:00-05:00,2021-01-19 14:29:00-05:00,1611083700000000000,1611084540000000000,841.36,839.6778,843.14,839.1801,733542.0
384,2021-01-19 14:30:00-05:00,2021-01-19 14:44:00-05:00,1611084600000000000,1611085440000000000,839.6069,838.0301,839.85,836.5,711312.0
385,2021-01-19 14:45:00-05:00,2021-01-19 14:59:00-05:00,1611085500000000000,1611086340000000000,838.2573,838.35,839.5,836.0,600992.0
386,2021-01-19 15:00:00-05:00,2021-01-19 15:14:00-05:00,1611086400000000000,1611087240000000000,838.28,837.01,838.88,836.01,554552.0
387,2021-01-19 15:15:00-05:00,2021-01-19 15:29:00-05:00,1611087300000000000,1611088140000000000,836.98,840.0201,841.5,836.29,619619.0
388,2021-01-19 15:30:00-05:00,2021-01-19 15:44:00-05:00,1611088200000000000,1611089040000000000,840.2997,842.35,843.99,839.38,672434.0
389,2021-01-19 15:45:00-05:00,2021-01-19 15:59:00-05:00,1611089100000000000,1611089940000000000,842.3501,844.5,845.0,840.3,1248442.0
390,2021-01-20 09:30:00-05:00,2021-01-20 09:44:00-05:00,1611153000000000000,1611153840000000000,858.74,855.18,859.5,851.53,2588330.0
391,2021-01-20 09:45:00-05:00,2021-01-20 09:59:00-05:00,1611153900000000000,1611154740000000000,855.1298,850.6423,856.18,847.3028,1776292.0
392,2021-01-20 10:00:00-05:00,2021-01-20 10:14:00-05:00,1611154800000000000,1611155640000000000,850.74,849.555,853.25,845.8,1350994.0
393,2021-01-20 10:15:00-05:00,2021-01-20 10:29:00-05:00,1611155700000000000,1611156540000000000,849.6264,849.385,850.1,844.0,1431575.0
394,2021-01-20 10:30:00-05:00,2021-01-20 10:44:00-05:00,1611156600000000000,1611157440000000000,849.48,845.5373,850.5,844.22,938595.0
395,2021-01-20 10:45:00-05:00,2021-01-20 10:59:00-05:00,1611157500000000000,1611158340000000000,845.51,839.345,847.04,837.28,1759737.0
396,2021-01-20 11:00:00-05:00,2021-01-20 11:14:00-05:00,1611158400000000000,1611159240000000000,839.48,841.86,843.55,838.43,943279.0
397,2021-01-20 11:15:00-05:00,2021-01-20 11:29:00-05:00,1611159300000000000,1611160140000000000,841.7314,846.22,846.8,841.24,1042933.0
398,2021-01-20 11:30:00-05:00,2021-01-20 11:44:00-05:00,1611160200000000000,1611161040000000000,846.37,849.513,849.79,844.14,1037173.0
399,2021-01-20 11:45:00-05:00,2021-01-20 11:59:00-05:00,1611161100000000000,1611161940000000000,849.5,848.69,850.1,847.6001,696403.0
400,2021-01-20 12:00:00-05:00,2021-01-20 12:14:00-05:00,1611162000000000000,1611162840000000000,848.84,847.3423,849.6568,847.25,437018.0
401,2021-01-20 12:15:00-05:00,2021-01-20 12:29:00-05:00,1611162900000000000,1611163740000000000,847.31,846.53,847.74,845.01,522255.0
402,2021-01-20 12:30:00-05:00,2021-01-20 12:44:00-05:00,1611163800000000000,1611164640000000000,846.56,849.585,850.5,846.56,771089.0
403,2021-01-20 12:45:00-05:00,2021-01-20 12:59:00-05:00,1611164700000000000,1611165540000000000,849.5,849.9093,850.5,846.7373,657295.0
404,2021-01-20 13:00:00-05:00,2021-01-20 13:14:00-05:00,1611165600000000000,1611166440000000000,849.95,849.3799,850.16,847.59,296010.0
405,2021-01-20 13:15:00-05:00,2021-01-20 13:29:00-05:00,1611166500000000000,1611167340000000000,849.335,846.4046,850.0,845.8,538218.0
406,2021-01-20 13:30:00-05:00,2021-01-20 13:44:00-05:00,1611167400000000000,1611168240000000000,846.5,847.21,848.16,846.33,324938.0
407,2021-01-20 13:45:00-05:00,2021-01-20 13:59:00-05:00,1611168300000000000,1611169140000000000,847.3,851.435,851.75,846.825,602535.0
408,2021-01-20 14:00:00-05:00,2021-01-20 14:14:00-05:00,1611169200000000000,1611170040000000000,851.47,851.225,853.2499,850.1,734863.0
409,2021-01-20 14:15:00-05:00,2021-01-20 14:29:00-05:00,1611170100000000000,1611170940000000000,851.225,854.12,854.53,851.225,657920.0
410,2021-01-20 14:30:00-05:00,2021-01-20 14:44:00-05:00,1611171000000000000,1611171840000000000,854.23,852.86,854.44,852.4,477172.0
411,2021-01-20 14:45:00-05:00,2021-01-20 14:59:00-05:00,1611171900000000000,1611172740000000000,852.88,855.4737,855.89,852.41,617978.0
412,2021-01-20 15:00:00-05:00,2021-01-20 15:14:00-05:00,1611172800000000000,1611173640000000000,855.4301,854.985,856.0,853.7,519789.0
413,2021-01-20 15:15:00-05:00,2021-01-20 15:29:00-05:00,1611173700000000000,1611174540000000000,854.9507,851.3967,855.3,851.1,588182.0
414,2021-01-20 15:30:00-05:00,2021-01-20 15:44:00-05:00,1611174600000000000,1611175440000000000,851.3,851.58,852.8258,848.5001,940006.0
415,2021-01-20 15:45:00-05:00,2021-01-20 15:59:00-05:00,1611175500000000000,1611176340000000000,851.66,850.65,852.1,850.01,920890.0
416,2021-01-21 09:30:00-05:00,2021-01-21 09:44:00-05:00,1611239400000000000,1611240240000000000,855.0,847.77,855.7199,843.71,2500528.0
417,2021-01-21 09:45:00-05:00,2021-01-21 09:59:00-05:00,1611240300000000000,1611241140000000000,847.56,847.56,849.82,844.15,1286434.0
418,2021-01-21 10:00:00-05:00,2021-01-21 10:14:00-05:00,1611241200000000000,1611242040000000000,847.33,848.2636,849.6074,845.48,953901.0
419,2021-01-21 10:15:00-05:00,2021-01-21 10:29:00-05:00,1611242100000000000,1611242940000000000,848.4,845.8709,849.13,845.4001,684239.0
420,2021-01-21 10:30:00-05:00,2021-01-21 10:44:00-05:00,1611243000000000000,1611243840000000000,845.9,843.3234,846.6227,841.4201,1161748.0
421,2021-01-21 10:45:00-05:00,2021-01-21 10:59:00-05:00,1611243900000000000,1611244740000000000,843.3058,847.1,847.25,843.2644,770561.0
422,2021-01-21 11:00:00-05:00,2021-01-21 11:14:00-05:00,1611244800000000000,1611245640000000000,847.01,851.3198,851.44,845.7348,931520.0
423,2021-01-21 11:15:00-05:00,2021-01-21 11:29:00-05:00,1611245700000000000,1611246540000000000,851.29,851.61,852.8604,850.51,789471.0
424,2021-01-21 11:30:00-05:00,2021-01-21 11:44:00-05:00,1611246600000000000,1611247440000000000,851.63,849.2,852.3418,847.7,621316.0
425,2021-01-21 11:45:00-05:00,2021-01-21 11:59:00-05:00,1611247500000000000,1611248340000000000,849.1701,847.37,850.9397,846.29,573476.0
426,2021-01-21 12:00:00-05:00,2021-01-21 12:14:00-05:00,1611248400000000000,1611249240000000000,847.6,844.66,848.58,844.6,523229.0
427,2021-01-21 12:15:00-05:00,2021-01-21 12:29:00-05:00,1611249300000000000,1611250140000000000,844.72,844.48,845.2499,844.19,548395.0
428,2021-01-21 12:30:00-05:00,2021-01-21 12:44:00-05:00,1611250200000000000,1611251040000000000,844.3,846.38,847.55,844.0,533608.0
429,2021-01-21 12:45:00-05:00,2021-01-21 12:59:00-05:00,1611251100000000000,1611251940000000000,846.44,847.45,847.9258,844.89,284601.0
430,2021-01-21 13:00:00-05:00,2021-01-21 13:14:00-05:00,1611252000000000000,1611252840000000000,847.45,846.6616,848.9424,846.6616,388957.0
431,2021-01-21 13:15:00-05:00,2021-01-21 13:29:00-05:00,1611252900000000000,1611253740000000000,846.92,847.38,848.125,846.1501,280154.0
432,2021-01-21 13:30:00-05:00,2021-01-21 13:44:00-05:00,1611253800000000000,1611254640000000000,847.435,846.4182,848.1799,845.7,333626.0
433,2021-01-21 13:45:00-05:00,2021-01-21 13:59:00-05:00,1611254700000000000,1611255540000000000,846.455,845.5725,847.0,845.1,354867.0
434,2021-01-21 14:00:00-05:00,2021-01-21 14:14:00-05:00,1611255600000000000,1611256440000000000,845.53,845.16,846.67,845.0,336550.0
435,2021-01-21 14:15:00-05:00,2021-01-21 14:29:00-05:00,1611256500000000000,1611257340000000000,845.08,846.29,846.71,844.85,371584.0
436,2021-01-21 14:30:00-05:00,2021-01-21 14:44:00-05:00,1611257400000000000,1611258240000000000,846.28,845.62,847.33,844.99,378250.0
437,2021-01-21 14:45:00-05:00,2021-01-21 14:59:00-05:00,1611258300000000000,1611259140000000000,845.71,846.0617,846.48,844.5,426102.0
438,2021-01-21 15:00:00-05:00,2021-01-21 15:14:00-05:00,1611259200000000000,1611260040000000000,845.95,846.8067,847.11,845.445,442782.0
439,2021-01-21 15:15:00-05:00,2021-01-21 15:29:00-05:00,1611260100000000000,1611260940000000000,846.84,847.4124,848.2,845.92,728038.0
440,2021-01-21 15:30:00-05:00,2021-01-21 15:44:00-05:00,1611261000000000000,1611261840000000000,847.3852,845.2703,847.62,844.5,721171.0
441,2021-01-21 15:45:00-05:00,2021-01-21 15:59:00-05:00,1611261900000000000,1611262740000000000,845.07,844.97,846.1117,844.13,858758.0
442,2021-01-22 09:30:00-05:00,2021-01-22 09:44:00-05:00,1611325800000000000,1611326640000000000,834.31,835.0311,840.25,833.3,1851394.0
443,2021-01-22 09:45:00-05:00,2021-01-22 09:59:00-05:00,1611326700000000000,1611327540000000000,835.09,837.995,841.9,835.03,1207924.0
444,2021-01-22 10:00:00-05:00,2021-01-22 10:14:00-05:00,1611327600000000000,1611328440000000000,838.125,836.135,838.25,835.05,765942.0
445,2021-01-22 10:15:00-05:00,2021-01-22 10:29:00-05:00,1611328500000000000,1611329340000000000,836.5,832.885,837.8899,832.03,938115.0
446,2021-01-22 10:30:00-05:00,2021-01-22 10:44:00-05:00,1611329400000000000,1611330240000000000,833.04,832.2,834.47,828.62,1386961.0
447,2021-01-22 10:45:00-05:00,2021-01-22 10:59:00-05:00,1611330300000000000,1611331140000000000,832.2,834.3,835.2198,831.21,826357.0
448,2021-01-22 11:00:00-05:00,2021-01-22 11:14:00-05:00,1611331200000000000,1611332040000000000,834.43,834.69,835.07,832.21,533351.0
449,2021-01-22 11:15:00-05:00,2021-01-22 11:29:00-05:00,1611332100000000000,1611332940000000000,834.52,831.86,835.1,831.1001,559511.0
450,2021-01-22 11:30:00-05:00,2021-01-22 11:44:00-05:00,1611333000000000000,1611333840000000000,831.9119,834.425,834.87,831.39,445202.0
451,2021-01-22 11:45:00-05:00,2021-01-22 11:59:00-05:00,1611333900000000000,1611334740000000000,834.37,836.93,838.55,834.24,779916.0
452,2021-01-22 12:00:00-05:00,2021-01-22 12:14:00-05:00,1611334800000000000,1611335640000000000,836.975,837.643,838.2843,835.57,424871.0
453,2021-01-22 12:15:00-05:00,2021-01-22 12:29:00-05:00,1611335700000000000,1611336540000000000,837.6,836.88,839.4105,836.66,469273.0
454,2021-01-22 12:30:00-05:00,2021-01-22 12:44:00-05:00,1611336600000000000,1611337440000000000,836.91,835.5936,837.1,835.2201,432444.0
455,2021-01-22 12:45:00-05:00,2021-01-22 12:59:00-05:00,1611337500000000000,1611338340000000000,835.5688,835.44,836.88,834.55,339312.0
456,2021-01-22 13:00:00-05:00,2021-01-22 13:14:00-05:00,1611338400000000000,1611339240000000000,835.39,836.853,837.11,835.0,280397.0
457,2021-01-22 13:15:00-05:00,2021-01-22 13:29:00-05:00,1611339300000000000,1611340140000000000,836.8039,837.8,838.29,836.2,593306.0
458,2021-01-22 13:30:00-05:00,2021-01-22 13:44:00-05:00,1611340200000000000,1611341040000000000,837.55,841.0,841.44,837.08,438697.0
459,2021-01-22 13:45:00-05:00,2021-01-22 13:59:00-05:00,1611341100000000000,1611341940000000000,840.8966,839.12,843.05,838.46,612778.0
460,2021-01-22 14:00:00-05:00,2021-01-22 14:14:00-05:00,1611342000000000000,1611342840000000000,838.99,838.02,839.87,837.4,380439.0
461,2021-01-22 14:15:00-05:00,2021-01-22 14:29:00-05:00,1611342900000000000,1611343740000000000,838.14,839.3,840.265,837.6101,345380.0
462,2021-01-22 14:30:00-05:00,2021-01-22 14:44:00-05:00,1611343800000000000,1611344640000000000,839.3501,841.525,842.0,839.14,345364.0
463,2021-01-22 14:45:00-05:00,2021-01-22 14:59:00-05:00,1611344700000000000,1611345540000000000,841.43,839.58,841.645,839.0,358061.0
464,2021-01-22 15:00:00-05:00,2021-01-22 15:14:00-05:00,1611345600000000000,1611346440000000000,839.57,840.68,841.0,839.03,335792.0
465,2021-01-22 15:15:00-05:00,2021-01-22 15:29:00-05:00,1611346500000000000,1611347340000000000,840.75,844.54,844.7,840.51,811461.0
466,2021-01-22 15:30:00-05:00,2021-01-22 15:44:00-05:00,1611347400000000000,1611348240000000000,844.7,844.99,845.44,843.29,667297.0
467,2021-01-22 15:45:00-05:00,2021-01-22 15:59:00-05:00,1611348300000000000,1611349140000000000,844.99,846.5,848.0,843.24,1343580.0
468,2021-01-25 09:30:00-05:00,2021-01-25 09:44:00-05:00,1611585000000000000,1611585840000000000,855.0,875.2613,875.49,852.12,2734687.0
469,2021-01-25 09:45:00-05:00,2021-01-25 09:59:00-05:00,1611585900000000000,1611586740000000000,875.15,895.62,896.5,874.32,4061343.0
470,2021-01-25 10:00:00-05:00,2021-01-25 10:14:00-05:00,1611586800000000000,1611587640000000000,895.6,888.51,900.4,887.5,3480929.0
471,2021-01-25 10:15:00-05:00,2021-01-25 10:29:00-05:00,1611587700000000000,1611588540000000000,888.57,885.505,895.0,885.2,1543193.0
472,2021-01-25 10:30:00-05:00,2021-01-25 10:44:00-05:00,1611588600000000000,1611589440000000000,885.6396,878.83,887.6,878.71,1741833.0
473,2021-01-25 10:45:00-05:00,2021-01-25 10:59:00-05:00,1611589500000000000,1611590340000000000,878.79,864.49,882.51,863.5,2094250.0
474,2021-01-25 11:00:00-05:00,2021-01-25 11:14:00-05:00,1611590400000000000,1611591240000000000,864.14,863.77,872.34,838.8201,4209252.0
475,2021-01-25 11:15:00-05:00,2021-01-25 11:29:00-05:00,1611591300000000000,1611592140000000000,863.965,863.92,869.0,854.63,2142285.0
476,2021-01-25 11:30:00-05:00,2021-01-25 11:44:00-05:00,1611592200000000000,1611593040000000000,864.1224,873.035,873.24,862.26,1452473.0
477,2021-01-25 11:45:00-05:00,2021-01-25 11:59:00-05:00,1611593100000000000,1611593940000000000,873.28,871.71,873.86,867.45,917694.0
478,2021-01-25 12:00:00-05:00,2021-01-25 12:14:00-05:00,1611594000000000000,1611594840000000000,871.85,865.0,875.36,864.831,942178.0
479,2021-01-25 12:15:00-05:00,2021-01-25 12:29:00-05:00,1611594900000000000,1611595740000000000,864.995,862.2144,867.23,857.701,1167318.0
480,2021-01-25 12:30:00-05:00,2021-01-25 12:44:00-05:00,1611595800000000000,1611596640000000000,862.0,867.7801,870.0,861.5,764307.0
481,2021-01-25 12:45:00-05:00,2021-01-25 12:59:00-05:00,1611596700000000000,1611597540000000000,868.02,869.99,871.1894,863.0,837299.0
482,2021-01-25 13:00:00-05:00,2021-01-25 13:14:00-05:00,1611597600000000000,1611598440000000000,870.03,870.68,872.0,866.2,656118.0
483,2021-01-25 13:15:00-05:00,2021-01-25 13:29:00-05:00,1611598500000000000,1611599340000000000,870.54,868.0,870.961,867.59,416437.0
484,2021-01-25 13:30:00-05:00,2021-01-25 13:44:00-05:00,1611599400000000000,1611600240000000000,868.43,869.0,870.5,866.68,470885.0
485,2021-01-25 13:45:00-05:00,2021-01-25 13:59:00-05:00,1611600300000000000,1611601140000000000,869.16,868.9279,870.56,867.12,393848.0
486,2021-01-25 14:00:00-05:00,2021-01-25 14:14:00-05:00,1611601200000000000,1611602040000000000,868.82,868.3435,871.6,866.54,537960.0
487,2021-01-25 14:15:00-05:00,2021-01-25 14:29:00-05:00,1611602100000000000,1611602940000000000,868.5,871.1087,871.4653,868.4229,430914.0
488,2021-01-25 14:30:00-05:00,2021-01-25 14:44:00-05:00,1611603000000000000,1611603840000000000,871.19,877.9,878.88,869.65,899409.0
489,2021-01-25 14:45:00-05:00,2021-01-25 14:59:00-05:00,1611603900000000000,1611604740000000000,877.71,876.21,880.0,875.12,1121200.0
490,2021-01-25 15:00:00-05:00,2021-01-25 15:14:00-05:00,1611604800000000000,1611605640000000000,876.2936,870.2,878.99,869.89,840550.0
491,2021-01-25 15:15:00-05:00,2021-01-25 15:29:00-05:00,1611605700000000000,1611606540000000000,870.15,868.59,870.95,865.83,883819.0
492,2021-01-25 15:30:00-05:00,2021-01-25 15:44:00-05:00,1611606600000000000,1611607440000000000,868.67,872.8,874.31,867.16,872540.0
493,2021-01-25 15:45:00-05:00,2021-01-25 15:59:00-05:00,1611607500000000000,1611608340000000000,872.83,880.81,882.8,871.151,2162783.0
494,2021-01-26 09:30:00-05:00,2021-01-26 09:44:00-05:00,1611671400000000000,1611672240000000000,891.38,882.35,895.9,879.29,2984571.0
495,2021-01-26 09:45:00-05:00,2021-01-26 09:59:00-05:00,1611672300000000000,1611673140000000000,882.7894,885.455,887.49,881.3574,1478031.0
496,2021-01-26 10:00:00-05:00,2021-01-26 10:14:00-05:00,1611673200000000000,1611674040000000000,884.84,879.2477,887.55,875.46,1614056.0
497,2021-01-26 10:15:00-05:00,2021-01-26 10:29:00-05:00,1611674100000000000,1611674940000000000,879.02,882.3,883.7514,871.6,1599919.0
498,2021-01-26 10:30:00-05:00,2021-01-26 10:44:00-05:00,1611675000000000000,1611675840000000000,882.78,883.9353,886.51,881.5301,1049649.0
499,2021-01-26 10:45:00-05:00,2021-01-26 10:59:00-05:00,1611675900000000000,1611676740000000000,883.89,884.9,885.76,882.2001,728046.0
500,2021-01-26 11:00:00-05:00,2021-01-26 11:14:00-05:00,1611676800000000000,1611677640000000000,884.9,886.2517,889.02,882.02,1076193.0
501,2021-01-26 11:15:00-05:00,2021-01-26 11:29:00-05:00,1611677700000000000,1611678540000000000,886.6236,886.22,889.87,886.089,814563.0
502,2021-01-26 11:30:00-05:00,2021-01-26 11:44:00-05:00,1611678600000000000,1611679440000000000,886.3002,888.2854,890.9895,886.286,758406.0
503,2021-01-26 11:45:00-05:00,2021-01-26 11:59:00-05:00,1611679500000000000,1611680340000000000,888.4699,882.32,888.4699,881.83,801156.0
504,2021-01-26 12:00:00-05:00,2021-01-26 12:14:00-05:00,1611680400000000000,1611681240000000000,882.32,887.71,887.88,882.0,563877.0
505,2021-01-26 12:15:00-05:00,2021-01-26 12:29:00-05:00,1611681300000000000,1611682140000000000,887.72,889.1117,889.399,886.3,500292.0
506,2021-01-26 12:30:00-05:00,2021-01-26 12:44:00-05:00,1611682200000000000,1611683040000000000,889.18,887.71,889.65,885.255,421916.0
507,2021-01-26 12:45:00-05:00,2021-01-26 12:59:00-05:00,1611683100000000000,1611683940000000000,887.77,888.1539,891.0,887.2,600843.0
508,2021-01-26 13:00:00-05:00,2021-01-26 13:14:00-05:00,1611684000000000000,1611684840000000000,888.3262,889.151,890.0,886.81,462248.0
509,2021-01-26 13:15:00-05:00,2021-01-26 13:29:00-05:00,1611684900000000000,1611685740000000000,888.9901,891.29,892.6,888.1,686710.0
510,2021-01-26 13:30:00-05:00,2021-01-26 13:44:00-05:00,1611685800000000000,1611686640000000000,891.21,890.3,891.93,888.5043,543892.0
511,2021-01-26 13:45:00-05:00,2021-01-26 13:59:00-05:00,1611686700000000000,1611687540000000000,890.2,887.8868,890.6,887.25,469098.0
512,2021-01-26 14:00:00-05:00,2021-01-26 14:14:00-05:00,1611687600000000000,1611688440000000000,887.98,889.9394,890.35,887.3,533307.0
513,2021-01-26 14:15:00-05:00,2021-01-26 14:29:00-05:00,1611688500000000000,1611689340000000000,889.91,888.7011,890.74,888.0601,348049.0
514,2021-01-26 14:30:00-05:00,2021-01-26 14:44:00-05:00,1611689400000000000,1611690240000000000,888.8776,889.598,889.9574,888.25,314563.0
515,2021-01-26 14:45:00-05:00,2021-01-26 14:59:00-05:00,1611690300000000000,1611691140000000000,889.5,889.045,890.85,888.28,435166.0
516,2021-01-26 15:00:00-05:00,2021-01-26 15:14:00-05:00,1611691200000000000,1611692040000000000,889.03,886.39,889.08,886.02,494357.0
517,2021-01-26 15:15:00-05:00,2021-01-26 15:29:00-05:00,1611692100000000000,1611692940000000000,886.41,885.0,886.92,883.6,727817.0
518,2021-01-26 15:30:00-05:00,2021-01-26 15:44:00-05:00,1611693000000000000,1611693840000000000,885.015,887.15,887.48,885.015,543246.0
519,2021-01-26 15:45:00-05:00,2021-01-26 15:59:00-05:00,1611693900000000000,1611694740000000000,887.15,883.46,887.17,882.03,1076047.0
