index,Start_DateTime,End_DateTime,Start_Timestamp,End_Timestamp,Open,Close,High,Low,Volume
0,2020-10-16 09:30:00-04:00,2020-10-16 09:44:00-04:00,1602855000000000000,1602855840000000000,454.44,453.0,455.9499,451.88,2667116.0
1,2020-10-16 09:45:00-04:00,2020-10-16 09:59:00-04:00,1602855900000000000,1602856740000000000,453.0916,451.9136,453.566,451.04,1464856.0
2,2020-10-16 10:00:00-04:00,2020-10-16 10:14:00-04:00,1602856800000000000,1602857640000000000,451.8301,453.84,455.0799,451.8301,1584184.0
3,2020-10-16 10:15:00-04:00,2020-10-16 10:29:00-04:00,1602857700000000000,1602858540000000000,453.75,452.25,454.6,452.1,975735.0
4,2020-10-16 10:30:00-04:00,2020-10-16 10:44:00-04:00,1602858600000000000,1602859440000000000,452.24,450.3415,452.87,449.8,1425303.0
5,2020-10-16 10:45:00-04:00,2020-10-16 10:59:00-04:00,1602859500000000000,1602860340000000000,450.39,449.843,450.91,448.0615,1898418.0
6,2020-10-16 11:00:00-04:00,2020-10-16 11:14:00-04:00,1602860400000000000,1602861240000000000,449.815,445.861,451.16,445.5,1717003.0
7,2020-10-16 11:15:00-04:00,2020-10-16 11:29:00-04:00,1602861300000000000,1602862140000000000,445.96,445.57,446.99,442.88,2061176.0
8,2020-10-16 11:30:00-04:00,2020-10-16 11:44:00-04:00,1602862200000000000,1602863040000000000,445.51,445.14,446.8469,444.0,1322468.0
9,2020-10-16 11:45:00-04:00,2020-10-16 11:59:00-04:00,1602863100000000000,1602863940000000000,445.17,446.69,447.0,444.5,897831.0
10,2020-10-16 12:00:00-04:00,2020-10-16 12:14:00-04:00,1602864000000000000,1602864840000000000,446.6901,445.925,447.02,444.76,708396.0
11,2020-10-16 12:15:00-04:00,2020-10-16 12:29:00-04:00,1602864900000000000,1602865740000000000,445.9,447.96,448.2416,445.52,853939.0
12,2020-10-16 12:30:00-04:00,2020-10-16 12:44:00-04:00,1602865800000000000,1602866640000000000,447.88,445.981,448.29,445.67,739792.0
13,2020-10-16 12:45:00-04:00,2020-10-16 12:59:00-04:00,1602866700000000000,1602867540000000000,445.92,449.0,449.3475,445.92,934804.0
14,2020-10-16 13:00:00-04:00,2020-10-16 13:14:00-04:00,1602867600000000000,1602868440000000000,448.94,450.4,450.64,448.4504,957774.0
15,2020-10-16 13:15:00-04:00,2020-10-16 13:29:00-04:00,1602868500000000000,1602869340000000000,450.4109,450.29,451.44,449.8701,735040.0
16,2020-10-16 13:30:00-04:00,2020-10-16 13:44:00-04:00,1602869400000000000,1602870240000000000,450.3219,449.76,450.7035,449.32,503705.0
17,2020-10-16 13:45:00-04:00,2020-10-16 13:59:00-04:00,1602870300000000000,1602871140000000000,449.7775,448.451,450.1,448.03,607755.0
18,2020-10-16 14:00:00-04:00,2020-10-16 14:14:00-04:00,1602871200000000000,1602872040000000000,448.4755,447.0,449.0,446.81,759128.0
19,2020-10-16 14:15:00-04:00,2020-10-16 14:29:00-04:00,1602872100000000000,1602872940000000000,447.04,447.574,447.85,446.41,587501.0
20,2020-10-16 14:30:00-04:00,2020-10-16 14:44:00-04:00,1602873000000000000,1602873840000000000,447.64,448.73,448.915,447.2,571238.0
21,2020-10-16 14:45:00-04:00,2020-10-16 14:59:00-04:00,1602873900000000000,1602874740000000000,448.745,449.0754,449.4,448.05,578395.0
22,2020-10-16 15:00:00-04:00,2020-10-16 15:14:00-04:00,1602874800000000000,1602875640000000000,449.12,445.41,449.45,445.05,859091.0
23,2020-10-16 15:15:00-04:00,2020-10-16 15:29:00-04:00,1602875700000000000,1602876540000000000,445.4048,444.6,446.49,444.4,938286.0
24,2020-10-16 15:30:00-04:00,2020-10-16 15:44:00-04:00,1602876600000000000,1602877440000000000,444.5,440.45,444.7967,439.42,2149316.0
25,2020-10-16 15:45:00-04:00,2020-10-16 15:59:00-04:00,1602877500000000000,1602878340000000000,440.4,439.91,441.02,438.85,2130932.0
26,2020-10-19 09:30:00-04:00,2020-10-19 09:44:00-04:00,1603114200000000000,1603115040000000000,446.24,444.48,447.0,442.6,2567933.0
27,2020-10-19 09:45:00-04:00,2020-10-19 09:59:00-04:00,1603115100000000000,1603115940000000000,444.48,441.7,445.8,441.12,2132641.0
28,2020-10-19 10:00:00-04:00,2020-10-19 10:14:00-04:00,1603116000000000000,1603116840000000000,441.685,440.837,442.4,437.6,2195937.0
29,2020-10-19 10:15:00-04:00,2020-10-19 10:29:00-04:00,1603116900000000000,1603117740000000000,440.77,443.0932,443.88,440.2204,1889004.0
30,2020-10-19 10:30:00-04:00,2020-10-19 10:44:00-04:00,1603117800000000000,1603118640000000000,443.0401,434.6,443.4,434.1109,2080849.0
31,2020-10-19 10:45:00-04:00,2020-10-19 10:59:00-04:00,1603118700000000000,1603119540000000000,434.65,436.574,437.15,432.67,1574214.0
32,2020-10-19 11:00:00-04:00,2020-10-19 11:14:00-04:00,1603119600000000000,1603120440000000000,436.605,439.08,439.28,436.11,1256849.0
33,2020-10-19 11:15:00-04:00,2020-10-19 11:29:00-04:00,1603120500000000000,1603121340000000000,439.1,439.61,439.85,437.34,1128041.0
34,2020-10-19 11:30:00-04:00,2020-10-19 11:44:00-04:00,1603121400000000000,1603122240000000000,439.65,439.1,441.3699,438.7601,1191115.0
35,2020-10-19 11:45:00-04:00,2020-10-19 11:59:00-04:00,1603122300000000000,1603123140000000000,439.05,438.04,440.2,437.69,736065.0
36,2020-10-19 12:00:00-04:00,2020-10-19 12:14:00-04:00,1603123200000000000,1603124040000000000,438.09,435.8,439.069,435.64,1142133.0
37,2020-10-19 12:15:00-04:00,2020-10-19 12:29:00-04:00,1603124100000000000,1603124940000000000,435.77,437.3761,437.5,434.83,1080079.0
38,2020-10-19 12:30:00-04:00,2020-10-19 12:44:00-04:00,1603125000000000000,1603125840000000000,437.2776,438.6613,438.91,436.75,756607.0
39,2020-10-19 12:45:00-04:00,2020-10-19 12:59:00-04:00,1603125900000000000,1603126740000000000,438.68,438.7788,439.6499,438.27,489640.0
40,2020-10-19 13:00:00-04:00,2020-10-19 13:14:00-04:00,1603126800000000000,1603127640000000000,438.7196,440.0815,440.26,437.29,709375.0
41,2020-10-19 13:15:00-04:00,2020-10-19 13:29:00-04:00,1603127700000000000,1603128540000000000,440.01,438.68,440.4057,438.27,720169.0
42,2020-10-19 13:30:00-04:00,2020-10-19 13:44:00-04:00,1603128600000000000,1603129440000000000,438.8,437.7599,438.82,437.31,476934.0
43,2020-10-19 13:45:00-04:00,2020-10-19 13:59:00-04:00,1603129500000000000,1603130340000000000,437.68,437.23,437.76,435.5,1145131.0
44,2020-10-19 14:00:00-04:00,2020-10-19 14:14:00-04:00,1603130400000000000,1603131240000000000,437.2,439.5529,440.0,436.84,834159.0
45,2020-10-19 14:15:00-04:00,2020-10-19 14:29:00-04:00,1603131300000000000,1603132140000000000,439.64,438.37,441.15,437.86,1100015.0
46,2020-10-19 14:30:00-04:00,2020-10-19 14:44:00-04:00,1603132200000000000,1603133040000000000,438.36,435.8601,438.4999,435.7,1129353.0
47,2020-10-19 14:45:00-04:00,2020-10-19 14:59:00-04:00,1603133100000000000,1603133940000000000,435.8642,435.0,437.7,434.7221,1315485.0
48,2020-10-19 15:00:00-04:00,2020-10-19 15:14:00-04:00,1603134000000000000,1603134840000000000,434.8,432.97,435.16,432.3417,1490372.0
49,2020-10-19 15:15:00-04:00,2020-10-19 15:29:00-04:00,1603134900000000000,1603135740000000000,432.9,429.45,433.47,428.87,1829092.0
50,2020-10-19 15:30:00-04:00,2020-10-19 15:44:00-04:00,1603135800000000000,1603136640000000000,429.44,431.98,433.04,429.42,1380723.0
51,2020-10-19 15:45:00-04:00,2020-10-19 15:59:00-04:00,1603136700000000000,1603137540000000000,432.0,430.83,434.12,430.41,1823044.0
52,2020-10-20 09:30:00-04:00,2020-10-20 09:44:00-04:00,1603200600000000000,1603201440000000000,431.75,425.55,431.75,423.34,3833064.0
53,2020-10-20 09:45:00-04:00,2020-10-20 09:59:00-04:00,1603201500000000000,1603202340000000000,425.47,424.04,427.3,420.4001,2782512.0
54,2020-10-20 10:00:00-04:00,2020-10-20 10:14:00-04:00,1603202400000000000,1603203240000000000,424.04,423.28,424.3999,421.65,1426506.0
55,2020-10-20 10:15:00-04:00,2020-10-20 10:29:00-04:00,1603203300000000000,1603204140000000000,423.26,422.22,423.87,421.07,1353742.0
56,2020-10-20 10:30:00-04:00,2020-10-20 10:44:00-04:00,1603204200000000000,1603205040000000000,422.24,422.49,425.2326,421.5,1486373.0
57,2020-10-20 10:45:00-04:00,2020-10-20 10:59:00-04:00,1603205100000000000,1603205940000000000,422.5,422.555,423.66,421.72,824502.0
58,2020-10-20 11:00:00-04:00,2020-10-20 11:14:00-04:00,1603206000000000000,1603206840000000000,422.41,422.9943,423.55,420.68,1451107.0
59,2020-10-20 11:15:00-04:00,2020-10-20 11:29:00-04:00,1603206900000000000,1603207740000000000,422.91,423.8532,424.58,421.89,976254.0
60,2020-10-20 11:30:00-04:00,2020-10-20 11:44:00-04:00,1603207800000000000,1603208640000000000,424.04,423.32,425.24,422.28,913850.0
61,2020-10-20 11:45:00-04:00,2020-10-20 11:59:00-04:00,1603208700000000000,1603209540000000000,423.345,424.56,424.56,423.0,619303.0
62,2020-10-20 12:00:00-04:00,2020-10-20 12:14:00-04:00,1603209600000000000,1603210440000000000,424.5467,423.85,424.88,423.5,526112.0
63,2020-10-20 12:15:00-04:00,2020-10-20 12:29:00-04:00,1603210500000000000,1603211340000000000,423.8777,423.59,425.1081,423.2439,681113.0
64,2020-10-20 12:30:00-04:00,2020-10-20 12:44:00-04:00,1603211400000000000,1603212240000000000,423.57,423.25,423.75,421.7501,793755.0
65,2020-10-20 12:45:00-04:00,2020-10-20 12:59:00-04:00,1603212300000000000,1603213140000000000,423.28,426.3,426.6799,422.38,960738.0
66,2020-10-20 13:00:00-04:00,2020-10-20 13:14:00-04:00,1603213200000000000,1603214040000000000,426.2,427.5555,427.89,425.7035,1104783.0
67,2020-10-20 13:15:00-04:00,2020-10-20 13:29:00-04:00,1603214100000000000,1603214940000000000,427.5886,426.5758,429.05,426.45,972875.0
68,2020-10-20 13:30:00-04:00,2020-10-20 13:44:00-04:00,1603215000000000000,1603215840000000000,426.7,426.09,427.65,425.25,786718.0
69,2020-10-20 13:45:00-04:00,2020-10-20 13:59:00-04:00,1603215900000000000,1603216740000000000,426.24,426.1,428.0,425.69,651141.0
70,2020-10-20 14:00:00-04:00,2020-10-20 14:14:00-04:00,1603216800000000000,1603217640000000000,426.1898,425.7379,426.91,424.3,623636.0
71,2020-10-20 14:15:00-04:00,2020-10-20 14:29:00-04:00,1603217700000000000,1603218540000000000,425.73,425.1388,426.25,424.5,420173.0
72,2020-10-20 14:30:00-04:00,2020-10-20 14:44:00-04:00,1603218600000000000,1603219440000000000,425.17,424.9723,425.5,423.74,516661.0
73,2020-10-20 14:45:00-04:00,2020-10-20 14:59:00-04:00,1603219500000000000,1603220340000000000,425.005,422.92,425.1485,422.75,630963.0
74,2020-10-20 15:00:00-04:00,2020-10-20 15:14:00-04:00,1603220400000000000,1603221240000000000,422.94,420.3379,423.4,419.35,1638777.0
75,2020-10-20 15:15:00-04:00,2020-10-20 15:29:00-04:00,1603221300000000000,1603222140000000000,420.23,421.8,422.3,419.0501,1247883.0
76,2020-10-20 15:30:00-04:00,2020-10-20 15:44:00-04:00,1603222200000000000,1603223040000000000,421.8,421.18,422.1,420.3301,973090.0
77,2020-10-20 15:45:00-04:00,2020-10-20 15:59:00-04:00,1603223100000000000,1603223940000000000,421.13,421.97,422.59,419.9,1614025.0
78,2020-10-21 09:30:00-04:00,2020-10-21 09:44:00-04:00,1603287000000000000,1603287840000000000,422.7,426.945,430.5,422.22,2775949.0
79,2020-10-21 09:45:00-04:00,2020-10-21 09:59:00-04:00,1603287900000000000,1603288740000000000,426.98,425.99,427.89,424.6,1385211.0
80,2020-10-21 10:00:00-04:00,2020-10-21 10:14:00-04:00,1603288800000000000,1603289640000000000,426.19,424.9,426.36,423.0,961304.0
81,2020-10-21 10:15:00-04:00,2020-10-21 10:29:00-04:00,1603289700000000000,1603290540000000000,424.9798,425.8446,426.0,422.811,1415301.0
82,2020-10-21 10:30:00-04:00,2020-10-21 10:44:00-04:00,1603290600000000000,1603291440000000000,425.7625,428.46,428.82,425.22,1039084.0
83,2020-10-21 10:45:00-04:00,2020-10-21 10:59:00-04:00,1603291500000000000,1603292340000000000,428.44,428.752,429.27,427.09,909282.0
84,2020-10-21 11:00:00-04:00,2020-10-21 11:14:00-04:00,1603292400000000000,1603293240000000000,428.78,429.2381,432.95,428.54,1804309.0
85,2020-10-21 11:15:00-04:00,2020-10-21 11:29:00-04:00,1603293300000000000,1603294140000000000,429.24,429.6208,429.87,427.11,1107816.0
86,2020-10-21 11:30:00-04:00,2020-10-21 11:44:00-04:00,1603294200000000000,1603295040000000000,429.58,430.83,431.55,428.0,935439.0
87,2020-10-21 11:45:00-04:00,2020-10-21 11:59:00-04:00,1603295100000000000,1603295940000000000,430.74,431.0826,432.12,429.04,794668.0
88,2020-10-21 12:00:00-04:00,2020-10-21 12:14:00-04:00,1603296000000000000,1603296840000000000,431.0496,428.69,431.1074,427.3001,722374.0
89,2020-10-21 12:15:00-04:00,2020-10-21 12:29:00-04:00,1603296900000000000,1603297740000000000,428.67,430.0415,432.54,428.19,864884.0
90,2020-10-21 12:30:00-04:00,2020-10-21 12:44:00-04:00,1603297800000000000,1603298640000000000,430.01,427.7083,430.88,427.09,644610.0
91,2020-10-21 12:45:00-04:00,2020-10-21 12:59:00-04:00,1603298700000000000,1603299540000000000,427.7784,427.1226,428.34,426.41,607483.0
92,2020-10-21 13:00:00-04:00,2020-10-21 13:14:00-04:00,1603299600000000000,1603300440000000000,426.75,428.2336,428.34,426.4,533119.0
93,2020-10-21 13:15:00-04:00,2020-10-21 13:29:00-04:00,1603300500000000000,1603301340000000000,428.225,427.55,429.5,427.43,495116.0
94,2020-10-21 13:30:00-04:00,2020-10-21 13:44:00-04:00,1603301400000000000,1603302240000000000,427.6,427.6877,429.07,427.05,461371.0
95,2020-10-21 13:45:00-04:00,2020-10-21 13:59:00-04:00,1603302300000000000,1603303140000000000,427.77,427.11,428.45,426.82,494476.0
96,2020-10-21 14:00:00-04:00,2020-10-21 14:14:00-04:00,1603303200000000000,1603304040000000000,427.22,427.0201,428.18,426.66,647340.0
97,2020-10-21 14:15:00-04:00,2020-10-21 14:29:00-04:00,1603304100000000000,1603304940000000000,427.15,426.6001,427.65,425.45,612816.0
98,2020-10-21 14:30:00-04:00,2020-10-21 14:44:00-04:00,1603305000000000000,1603305840000000000,426.7,427.41,428.1399,426.4001,479077.0
99,2020-10-21 14:45:00-04:00,2020-10-21 14:59:00-04:00,1603305900000000000,1603306740000000000,427.51,427.665,428.13,426.15,547298.0
100,2020-10-21 15:00:00-04:00,2020-10-21 15:14:00-04:00,1603306800000000000,1603307640000000000,427.68,424.52,427.92,424.14,818810.0
101,2020-10-21 15:15:00-04:00,2020-10-21 15:29:00-04:00,1603307700000000000,1603308540000000000,424.5232,426.5624,426.73,424.31,799309.0
102,2020-10-21 15:30:00-04:00,2020-10-21 15:44:00-04:00,1603308600000000000,1603309440000000000,426.6,422.64,426.6,422.41,1128532.0
103,2020-10-21 15:45:00-04:00,2020-10-21 15:59:00-04:00,1603309500000000000,1603310340000000000,422.615,422.5,423.29,421.25,1868555.0
104,2020-10-22 09:30:00-04:00,2020-10-22 09:44:00-04:00,1603373400000000000,1603374240000000000,441.92,438.33,445.23,435.17,5532859.0
105,2020-10-22 09:45:00-04:00,2020-10-22 09:59:00-04:00,1603374300000000000,1603375140000000000,438.31,433.701,438.37,433.12,2610381.0
106,2020-10-22 10:00:00-04:00,2020-10-22 10:14:00-04:00,1603375200000000000,1603376040000000000,433.63,430.51,434.5,427.9,2797047.0
107,2020-10-22 10:15:00-04:00,2020-10-22 10:29:00-04:00,1603376100000000000,1603376940000000000,430.48,426.845,431.0,425.72,2726477.0
108,2020-10-22 10:30:00-04:00,2020-10-22 10:44:00-04:00,1603377000000000000,1603377840000000000,426.835,424.8,429.8,424.51,2175483.0
109,2020-10-22 10:45:00-04:00,2020-10-22 10:59:00-04:00,1603377900000000000,1603378740000000000,424.8,428.88,429.07,424.8,1784105.0
110,2020-10-22 11:00:00-04:00,2020-10-22 11:14:00-04:00,1603378800000000000,1603379640000000000,428.6661,431.0099,431.3,427.95,1719652.0
111,2020-10-22 11:15:00-04:00,2020-10-22 11:29:00-04:00,1603379700000000000,1603380540000000000,431.0,434.47,434.7899,429.5,1923362.0
112,2020-10-22 11:30:00-04:00,2020-10-22 11:44:00-04:00,1603380600000000000,1603381440000000000,434.57,431.8578,435.12,431.2,1453920.0
113,2020-10-22 11:45:00-04:00,2020-10-22 11:59:00-04:00,1603381500000000000,1603382340000000000,431.8495,431.85,435.0,431.4,1132119.0
114,2020-10-22 12:00:00-04:00,2020-10-22 12:14:00-04:00,1603382400000000000,1603383240000000000,431.7923,431.89,432.41,430.2262,854952.0
115,2020-10-22 12:15:00-04:00,2020-10-22 12:29:00-04:00,1603383300000000000,1603384140000000000,431.9174,430.29,432.7777,429.55,711147.0
116,2020-10-22 12:30:00-04:00,2020-10-22 12:44:00-04:00,1603384200000000000,1603385040000000000,430.22,429.44,430.59,428.2001,764441.0
117,2020-10-22 12:45:00-04:00,2020-10-22 12:59:00-04:00,1603385100000000000,1603385940000000000,429.34,431.81,431.88,429.1001,975174.0
118,2020-10-22 13:00:00-04:00,2020-10-22 13:14:00-04:00,1603386000000000000,1603386840000000000,431.72,432.8024,434.15,431.25,1068949.0
119,2020-10-22 13:15:00-04:00,2020-10-22 13:29:00-04:00,1603386900000000000,1603387740000000000,432.9682,432.8299,433.68,432.0101,831696.0
120,2020-10-22 13:30:00-04:00,2020-10-22 13:44:00-04:00,1603387800000000000,1603388640000000000,432.83,432.7178,433.4,431.01,673253.0
121,2020-10-22 13:45:00-04:00,2020-10-22 13:59:00-04:00,1603388700000000000,1603389540000000000,432.71,431.08,433.13,430.64,586095.0
122,2020-10-22 14:00:00-04:00,2020-10-22 14:14:00-04:00,1603389600000000000,1603390440000000000,431.0,429.735,431.7,429.5,572628.0
123,2020-10-22 14:15:00-04:00,2020-10-22 14:29:00-04:00,1603390500000000000,1603391340000000000,429.8,428.4,430.9,428.07,827273.0
124,2020-10-22 14:30:00-04:00,2020-10-22 14:44:00-04:00,1603391400000000000,1603392240000000000,428.34,429.885,429.98,427.8,664986.0
125,2020-10-22 14:45:00-04:00,2020-10-22 14:59:00-04:00,1603392300000000000,1603393140000000000,429.88,429.7405,430.9,429.2,755447.0
126,2020-10-22 15:00:00-04:00,2020-10-22 15:14:00-04:00,1603393200000000000,1603394040000000000,429.77,429.725,431.75,429.34,759230.0
127,2020-10-22 15:15:00-04:00,2020-10-22 15:29:00-04:00,1603394100000000000,1603394940000000000,429.68,430.16,430.74,429.3,519803.0
128,2020-10-22 15:30:00-04:00,2020-10-22 15:44:00-04:00,1603395000000000000,1603395840000000000,430.24,428.63,430.38,428.2,746536.0
129,2020-10-22 15:45:00-04:00,2020-10-22 15:59:00-04:00,1603395900000000000,1603396740000000000,428.575,425.9,428.72,425.22,1757493.0
130,2020-10-23 09:30:00-04:00,2020-10-23 09:44:00-04:00,1603459800000000000,1603460640000000000,421.84,414.531,422.8859,413.3214,4116584.0
131,2020-10-23 09:45:00-04:00,2020-10-23 09:59:00-04:00,1603460700000000000,1603461540000000000,414.63,413.37,416.34,412.38,2331259.0
132,2020-10-23 10:00:00-04:00,2020-10-23 10:14:00-04:00,1603461600000000000,1603462440000000000,413.34,411.545,413.3925,410.15,2267611.0
133,2020-10-23 10:15:00-04:00,2020-10-23 10:29:00-04:00,1603462500000000000,1603463340000000000,411.5467,410.41,411.61,407.3801,2684376.0
134,2020-10-23 10:30:00-04:00,2020-10-23 10:44:00-04:00,1603463400000000000,1603464240000000000,410.39,412.239,413.1,409.55,1843717.0
135,2020-10-23 10:45:00-04:00,2020-10-23 10:59:00-04:00,1603464300000000000,1603465140000000000,412.205,410.924,413.1,409.0,1318176.0
136,2020-10-23 11:00:00-04:00,2020-10-23 11:14:00-04:00,1603465200000000000,1603466040000000000,410.855,413.3523,413.55,409.672,1293030.0
137,2020-10-23 11:15:00-04:00,2020-10-23 11:29:00-04:00,1603466100000000000,1603466940000000000,413.36,413.0,413.84,411.3,1015033.0
138,2020-10-23 11:30:00-04:00,2020-10-23 11:44:00-04:00,1603467000000000000,1603467840000000000,413.0,411.64,413.0,410.5,909721.0
139,2020-10-23 11:45:00-04:00,2020-10-23 11:59:00-04:00,1603467900000000000,1603468740000000000,411.495,411.35,412.0,410.0,899476.0
140,2020-10-23 12:00:00-04:00,2020-10-23 12:14:00-04:00,1603468800000000000,1603469640000000000,411.455,412.13,412.8,410.43,792655.0
141,2020-10-23 12:15:00-04:00,2020-10-23 12:29:00-04:00,1603469700000000000,1603470540000000000,412.28,412.5349,412.65,410.55,655184.0
142,2020-10-23 12:30:00-04:00,2020-10-23 12:44:00-04:00,1603470600000000000,1603471440000000000,412.5,415.48,415.93,412.04,1322427.0
143,2020-10-23 12:45:00-04:00,2020-10-23 12:59:00-04:00,1603471500000000000,1603472340000000000,415.57,415.5922,416.5,414.81,783741.0
144,2020-10-23 13:00:00-04:00,2020-10-23 13:14:00-04:00,1603472400000000000,1603473240000000000,415.57,416.98,418.0899,415.35,975844.0
145,2020-10-23 13:15:00-04:00,2020-10-23 13:29:00-04:00,1603473300000000000,1603474140000000000,416.9641,415.05,417.45,415.05,670507.0
146,2020-10-23 13:30:00-04:00,2020-10-23 13:44:00-04:00,1603474200000000000,1603475040000000000,415.07,415.5941,415.87,414.02,680327.0
147,2020-10-23 13:45:00-04:00,2020-10-23 13:59:00-04:00,1603475100000000000,1603475940000000000,415.585,417.09,417.34,414.85,709100.0
148,2020-10-23 14:00:00-04:00,2020-10-23 14:14:00-04:00,1603476000000000000,1603476840000000000,417.0301,417.15,418.01,416.564,635389.0
149,2020-10-23 14:15:00-04:00,2020-10-23 14:29:00-04:00,1603476900000000000,1603477740000000000,417.1616,417.6776,417.85,416.2,527939.0
150,2020-10-23 14:30:00-04:00,2020-10-23 14:44:00-04:00,1603477800000000000,1603478640000000000,417.69,418.7,419.44,417.5,869534.0
151,2020-10-23 14:45:00-04:00,2020-10-23 14:59:00-04:00,1603478700000000000,1603479540000000000,418.7375,418.2483,420.0,418.16,913998.0
152,2020-10-23 15:00:00-04:00,2020-10-23 15:14:00-04:00,1603479600000000000,1603480440000000000,418.2664,418.6,418.86,417.6,677345.0
153,2020-10-23 15:15:00-04:00,2020-10-23 15:29:00-04:00,1603480500000000000,1603481340000000000,418.575,417.42,418.7,417.0,630752.0
154,2020-10-23 15:30:00-04:00,2020-10-23 15:44:00-04:00,1603481400000000000,1603482240000000000,417.47,417.72,417.96,416.46,741547.0
155,2020-10-23 15:45:00-04:00,2020-10-23 15:59:00-04:00,1603482300000000000,1603483140000000000,417.765,420.615,420.78,417.57,1714096.0
156,2020-10-26 09:30:00-04:00,2020-10-26 09:44:00-04:00,1603719000000000000,1603719840000000000,411.63,415.1,416.9799,410.6186,2349966.0
157,2020-10-26 09:45:00-04:00,2020-10-26 09:59:00-04:00,1603719900000000000,1603720740000000000,415.19,422.4707,423.29,414.88,2110803.0
158,2020-10-26 10:00:00-04:00,2020-10-26 10:14:00-04:00,1603720800000000000,1603721640000000000,422.5,422.7,425.76,421.5001,1748954.0
159,2020-10-26 10:15:00-04:00,2020-10-26 10:29:00-04:00,1603721700000000000,1603722540000000000,422.795,421.44,424.64,420.89,1251757.0
160,2020-10-26 10:30:00-04:00,2020-10-26 10:44:00-04:00,1603722600000000000,1603723440000000000,421.32,422.51,423.12,419.67,1091184.0
161,2020-10-26 10:45:00-04:00,2020-10-26 10:59:00-04:00,1603723500000000000,1603724340000000000,422.52,417.65,422.79,417.49,1150736.0
162,2020-10-26 11:00:00-04:00,2020-10-26 11:14:00-04:00,1603724400000000000,1603725240000000000,417.84,417.6,418.4,414.4676,1538006.0
163,2020-10-26 11:15:00-04:00,2020-10-26 11:29:00-04:00,1603725300000000000,1603726140000000000,417.59,417.6999,418.7931,414.8429,989924.0
164,2020-10-26 11:30:00-04:00,2020-10-26 11:44:00-04:00,1603726200000000000,1603727040000000000,417.5141,417.335,418.34,415.98,682843.0
165,2020-10-26 11:45:00-04:00,2020-10-26 11:59:00-04:00,1603727100000000000,1603727940000000000,417.465,418.54,420.0,417.27,782977.0
166,2020-10-26 12:00:00-04:00,2020-10-26 12:14:00-04:00,1603728000000000000,1603728840000000000,418.49,416.52,418.98,416.31,554405.0
167,2020-10-26 12:15:00-04:00,2020-10-26 12:29:00-04:00,1603728900000000000,1603729740000000000,416.43,415.56,417.4597,415.56,564951.0
168,2020-10-26 12:30:00-04:00,2020-10-26 12:44:00-04:00,1603729800000000000,1603730640000000000,415.55,414.1,415.975,413.87,808125.0
169,2020-10-26 12:45:00-04:00,2020-10-26 12:59:00-04:00,1603730700000000000,1603731540000000000,414.02,414.0479,414.2999,412.609,859771.0
170,2020-10-26 13:00:00-04:00,2020-10-26 13:14:00-04:00,1603731600000000000,1603732440000000000,414.115,413.885,414.45,411.9001,741545.0
171,2020-10-26 13:15:00-04:00,2020-10-26 13:29:00-04:00,1603732500000000000,1603733340000000000,413.9699,411.83,413.99,411.5,575244.0
172,2020-10-26 13:30:00-04:00,2020-10-26 13:44:00-04:00,1603733400000000000,1603734240000000000,411.82,410.4,412.039,410.0,982698.0
173,2020-10-26 13:45:00-04:00,2020-10-26 13:59:00-04:00,1603734300000000000,1603735140000000000,410.385,414.5,415.1,410.0718,1052045.0
174,2020-10-26 14:00:00-04:00,2020-10-26 14:14:00-04:00,1603735200000000000,1603736040000000000,414.5332,414.235,415.75,413.6668,716600.0
175,2020-10-26 14:15:00-04:00,2020-10-26 14:29:00-04:00,1603736100000000000,1603736940000000000,414.275,414.55,415.0999,412.58,710226.0
176,2020-10-26 14:30:00-04:00,2020-10-26 14:44:00-04:00,1603737000000000000,1603737840000000000,414.695,416.665,417.13,414.23,819167.0
177,2020-10-26 14:45:00-04:00,2020-10-26 14:59:00-04:00,1603737900000000000,1603738740000000000,416.4704,416.6743,417.5,415.26,686775.0
178,2020-10-26 15:00:00-04:00,2020-10-26 15:14:00-04:00,1603738800000000000,1603739640000000000,416.8,416.05,418.17,415.62,688908.0
179,2020-10-26 15:15:00-04:00,2020-10-26 15:29:00-04:00,1603739700000000000,1603740540000000000,416.12,418.9996,419.0,415.97,916289.0
180,2020-10-26 15:30:00-04:00,2020-10-26 15:44:00-04:00,1603740600000000000,1603741440000000000,418.99,420.9,421.0999,418.1514,1171837.0
181,2020-10-26 15:45:00-04:00,2020-10-26 15:59:00-04:00,1603741500000000000,1603742340000000000,420.85,420.28,421.31,418.7,1378248.0
182,2020-10-27 09:30:00-04:00,2020-10-27 09:44:00-04:00,1603805400000000000,1603806240000000000,423.76,428.92,429.0,420.1,3189704.0
183,2020-10-27 09:45:00-04:00,2020-10-27 09:59:00-04:00,1603806300000000000,1603807140000000000,428.83,426.51,430.5,426.01,2177096.0
184,2020-10-27 10:00:00-04:00,2020-10-27 10:14:00-04:00,1603807200000000000,1603808040000000000,426.498,424.74,428.23,423.82,1394132.0
185,2020-10-27 10:15:00-04:00,2020-10-27 10:29:00-04:00,1603808100000000000,1603808940000000000,424.656,424.6101,426.4,423.52,1012850.0
186,2020-10-27 10:30:00-04:00,2020-10-27 10:44:00-04:00,1603809000000000000,1603809840000000000,424.6,425.92,427.81,424.25,917296.0
187,2020-10-27 10:45:00-04:00,2020-10-27 10:59:00-04:00,1603809900000000000,1603810740000000000,425.91,427.76,428.88,425.42,947397.0
188,2020-10-27 11:00:00-04:00,2020-10-27 11:14:00-04:00,1603810800000000000,1603811640000000000,427.87,426.7101,428.3975,426.12,728745.0
189,2020-10-27 11:15:00-04:00,2020-10-27 11:29:00-04:00,1603811700000000000,1603812540000000000,426.87,425.6552,427.13,425.0,591282.0
190,2020-10-27 11:30:00-04:00,2020-10-27 11:44:00-04:00,1603812600000000000,1603813440000000000,425.4858,425.59,426.3,423.85,687549.0
191,2020-10-27 11:45:00-04:00,2020-10-27 11:59:00-04:00,1603813500000000000,1603814340000000000,425.65,425.7213,427.15,425.555,485187.0
192,2020-10-27 12:00:00-04:00,2020-10-27 12:14:00-04:00,1603814400000000000,1603815240000000000,425.81,424.0,425.82,423.8,628443.0
193,2020-10-27 12:15:00-04:00,2020-10-27 12:29:00-04:00,1603815300000000000,1603816140000000000,423.9815,422.66,424.74,422.5,762719.0
194,2020-10-27 12:30:00-04:00,2020-10-27 12:44:00-04:00,1603816200000000000,1603817040000000000,422.69,423.5356,425.08,422.2601,753921.0
195,2020-10-27 12:45:00-04:00,2020-10-27 12:59:00-04:00,1603817100000000000,1603817940000000000,423.6175,424.3434,424.41,422.79,471249.0
196,2020-10-27 13:00:00-04:00,2020-10-27 13:14:00-04:00,1603818000000000000,1603818840000000000,424.23,423.47,424.34,423.0,371418.0
197,2020-10-27 13:15:00-04:00,2020-10-27 13:29:00-04:00,1603818900000000000,1603819740000000000,423.47,423.01,423.78,422.37,396771.0
198,2020-10-27 13:30:00-04:00,2020-10-27 13:44:00-04:00,1603819800000000000,1603820640000000000,423.0031,423.33,423.74,422.03,414923.0
199,2020-10-27 13:45:00-04:00,2020-10-27 13:59:00-04:00,1603820700000000000,1603821540000000000,423.385,423.192,424.8,423.088,521654.0
200,2020-10-27 14:00:00-04:00,2020-10-27 14:14:00-04:00,1603821600000000000,1603822440000000000,423.18,421.67,423.63,421.0,588175.0
201,2020-10-27 14:15:00-04:00,2020-10-27 14:29:00-04:00,1603822500000000000,1603823340000000000,421.71,422.39,422.77,420.8058,516500.0
202,2020-10-27 14:30:00-04:00,2020-10-27 14:44:00-04:00,1603823400000000000,1603824240000000000,422.25,422.12,422.9773,421.3,414345.0
203,2020-10-27 14:45:00-04:00,2020-10-27 14:59:00-04:00,1603824300000000000,1603825140000000000,422.0001,423.25,424.0,421.25,630146.0
204,2020-10-27 15:00:00-04:00,2020-10-27 15:14:00-04:00,1603825200000000000,1603826040000000000,423.2969,423.01,424.08,421.92,510669.0
205,2020-10-27 15:15:00-04:00,2020-10-27 15:29:00-04:00,1603826100000000000,1603826940000000000,422.96,424.35,424.5299,422.65,496294.0
206,2020-10-27 15:30:00-04:00,2020-10-27 15:44:00-04:00,1603827000000000000,1603827840000000000,424.29,425.33,425.64,423.5801,790144.0
207,2020-10-27 15:45:00-04:00,2020-10-27 15:59:00-04:00,1603827900000000000,1603828740000000000,425.2134,424.471,425.4,424.2242,935539.0
208,2020-10-28 09:30:00-04:00,2020-10-28 09:44:00-04:00,1603891800000000000,1603892640000000000,416.48,411.99,418.6,410.25,2427292.0
209,2020-10-28 09:45:00-04:00,2020-10-28 09:59:00-04:00,1603892700000000000,1603893540000000000,411.86,409.9202,413.4,406.5,2635693.0
210,2020-10-28 10:00:00-04:00,2020-10-28 10:14:00-04:00,1603893600000000000,1603894440000000000,409.97,410.68,411.86,408.59,1386844.0
211,2020-10-28 10:15:00-04:00,2020-10-28 10:29:00-04:00,1603894500000000000,1603895340000000000,410.5501,411.9311,413.31,409.1201,1429337.0
212,2020-10-28 10:30:00-04:00,2020-10-28 10:44:00-04:00,1603895400000000000,1603896240000000000,411.8488,413.88,414.69,411.01,1051092.0
213,2020-10-28 10:45:00-04:00,2020-10-28 10:59:00-04:00,1603896300000000000,1603897140000000000,413.79,413.0801,414.3,411.21,950990.0
214,2020-10-28 11:00:00-04:00,2020-10-28 11:14:00-04:00,1603897200000000000,1603898040000000000,412.851,414.19,415.21,410.47,1071787.0
215,2020-10-28 11:15:00-04:00,2020-10-28 11:29:00-04:00,1603898100000000000,1603898940000000000,414.1495,413.1667,414.4,412.5,528399.0
216,2020-10-28 11:30:00-04:00,2020-10-28 11:44:00-04:00,1603899000000000000,1603899840000000000,413.1,412.076,413.1,410.455,906038.0
217,2020-10-28 11:45:00-04:00,2020-10-28 11:59:00-04:00,1603899900000000000,1603900740000000000,412.14,412.0198,412.75,411.0201,679026.0
218,2020-10-28 12:00:00-04:00,2020-10-28 12:14:00-04:00,1603900800000000000,1603901640000000000,411.94,413.12,413.8699,411.63,622819.0
219,2020-10-28 12:15:00-04:00,2020-10-28 12:29:00-04:00,1603901700000000000,1603902540000000000,413.0827,411.42,413.38,410.9439,539340.0
220,2020-10-28 12:30:00-04:00,2020-10-28 12:44:00-04:00,1603902600000000000,1603903440000000000,411.494,410.54,412.09,410.0,610257.0
221,2020-10-28 12:45:00-04:00,2020-10-28 12:59:00-04:00,1603903500000000000,1603904340000000000,410.54,410.565,410.96,409.25,750225.0
222,2020-10-28 13:00:00-04:00,2020-10-28 13:14:00-04:00,1603904400000000000,1603905240000000000,410.34,409.185,411.14,408.8,714747.0
223,2020-10-28 13:15:00-04:00,2020-10-28 13:29:00-04:00,1603905300000000000,1603906140000000000,409.12,410.33,410.33,408.32,646289.0
224,2020-10-28 13:30:00-04:00,2020-10-28 13:44:00-04:00,1603906200000000000,1603907040000000000,410.25,409.89,410.97,409.31,509254.0
225,2020-10-28 13:45:00-04:00,2020-10-28 13:59:00-04:00,1603907100000000000,1603907940000000000,409.86,411.97,412.18,409.65,491364.0
226,2020-10-28 14:00:00-04:00,2020-10-28 14:14:00-04:00,1603908000000000000,1603908840000000000,411.89,410.0,411.95,409.8,429780.0
227,2020-10-28 14:15:00-04:00,2020-10-28 14:29:00-04:00,1603908900000000000,1603909740000000000,409.9,411.235,411.5,409.6,423943.0
228,2020-10-28 14:30:00-04:00,2020-10-28 14:44:00-04:00,1603909800000000000,1603910640000000000,411.13,409.6841,411.5,409.55,449412.0
229,2020-10-28 14:45:00-04:00,2020-10-28 14:59:00-04:00,1603910700000000000,1603911540000000000,409.63,409.75,410.0,408.0,749981.0
230,2020-10-28 15:00:00-04:00,2020-10-28 15:14:00-04:00,1603911600000000000,1603912440000000000,409.777,410.0,410.36,408.79,602287.0
231,2020-10-28 15:15:00-04:00,2020-10-28 15:29:00-04:00,1603912500000000000,1603913340000000000,409.9,410.754,411.46,409.05,535917.0
232,2020-10-28 15:30:00-04:00,2020-10-28 15:44:00-04:00,1603913400000000000,1603914240000000000,410.7701,409.2,411.5492,408.88,805388.0
233,2020-10-28 15:45:00-04:00,2020-10-28 15:59:00-04:00,1603914300000000000,1603915140000000000,409.23,406.0,409.4,406.0,1789336.0
234,2020-10-29 09:30:00-04:00,2020-10-29 09:44:00-04:00,1603978200000000000,1603979040000000000,409.96,408.6,411.93,407.03,2100070.0
235,2020-10-29 09:45:00-04:00,2020-10-29 09:59:00-04:00,1603979100000000000,1603979940000000000,408.645,408.8352,409.7827,406.46,1343659.0
236,2020-10-29 10:00:00-04:00,2020-10-29 10:14:00-04:00,1603980000000000000,1603980840000000000,408.98,410.48,412.49,408.4004,1458826.0
237,2020-10-29 10:15:00-04:00,2020-10-29 10:29:00-04:00,1603980900000000000,1603981740000000000,410.48,410.35,411.4,409.5589,848641.0
238,2020-10-29 10:30:00-04:00,2020-10-29 10:44:00-04:00,1603981800000000000,1603982640000000000,410.45,410.445,410.65,408.2,907212.0
239,2020-10-29 10:45:00-04:00,2020-10-29 10:59:00-04:00,1603982700000000000,1603983540000000000,410.49,411.87,412.0,409.39,798201.0
240,2020-10-29 11:00:00-04:00,2020-10-29 11:14:00-04:00,1603983600000000000,1603984440000000000,411.96,415.5467,415.86,411.29,1633847.0
241,2020-10-29 11:15:00-04:00,2020-10-29 11:29:00-04:00,1603984500000000000,1603985340000000000,415.52,417.23,417.83,414.41,1284276.0
242,2020-10-29 11:30:00-04:00,2020-10-29 11:44:00-04:00,1603985400000000000,1603986240000000000,417.31,415.09,418.06,414.9,1044601.0
243,2020-10-29 11:45:00-04:00,2020-10-29 11:59:00-04:00,1603986300000000000,1603987140000000000,415.06,413.9143,415.78,413.66,736109.0
244,2020-10-29 12:00:00-04:00,2020-10-29 12:14:00-04:00,1603987200000000000,1603988040000000000,414.12,413.7,414.7599,412.65,576804.0
245,2020-10-29 12:15:00-04:00,2020-10-29 12:29:00-04:00,1603988100000000000,1603988940000000000,413.61,413.1003,414.5,412.4,627978.0
246,2020-10-29 12:30:00-04:00,2020-10-29 12:44:00-04:00,1603989000000000000,1603989840000000000,413.17,413.1799,414.72,412.5,584995.0
247,2020-10-29 12:45:00-04:00,2020-10-29 12:59:00-04:00,1603989900000000000,1603990740000000000,413.1825,412.74,413.9099,412.4,455161.0
248,2020-10-29 13:00:00-04:00,2020-10-29 13:14:00-04:00,1603990800000000000,1603991640000000000,412.71,413.7812,413.96,412.2,407843.0
249,2020-10-29 13:15:00-04:00,2020-10-29 13:29:00-04:00,1603991700000000000,1603992540000000000,413.775,414.705,414.8,413.0,382309.0
250,2020-10-29 13:30:00-04:00,2020-10-29 13:44:00-04:00,1603992600000000000,1603993440000000000,414.705,414.33,415.8,414.27,531975.0
251,2020-10-29 13:45:00-04:00,2020-10-29 13:59:00-04:00,1603993500000000000,1603994340000000000,414.33,413.27,414.58,412.85,436131.0
252,2020-10-29 14:00:00-04:00,2020-10-29 14:14:00-04:00,1603994400000000000,1603995240000000000,413.2834,412.25,413.85,411.1584,648773.0
253,2020-10-29 14:15:00-04:00,2020-10-29 14:29:00-04:00,1603995300000000000,1603996140000000000,412.205,414.2997,414.63,411.96,511316.0
254,2020-10-29 14:30:00-04:00,2020-10-29 14:44:00-04:00,1603996200000000000,1603997040000000000,414.32,413.955,414.5,413.2,437596.0
255,2020-10-29 14:45:00-04:00,2020-10-29 14:59:00-04:00,1603997100000000000,1603997940000000000,413.87,412.46,414.0887,411.77,456708.0
256,2020-10-29 15:00:00-04:00,2020-10-29 15:14:00-04:00,1603998000000000000,1603998840000000000,412.5,413.72,414.79,412.15,561484.0
257,2020-10-29 15:15:00-04:00,2020-10-29 15:29:00-04:00,1603998900000000000,1603999740000000000,413.665,413.985,414.72,413.05,462464.0
258,2020-10-29 15:30:00-04:00,2020-10-29 15:44:00-04:00,1603999800000000000,1604000640000000000,413.92,412.66,414.63,412.66,572032.0
259,2020-10-29 15:45:00-04:00,2020-10-29 15:59:00-04:00,1604000700000000000,1604001540000000000,412.7025,410.64,413.8,410.64,1114701.0
260,2020-10-30 09:30:00-04:00,2020-10-30 09:44:00-04:00,1604064600000000000,1604065440000000000,406.8954,400.71,407.5915,400.25,2491812.0
261,2020-10-30 09:45:00-04:00,2020-10-30 09:59:00-04:00,1604065500000000000,1604066340000000000,400.84,397.7583,400.84,395.39,2989245.0
262,2020-10-30 10:00:00-04:00,2020-10-30 10:14:00-04:00,1604066400000000000,1604067240000000000,397.63,394.1,398.99,394.1,2090870.0
263,2020-10-30 10:15:00-04:00,2020-10-30 10:29:00-04:00,1604067300000000000,1604068140000000000,394.1,387.45,394.55,386.51,2972437.0
264,2020-10-30 10:30:00-04:00,2020-10-30 10:44:00-04:00,1604068200000000000,1604069040000000000,387.29,384.87,389.93,384.45,2350441.0
265,2020-10-30 10:45:00-04:00,2020-10-30 10:59:00-04:00,1604069100000000000,1604069940000000000,384.7613,379.2382,385.33,379.21,3474691.0
266,2020-10-30 11:00:00-04:00,2020-10-30 11:14:00-04:00,1604070000000000000,1604070840000000000,379.3,386.6836,386.76,379.11,2209934.0
267,2020-10-30 11:15:00-04:00,2020-10-30 11:29:00-04:00,1604070900000000000,1604071740000000000,386.76,386.04,388.99,385.62,1631772.0
268,2020-10-30 11:30:00-04:00,2020-10-30 11:44:00-04:00,1604071800000000000,1604072640000000000,386.0,386.27,387.29,384.95,1142803.0
269,2020-10-30 11:45:00-04:00,2020-10-30 11:59:00-04:00,1604072700000000000,1604073540000000000,386.2,386.8171,386.92,384.07,1125607.0
270,2020-10-30 12:00:00-04:00,2020-10-30 12:14:00-04:00,1604073600000000000,1604074440000000000,386.7673,389.26,390.15,386.53,1414198.0
271,2020-10-30 12:15:00-04:00,2020-10-30 12:29:00-04:00,1604074500000000000,1604075340000000000,389.32,392.33,392.4,388.21,1534976.0
272,2020-10-30 12:30:00-04:00,2020-10-30 12:44:00-04:00,1604075400000000000,1604076240000000000,392.325,389.8001,393.4792,389.57,1337901.0
273,2020-10-30 12:45:00-04:00,2020-10-30 12:59:00-04:00,1604076300000000000,1604077140000000000,389.87,386.0903,389.87,385.36,1295444.0
274,2020-10-30 13:00:00-04:00,2020-10-30 13:14:00-04:00,1604077200000000000,1604078040000000000,386.0,384.76,387.53,384.65,961990.0
275,2020-10-30 13:15:00-04:00,2020-10-30 13:29:00-04:00,1604078100000000000,1604078940000000000,384.8,386.28,386.6,384.61,893422.0
276,2020-10-30 13:30:00-04:00,2020-10-30 13:44:00-04:00,1604079000000000000,1604079840000000000,386.19,383.47,386.29,382.2,1051364.0
277,2020-10-30 13:45:00-04:00,2020-10-30 13:59:00-04:00,1604079900000000000,1604080740000000000,383.38,383.88,384.25,382.0,897318.0
278,2020-10-30 14:00:00-04:00,2020-10-30 14:14:00-04:00,1604080800000000000,1604081640000000000,383.77,385.4355,387.92,383.1093,1090835.0
279,2020-10-30 14:15:00-04:00,2020-10-30 14:29:00-04:00,1604081700000000000,1604082540000000000,385.44,385.5,387.97,384.61,780899.0
280,2020-10-30 14:30:00-04:00,2020-10-30 14:44:00-04:00,1604082600000000000,1604083440000000000,385.44,385.5699,386.51,383.85,789326.0
281,2020-10-30 14:45:00-04:00,2020-10-30 14:59:00-04:00,1604083500000000000,1604084340000000000,385.615,386.6341,387.77,384.92,836595.0
282,2020-10-30 15:00:00-04:00,2020-10-30 15:14:00-04:00,1604084400000000000,1604085240000000000,386.5,389.12,389.5,385.8,919897.0
283,2020-10-30 15:15:00-04:00,2020-10-30 15:29:00-04:00,1604085300000000000,1604086140000000000,389.13,388.08,390.75,387.9001,1159128.0
284,2020-10-30 15:30:00-04:00,2020-10-30 15:44:00-04:00,1604086200000000000,1604087040000000000,388.23,388.06,388.6,386.42,1045332.0
285,2020-10-30 15:45:00-04:00,2020-10-30 15:59:00-04:00,1604087100000000000,1604087940000000000,388.08,388.04,389.3,386.64,1928508.0
286,2020-11-02 09:30:00-05:00,2020-11-02 09:44:00-05:00,1604327400000000000,1604328240000000000,394.0,401.28,401.83,392.99,3597823.0
287,2020-11-02 09:45:00-05:00,2020-11-02 09:59:00-05:00,1604328300000000000,1604329140000000000,401.28,403.4299,406.9799,401.28,2864699.0
288,2020-11-02 10:00:00-05:00,2020-11-02 10:14:00-05:00,1604329200000000000,1604330040000000000,403.44,404.078,404.74,400.8001,1868611.0
289,2020-11-02 10:15:00-05:00,2020-11-02 10:29:00-05:00,1604330100000000000,1604330940000000000,403.8724,402.01,405.3683,401.69,1383785.0
290,2020-11-02 10:30:00-05:00,2020-11-02 10:44:00-05:00,1604331000000000000,1604331840000000000,402.0,398.94,402.7,398.21,1310774.0
291,2020-11-02 10:45:00-05:00,2020-11-02 10:59:00-05:00,1604331900000000000,1604332740000000000,398.7669,399.93,401.75,398.37,995965.0
292,2020-11-02 11:00:00-05:00,2020-11-02 11:14:00-05:00,1604332800000000000,1604333640000000000,399.76,398.4199,400.2287,397.49,815567.0
293,2020-11-02 11:15:00-05:00,2020-11-02 11:29:00-05:00,1604333700000000000,1604334540000000000,398.35,395.34,398.35,394.72,1197096.0
294,2020-11-02 11:30:00-05:00,2020-11-02 11:44:00-05:00,1604334600000000000,1604335440000000000,395.46,397.07,397.32,394.1,1211017.0
295,2020-11-02 11:45:00-05:00,2020-11-02 11:59:00-05:00,1604335500000000000,1604336340000000000,397.05,397.09,398.24,396.04,1038250.0
296,2020-11-02 12:00:00-05:00,2020-11-02 12:14:00-05:00,1604336400000000000,1604337240000000000,397.06,397.49,397.8,395.68,585597.0
297,2020-11-02 12:15:00-05:00,2020-11-02 12:29:00-05:00,1604337300000000000,1604338140000000000,397.49,397.7,398.0893,396.6503,451507.0
298,2020-11-02 12:30:00-05:00,2020-11-02 12:44:00-05:00,1604338200000000000,1604339040000000000,397.6,394.5,397.8,394.4,620999.0
299,2020-11-02 12:45:00-05:00,2020-11-02 12:59:00-05:00,1604339100000000000,1604339940000000000,394.5858,394.995,395.8,394.1659,603017.0
300,2020-11-02 13:00:00-05:00,2020-11-02 13:14:00-05:00,1604340000000000000,1604340840000000000,394.92,394.15,395.5,393.59,540690.0
301,2020-11-02 13:15:00-05:00,2020-11-02 13:29:00-05:00,1604340900000000000,1604341740000000000,394.1,395.2933,395.38,392.3,705345.0
302,2020-11-02 13:30:00-05:00,2020-11-02 13:44:00-05:00,1604341800000000000,1604342640000000000,395.27,395.775,396.36,394.22,599246.0
303,2020-11-02 13:45:00-05:00,2020-11-02 13:59:00-05:00,1604342700000000000,1604343540000000000,395.775,392.8636,395.775,392.67,596581.0
304,2020-11-02 14:00:00-05:00,2020-11-02 14:14:00-05:00,1604343600000000000,1604344440000000000,392.8097,393.9,395.15,392.51,508387.0
305,2020-11-02 14:15:00-05:00,2020-11-02 14:29:00-05:00,1604344500000000000,1604345340000000000,393.82,396.8499,396.85,393.63,534903.0
306,2020-11-02 14:30:00-05:00,2020-11-02 14:44:00-05:00,1604345400000000000,1604346240000000000,396.8499,397.4191,397.78,395.8001,676443.0
307,2020-11-02 14:45:00-05:00,2020-11-02 14:59:00-05:00,1604346300000000000,1604347140000000000,397.33,397.5632,398.43,396.2,622908.0
308,2020-11-02 15:00:00-05:00,2020-11-02 15:14:00-05:00,1604347200000000000,1604348040000000000,397.5,399.6225,399.7,396.91,654167.0
309,2020-11-02 15:15:00-05:00,2020-11-02 15:29:00-05:00,1604348100000000000,1604348940000000000,399.67,399.7538,401.3479,399.02,992751.0
310,2020-11-02 15:30:00-05:00,2020-11-02 15:44:00-05:00,1604349000000000000,1604349840000000000,399.715,397.626,400.35,397.37,942032.0
311,2020-11-02 15:45:00-05:00,2020-11-02 15:59:00-05:00,1604349900000000000,1604350740000000000,397.66,400.51,401.25,397.66,1330176.0
312,2020-11-03 09:30:00-05:00,2020-11-03 09:44:00-05:00,1604413800000000000,1604414640000000000,409.73,413.19,414.85,406.69,3264147.0
313,2020-11-03 09:45:00-05:00,2020-11-03 09:59:00-05:00,1604414700000000000,1604415540000000000,413.3782,414.64,416.16,411.5,2238664.0
314,2020-11-03 10:00:00-05:00,2020-11-03 10:14:00-05:00,1604415600000000000,1604416440000000000,414.78,420.8,420.99,414.65,2525930.0
315,2020-11-03 10:15:00-05:00,2020-11-03 10:29:00-05:00,1604416500000000000,1604417340000000000,420.89,422.7,426.0,420.19,3216721.0
316,2020-11-03 10:30:00-05:00,2020-11-03 10:44:00-05:00,1604417400000000000,1604418240000000000,422.69,420.8965,424.37,420.11,1692420.0
317,2020-11-03 10:45:00-05:00,2020-11-03 10:59:00-05:00,1604418300000000000,1604419140000000000,420.945,427.45,427.47,420.57,1949433.0
318,2020-11-03 11:00:00-05:00,2020-11-03 11:14:00-05:00,1604419200000000000,1604420040000000000,427.395,423.9763,427.77,423.6835,1455309.0
319,2020-11-03 11:15:00-05:00,2020-11-03 11:29:00-05:00,1604420100000000000,1604420940000000000,423.98,422.4201,424.36,421.6201,1066626.0
320,2020-11-03 11:30:00-05:00,2020-11-03 11:44:00-05:00,1604421000000000000,1604421840000000000,422.5,422.825,424.84,422.4906,926565.0
321,2020-11-03 11:45:00-05:00,2020-11-03 11:59:00-05:00,1604421900000000000,1604422740000000000,422.845,422.758,423.19,421.1,861576.0
322,2020-11-03 12:00:00-05:00,2020-11-03 12:14:00-05:00,1604422800000000000,1604423640000000000,422.77,420.13,423.0699,419.78,979761.0
323,2020-11-03 12:15:00-05:00,2020-11-03 12:29:00-05:00,1604423700000000000,1604424540000000000,420.0611,422.76,423.1485,419.9246,792317.0
324,2020-11-03 12:30:00-05:00,2020-11-03 12:44:00-05:00,1604424600000000000,1604425440000000000,422.81,422.65,423.09,421.29,566976.0
325,2020-11-03 12:45:00-05:00,2020-11-03 12:59:00-05:00,1604425500000000000,1604426340000000000,422.69,423.1943,424.29,422.2201,730737.0
326,2020-11-03 13:00:00-05:00,2020-11-03 13:14:00-05:00,1604426400000000000,1604427240000000000,423.215,422.73,424.4399,422.71,588484.0
327,2020-11-03 13:15:00-05:00,2020-11-03 13:29:00-05:00,1604427300000000000,1604428140000000000,422.87,422.45,423.16,421.83,458961.0
328,2020-11-03 13:30:00-05:00,2020-11-03 13:44:00-05:00,1604428200000000000,1604429040000000000,422.51,423.09,424.3,422.0,842870.0
329,2020-11-03 13:45:00-05:00,2020-11-03 13:59:00-05:00,1604429100000000000,1604429940000000000,423.01,420.9001,423.3,420.66,630024.0
330,2020-11-03 14:00:00-05:00,2020-11-03 14:14:00-05:00,1604430000000000000,1604430840000000000,420.8812,421.9,422.1383,419.88,749157.0
331,2020-11-03 14:15:00-05:00,2020-11-03 14:29:00-05:00,1604430900000000000,1604431740000000000,421.845,422.52,423.85,421.5,758126.0
332,2020-11-03 14:30:00-05:00,2020-11-03 14:44:00-05:00,1604431800000000000,1604432640000000000,422.575,424.48,425.0,422.05,905993.0
333,2020-11-03 14:45:00-05:00,2020-11-03 14:59:00-05:00,1604432700000000000,1604433540000000000,424.4383,424.8842,425.76,423.69,823479.0
334,2020-11-03 15:00:00-05:00,2020-11-03 15:14:00-05:00,1604433600000000000,1604434440000000000,424.83,424.05,424.9737,422.75,875829.0
335,2020-11-03 15:15:00-05:00,2020-11-03 15:29:00-05:00,1604434500000000000,1604435340000000000,424.1,422.64,425.099,421.75,923421.0
336,2020-11-03 15:30:00-05:00,2020-11-03 15:44:00-05:00,1604435400000000000,1604436240000000000,422.65,421.67,424.0,421.21,1033749.0
337,2020-11-03 15:45:00-05:00,2020-11-03 15:59:00-05:00,1604436300000000000,1604437140000000000,421.725,423.74,424.39,421.7,1552449.0
338,2020-11-04 09:30:00-05:00,2020-11-04 09:44:00-05:00,1604500200000000000,1604501040000000000,430.62,428.76,435.4,424.73,3862544.0
339,2020-11-04 09:45:00-05:00,2020-11-04 09:59:00-05:00,1604501100000000000,1604501940000000000,428.77,421.265,429.63,418.51,3055896.0
340,2020-11-04 10:00:00-05:00,2020-11-04 10:14:00-05:00,1604502000000000000,1604502840000000000,421.38,423.7273,424.8699,417.1,2726020.0
341,2020-11-04 10:15:00-05:00,2020-11-04 10:29:00-05:00,1604502900000000000,1604503740000000000,423.84,425.0085,427.37,422.42,1792794.0
342,2020-11-04 10:30:00-05:00,2020-11-04 10:44:00-05:00,1604503800000000000,1604504640000000000,425.03,423.155,425.7799,421.53,1219006.0
343,2020-11-04 10:45:00-05:00,2020-11-04 10:59:00-05:00,1604504700000000000,1604505540000000000,423.1879,422.5,425.38,422.29,1008376.0
344,2020-11-04 11:00:00-05:00,2020-11-04 11:14:00-05:00,1604505600000000000,1604506440000000000,422.4763,420.4,422.83,419.7,1178445.0
345,2020-11-04 11:15:00-05:00,2020-11-04 11:29:00-05:00,1604506500000000000,1604507340000000000,420.425,421.77,422.8,420.0,790811.0
346,2020-11-04 11:30:00-05:00,2020-11-04 11:44:00-05:00,1604507400000000000,1604508240000000000,421.86,423.2316,424.33,421.6201,799722.0
347,2020-11-04 11:45:00-05:00,2020-11-04 11:59:00-05:00,1604508300000000000,1604509140000000000,423.17,424.805,426.15,422.6246,858746.0
348,2020-11-04 12:00:00-05:00,2020-11-04 12:14:00-05:00,1604509200000000000,1604510040000000000,424.8899,425.33,426.5,424.54,658244.0
349,2020-11-04 12:15:00-05:00,2020-11-04 12:29:00-05:00,1604510100000000000,1604510940000000000,425.36,423.8138,426.0,423.09,727699.0
350,2020-11-04 12:30:00-05:00,2020-11-04 12:44:00-05:00,1604511000000000000,1604511840000000000,423.71,425.25,425.51,423.38,488845.0
351,2020-11-04 12:45:00-05:00,2020-11-04 12:59:00-05:00,1604511900000000000,1604512740000000000,425.29,424.2399,426.3,424.08,549152.0
352,2020-11-04 13:00:00-05:00,2020-11-04 13:14:00-05:00,1604512800000000000,1604513640000000000,424.37,422.37,424.7014,421.08,686021.0
353,2020-11-04 13:15:00-05:00,2020-11-04 13:29:00-05:00,1604513700000000000,1604514540000000000,422.35,422.53,423.0,421.7,451875.0
354,2020-11-04 13:30:00-05:00,2020-11-04 13:44:00-05:00,1604514600000000000,1604515440000000000,422.59,419.16,423.1,418.63,1014650.0
355,2020-11-04 13:45:00-05:00,2020-11-04 13:59:00-05:00,1604515500000000000,1604516340000000000,419.16,419.9478,420.87,418.94,774018.0
356,2020-11-04 14:00:00-05:00,2020-11-04 14:14:00-05:00,1604516400000000000,1604517240000000000,419.94,419.6231,420.5,418.61,871413.0
357,2020-11-04 14:15:00-05:00,2020-11-04 14:29:00-05:00,1604517300000000000,1604518140000000000,419.67,420.64,421.3999,418.26,952113.0
358,2020-11-04 14:30:00-05:00,2020-11-04 14:44:00-05:00,1604518200000000000,1604519040000000000,420.7,419.62,421.1099,418.9,473389.0
359,2020-11-04 14:45:00-05:00,2020-11-04 14:59:00-05:00,1604519100000000000,1604519940000000000,419.62,422.53,423.39,419.62,1131584.0
360,2020-11-04 15:00:00-05:00,2020-11-04 15:14:00-05:00,1604520000000000000,1604520840000000000,422.87,421.33,423.52,420.79,763814.0
361,2020-11-04 15:15:00-05:00,2020-11-04 15:29:00-05:00,1604520900000000000,1604521740000000000,421.16,420.09,421.44,419.75,649436.0
362,2020-11-04 15:30:00-05:00,2020-11-04 15:44:00-05:00,1604521800000000000,1604522640000000000,420.2,419.6,420.57,418.91,605133.0
363,2020-11-04 15:45:00-05:00,2020-11-04 15:59:00-05:00,1604522700000000000,1604523540000000000,419.54,420.91,420.98,419.1,1317369.0
364,2020-11-05 09:30:00-05:00,2020-11-05 09:44:00-05:00,1604586600000000000,1604587440000000000,428.3,432.43,435.23,424.0001,3882214.0
365,2020-11-05 09:45:00-05:00,2020-11-05 09:59:00-05:00,1604587500000000000,1604588340000000000,432.4888,436.59,437.8283,430.64,2389944.0
366,2020-11-05 10:00:00-05:00,2020-11-05 10:14:00-05:00,1604588400000000000,1604589240000000000,436.46,434.9223,440.0,434.78,2379565.0
367,2020-11-05 10:15:00-05:00,2020-11-05 10:29:00-05:00,1604589300000000000,1604590140000000000,434.935,432.85,436.17,431.85,1547929.0
368,2020-11-05 10:30:00-05:00,2020-11-05 10:44:00-05:00,1604590200000000000,1604591040000000000,432.83,431.89,435.8404,431.7801,1284767.0
369,2020-11-05 10:45:00-05:00,2020-11-05 10:59:00-05:00,1604591100000000000,1604591940000000000,432.01,434.8786,435.48,431.22,1076110.0
370,2020-11-05 11:00:00-05:00,2020-11-05 11:14:00-05:00,1604592000000000000,1604592840000000000,434.87,433.49,435.5,432.5,783255.0
371,2020-11-05 11:15:00-05:00,2020-11-05 11:29:00-05:00,1604592900000000000,1604593740000000000,433.557,432.1,433.9636,431.6998,588379.0
372,2020-11-05 11:30:00-05:00,2020-11-05 11:44:00-05:00,1604593800000000000,1604594640000000000,432.205,429.6302,432.94,429.32,1049942.0
373,2020-11-05 11:45:00-05:00,2020-11-05 11:59:00-05:00,1604594700000000000,1604595540000000000,429.62,430.25,431.5,429.5,666334.0
374,2020-11-05 12:00:00-05:00,2020-11-05 12:14:00-05:00,1604595600000000000,1604596440000000000,430.31,431.2633,432.467,430.0,548456.0
375,2020-11-05 12:15:00-05:00,2020-11-05 12:29:00-05:00,1604596500000000000,1604597340000000000,431.5,430.18,431.52,429.64,542313.0
376,2020-11-05 12:30:00-05:00,2020-11-05 12:44:00-05:00,1604597400000000000,1604598240000000000,430.3,430.34,430.9,428.63,644658.0
377,2020-11-05 12:45:00-05:00,2020-11-05 12:59:00-05:00,1604598300000000000,1604599140000000000,430.42,432.515,432.6,430.42,663877.0
378,2020-11-05 13:00:00-05:00,2020-11-05 13:14:00-05:00,1604599200000000000,1604600040000000000,432.55,431.81,433.2561,431.75,673514.0
379,2020-11-05 13:15:00-05:00,2020-11-05 13:29:00-05:00,1604600100000000000,1604600940000000000,431.8201,431.97,432.3,431.3301,297856.0
380,2020-11-05 13:30:00-05:00,2020-11-05 13:44:00-05:00,1604601000000000000,1604601840000000000,432.1,433.5,434.0,432.09,564706.0
381,2020-11-05 13:45:00-05:00,2020-11-05 13:59:00-05:00,1604601900000000000,1604602740000000000,433.471,432.6795,434.94,432.5,632848.0
382,2020-11-05 14:00:00-05:00,2020-11-05 14:14:00-05:00,1604602800000000000,1604603640000000000,432.57,431.5199,433.37,429.75,651819.0
383,2020-11-05 14:15:00-05:00,2020-11-05 14:29:00-05:00,1604603700000000000,1604604540000000000,431.395,432.0798,432.23,430.26,370151.0
384,2020-11-05 14:30:00-05:00,2020-11-05 14:44:00-05:00,1604604600000000000,1604605440000000000,432.1,433.37,433.5,431.62,422694.0
385,2020-11-05 14:45:00-05:00,2020-11-05 14:59:00-05:00,1604605500000000000,1604606340000000000,433.315,433.95,434.0,432.81,549762.0
386,2020-11-05 15:00:00-05:00,2020-11-05 15:14:00-05:00,1604606400000000000,1604607240000000000,433.85,434.1604,435.6687,433.76,908856.0
387,2020-11-05 15:15:00-05:00,2020-11-05 15:29:00-05:00,1604607300000000000,1604608140000000000,434.35,435.885,435.99,434.14,595809.0
388,2020-11-05 15:30:00-05:00,2020-11-05 15:44:00-05:00,1604608200000000000,1604609040000000000,435.93,435.79,436.343,434.26,1018270.0
389,2020-11-05 15:45:00-05:00,2020-11-05 15:59:00-05:00,1604609100000000000,1604609940000000000,435.76,438.09,438.2,434.6,1556427.0
390,2020-11-06 09:30:00-05:00,2020-11-06 09:44:00-05:00,1604673000000000000,1604673840000000000,436.1,428.3017,436.57,426.9,2648260.0
391,2020-11-06 09:45:00-05:00,2020-11-06 09:59:00-05:00,1604673900000000000,1604674740000000000,428.28,425.6412,429.2,424.28,2114125.0
392,2020-11-06 10:00:00-05:00,2020-11-06 10:14:00-05:00,1604674800000000000,1604675640000000000,425.735,428.0026,428.57,424.95,1461779.0
393,2020-11-06 10:15:00-05:00,2020-11-06 10:29:00-05:00,1604675700000000000,1604676540000000000,427.9735,429.4785,430.02,427.4,1008028.0
394,2020-11-06 10:30:00-05:00,2020-11-06 10:44:00-05:00,1604676600000000000,1604677440000000000,429.38,431.06,431.25,428.73,948928.0
395,2020-11-06 10:45:00-05:00,2020-11-06 10:59:00-05:00,1604677500000000000,1604678340000000000,431.0966,430.69,433.13,430.3045,1126716.0
396,2020-11-06 11:00:00-05:00,2020-11-06 11:14:00-05:00,1604678400000000000,1604679240000000000,430.609,430.725,432.31,429.75,678980.0
397,2020-11-06 11:15:00-05:00,2020-11-06 11:29:00-05:00,1604679300000000000,1604680140000000000,430.8,430.7,430.89,429.0,649375.0
398,2020-11-06 11:30:00-05:00,2020-11-06 11:44:00-05:00,1604680200000000000,1604681040000000000,430.45,430.54,432.2,429.78,624372.0
399,2020-11-06 11:45:00-05:00,2020-11-06 11:59:00-05:00,1604681100000000000,1604681940000000000,430.46,430.6,432.1,429.88,506395.0
400,2020-11-06 12:00:00-05:00,2020-11-06 12:14:00-05:00,1604682000000000000,1604682840000000000,430.675,430.83,432.43,430.3,541653.0
401,2020-11-06 12:15:00-05:00,2020-11-06 12:29:00-05:00,1604682900000000000,1604683740000000000,430.735,429.5,430.8527,429.3,515993.0
402,2020-11-06 12:30:00-05:00,2020-11-06 12:44:00-05:00,1604683800000000000,1604684640000000000,429.57,428.8315,430.31,428.3001,535728.0
403,2020-11-06 12:45:00-05:00,2020-11-06 12:59:00-05:00,1604684700000000000,1604685540000000000,428.75,429.15,429.73,428.12,395522.0
404,2020-11-06 13:00:00-05:00,2020-11-06 13:14:00-05:00,1604685600000000000,1604686440000000000,429.18,429.9569,430.25,429.0,427976.0
405,2020-11-06 13:15:00-05:00,2020-11-06 13:29:00-05:00,1604686500000000000,1604687340000000000,429.96,429.93,429.97,428.7848,365513.0
406,2020-11-06 13:30:00-05:00,2020-11-06 13:44:00-05:00,1604687400000000000,1604688240000000000,429.8,429.1365,430.46,429.12,363968.0
407,2020-11-06 13:45:00-05:00,2020-11-06 13:59:00-05:00,1604688300000000000,1604689140000000000,429.2,429.48,429.58,428.35,425369.0
408,2020-11-06 14:00:00-05:00,2020-11-06 14:14:00-05:00,1604689200000000000,1604690040000000000,429.55,429.44,429.82,428.8,329855.0
409,2020-11-06 14:15:00-05:00,2020-11-06 14:29:00-05:00,1604690100000000000,1604690940000000000,429.42,429.1,430.25,428.97,439418.0
410,2020-11-06 14:30:00-05:00,2020-11-06 14:44:00-05:00,1604691000000000000,1604691840000000000,429.095,429.36,430.52,429.095,428426.0
411,2020-11-06 14:45:00-05:00,2020-11-06 14:59:00-05:00,1604691900000000000,1604692740000000000,429.42,428.9814,429.4614,428.65,366383.0
412,2020-11-06 15:00:00-05:00,2020-11-06 15:14:00-05:00,1604692800000000000,1604693640000000000,428.925,428.3378,428.925,427.28,724453.0
413,2020-11-06 15:15:00-05:00,2020-11-06 15:29:00-05:00,1604693700000000000,1604694540000000000,428.3799,428.06,428.4799,426.76,564331.0
414,2020-11-06 15:30:00-05:00,2020-11-06 15:44:00-05:00,1604694600000000000,1604695440000000000,428.0694,429.542,429.64,427.58,708389.0
415,2020-11-06 15:45:00-05:00,2020-11-06 15:59:00-05:00,1604695500000000000,1604696340000000000,429.5301,429.92,430.97,429.35,1385326.0
416,2020-11-09 09:30:00-05:00,2020-11-09 09:44:00-05:00,1604932200000000000,1604933040000000000,439.5,439.0,440.0,431.71,2636472.0
417,2020-11-09 09:45:00-05:00,2020-11-09 09:59:00-05:00,1604933100000000000,1604933940000000000,438.959,448.771,450.0,438.959,4109509.0
418,2020-11-09 10:00:00-05:00,2020-11-09 10:14:00-05:00,1604934000000000000,1604934840000000000,448.86,448.373,452.5,446.6,3075365.0
419,2020-11-09 10:15:00-05:00,2020-11-09 10:29:00-05:00,1604934900000000000,1604935740000000000,448.46,446.27,451.05,445.84,1517299.0
420,2020-11-09 10:30:00-05:00,2020-11-09 10:44:00-05:00,1604935800000000000,1604936640000000000,446.5,443.075,448.46,442.8601,1718341.0
421,2020-11-09 10:45:00-05:00,2020-11-09 10:59:00-05:00,1604936700000000000,1604937540000000000,443.1908,440.3,443.22,438.32,1750730.0
422,2020-11-09 11:00:00-05:00,2020-11-09 11:14:00-05:00,1604937600000000000,1604938440000000000,440.39,437.73,440.8199,435.7,1559516.0
423,2020-11-09 11:15:00-05:00,2020-11-09 11:29:00-05:00,1604938500000000000,1604939340000000000,437.715,440.67,440.7437,436.7001,1240082.0
424,2020-11-09 11:30:00-05:00,2020-11-09 11:44:00-05:00,1604939400000000000,1604940240000000000,440.6608,438.6902,440.87,438.24,536235.0
425,2020-11-09 11:45:00-05:00,2020-11-09 11:59:00-05:00,1604940300000000000,1604941140000000000,438.65,437.835,438.84,436.17,682544.0
426,2020-11-09 12:00:00-05:00,2020-11-09 12:14:00-05:00,1604941200000000000,1604942040000000000,437.92,436.32,438.3399,435.7514,624142.0
427,2020-11-09 12:15:00-05:00,2020-11-09 12:29:00-05:00,1604942100000000000,1604942940000000000,436.44,438.1167,438.25,434.5,826729.0
428,2020-11-09 12:30:00-05:00,2020-11-09 12:44:00-05:00,1604943000000000000,1604943840000000000,438.05,435.9499,438.1717,435.8,555647.0
429,2020-11-09 12:45:00-05:00,2020-11-09 12:59:00-05:00,1604943900000000000,1604944740000000000,435.96,435.39,436.2175,434.5,670326.0
430,2020-11-09 13:00:00-05:00,2020-11-09 13:14:00-05:00,1604944800000000000,1604945640000000000,435.435,433.65,436.19,433.08,765399.0
431,2020-11-09 13:15:00-05:00,2020-11-09 13:29:00-05:00,1604945700000000000,1604946540000000000,433.63,431.82,434.35,431.8,712132.0
432,2020-11-09 13:30:00-05:00,2020-11-09 13:44:00-05:00,1604946600000000000,1604947440000000000,431.82,433.15,433.4,430.96,769640.0
433,2020-11-09 13:45:00-05:00,2020-11-09 13:59:00-05:00,1604947500000000000,1604948340000000000,433.1627,434.37,435.0,433.0662,677098.0
434,2020-11-09 14:00:00-05:00,2020-11-09 14:14:00-05:00,1604948400000000000,1604949240000000000,434.35,433.582,435.0,433.44,434193.0
435,2020-11-09 14:15:00-05:00,2020-11-09 14:29:00-05:00,1604949300000000000,1604950140000000000,433.42,430.29,433.64,429.0,1103056.0
436,2020-11-09 14:30:00-05:00,2020-11-09 14:44:00-05:00,1604950200000000000,1604951040000000000,430.21,431.39,431.6999,427.76,1002012.0
437,2020-11-09 14:45:00-05:00,2020-11-09 14:59:00-05:00,1604951100000000000,1604951940000000000,431.2818,429.31,431.4799,428.35,654003.0
438,2020-11-09 15:00:00-05:00,2020-11-09 15:14:00-05:00,1604952000000000000,1604952840000000000,429.36,430.12,431.64,429.1401,674122.0
439,2020-11-09 15:15:00-05:00,2020-11-09 15:29:00-05:00,1604952900000000000,1604953740000000000,430.22,427.44,431.15,427.26,610170.0
440,2020-11-09 15:30:00-05:00,2020-11-09 15:44:00-05:00,1604953800000000000,1604954640000000000,427.62,425.8668,428.7599,425.47,827281.0
441,2020-11-09 15:45:00-05:00,2020-11-09 15:59:00-05:00,1604954700000000000,1604955540000000000,425.91,421.39,426.58,421.0,1829838.0
442,2020-11-10 09:30:00-05:00,2020-11-10 09:44:00-05:00,1605018600000000000,1605019440000000000,420.09,410.75,420.09,407.69,3547171.0
443,2020-11-10 09:45:00-05:00,2020-11-10 09:59:00-05:00,1605019500000000000,1605020340000000000,410.75,409.1293,413.95,408.46,1750344.0
444,2020-11-10 10:00:00-05:00,2020-11-10 10:14:00-05:00,1605020400000000000,1605021240000000000,408.8,407.045,412.49,406.27,1706358.0
445,2020-11-10 10:15:00-05:00,2020-11-10 10:29:00-05:00,1605021300000000000,1605022140000000000,407.05,404.4,407.6999,402.45,1923666.0
446,2020-11-10 10:30:00-05:00,2020-11-10 10:44:00-05:00,1605022200000000000,1605023040000000000,404.28,397.66,405.1,396.0301,2632666.0
447,2020-11-10 10:45:00-05:00,2020-11-10 10:59:00-05:00,1605023100000000000,1605023940000000000,397.67,403.2503,405.3,397.55,2013645.0
448,2020-11-10 11:00:00-05:00,2020-11-10 11:14:00-05:00,1605024000000000000,1605024840000000000,403.1301,404.6777,406.715,403.13,1414411.0
449,2020-11-10 11:15:00-05:00,2020-11-10 11:29:00-05:00,1605024900000000000,1605025740000000000,404.58,407.2368,408.66,401.8,1368382.0
450,2020-11-10 11:30:00-05:00,2020-11-10 11:44:00-05:00,1605025800000000000,1605026640000000000,407.23,408.11,408.611,404.18,1109865.0
451,2020-11-10 11:45:00-05:00,2020-11-10 11:59:00-05:00,1605026700000000000,1605027540000000000,408.21,405.8953,409.56,405.77,773793.0
452,2020-11-10 12:00:00-05:00,2020-11-10 12:14:00-05:00,1605027600000000000,1605028440000000000,405.84,409.865,410.6405,405.65,893864.0
453,2020-11-10 12:15:00-05:00,2020-11-10 12:29:00-05:00,1605028500000000000,1605029340000000000,409.914,410.4998,411.5,409.2,725987.0
454,2020-11-10 12:30:00-05:00,2020-11-10 12:44:00-05:00,1605029400000000000,1605030240000000000,410.4045,410.415,412.1499,408.6,635459.0
455,2020-11-10 12:45:00-05:00,2020-11-10 12:59:00-05:00,1605030300000000000,1605031140000000000,410.49,413.3512,414.0,410.33,775003.0
456,2020-11-10 13:00:00-05:00,2020-11-10 13:14:00-05:00,1605031200000000000,1605032040000000000,413.36,412.9539,414.8293,412.52,698783.0
457,2020-11-10 13:15:00-05:00,2020-11-10 13:29:00-05:00,1605032100000000000,1605032940000000000,412.89,409.8878,413.9999,409.2,697377.0
458,2020-11-10 13:30:00-05:00,2020-11-10 13:44:00-05:00,1605033000000000000,1605033840000000000,409.875,410.57,410.98,406.73,904890.0
459,2020-11-10 13:45:00-05:00,2020-11-10 13:59:00-05:00,1605033900000000000,1605034740000000000,410.59,410.644,412.66,409.65,559380.0
460,2020-11-10 14:00:00-05:00,2020-11-10 14:14:00-05:00,1605034800000000000,1605035640000000000,410.35,409.0399,411.7399,408.15,494616.0
461,2020-11-10 14:15:00-05:00,2020-11-10 14:29:00-05:00,1605035700000000000,1605036540000000000,409.04,407.419,409.4699,406.0,692775.0
462,2020-11-10 14:30:00-05:00,2020-11-10 14:44:00-05:00,1605036600000000000,1605037440000000000,407.44,409.4246,410.7899,407.37,530632.0
463,2020-11-10 14:45:00-05:00,2020-11-10 14:59:00-05:00,1605037500000000000,1605038340000000000,409.22,409.2699,410.34,408.21,386704.0
464,2020-11-10 15:00:00-05:00,2020-11-10 15:14:00-05:00,1605038400000000000,1605039240000000000,409.28,407.33,409.9501,406.0301,529156.0
465,2020-11-10 15:15:00-05:00,2020-11-10 15:29:00-05:00,1605039300000000000,1605040140000000000,407.47,409.4201,410.35,407.23,528478.0
466,2020-11-10 15:30:00-05:00,2020-11-10 15:44:00-05:00,1605040200000000000,1605041040000000000,409.5275,410.62,410.71,407.6101,483387.0
467,2020-11-10 15:45:00-05:00,2020-11-10 15:59:00-05:00,1605041100000000000,1605041940000000000,410.51,410.41,410.88,408.55,976463.0
468,2020-11-11 09:30:00-05:00,2020-11-11 09:44:00-05:00,1605105000000000000,1605105840000000000,416.45,418.1891,418.41,410.58,2305981.0
469,2020-11-11 09:45:00-05:00,2020-11-11 09:59:00-05:00,1605105900000000000,1605106740000000000,418.1706,414.9799,418.4,413.05,1390608.0
470,2020-11-11 10:00:00-05:00,2020-11-11 10:14:00-05:00,1605106800000000000,1605107640000000000,414.9799,417.3,418.695,414.6413,1237032.0
471,2020-11-11 10:15:00-05:00,2020-11-11 10:29:00-05:00,1605107700000000000,1605108540000000000,417.24,416.865,417.8599,415.05,735095.0
472,2020-11-11 10:30:00-05:00,2020-11-11 10:44:00-05:00,1605108600000000000,1605109440000000000,416.87,414.965,417.8063,414.3,772297.0
473,2020-11-11 10:45:00-05:00,2020-11-11 10:59:00-05:00,1605109500000000000,1605110340000000000,415.15,414.7225,415.95,413.74,616021.0
474,2020-11-11 11:00:00-05:00,2020-11-11 11:14:00-05:00,1605110400000000000,1605111240000000000,414.67,413.91,414.79,412.6085,630788.0
475,2020-11-11 11:15:00-05:00,2020-11-11 11:29:00-05:00,1605111300000000000,1605112140000000000,414.0122,414.035,415.4653,413.7211,519547.0
476,2020-11-11 11:30:00-05:00,2020-11-11 11:44:00-05:00,1605112200000000000,1605113040000000000,414.07,413.8607,414.77,413.27,407745.0
477,2020-11-11 11:45:00-05:00,2020-11-11 11:59:00-05:00,1605113100000000000,1605113940000000000,413.8373,415.155,415.2462,413.6,438147.0
478,2020-11-11 12:00:00-05:00,2020-11-11 12:14:00-05:00,1605114000000000000,1605114840000000000,415.145,414.8731,415.353,413.662,485242.0
479,2020-11-11 12:15:00-05:00,2020-11-11 12:29:00-05:00,1605114900000000000,1605115740000000000,414.9499,414.599,415.39,414.08,284554.0
480,2020-11-11 12:30:00-05:00,2020-11-11 12:44:00-05:00,1605115800000000000,1605116640000000000,414.6033,415.64,415.69,414.5,368012.0
481,2020-11-11 12:45:00-05:00,2020-11-11 12:59:00-05:00,1605116700000000000,1605117540000000000,415.64,414.1469,416.0372,414.05,440813.0
482,2020-11-11 13:00:00-05:00,2020-11-11 13:14:00-05:00,1605117600000000000,1605118440000000000,414.24,414.9684,415.27,414.06,312839.0
483,2020-11-11 13:15:00-05:00,2020-11-11 13:29:00-05:00,1605118500000000000,1605119340000000000,414.97,414.705,415.55,414.49,306918.0
484,2020-11-11 13:30:00-05:00,2020-11-11 13:44:00-05:00,1605119400000000000,1605120240000000000,414.78,416.02,416.88,414.41,448300.0
485,2020-11-11 13:45:00-05:00,2020-11-11 13:59:00-05:00,1605120300000000000,1605121140000000000,416.0461,416.86,417.28,415.27,477728.0
486,2020-11-11 14:00:00-05:00,2020-11-11 14:14:00-05:00,1605121200000000000,1605122040000000000,416.87,416.2,417.88,415.8,572717.0
487,2020-11-11 14:15:00-05:00,2020-11-11 14:29:00-05:00,1605122100000000000,1605122940000000000,416.26,415.9049,417.15,415.5,402483.0
488,2020-11-11 14:30:00-05:00,2020-11-11 14:44:00-05:00,1605123000000000000,1605123840000000000,416.0,416.165,417.15,415.75,420328.0
489,2020-11-11 14:45:00-05:00,2020-11-11 14:59:00-05:00,1605123900000000000,1605124740000000000,416.1,415.27,416.1267,414.7,462258.0
490,2020-11-11 15:00:00-05:00,2020-11-11 15:14:00-05:00,1605124800000000000,1605125640000000000,415.19,416.29,416.38,415.16,333807.0
491,2020-11-11 15:15:00-05:00,2020-11-11 15:29:00-05:00,1605125700000000000,1605126540000000000,416.26,415.702,416.4999,415.35,387643.0
492,2020-11-11 15:30:00-05:00,2020-11-11 15:44:00-05:00,1605126600000000000,1605127440000000000,415.6,416.8,417.0699,415.54,478658.0
493,2020-11-11 15:45:00-05:00,2020-11-11 15:59:00-05:00,1605127500000000000,1605128340000000000,416.8,417.13,417.1409,415.44,969539.0
494,2020-11-12 09:30:00-05:00,2020-11-12 09:44:00-05:00,1605191400000000000,1605192240000000000,415.05,416.215,418.26,412.39,1877028.0
495,2020-11-12 09:45:00-05:00,2020-11-12 09:59:00-05:00,1605192300000000000,1605193140000000000,416.35,416.69,417.48,414.12,1199221.0
496,2020-11-12 10:00:00-05:00,2020-11-12 10:14:00-05:00,1605193200000000000,1605194040000000000,416.5,422.0,422.835,416.02,1876502.0
497,2020-11-12 10:15:00-05:00,2020-11-12 10:29:00-05:00,1605194100000000000,1605194940000000000,422.0,420.29,423.0,420.05,1195003.0
498,2020-11-12 10:30:00-05:00,2020-11-12 10:44:00-05:00,1605195000000000000,1605195840000000000,420.301,419.0359,421.55,418.68,808430.0
499,2020-11-12 10:45:00-05:00,2020-11-12 10:59:00-05:00,1605195900000000000,1605196740000000000,419.07,416.5868,419.29,415.5,943380.0
500,2020-11-12 11:00:00-05:00,2020-11-12 11:14:00-05:00,1605196800000000000,1605197640000000000,416.67,415.7399,417.8932,415.35,804168.0
501,2020-11-12 11:15:00-05:00,2020-11-12 11:29:00-05:00,1605197700000000000,1605198540000000000,415.7399,417.0556,417.25,415.3,809427.0
502,2020-11-12 11:30:00-05:00,2020-11-12 11:44:00-05:00,1605198600000000000,1605199440000000000,417.01,414.1859,417.2,414.09,860646.0
503,2020-11-12 11:45:00-05:00,2020-11-12 11:59:00-05:00,1605199500000000000,1605200340000000000,414.11,415.7066,416.1,413.91,471856.0
504,2020-11-12 12:00:00-05:00,2020-11-12 12:14:00-05:00,1605200400000000000,1605201240000000000,415.65,417.02,417.4899,415.03,382506.0
505,2020-11-12 12:15:00-05:00,2020-11-12 12:29:00-05:00,1605201300000000000,1605202140000000000,417.02,415.29,417.17,414.65,355842.0
506,2020-11-12 12:30:00-05:00,2020-11-12 12:44:00-05:00,1605202200000000000,1605203040000000000,415.23,414.5799,416.03,414.26,360259.0
507,2020-11-12 12:45:00-05:00,2020-11-12 12:59:00-05:00,1605203100000000000,1605203940000000000,414.7079,414.365,414.8,412.0,744699.0
508,2020-11-12 13:00:00-05:00,2020-11-12 13:14:00-05:00,1605204000000000000,1605204840000000000,414.3,413.5915,414.5,412.27,458473.0
509,2020-11-12 13:15:00-05:00,2020-11-12 13:29:00-05:00,1605204900000000000,1605205740000000000,413.503,411.3219,413.99,410.7635,607934.0
510,2020-11-12 13:30:00-05:00,2020-11-12 13:44:00-05:00,1605205800000000000,1605206640000000000,411.2491,412.95,413.43,409.52,735050.0
511,2020-11-12 13:45:00-05:00,2020-11-12 13:59:00-05:00,1605206700000000000,1605207540000000000,412.94,412.9187,413.68,412.01,366987.0
512,2020-11-12 14:00:00-05:00,2020-11-12 14:14:00-05:00,1605207600000000000,1605208440000000000,413.0305,412.44,414.3591,411.65,412256.0
513,2020-11-12 14:15:00-05:00,2020-11-12 14:29:00-05:00,1605208500000000000,1605209340000000000,412.4401,410.8668,415.0494,410.8,353567.0
514,2020-11-12 14:30:00-05:00,2020-11-12 14:44:00-05:00,1605209400000000000,1605210240000000000,410.961,410.9,412.7,410.4201,455145.0
515,2020-11-12 14:45:00-05:00,2020-11-12 14:59:00-05:00,1605210300000000000,1605211140000000000,410.7,411.95,412.0,410.2,382284.0
516,2020-11-12 15:00:00-05:00,2020-11-12 15:14:00-05:00,1605211200000000000,1605212040000000000,411.94,411.57,411.94,409.53,606112.0
517,2020-11-12 15:15:00-05:00,2020-11-12 15:29:00-05:00,1605212100000000000,1605212940000000000,411.5023,411.86,412.44,411.1,479975.0
518,2020-11-12 15:30:00-05:00,2020-11-12 15:44:00-05:00,1605213000000000000,1605213840000000000,411.8572,411.4501,412.0,410.8,443422.0
519,2020-11-12 15:45:00-05:00,2020-11-12 15:59:00-05:00,1605213900000000000,1605214740000000000,411.48,411.73,412.04,410.4,816677.0
520,2020-11-13 09:30:00-05:00,2020-11-13 09:44:00-05:00,1605277800000000000,1605278640000000000,410.85,410.865,412.5319,406.76,2235441.0
521,2020-11-13 09:45:00-05:00,2020-11-13 09:59:00-05:00,1605278700000000000,1605279540000000000,410.97,408.294,411.7,407.82,1197985.0
522,2020-11-13 10:00:00-05:00,2020-11-13 10:14:00-05:00,1605279600000000000,1605280440000000000,408.19,405.9273,408.95,404.5,1729128.0
523,2020-11-13 10:15:00-05:00,2020-11-13 10:29:00-05:00,1605280500000000000,1605281340000000000,405.87,406.79,406.91,403.2,1291603.0
524,2020-11-13 10:30:00-05:00,2020-11-13 10:44:00-05:00,1605281400000000000,1605282240000000000,406.7456,405.53,407.0,404.06,648188.0
525,2020-11-13 10:45:00-05:00,2020-11-13 10:59:00-05:00,1605282300000000000,1605283140000000000,405.418,402.3817,405.91,401.66,985907.0
526,2020-11-13 11:00:00-05:00,2020-11-13 11:14:00-05:00,1605283200000000000,1605284040000000000,402.42,404.14,404.92,402.12,844224.0
527,2020-11-13 11:15:00-05:00,2020-11-13 11:29:00-05:00,1605284100000000000,1605284940000000000,404.0509,406.07,407.1832,404.0509,827570.0
528,2020-11-13 11:30:00-05:00,2020-11-13 11:44:00-05:00,1605285000000000000,1605285840000000000,406.33,406.12,406.55,404.6733,498345.0
529,2020-11-13 11:45:00-05:00,2020-11-13 11:59:00-05:00,1605285900000000000,1605286740000000000,406.2134,406.065,406.8691,405.64,318534.0
530,2020-11-13 12:00:00-05:00,2020-11-13 12:14:00-05:00,1605286800000000000,1605287640000000000,406.1881,404.1869,406.21,404.05,394668.0
531,2020-11-13 12:15:00-05:00,2020-11-13 12:29:00-05:00,1605287700000000000,1605288540000000000,404.315,404.0453,404.55,403.3454,457409.0
532,2020-11-13 12:30:00-05:00,2020-11-13 12:44:00-05:00,1605288600000000000,1605289440000000000,404.145,405.89,406.18,404.145,423975.0
533,2020-11-13 12:45:00-05:00,2020-11-13 12:59:00-05:00,1605289500000000000,1605290340000000000,405.84,406.59,406.7,405.26,311904.0
534,2020-11-13 13:00:00-05:00,2020-11-13 13:14:00-05:00,1605290400000000000,1605291240000000000,406.59,405.0,406.67,404.72,317857.0
535,2020-11-13 13:15:00-05:00,2020-11-13 13:29:00-05:00,1605291300000000000,1605292140000000000,404.99,403.855,404.99,403.67,366818.0
536,2020-11-13 13:30:00-05:00,2020-11-13 13:44:00-05:00,1605292200000000000,1605293040000000000,403.86,403.3235,404.25,402.91,403886.0
537,2020-11-13 13:45:00-05:00,2020-11-13 13:59:00-05:00,1605293100000000000,1605293940000000000,403.16,403.4,403.591,402.5,412653.0
538,2020-11-13 14:00:00-05:00,2020-11-13 14:14:00-05:00,1605294000000000000,1605294840000000000,403.5,401.99,403.7,401.93,520813.0
539,2020-11-13 14:15:00-05:00,2020-11-13 14:29:00-05:00,1605294900000000000,1605295740000000000,402.0258,402.69,404.19,401.8,552655.0
540,2020-11-13 14:30:00-05:00,2020-11-13 14:44:00-05:00,1605295800000000000,1605296640000000000,402.67,402.7599,403.62,402.2674,381581.0
541,2020-11-13 14:45:00-05:00,2020-11-13 14:59:00-05:00,1605296700000000000,1605297540000000000,402.74,404.27,404.44,402.41,495372.0
542,2020-11-13 15:00:00-05:00,2020-11-13 15:14:00-05:00,1605297600000000000,1605298440000000000,404.23,405.61,405.75,403.83,511664.0
543,2020-11-13 15:15:00-05:00,2020-11-13 15:29:00-05:00,1605298500000000000,1605299340000000000,405.61,405.7867,406.85,405.57,649814.0
544,2020-11-13 15:30:00-05:00,2020-11-13 15:44:00-05:00,1605299400000000000,1605300240000000000,405.85,406.91,406.9699,405.7561,534058.0
545,2020-11-13 15:45:00-05:00,2020-11-13 15:59:00-05:00,1605300300000000000,1605301140000000000,406.86,408.68,408.97,406.86,1353452.0
