index,Start_DateTime,End_DateTime,Start_Timestamp,End_Timestamp,Open,Close,High,Low,Volume
0,2021-07-29 09:30:00-04:00,2021-07-29 09:31:00-04:00,1627565400000000000,1627565460000000000,144.685,144.777,145.09,144.58,1631397.0
1,2021-07-29 09:32:00-04:00,2021-07-29 09:33:00-04:00,1627565520000000000,1627565580000000000,144.79,145.4677,145.565,144.74,962004.0
2,2021-07-29 09:34:00-04:00,2021-07-29 09:35:00-04:00,1627565640000000000,1627565700000000000,145.4504,145.935,145.97,145.38,788594.0
3,2021-07-29 09:36:00-04:00,2021-07-29 09:37:00-04:00,1627565760000000000,1627565820000000000,145.935,146.15,146.215,145.8,960021.0
4,2021-07-29 09:38:00-04:00,2021-07-29 09:39:00-04:00,1627565880000000000,1627565940000000000,146.16,146.15,146.21,145.77,806167.0
5,2021-07-29 09:40:00-04:00,2021-07-29 09:41:00-04:00,1627566000000000000,1627566060000000000,146.14,146.075,146.19,145.95,792444.0
6,2021-07-29 09:42:00-04:00,2021-07-29 09:43:00-04:00,1627566120000000000,1627566180000000000,146.0721,146.2676,146.35,146.0,733752.0
7,2021-07-29 09:44:00-04:00,2021-07-29 09:45:00-04:00,1627566240000000000,1627566300000000000,146.2501,146.39,146.45,146.1,643920.0
8,2021-07-29 09:46:00-04:00,2021-07-29 09:47:00-04:00,1627566360000000000,1627566420000000000,146.39,146.32,146.55,146.3,792603.0
9,2021-07-29 09:48:00-04:00,2021-07-29 09:49:00-04:00,1627566480000000000,1627566540000000000,146.33,146.195,146.4,146.15,539197.0
10,2021-07-29 09:50:00-04:00,2021-07-29 09:51:00-04:00,1627566600000000000,1627566660000000000,146.2,146.365,146.48,146.14,549940.0
11,2021-07-29 09:52:00-04:00,2021-07-29 09:53:00-04:00,1627566720000000000,1627566780000000000,146.365,146.31,146.4586,146.29,384833.0
12,2021-07-29 09:54:00-04:00,2021-07-29 09:55:00-04:00,1627566840000000000,1627566900000000000,146.3,146.28,146.435,146.27,381117.0
13,2021-07-29 09:56:00-04:00,2021-07-29 09:57:00-04:00,1627566960000000000,1627567020000000000,146.275,146.0801,146.36,146.01,464198.0
14,2021-07-29 09:58:00-04:00,2021-07-29 09:59:00-04:00,1627567080000000000,1627567140000000000,146.0999,146.2257,146.26,146.09,354809.0
15,2021-07-29 10:00:00-04:00,2021-07-29 10:01:00-04:00,1627567200000000000,1627567260000000000,146.22,146.2701,146.41,146.0901,516533.0
16,2021-07-29 10:02:00-04:00,2021-07-29 10:03:00-04:00,1627567320000000000,1627567380000000000,146.27,146.3889,146.49,146.25,594470.0
17,2021-07-29 10:04:00-04:00,2021-07-29 10:05:00-04:00,1627567440000000000,1627567500000000000,146.39,146.33,146.45,146.23,500758.0
18,2021-07-29 10:06:00-04:00,2021-07-29 10:07:00-04:00,1627567560000000000,1627567620000000000,146.33,146.27,146.3428,146.16,366698.0
19,2021-07-29 10:08:00-04:00,2021-07-29 10:09:00-04:00,1627567680000000000,1627567740000000000,146.26,145.92,146.27,145.9,470850.0
20,2021-07-29 10:10:00-04:00,2021-07-29 10:11:00-04:00,1627567800000000000,1627567860000000000,145.91,145.8083,145.9817,145.66,598105.0
21,2021-07-29 10:12:00-04:00,2021-07-29 10:13:00-04:00,1627567920000000000,1627567980000000000,145.81,146.0068,146.02,145.805,403564.0
22,2021-07-29 10:14:00-04:00,2021-07-29 10:15:00-04:00,1627568040000000000,1627568100000000000,145.99,145.95,146.03,145.8301,326981.0
23,2021-07-29 10:16:00-04:00,2021-07-29 10:17:00-04:00,1627568160000000000,1627568220000000000,145.955,145.8972,146.04,145.72,456541.0
24,2021-07-29 10:18:00-04:00,2021-07-29 10:19:00-04:00,1627568280000000000,1627568340000000000,145.89,145.835,145.93,145.78,386487.0
25,2021-07-29 10:20:00-04:00,2021-07-29 10:21:00-04:00,1627568400000000000,1627568460000000000,145.84,145.735,145.89,145.705,283793.0
26,2021-07-29 10:22:00-04:00,2021-07-29 10:23:00-04:00,1627568520000000000,1627568580000000000,145.73,145.72,145.8,145.61,408363.0
27,2021-07-29 10:24:00-04:00,2021-07-29 10:25:00-04:00,1627568640000000000,1627568700000000000,145.73,145.915,145.92,145.72,299080.0
28,2021-07-29 10:26:00-04:00,2021-07-29 10:27:00-04:00,1627568760000000000,1627568820000000000,145.9187,145.865,145.9599,145.8182,294722.0
29,2021-07-29 10:28:00-04:00,2021-07-29 10:29:00-04:00,1627568880000000000,1627568940000000000,145.8633,145.84,145.87,145.75,210624.0
30,2021-07-29 10:30:00-04:00,2021-07-29 10:31:00-04:00,1627569000000000000,1627569060000000000,145.85,145.84,145.92,145.78,296637.0
31,2021-07-29 10:32:00-04:00,2021-07-29 10:33:00-04:00,1627569120000000000,1627569180000000000,145.85,145.98,146.01,145.85,283967.0
32,2021-07-29 10:34:00-04:00,2021-07-29 10:35:00-04:00,1627569240000000000,1627569300000000000,145.985,146.0,146.03,145.855,299945.0
33,2021-07-29 10:36:00-04:00,2021-07-29 10:37:00-04:00,1627569360000000000,1627569420000000000,146.005,146.01,146.08,145.95,314223.0
34,2021-07-29 10:38:00-04:00,2021-07-29 10:39:00-04:00,1627569480000000000,1627569540000000000,146.0093,145.9101,146.0099,145.78,377497.0
35,2021-07-29 10:40:00-04:00,2021-07-29 10:41:00-04:00,1627569600000000000,1627569660000000000,145.915,146.015,146.03,145.905,268495.0
36,2021-07-29 10:42:00-04:00,2021-07-29 10:43:00-04:00,1627569720000000000,1627569780000000000,146.01,145.895,146.04,145.79,298877.0
37,2021-07-29 10:44:00-04:00,2021-07-29 10:45:00-04:00,1627569840000000000,1627569900000000000,145.899,145.885,145.915,145.795,227988.0
38,2021-07-29 10:46:00-04:00,2021-07-29 10:47:00-04:00,1627569960000000000,1627570020000000000,145.9,145.835,145.93,145.8,195317.0
39,2021-07-29 10:48:00-04:00,2021-07-29 10:49:00-04:00,1627570080000000000,1627570140000000000,145.83,145.815,145.83,145.74,241389.0
40,2021-07-29 10:50:00-04:00,2021-07-29 10:51:00-04:00,1627570200000000000,1627570260000000000,145.82,145.875,145.9,145.78,264370.0
41,2021-07-29 10:52:00-04:00,2021-07-29 10:53:00-04:00,1627570320000000000,1627570380000000000,145.875,146.025,146.065,145.87,367606.0
42,2021-07-29 10:54:00-04:00,2021-07-29 10:55:00-04:00,1627570440000000000,1627570500000000000,146.02,146.209,146.24,146.02,425015.0
43,2021-07-29 10:56:00-04:00,2021-07-29 10:57:00-04:00,1627570560000000000,1627570620000000000,146.21,146.0581,146.2399,146.04,262315.0
44,2021-07-29 10:58:00-04:00,2021-07-29 10:59:00-04:00,1627570680000000000,1627570740000000000,146.04,146.075,146.18,146.01,240303.0
45,2021-07-29 11:00:00-04:00,2021-07-29 11:01:00-04:00,1627570800000000000,1627570860000000000,146.075,146.105,146.12,145.9727,338301.0
46,2021-07-29 11:02:00-04:00,2021-07-29 11:03:00-04:00,1627570920000000000,1627570980000000000,146.11,146.01,146.12,145.98,216728.0
47,2021-07-29 11:04:00-04:00,2021-07-29 11:05:00-04:00,1627571040000000000,1627571100000000000,146.0,145.9613,146.04,145.925,225529.0
48,2021-07-29 11:06:00-04:00,2021-07-29 11:07:00-04:00,1627571160000000000,1627571220000000000,145.965,146.045,146.05,145.925,255715.0
49,2021-07-29 11:08:00-04:00,2021-07-29 11:09:00-04:00,1627571280000000000,1627571340000000000,146.0487,146.02,146.05,145.9615,183116.0
50,2021-07-29 11:10:00-04:00,2021-07-29 11:11:00-04:00,1627571400000000000,1627571460000000000,146.0237,145.895,146.05,145.8602,263346.0
51,2021-07-29 11:12:00-04:00,2021-07-29 11:13:00-04:00,1627571520000000000,1627571580000000000,145.895,145.8199,145.9399,145.8,265533.0
52,2021-07-29 11:14:00-04:00,2021-07-29 11:15:00-04:00,1627571640000000000,1627571700000000000,145.815,145.755,145.82,145.67,462372.0
53,2021-07-29 11:16:00-04:00,2021-07-29 11:17:00-04:00,1627571760000000000,1627571820000000000,145.755,145.6699,145.78,145.66,280220.0
54,2021-07-29 11:18:00-04:00,2021-07-29 11:19:00-04:00,1627571880000000000,1627571940000000000,145.66,145.6648,145.69,145.53,475509.0
55,2021-07-29 11:20:00-04:00,2021-07-29 11:21:00-04:00,1627572000000000000,1627572060000000000,145.665,145.785,145.84,145.635,297609.0
56,2021-07-29 11:22:00-04:00,2021-07-29 11:23:00-04:00,1627572120000000000,1627572180000000000,145.8,145.76,145.835,145.695,225608.0
57,2021-07-29 11:24:00-04:00,2021-07-29 11:25:00-04:00,1627572240000000000,1627572300000000000,145.76,145.755,145.81,145.7,196908.0
58,2021-07-29 11:26:00-04:00,2021-07-29 11:27:00-04:00,1627572360000000000,1627572420000000000,145.755,145.692,145.81,145.6682,197426.0
59,2021-07-29 11:28:00-04:00,2021-07-29 11:29:00-04:00,1627572480000000000,1627572540000000000,145.695,145.635,145.73,145.59,286040.0
60,2021-07-29 11:30:00-04:00,2021-07-29 11:31:00-04:00,1627572600000000000,1627572660000000000,145.64,145.635,145.729,145.58,234814.0
61,2021-07-29 11:32:00-04:00,2021-07-29 11:33:00-04:00,1627572720000000000,1627572780000000000,145.63,145.54,145.64,145.52,222890.0
62,2021-07-29 11:34:00-04:00,2021-07-29 11:35:00-04:00,1627572840000000000,1627572900000000000,145.54,145.6199,145.62,145.525,205182.0
63,2021-07-29 11:36:00-04:00,2021-07-29 11:37:00-04:00,1627572960000000000,1627573020000000000,145.62,145.56,145.66,145.535,217465.0
64,2021-07-29 11:38:00-04:00,2021-07-29 11:39:00-04:00,1627573080000000000,1627573140000000000,145.555,145.57,145.63,145.53,220153.0
65,2021-07-29 11:40:00-04:00,2021-07-29 11:41:00-04:00,1627573200000000000,1627573260000000000,145.58,145.585,145.6057,145.54,158808.0
66,2021-07-29 11:42:00-04:00,2021-07-29 11:43:00-04:00,1627573320000000000,1627573380000000000,145.59,145.615,145.63,145.53,236822.0
67,2021-07-29 11:44:00-04:00,2021-07-29 11:45:00-04:00,1627573440000000000,1627573500000000000,145.615,145.7199,145.72,145.595,231421.0
68,2021-07-29 11:46:00-04:00,2021-07-29 11:47:00-04:00,1627573560000000000,1627573620000000000,145.71,145.8,145.82,145.67,247161.0
69,2021-07-29 11:48:00-04:00,2021-07-29 11:49:00-04:00,1627573680000000000,1627573740000000000,145.805,145.815,145.855,145.76,174995.0
70,2021-07-29 11:50:00-04:00,2021-07-29 11:51:00-04:00,1627573800000000000,1627573860000000000,145.8199,145.855,145.9309,145.81,217457.0
71,2021-07-29 11:52:00-04:00,2021-07-29 11:53:00-04:00,1627573920000000000,1627573980000000000,145.87,145.745,145.875,145.7116,236949.0
72,2021-07-29 11:54:00-04:00,2021-07-29 11:55:00-04:00,1627574040000000000,1627574100000000000,145.7499,145.737,145.753,145.64,171575.0
73,2021-07-29 11:56:00-04:00,2021-07-29 11:57:00-04:00,1627574160000000000,1627574220000000000,145.73,145.7774,145.82,145.69,168746.0
74,2021-07-29 11:58:00-04:00,2021-07-29 11:59:00-04:00,1627574280000000000,1627574340000000000,145.77,145.76,145.87,145.75,173645.0
75,2021-07-29 12:00:00-04:00,2021-07-29 12:01:00-04:00,1627574400000000000,1627574460000000000,145.765,145.73,145.785,145.6803,178984.0
76,2021-07-29 12:02:00-04:00,2021-07-29 12:03:00-04:00,1627574520000000000,1627574580000000000,145.735,145.78,145.78,145.68,171110.0
77,2021-07-29 12:04:00-04:00,2021-07-29 12:05:00-04:00,1627574640000000000,1627574700000000000,145.77,145.9226,145.9285,145.77,224240.0
78,2021-07-29 12:06:00-04:00,2021-07-29 12:07:00-04:00,1627574760000000000,1627574820000000000,145.93,145.9287,145.97,145.9,175478.0
79,2021-07-29 12:08:00-04:00,2021-07-29 12:09:00-04:00,1627574880000000000,1627574940000000000,145.9214,145.95,145.965,145.885,190379.0
80,2021-07-29 12:10:00-04:00,2021-07-29 12:11:00-04:00,1627575000000000000,1627575060000000000,145.96,145.9799,146.04,145.94,298522.0
81,2021-07-29 12:12:00-04:00,2021-07-29 12:13:00-04:00,1627575120000000000,1627575180000000000,145.97,145.9162,145.97,145.9042,144346.0
82,2021-07-29 12:14:00-04:00,2021-07-29 12:15:00-04:00,1627575240000000000,1627575300000000000,145.9131,145.93,145.98,145.86,155762.0
83,2021-07-29 12:16:00-04:00,2021-07-29 12:17:00-04:00,1627575360000000000,1627575420000000000,145.93,146.055,146.07,145.9207,161712.0
84,2021-07-29 12:18:00-04:00,2021-07-29 12:19:00-04:00,1627575480000000000,1627575540000000000,146.05,145.9922,146.0601,145.9922,189380.0
85,2021-07-29 12:20:00-04:00,2021-07-29 12:21:00-04:00,1627575600000000000,1627575660000000000,145.9938,145.955,146.0,145.8909,231318.0
86,2021-07-29 12:22:00-04:00,2021-07-29 12:23:00-04:00,1627575720000000000,1627575780000000000,145.9578,145.885,145.98,145.865,167406.0
87,2021-07-29 12:24:00-04:00,2021-07-29 12:25:00-04:00,1627575840000000000,1627575900000000000,145.88,145.9,145.95,145.855,138931.0
88,2021-07-29 12:26:00-04:00,2021-07-29 12:27:00-04:00,1627575960000000000,1627576020000000000,145.9,145.8499,145.92,145.83,117955.0
89,2021-07-29 12:28:00-04:00,2021-07-29 12:29:00-04:00,1627576080000000000,1627576140000000000,145.84,145.87,145.9,145.83,104218.0
90,2021-07-29 12:30:00-04:00,2021-07-29 12:31:00-04:00,1627576200000000000,1627576260000000000,145.88,145.955,145.9599,145.8575,115935.0
91,2021-07-29 12:32:00-04:00,2021-07-29 12:33:00-04:00,1627576320000000000,1627576380000000000,145.95,145.91,145.9525,145.89,108095.0
92,2021-07-29 12:34:00-04:00,2021-07-29 12:35:00-04:00,1627576440000000000,1627576500000000000,145.918,145.93,145.935,145.8625,126418.0
93,2021-07-29 12:36:00-04:00,2021-07-29 12:37:00-04:00,1627576560000000000,1627576620000000000,145.935,145.94,145.955,145.8601,113941.0
94,2021-07-29 12:38:00-04:00,2021-07-29 12:39:00-04:00,1627576680000000000,1627576740000000000,145.94,145.95,145.97,145.92,108784.0
95,2021-07-29 12:40:00-04:00,2021-07-29 12:41:00-04:00,1627576800000000000,1627576860000000000,145.94,145.84,145.975,145.82,150911.0
96,2021-07-29 12:42:00-04:00,2021-07-29 12:43:00-04:00,1627576920000000000,1627576980000000000,145.8399,145.77,145.84,145.765,116414.0
97,2021-07-29 12:44:00-04:00,2021-07-29 12:45:00-04:00,1627577040000000000,1627577100000000000,145.76,145.76,145.79,145.72,117251.0
98,2021-07-29 12:46:00-04:00,2021-07-29 12:47:00-04:00,1627577160000000000,1627577220000000000,145.76,145.77,145.795,145.71,100393.0
99,2021-07-29 12:48:00-04:00,2021-07-29 12:49:00-04:00,1627577280000000000,1627577340000000000,145.7601,145.7801,145.85,145.7601,112824.0
100,2021-07-29 12:50:00-04:00,2021-07-29 12:51:00-04:00,1627577400000000000,1627577460000000000,145.78,145.855,145.855,145.775,100347.0
101,2021-07-29 12:52:00-04:00,2021-07-29 12:53:00-04:00,1627577520000000000,1627577580000000000,145.855,145.81,145.88,145.81,130448.0
102,2021-07-29 12:54:00-04:00,2021-07-29 12:55:00-04:00,1627577640000000000,1627577700000000000,145.805,145.8516,145.8697,145.793,113572.0
103,2021-07-29 12:56:00-04:00,2021-07-29 12:57:00-04:00,1627577760000000000,1627577820000000000,145.86,145.9049,145.925,145.8501,144291.0
104,2021-07-29 12:58:00-04:00,2021-07-29 12:59:00-04:00,1627577880000000000,1627577940000000000,145.905,145.95,145.995,145.9018,147305.0
105,2021-07-29 13:00:00-04:00,2021-07-29 13:01:00-04:00,1627578000000000000,1627578060000000000,145.95,145.941,145.97,145.92,102697.0
106,2021-07-29 13:02:00-04:00,2021-07-29 13:03:00-04:00,1627578120000000000,1627578180000000000,145.94,145.96,145.96,145.9,132601.0
107,2021-07-29 13:04:00-04:00,2021-07-29 13:05:00-04:00,1627578240000000000,1627578300000000000,145.96,145.9862,145.99,145.94,88478.0
108,2021-07-29 13:06:00-04:00,2021-07-29 13:07:00-04:00,1627578360000000000,1627578420000000000,145.985,146.0199,146.0199,145.925,178907.0
109,2021-07-29 13:08:00-04:00,2021-07-29 13:09:00-04:00,1627578480000000000,1627578540000000000,146.02,146.12,146.17,146.015,390109.0
110,2021-07-29 13:10:00-04:00,2021-07-29 13:11:00-04:00,1627578600000000000,1627578660000000000,146.12,146.09,146.1201,146.04,179174.0
111,2021-07-29 13:12:00-04:00,2021-07-29 13:13:00-04:00,1627578720000000000,1627578780000000000,146.1,146.045,146.11,146.03,112081.0
112,2021-07-29 13:14:00-04:00,2021-07-29 13:15:00-04:00,1627578840000000000,1627578900000000000,146.04,146.0499,146.06,146.0,151232.0
113,2021-07-29 13:16:00-04:00,2021-07-29 13:17:00-04:00,1627578960000000000,1627579020000000000,146.05,145.92,146.07,145.9,181696.0
114,2021-07-29 13:18:00-04:00,2021-07-29 13:19:00-04:00,1627579080000000000,1627579140000000000,145.92,145.865,145.93,145.83,132200.0
115,2021-07-29 13:20:00-04:00,2021-07-29 13:21:00-04:00,1627579200000000000,1627579260000000000,145.87,145.9,145.92,145.84,141612.0
116,2021-07-29 13:22:00-04:00,2021-07-29 13:23:00-04:00,1627579320000000000,1627579380000000000,145.905,145.9001,145.95,145.87,139556.0
117,2021-07-29 13:24:00-04:00,2021-07-29 13:25:00-04:00,1627579440000000000,1627579500000000000,145.905,145.89,145.91,145.82,114868.0
118,2021-07-29 13:26:00-04:00,2021-07-29 13:27:00-04:00,1627579560000000000,1627579620000000000,145.89,145.895,145.9,145.81,101131.0
119,2021-07-29 13:28:00-04:00,2021-07-29 13:29:00-04:00,1627579680000000000,1627579740000000000,145.8901,145.95,145.98,145.8901,137592.0
120,2021-07-29 13:30:00-04:00,2021-07-29 13:31:00-04:00,1627579800000000000,1627579860000000000,145.9575,145.96,146.01,145.94,135102.0
121,2021-07-29 13:32:00-04:00,2021-07-29 13:33:00-04:00,1627579920000000000,1627579980000000000,145.95,145.87,145.96,145.87,117308.0
122,2021-07-29 13:34:00-04:00,2021-07-29 13:35:00-04:00,1627580040000000000,1627580100000000000,145.875,145.915,145.93,145.87,111279.0
123,2021-07-29 13:36:00-04:00,2021-07-29 13:37:00-04:00,1627580160000000000,1627580220000000000,145.91,145.915,145.9799,145.88,187034.0
124,2021-07-29 13:38:00-04:00,2021-07-29 13:39:00-04:00,1627580280000000000,1627580340000000000,145.915,145.915,145.94,145.88,80587.0
125,2021-07-29 13:40:00-04:00,2021-07-29 13:41:00-04:00,1627580400000000000,1627580460000000000,145.91,145.79,145.915,145.78,156538.0
126,2021-07-29 13:42:00-04:00,2021-07-29 13:43:00-04:00,1627580520000000000,1627580580000000000,145.795,145.765,145.8,145.72,154707.0
127,2021-07-29 13:44:00-04:00,2021-07-29 13:45:00-04:00,1627580640000000000,1627580700000000000,145.765,145.735,145.845,145.69,184076.0
128,2021-07-29 13:46:00-04:00,2021-07-29 13:47:00-04:00,1627580760000000000,1627580820000000000,145.735,145.7686,145.77,145.71,117595.0
129,2021-07-29 13:48:00-04:00,2021-07-29 13:49:00-04:00,1627580880000000000,1627580940000000000,145.7645,145.725,145.775,145.7,111495.0
130,2021-07-29 13:50:00-04:00,2021-07-29 13:51:00-04:00,1627581000000000000,1627581060000000000,145.7225,145.765,145.81,145.6927,166514.0
131,2021-07-29 13:52:00-04:00,2021-07-29 13:53:00-04:00,1627581120000000000,1627581180000000000,145.765,145.735,145.78,145.7201,113364.0
132,2021-07-29 13:54:00-04:00,2021-07-29 13:55:00-04:00,1627581240000000000,1627581300000000000,145.73,145.7199,145.775,145.695,120658.0
133,2021-07-29 13:56:00-04:00,2021-07-29 13:57:00-04:00,1627581360000000000,1627581420000000000,145.7111,145.7399,145.74,145.68,182735.0
134,2021-07-29 13:58:00-04:00,2021-07-29 13:59:00-04:00,1627581480000000000,1627581540000000000,145.7301,145.8015,145.84,145.7301,139871.0
135,2021-07-29 14:00:00-04:00,2021-07-29 14:01:00-04:00,1627581600000000000,1627581660000000000,145.81,145.8427,145.8748,145.8013,128803.0
136,2021-07-29 14:02:00-04:00,2021-07-29 14:03:00-04:00,1627581720000000000,1627581780000000000,145.84,145.8798,145.88,145.78,132530.0
137,2021-07-29 14:04:00-04:00,2021-07-29 14:05:00-04:00,1627581840000000000,1627581900000000000,145.875,145.85,145.91,145.84,128913.0
138,2021-07-29 14:06:00-04:00,2021-07-29 14:07:00-04:00,1627581960000000000,1627582020000000000,145.85,145.9001,145.935,145.845,98666.0
139,2021-07-29 14:08:00-04:00,2021-07-29 14:09:00-04:00,1627582080000000000,1627582140000000000,145.905,145.895,145.925,145.86,92771.0
140,2021-07-29 14:10:00-04:00,2021-07-29 14:11:00-04:00,1627582200000000000,1627582260000000000,145.89,145.895,145.925,145.86,93309.0
141,2021-07-29 14:12:00-04:00,2021-07-29 14:13:00-04:00,1627582320000000000,1627582380000000000,145.895,145.94,145.95,145.895,104409.0
142,2021-07-29 14:14:00-04:00,2021-07-29 14:15:00-04:00,1627582440000000000,1627582500000000000,145.93,145.915,145.95,145.875,113962.0
143,2021-07-29 14:16:00-04:00,2021-07-29 14:17:00-04:00,1627582560000000000,1627582620000000000,145.915,145.89,145.929,145.82,151136.0
144,2021-07-29 14:18:00-04:00,2021-07-29 14:19:00-04:00,1627582680000000000,1627582740000000000,145.8909,145.905,145.919,145.855,104777.0
145,2021-07-29 14:20:00-04:00,2021-07-29 14:21:00-04:00,1627582800000000000,1627582860000000000,145.901,145.825,145.91,145.8,157254.0
146,2021-07-29 14:22:00-04:00,2021-07-29 14:23:00-04:00,1627582920000000000,1627582980000000000,145.83,145.915,145.92,145.83,111294.0
147,2021-07-29 14:24:00-04:00,2021-07-29 14:25:00-04:00,1627583040000000000,1627583100000000000,145.9,145.8777,145.93,145.87,127496.0
148,2021-07-29 14:26:00-04:00,2021-07-29 14:27:00-04:00,1627583160000000000,1627583220000000000,145.88,145.9401,146.01,145.875,214491.0
149,2021-07-29 14:28:00-04:00,2021-07-29 14:29:00-04:00,1627583280000000000,1627583340000000000,145.95,145.9218,145.99,145.905,122185.0
150,2021-07-29 14:30:00-04:00,2021-07-29 14:31:00-04:00,1627583400000000000,1627583460000000000,145.925,145.955,145.955,145.8901,117048.0
151,2021-07-29 14:32:00-04:00,2021-07-29 14:33:00-04:00,1627583520000000000,1627583580000000000,145.955,145.935,145.955,145.9,104872.0
152,2021-07-29 14:34:00-04:00,2021-07-29 14:35:00-04:00,1627583640000000000,1627583700000000000,145.937,145.935,145.96,145.9,105035.0
153,2021-07-29 14:36:00-04:00,2021-07-29 14:37:00-04:00,1627583760000000000,1627583820000000000,145.93,145.85,145.93,145.835,208669.0
154,2021-07-29 14:38:00-04:00,2021-07-29 14:39:00-04:00,1627583880000000000,1627583940000000000,145.8468,145.85,145.89,145.81,148325.0
155,2021-07-29 14:40:00-04:00,2021-07-29 14:41:00-04:00,1627584000000000000,1627584060000000000,145.851,145.9,145.9,145.81,159458.0
156,2021-07-29 14:42:00-04:00,2021-07-29 14:43:00-04:00,1627584120000000000,1627584180000000000,145.8911,145.85,145.905,145.85,120313.0
157,2021-07-29 14:44:00-04:00,2021-07-29 14:45:00-04:00,1627584240000000000,1627584300000000000,145.85,145.917,145.92,145.8312,162553.0
158,2021-07-29 14:46:00-04:00,2021-07-29 14:47:00-04:00,1627584360000000000,1627584420000000000,145.91,145.88,145.94,145.86,84703.0
159,2021-07-29 14:48:00-04:00,2021-07-29 14:49:00-04:00,1627584480000000000,1627584540000000000,145.8771,145.86,145.907,145.85,86090.0
160,2021-07-29 14:50:00-04:00,2021-07-29 14:51:00-04:00,1627584600000000000,1627584660000000000,145.86,145.855,145.91,145.85,157831.0
161,2021-07-29 14:52:00-04:00,2021-07-29 14:53:00-04:00,1627584720000000000,1627584780000000000,145.86,145.785,145.86,145.7801,133632.0
162,2021-07-29 14:54:00-04:00,2021-07-29 14:55:00-04:00,1627584840000000000,1627584900000000000,145.78,145.82,145.82,145.765,125003.0
163,2021-07-29 14:56:00-04:00,2021-07-29 14:57:00-04:00,1627584960000000000,1627585020000000000,145.81,145.795,145.8287,145.78,104348.0
164,2021-07-29 14:58:00-04:00,2021-07-29 14:59:00-04:00,1627585080000000000,1627585140000000000,145.795,145.805,145.81,145.76,94818.0
165,2021-07-29 15:00:00-04:00,2021-07-29 15:01:00-04:00,1627585200000000000,1627585260000000000,145.8,145.785,145.81,145.765,107989.0
166,2021-07-29 15:02:00-04:00,2021-07-29 15:03:00-04:00,1627585320000000000,1627585380000000000,145.795,145.765,145.84,145.76,108296.0
167,2021-07-29 15:04:00-04:00,2021-07-29 15:05:00-04:00,1627585440000000000,1627585500000000000,145.76,145.7451,145.79,145.72,205631.0
168,2021-07-29 15:06:00-04:00,2021-07-29 15:07:00-04:00,1627585560000000000,1627585620000000000,145.745,145.75,145.775,145.72,106124.0
169,2021-07-29 15:08:00-04:00,2021-07-29 15:09:00-04:00,1627585680000000000,1627585740000000000,145.75,145.755,145.78,145.725,141753.0
170,2021-07-29 15:10:00-04:00,2021-07-29 15:11:00-04:00,1627585800000000000,1627585860000000000,145.75,145.75,145.8,145.73,134972.0
171,2021-07-29 15:12:00-04:00,2021-07-29 15:13:00-04:00,1627585920000000000,1627585980000000000,145.7501,145.765,145.79,145.73,129830.0
172,2021-07-29 15:14:00-04:00,2021-07-29 15:15:00-04:00,1627586040000000000,1627586100000000000,145.76,145.815,145.815,145.73,114574.0
173,2021-07-29 15:16:00-04:00,2021-07-29 15:17:00-04:00,1627586160000000000,1627586220000000000,145.815,145.7911,145.86,145.78,214749.0
174,2021-07-29 15:18:00-04:00,2021-07-29 15:19:00-04:00,1627586280000000000,1627586340000000000,145.79,145.8,145.84,145.76,146372.0
175,2021-07-29 15:20:00-04:00,2021-07-29 15:21:00-04:00,1627586400000000000,1627586460000000000,145.8,145.775,145.8,145.75,129876.0
176,2021-07-29 15:22:00-04:00,2021-07-29 15:23:00-04:00,1627586520000000000,1627586580000000000,145.77,145.8,145.85,145.7401,161869.0
177,2021-07-29 15:24:00-04:00,2021-07-29 15:25:00-04:00,1627586640000000000,1627586700000000000,145.81,145.745,145.83,145.73,192775.0
178,2021-07-29 15:26:00-04:00,2021-07-29 15:27:00-04:00,1627586760000000000,1627586820000000000,145.7401,145.7401,145.75,145.7,121835.0
179,2021-07-29 15:28:00-04:00,2021-07-29 15:29:00-04:00,1627586880000000000,1627586940000000000,145.7401,145.67,145.76,145.645,287832.0
180,2021-07-29 15:30:00-04:00,2021-07-29 15:31:00-04:00,1627587000000000000,1627587060000000000,145.68,145.585,145.71,145.5601,246857.0
181,2021-07-29 15:32:00-04:00,2021-07-29 15:33:00-04:00,1627587120000000000,1627587180000000000,145.5829,145.5853,145.6,145.55,163599.0
182,2021-07-29 15:34:00-04:00,2021-07-29 15:35:00-04:00,1627587240000000000,1627587300000000000,145.585,145.655,145.67,145.583,165724.0
183,2021-07-29 15:36:00-04:00,2021-07-29 15:37:00-04:00,1627587360000000000,1627587420000000000,145.6548,145.655,145.67,145.57,237447.0
184,2021-07-29 15:38:00-04:00,2021-07-29 15:39:00-04:00,1627587480000000000,1627587540000000000,145.655,145.5982,145.69,145.5901,185790.0
185,2021-07-29 15:40:00-04:00,2021-07-29 15:41:00-04:00,1627587600000000000,1627587660000000000,145.6,145.565,145.62,145.55,200719.0
186,2021-07-29 15:42:00-04:00,2021-07-29 15:43:00-04:00,1627587720000000000,1627587780000000000,145.56,145.62,145.65,145.55,233166.0
187,2021-07-29 15:44:00-04:00,2021-07-29 15:45:00-04:00,1627587840000000000,1627587900000000000,145.63,145.6553,145.6599,145.605,273356.0
188,2021-07-29 15:46:00-04:00,2021-07-29 15:47:00-04:00,1627587960000000000,1627588020000000000,145.655,145.6601,145.69,145.595,226649.0
189,2021-07-29 15:48:00-04:00,2021-07-29 15:49:00-04:00,1627588080000000000,1627588140000000000,145.6631,145.709,145.73,145.66,321464.0
190,2021-07-29 15:50:00-04:00,2021-07-29 15:51:00-04:00,1627588200000000000,1627588260000000000,145.71,145.66,145.72,145.6,505009.0
191,2021-07-29 15:52:00-04:00,2021-07-29 15:53:00-04:00,1627588320000000000,1627588380000000000,145.655,145.6774,145.7,145.63,316013.0
192,2021-07-29 15:54:00-04:00,2021-07-29 15:55:00-04:00,1627588440000000000,1627588500000000000,145.675,145.73,145.749,145.625,514898.0
193,2021-07-29 15:56:00-04:00,2021-07-29 15:57:00-04:00,1627588560000000000,1627588620000000000,145.7375,145.715,145.76,145.695,507827.0
194,2021-07-29 15:58:00-04:00,2021-07-29 15:59:00-04:00,1627588680000000000,1627588740000000000,145.72,145.62,145.73,145.59,860542.0
195,2021-07-30 09:30:00-04:00,2021-07-30 09:31:00-04:00,1627651800000000000,1627651860000000000,144.38,145.2,145.33,144.35,1982792.0
196,2021-07-30 09:32:00-04:00,2021-07-30 09:33:00-04:00,1627651920000000000,1627651980000000000,145.215,144.93,145.27,144.88,761761.0
197,2021-07-30 09:34:00-04:00,2021-07-30 09:35:00-04:00,1627652040000000000,1627652100000000000,144.93,144.32,144.94,144.27,1100618.0
198,2021-07-30 09:36:00-04:00,2021-07-30 09:37:00-04:00,1627652160000000000,1627652220000000000,144.31,144.37,144.52,144.19,911002.0
199,2021-07-30 09:38:00-04:00,2021-07-30 09:39:00-04:00,1627652280000000000,1627652340000000000,144.38,144.25,144.47,144.11,873775.0
200,2021-07-30 09:40:00-04:00,2021-07-30 09:41:00-04:00,1627652400000000000,1627652460000000000,144.25,144.5,144.54,144.19,793317.0
201,2021-07-30 09:42:00-04:00,2021-07-30 09:43:00-04:00,1627652520000000000,1627652580000000000,144.51,144.868,144.89,144.48,850457.0
202,2021-07-30 09:44:00-04:00,2021-07-30 09:45:00-04:00,1627652640000000000,1627652700000000000,144.88,145.09,145.18,144.81,677244.0
203,2021-07-30 09:46:00-04:00,2021-07-30 09:47:00-04:00,1627652760000000000,1627652820000000000,145.07,145.015,145.13,144.89,536588.0
204,2021-07-30 09:48:00-04:00,2021-07-30 09:49:00-04:00,1627652880000000000,1627652940000000000,145.0059,145.13,145.16,144.89,466088.0
205,2021-07-30 09:50:00-04:00,2021-07-30 09:51:00-04:00,1627653000000000000,1627653060000000000,145.13,145.165,145.205,145.04,460794.0
206,2021-07-30 09:52:00-04:00,2021-07-30 09:53:00-04:00,1627653120000000000,1627653180000000000,145.17,144.99,145.28,144.97,577106.0
207,2021-07-30 09:54:00-04:00,2021-07-30 09:55:00-04:00,1627653240000000000,1627653300000000000,144.995,144.94,145.1,144.85,514640.0
208,2021-07-30 09:56:00-04:00,2021-07-30 09:57:00-04:00,1627653360000000000,1627653420000000000,144.93,144.965,145.05,144.86,369490.0
209,2021-07-30 09:58:00-04:00,2021-07-30 09:59:00-04:00,1627653480000000000,1627653540000000000,144.975,145.1,145.14,144.87,356827.0
210,2021-07-30 10:00:00-04:00,2021-07-30 10:01:00-04:00,1627653600000000000,1627653660000000000,145.12,145.165,145.2686,145.1001,508454.0
211,2021-07-30 10:02:00-04:00,2021-07-30 10:03:00-04:00,1627653720000000000,1627653780000000000,145.17,145.13,145.3,145.13,381978.0
212,2021-07-30 10:04:00-04:00,2021-07-30 10:05:00-04:00,1627653840000000000,1627653900000000000,145.135,145.145,145.27,145.04,326454.0
213,2021-07-30 10:06:00-04:00,2021-07-30 10:07:00-04:00,1627653960000000000,1627654020000000000,145.15,145.0355,145.21,145.0301,272311.0
214,2021-07-30 10:08:00-04:00,2021-07-30 10:09:00-04:00,1627654080000000000,1627654140000000000,145.045,144.86,145.05,144.85,430952.0
215,2021-07-30 10:10:00-04:00,2021-07-30 10:11:00-04:00,1627654200000000000,1627654260000000000,144.86,144.71,144.9699,144.6899,526580.0
216,2021-07-30 10:12:00-04:00,2021-07-30 10:13:00-04:00,1627654320000000000,1627654380000000000,144.72,144.76,144.8099,144.62,565405.0
217,2021-07-30 10:14:00-04:00,2021-07-30 10:15:00-04:00,1627654440000000000,1627654500000000000,144.751,144.765,144.855,144.72,331861.0
218,2021-07-30 10:16:00-04:00,2021-07-30 10:17:00-04:00,1627654560000000000,1627654620000000000,144.7699,144.845,144.8494,144.64,357418.0
219,2021-07-30 10:18:00-04:00,2021-07-30 10:19:00-04:00,1627654680000000000,1627654740000000000,144.8498,144.701,144.8872,144.635,460631.0
220,2021-07-30 10:20:00-04:00,2021-07-30 10:21:00-04:00,1627654800000000000,1627654860000000000,144.7017,144.74,144.845,144.66,373945.0
221,2021-07-30 10:22:00-04:00,2021-07-30 10:23:00-04:00,1627654920000000000,1627654980000000000,144.73,144.62,144.73,144.525,459439.0
222,2021-07-30 10:24:00-04:00,2021-07-30 10:25:00-04:00,1627655040000000000,1627655100000000000,144.6299,144.65,144.715,144.54,390799.0
223,2021-07-30 10:26:00-04:00,2021-07-30 10:27:00-04:00,1627655160000000000,1627655220000000000,144.66,144.615,144.8,144.61,335620.0
224,2021-07-30 10:28:00-04:00,2021-07-30 10:29:00-04:00,1627655280000000000,1627655340000000000,144.61,144.75,144.8099,144.61,286304.0
225,2021-07-30 10:30:00-04:00,2021-07-30 10:31:00-04:00,1627655400000000000,1627655460000000000,144.75,144.775,144.78,144.63,278067.0
226,2021-07-30 10:32:00-04:00,2021-07-30 10:33:00-04:00,1627655520000000000,1627655580000000000,144.77,144.5699,144.78,144.55,307338.0
227,2021-07-30 10:34:00-04:00,2021-07-30 10:35:00-04:00,1627655640000000000,1627655700000000000,144.56,144.7801,144.8,144.55,388352.0
228,2021-07-30 10:36:00-04:00,2021-07-30 10:37:00-04:00,1627655760000000000,1627655820000000000,144.7807,144.81,144.8499,144.75,286584.0
229,2021-07-30 10:38:00-04:00,2021-07-30 10:39:00-04:00,1627655880000000000,1627655940000000000,144.805,144.9144,144.935,144.8023,345614.0
230,2021-07-30 10:40:00-04:00,2021-07-30 10:41:00-04:00,1627656000000000000,1627656060000000000,144.9151,144.95,145.0,144.89,290639.0
231,2021-07-30 10:42:00-04:00,2021-07-30 10:43:00-04:00,1627656120000000000,1627656180000000000,144.95,144.88,145.0,144.84,260745.0
232,2021-07-30 10:44:00-04:00,2021-07-30 10:45:00-04:00,1627656240000000000,1627656300000000000,144.88,144.755,144.88,144.71,314166.0
233,2021-07-30 10:46:00-04:00,2021-07-30 10:47:00-04:00,1627656360000000000,1627656420000000000,144.76,144.752,144.81,144.7314,235176.0
234,2021-07-30 10:48:00-04:00,2021-07-30 10:49:00-04:00,1627656480000000000,1627656540000000000,144.755,144.665,144.83,144.65,277569.0
235,2021-07-30 10:50:00-04:00,2021-07-30 10:51:00-04:00,1627656600000000000,1627656660000000000,144.665,144.725,144.7979,144.65,235453.0
236,2021-07-30 10:52:00-04:00,2021-07-30 10:53:00-04:00,1627656720000000000,1627656780000000000,144.73,144.75,144.8,144.69,158530.0
237,2021-07-30 10:54:00-04:00,2021-07-30 10:55:00-04:00,1627656840000000000,1627656900000000000,144.76,144.795,144.81,144.72,178715.0
238,2021-07-30 10:56:00-04:00,2021-07-30 10:57:00-04:00,1627656960000000000,1627657020000000000,144.79,144.8088,144.855,144.75,195780.0
239,2021-07-30 10:58:00-04:00,2021-07-30 10:59:00-04:00,1627657080000000000,1627657140000000000,144.805,144.8,144.905,144.79,291089.0
240,2021-07-30 11:00:00-04:00,2021-07-30 11:01:00-04:00,1627657200000000000,1627657260000000000,144.79,144.7,144.82,144.665,340888.0
241,2021-07-30 11:02:00-04:00,2021-07-30 11:03:00-04:00,1627657320000000000,1627657380000000000,144.7,144.75,144.79,144.67,191939.0
242,2021-07-30 11:04:00-04:00,2021-07-30 11:05:00-04:00,1627657440000000000,1627657500000000000,144.75,144.758,144.81,144.71,215657.0
243,2021-07-30 11:06:00-04:00,2021-07-30 11:07:00-04:00,1627657560000000000,1627657620000000000,144.76,144.9976,145.01,144.755,356637.0
244,2021-07-30 11:08:00-04:00,2021-07-30 11:09:00-04:00,1627657680000000000,1627657740000000000,144.9999,145.0132,145.03,144.94,211250.0
245,2021-07-30 11:10:00-04:00,2021-07-30 11:11:00-04:00,1627657800000000000,1627657860000000000,145.0183,144.974,145.07,144.94,206480.0
246,2021-07-30 11:12:00-04:00,2021-07-30 11:13:00-04:00,1627657920000000000,1627657980000000000,144.975,145.0661,145.07,144.9043,255348.0
247,2021-07-30 11:14:00-04:00,2021-07-30 11:15:00-04:00,1627658040000000000,1627658100000000000,145.06,144.8803,145.08,144.78,338908.0
248,2021-07-30 11:16:00-04:00,2021-07-30 11:17:00-04:00,1627658160000000000,1627658220000000000,144.89,144.82,144.92,144.82,180708.0
249,2021-07-30 11:18:00-04:00,2021-07-30 11:19:00-04:00,1627658280000000000,1627658340000000000,144.81,144.7452,144.85,144.72,231457.0
250,2021-07-30 11:20:00-04:00,2021-07-30 11:21:00-04:00,1627658400000000000,1627658460000000000,144.7415,144.81,144.83,144.725,209698.0
251,2021-07-30 11:22:00-04:00,2021-07-30 11:23:00-04:00,1627658520000000000,1627658580000000000,144.8101,144.825,144.88,144.81,161694.0
252,2021-07-30 11:24:00-04:00,2021-07-30 11:25:00-04:00,1627658640000000000,1627658700000000000,144.8241,144.84,144.8986,144.81,168427.0
253,2021-07-30 11:26:00-04:00,2021-07-30 11:27:00-04:00,1627658760000000000,1627658820000000000,144.84,144.9,144.94,144.8,239288.0
254,2021-07-30 11:28:00-04:00,2021-07-30 11:29:00-04:00,1627658880000000000,1627658940000000000,144.92,145.035,145.08,144.91,1811035.0
255,2021-07-30 11:30:00-04:00,2021-07-30 11:31:00-04:00,1627659000000000000,1627659060000000000,145.03,145.085,145.1299,145.01,201916.0
256,2021-07-30 11:32:00-04:00,2021-07-30 11:33:00-04:00,1627659120000000000,1627659180000000000,145.0801,144.985,145.1,144.96,230776.0
257,2021-07-30 11:34:00-04:00,2021-07-30 11:35:00-04:00,1627659240000000000,1627659300000000000,144.99,145.08,145.095,144.93,230361.0
258,2021-07-30 11:36:00-04:00,2021-07-30 11:37:00-04:00,1627659360000000000,1627659420000000000,145.075,144.93,145.1099,144.91,198349.0
259,2021-07-30 11:38:00-04:00,2021-07-30 11:39:00-04:00,1627659480000000000,1627659540000000000,144.93,144.975,145.03,144.91,152589.0
260,2021-07-30 11:40:00-04:00,2021-07-30 11:41:00-04:00,1627659600000000000,1627659660000000000,144.97,144.96,145.0,144.91,144866.0
261,2021-07-30 11:42:00-04:00,2021-07-30 11:43:00-04:00,1627659720000000000,1627659780000000000,144.95,144.975,145.02,144.935,133471.0
262,2021-07-30 11:44:00-04:00,2021-07-30 11:45:00-04:00,1627659840000000000,1627659900000000000,144.98,144.98,145.03,144.94,158884.0
263,2021-07-30 11:46:00-04:00,2021-07-30 11:47:00-04:00,1627659960000000000,1627660020000000000,144.97,144.895,144.985,144.88,158948.0
264,2021-07-30 11:48:00-04:00,2021-07-30 11:49:00-04:00,1627660080000000000,1627660140000000000,144.8999,144.86,144.93,144.83,172437.0
265,2021-07-30 11:50:00-04:00,2021-07-30 11:51:00-04:00,1627660200000000000,1627660260000000000,144.8678,144.96,144.99,144.865,121789.0
266,2021-07-30 11:52:00-04:00,2021-07-30 11:53:00-04:00,1627660320000000000,1627660380000000000,144.95,145.1099,145.11,144.92,212046.0
267,2021-07-30 11:54:00-04:00,2021-07-30 11:55:00-04:00,1627660440000000000,1627660500000000000,145.1,145.13,145.18,145.07,249950.0
268,2021-07-30 11:56:00-04:00,2021-07-30 11:57:00-04:00,1627660560000000000,1627660620000000000,145.13,145.01,145.15,145.01,192527.0
269,2021-07-30 11:58:00-04:00,2021-07-30 11:59:00-04:00,1627660680000000000,1627660740000000000,145.01,145.12,145.1399,144.99,127142.0
270,2021-07-30 12:00:00-04:00,2021-07-30 12:01:00-04:00,1627660800000000000,1627660860000000000,145.11,145.18,145.2,145.07,195692.0
271,2021-07-30 12:02:00-04:00,2021-07-30 12:03:00-04:00,1627660920000000000,1627660980000000000,145.185,145.245,145.3,145.17,363768.0
272,2021-07-30 12:04:00-04:00,2021-07-30 12:05:00-04:00,1627661040000000000,1627661100000000000,145.246,145.11,145.25,145.11,192445.0
273,2021-07-30 12:06:00-04:00,2021-07-30 12:07:00-04:00,1627661160000000000,1627661220000000000,145.11,145.04,145.12,145.02,165766.0
274,2021-07-30 12:08:00-04:00,2021-07-30 12:09:00-04:00,1627661280000000000,1627661340000000000,145.04,145.0286,145.1,145.02,143241.0
275,2021-07-30 12:10:00-04:00,2021-07-30 12:11:00-04:00,1627661400000000000,1627661460000000000,145.0225,145.0799,145.11,145.02,171299.0
276,2021-07-30 12:12:00-04:00,2021-07-30 12:13:00-04:00,1627661520000000000,1627661580000000000,145.0701,145.055,145.08,144.95,205801.0
277,2021-07-30 12:14:00-04:00,2021-07-30 12:15:00-04:00,1627661640000000000,1627661700000000000,145.06,145.005,145.0999,144.98,200555.0
278,2021-07-30 12:16:00-04:00,2021-07-30 12:17:00-04:00,1627661760000000000,1627661820000000000,145.01,145.085,145.1,144.99,183669.0
279,2021-07-30 12:18:00-04:00,2021-07-30 12:19:00-04:00,1627661880000000000,1627661940000000000,145.08,145.28,145.32,145.05,299588.0
280,2021-07-30 12:20:00-04:00,2021-07-30 12:21:00-04:00,1627662000000000000,1627662060000000000,145.2801,145.2083,145.2899,145.18,157607.0
281,2021-07-30 12:22:00-04:00,2021-07-30 12:23:00-04:00,1627662120000000000,1627662180000000000,145.2,145.1999,145.2099,145.13,155541.0
282,2021-07-30 12:24:00-04:00,2021-07-30 12:25:00-04:00,1627662240000000000,1627662300000000000,145.19,145.235,145.245,145.17,132239.0
283,2021-07-30 12:26:00-04:00,2021-07-30 12:27:00-04:00,1627662360000000000,1627662420000000000,145.24,145.2699,145.27,145.2,111927.0
284,2021-07-30 12:28:00-04:00,2021-07-30 12:29:00-04:00,1627662480000000000,1627662540000000000,145.2601,145.2386,145.2601,145.18,120243.0
285,2021-07-30 12:30:00-04:00,2021-07-30 12:31:00-04:00,1627662600000000000,1627662660000000000,145.24,145.176,145.26,145.17,135989.0
286,2021-07-30 12:32:00-04:00,2021-07-30 12:33:00-04:00,1627662720000000000,1627662780000000000,145.17,145.1824,145.215,145.17,133747.0
287,2021-07-30 12:34:00-04:00,2021-07-30 12:35:00-04:00,1627662840000000000,1627662900000000000,145.19,145.238,145.25,145.17,155992.0
288,2021-07-30 12:36:00-04:00,2021-07-30 12:37:00-04:00,1627662960000000000,1627663020000000000,145.24,145.28,145.29,145.22,118745.0
289,2021-07-30 12:38:00-04:00,2021-07-30 12:39:00-04:00,1627663080000000000,1627663140000000000,145.28,145.2072,145.28,145.19,141530.0
290,2021-07-30 12:40:00-04:00,2021-07-30 12:41:00-04:00,1627663200000000000,1627663260000000000,145.2,145.185,145.24,145.18,107612.0
291,2021-07-30 12:42:00-04:00,2021-07-30 12:43:00-04:00,1627663320000000000,1627663380000000000,145.19,145.205,145.21,145.14,132913.0
292,2021-07-30 12:44:00-04:00,2021-07-30 12:45:00-04:00,1627663440000000000,1627663500000000000,145.2,145.2301,145.28,145.2,140842.0
293,2021-07-30 12:46:00-04:00,2021-07-30 12:47:00-04:00,1627663560000000000,1627663620000000000,145.24,145.395,145.4,145.24,189370.0
294,2021-07-30 12:48:00-04:00,2021-07-30 12:49:00-04:00,1627663680000000000,1627663740000000000,145.4,145.4514,145.5,145.395,267973.0
295,2021-07-30 12:50:00-04:00,2021-07-30 12:51:00-04:00,1627663800000000000,1627663860000000000,145.4599,145.38,145.48,145.37,172439.0
296,2021-07-30 12:52:00-04:00,2021-07-30 12:53:00-04:00,1627663920000000000,1627663980000000000,145.38,145.3901,145.4,145.36,105104.0
297,2021-07-30 12:54:00-04:00,2021-07-30 12:55:00-04:00,1627664040000000000,1627664100000000000,145.39,145.29,145.4,145.22,350642.0
298,2021-07-30 12:56:00-04:00,2021-07-30 12:57:00-04:00,1627664160000000000,1627664220000000000,145.3,145.43,145.48,145.3,244924.0
299,2021-07-30 12:58:00-04:00,2021-07-30 12:59:00-04:00,1627664280000000000,1627664340000000000,145.4399,145.4776,145.48,145.39,118727.0
300,2021-07-30 13:00:00-04:00,2021-07-30 13:01:00-04:00,1627664400000000000,1627664460000000000,145.4793,145.3731,145.5,145.3625,218031.0
301,2021-07-30 13:02:00-04:00,2021-07-30 13:03:00-04:00,1627664520000000000,1627664580000000000,145.38,145.385,145.4171,145.35,156212.0
302,2021-07-30 13:04:00-04:00,2021-07-30 13:05:00-04:00,1627664640000000000,1627664700000000000,145.385,145.435,145.45,145.36,117456.0
303,2021-07-30 13:06:00-04:00,2021-07-30 13:07:00-04:00,1627664760000000000,1627664820000000000,145.445,145.49,145.53,145.4,144388.0
304,2021-07-30 13:08:00-04:00,2021-07-30 13:09:00-04:00,1627664880000000000,1627664940000000000,145.4902,145.494,145.5302,145.48,179250.0
305,2021-07-30 13:10:00-04:00,2021-07-30 13:11:00-04:00,1627665000000000000,1627665060000000000,145.5,145.5,145.5399,145.4801,126735.0
306,2021-07-30 13:12:00-04:00,2021-07-30 13:13:00-04:00,1627665120000000000,1627665180000000000,145.5,145.553,145.56,145.48,158433.0
307,2021-07-30 13:14:00-04:00,2021-07-30 13:15:00-04:00,1627665240000000000,1627665300000000000,145.55,145.63,145.64,145.52,214706.0
308,2021-07-30 13:16:00-04:00,2021-07-30 13:17:00-04:00,1627665360000000000,1627665420000000000,145.625,145.5601,145.65,145.56,172802.0
309,2021-07-30 13:18:00-04:00,2021-07-30 13:19:00-04:00,1627665480000000000,1627665540000000000,145.5601,145.477,145.565,145.4744,171622.0
310,2021-07-30 13:20:00-04:00,2021-07-30 13:21:00-04:00,1627665600000000000,1627665660000000000,145.48,145.48,145.5299,145.45,179880.0
311,2021-07-30 13:22:00-04:00,2021-07-30 13:23:00-04:00,1627665720000000000,1627665780000000000,145.48,145.49,145.55,145.45,153583.0
312,2021-07-30 13:24:00-04:00,2021-07-30 13:25:00-04:00,1627665840000000000,1627665900000000000,145.49,145.555,145.6299,145.49,166892.0
313,2021-07-30 13:26:00-04:00,2021-07-30 13:27:00-04:00,1627665960000000000,1627666020000000000,145.5519,145.665,145.68,145.54,147139.0
314,2021-07-30 13:28:00-04:00,2021-07-30 13:29:00-04:00,1627666080000000000,1627666140000000000,145.6642,145.66,145.75,145.63,218777.0
315,2021-07-30 13:30:00-04:00,2021-07-30 13:31:00-04:00,1627666200000000000,1627666260000000000,145.66,145.74,145.74,145.655,149788.0
316,2021-07-30 13:32:00-04:00,2021-07-30 13:33:00-04:00,1627666320000000000,1627666380000000000,145.74,145.8244,145.85,145.74,251493.0
317,2021-07-30 13:34:00-04:00,2021-07-30 13:35:00-04:00,1627666440000000000,1627666500000000000,145.825,145.8716,145.88,145.815,224809.0
318,2021-07-30 13:36:00-04:00,2021-07-30 13:37:00-04:00,1627666560000000000,1627666620000000000,145.875,145.84,145.905,145.84,228333.0
319,2021-07-30 13:38:00-04:00,2021-07-30 13:39:00-04:00,1627666680000000000,1627666740000000000,145.84,145.8701,145.88,145.81,143688.0
320,2021-07-30 13:40:00-04:00,2021-07-30 13:41:00-04:00,1627666800000000000,1627666860000000000,145.8701,145.8,145.8701,145.79,189904.0
321,2021-07-30 13:42:00-04:00,2021-07-30 13:43:00-04:00,1627666920000000000,1627666980000000000,145.795,145.845,145.85,145.72,166245.0
322,2021-07-30 13:44:00-04:00,2021-07-30 13:45:00-04:00,1627667040000000000,1627667100000000000,145.8457,145.77,145.85,145.72,175507.0
323,2021-07-30 13:46:00-04:00,2021-07-30 13:47:00-04:00,1627667160000000000,1627667220000000000,145.77,145.71,145.78,145.69,146985.0
324,2021-07-30 13:48:00-04:00,2021-07-30 13:49:00-04:00,1627667280000000000,1627667340000000000,145.715,145.795,145.8,145.665,152049.0
325,2021-07-30 13:50:00-04:00,2021-07-30 13:51:00-04:00,1627667400000000000,1627667460000000000,145.7999,145.835,145.845,145.785,140823.0
326,2021-07-30 13:52:00-04:00,2021-07-30 13:53:00-04:00,1627667520000000000,1627667580000000000,145.83,145.855,145.87,145.77,226427.0
327,2021-07-30 13:54:00-04:00,2021-07-30 13:55:00-04:00,1627667640000000000,1627667700000000000,145.8634,145.745,145.8699,145.69,167082.0
328,2021-07-30 13:56:00-04:00,2021-07-30 13:57:00-04:00,1627667760000000000,1627667820000000000,145.7499,145.77,145.81,145.72,118320.0
329,2021-07-30 13:58:00-04:00,2021-07-30 13:59:00-04:00,1627667880000000000,1627667940000000000,145.76,145.748,145.785,145.73,108444.0
330,2021-07-30 14:00:00-04:00,2021-07-30 14:01:00-04:00,1627668000000000000,1627668060000000000,145.745,145.69,145.7711,145.66,186121.0
331,2021-07-30 14:02:00-04:00,2021-07-30 14:03:00-04:00,1627668120000000000,1627668180000000000,145.69,145.805,145.83,145.69,176265.0
332,2021-07-30 14:04:00-04:00,2021-07-30 14:05:00-04:00,1627668240000000000,1627668300000000000,145.8031,145.7401,145.8031,145.7,137586.0
333,2021-07-30 14:06:00-04:00,2021-07-30 14:07:00-04:00,1627668360000000000,1627668420000000000,145.75,145.8099,145.8099,145.715,201676.0
334,2021-07-30 14:08:00-04:00,2021-07-30 14:09:00-04:00,1627668480000000000,1627668540000000000,145.81,145.9201,145.94,145.8,231722.0
335,2021-07-30 14:10:00-04:00,2021-07-30 14:11:00-04:00,1627668600000000000,1627668660000000000,145.9283,145.9499,145.97,145.9,232599.0
336,2021-07-30 14:12:00-04:00,2021-07-30 14:13:00-04:00,1627668720000000000,1627668780000000000,145.945,145.945,145.97,145.93,174726.0
337,2021-07-30 14:14:00-04:00,2021-07-30 14:15:00-04:00,1627668840000000000,1627668900000000000,145.95,145.9101,145.96,145.895,155617.0
338,2021-07-30 14:16:00-04:00,2021-07-30 14:17:00-04:00,1627668960000000000,1627669020000000000,145.92,145.915,145.95,145.81,268167.0
339,2021-07-30 14:18:00-04:00,2021-07-30 14:19:00-04:00,1627669080000000000,1627669140000000000,145.93,145.9802,145.99,145.915,213962.0
340,2021-07-30 14:20:00-04:00,2021-07-30 14:21:00-04:00,1627669200000000000,1627669260000000000,145.98,146.03,146.055,145.9726,498777.0
341,2021-07-30 14:22:00-04:00,2021-07-30 14:23:00-04:00,1627669320000000000,1627669380000000000,146.0282,146.0701,146.13,146.0101,217220.0
342,2021-07-30 14:24:00-04:00,2021-07-30 14:25:00-04:00,1627669440000000000,1627669500000000000,146.075,146.1483,146.15,146.025,233543.0
343,2021-07-30 14:26:00-04:00,2021-07-30 14:27:00-04:00,1627669560000000000,1627669620000000000,146.15,146.205,146.2395,146.14,280382.0
344,2021-07-30 14:28:00-04:00,2021-07-30 14:29:00-04:00,1627669680000000000,1627669740000000000,146.21,146.185,146.29,146.18,322232.0
345,2021-07-30 14:30:00-04:00,2021-07-30 14:31:00-04:00,1627669800000000000,1627669860000000000,146.185,146.2253,146.285,146.175,261832.0
346,2021-07-30 14:32:00-04:00,2021-07-30 14:33:00-04:00,1627669920000000000,1627669980000000000,146.22,146.235,146.295,146.17,261668.0
347,2021-07-30 14:34:00-04:00,2021-07-30 14:35:00-04:00,1627670040000000000,1627670100000000000,146.235,146.254,146.32,146.18,277290.0
348,2021-07-30 14:36:00-04:00,2021-07-30 14:37:00-04:00,1627670160000000000,1627670220000000000,146.26,146.14,146.2699,146.12,300302.0
349,2021-07-30 14:38:00-04:00,2021-07-30 14:39:00-04:00,1627670280000000000,1627670340000000000,146.14,146.15,146.185,146.11,225861.0
350,2021-07-30 14:40:00-04:00,2021-07-30 14:41:00-04:00,1627670400000000000,1627670460000000000,146.15,146.11,146.18,146.07,252147.0
351,2021-07-30 14:42:00-04:00,2021-07-30 14:43:00-04:00,1627670520000000000,1627670580000000000,146.1199,146.16,146.1999,146.115,167040.0
352,2021-07-30 14:44:00-04:00,2021-07-30 14:45:00-04:00,1627670640000000000,1627670700000000000,146.165,146.125,146.1799,146.07,146136.0
353,2021-07-30 14:46:00-04:00,2021-07-30 14:47:00-04:00,1627670760000000000,1627670820000000000,146.12,146.115,146.18,146.11,176544.0
354,2021-07-30 14:48:00-04:00,2021-07-30 14:49:00-04:00,1627670880000000000,1627670940000000000,146.11,146.165,146.1699,146.1047,139244.0
355,2021-07-30 14:50:00-04:00,2021-07-30 14:51:00-04:00,1627671000000000000,1627671060000000000,146.16,146.205,146.2399,146.155,173350.0
356,2021-07-30 14:52:00-04:00,2021-07-30 14:53:00-04:00,1627671120000000000,1627671180000000000,146.205,146.195,146.245,146.18,201755.0
357,2021-07-30 14:54:00-04:00,2021-07-30 14:55:00-04:00,1627671240000000000,1627671300000000000,146.2,146.255,146.29,146.1901,234377.0
358,2021-07-30 14:56:00-04:00,2021-07-30 14:57:00-04:00,1627671360000000000,1627671420000000000,146.258,146.22,146.29,146.2,248458.0
359,2021-07-30 14:58:00-04:00,2021-07-30 14:59:00-04:00,1627671480000000000,1627671540000000000,146.215,146.21,146.2399,146.132,266745.0
360,2021-07-30 15:00:00-04:00,2021-07-30 15:01:00-04:00,1627671600000000000,1627671660000000000,146.21,146.2401,146.33,146.2007,328779.0
361,2021-07-30 15:02:00-04:00,2021-07-30 15:03:00-04:00,1627671720000000000,1627671780000000000,146.24,146.155,146.26,146.09,423341.0
362,2021-07-30 15:04:00-04:00,2021-07-30 15:05:00-04:00,1627671840000000000,1627671900000000000,146.16,146.075,146.195,146.07,249332.0
363,2021-07-30 15:06:00-04:00,2021-07-30 15:07:00-04:00,1627671960000000000,1627672020000000000,146.0719,146.065,146.16,146.055,223245.0
364,2021-07-30 15:08:00-04:00,2021-07-30 15:09:00-04:00,1627672080000000000,1627672140000000000,146.065,146.085,146.12,146.06,177009.0
365,2021-07-30 15:10:00-04:00,2021-07-30 15:11:00-04:00,1627672200000000000,1627672260000000000,146.089,146.1211,146.2,146.087,255216.0
366,2021-07-30 15:12:00-04:00,2021-07-30 15:13:00-04:00,1627672320000000000,1627672380000000000,146.13,146.125,146.15,146.08,180009.0
367,2021-07-30 15:14:00-04:00,2021-07-30 15:15:00-04:00,1627672440000000000,1627672500000000000,146.12,146.07,146.13,146.06,136088.0
368,2021-07-30 15:16:00-04:00,2021-07-30 15:17:00-04:00,1627672560000000000,1627672620000000000,146.07,146.1,146.1698,146.065,180125.0
369,2021-07-30 15:18:00-04:00,2021-07-30 15:19:00-04:00,1627672680000000000,1627672740000000000,146.09,146.06,146.095,146.035,211717.0
370,2021-07-30 15:20:00-04:00,2021-07-30 15:21:00-04:00,1627672800000000000,1627672860000000000,146.0518,145.9302,146.1,145.91,313958.0
371,2021-07-30 15:22:00-04:00,2021-07-30 15:23:00-04:00,1627672920000000000,1627672980000000000,145.93,145.855,145.97,145.82,375555.0
372,2021-07-30 15:24:00-04:00,2021-07-30 15:25:00-04:00,1627673040000000000,1627673100000000000,145.855,145.9,145.9099,145.81,235600.0
373,2021-07-30 15:26:00-04:00,2021-07-30 15:27:00-04:00,1627673160000000000,1627673220000000000,145.9,145.9428,145.9699,145.8949,216526.0
374,2021-07-30 15:28:00-04:00,2021-07-30 15:29:00-04:00,1627673280000000000,1627673340000000000,145.945,145.935,145.98,145.92,170898.0
375,2021-07-30 15:30:00-04:00,2021-07-30 15:31:00-04:00,1627673400000000000,1627673460000000000,145.945,146.1101,146.12,145.935,309882.0
376,2021-07-30 15:32:00-04:00,2021-07-30 15:33:00-04:00,1627673520000000000,1627673580000000000,146.1173,146.145,146.16,146.08,263164.0
377,2021-07-30 15:34:00-04:00,2021-07-30 15:35:00-04:00,1627673640000000000,1627673700000000000,146.145,146.07,146.15,146.06,209735.0
378,2021-07-30 15:36:00-04:00,2021-07-30 15:37:00-04:00,1627673760000000000,1627673820000000000,146.075,146.05,146.09,145.95,265121.0
379,2021-07-30 15:38:00-04:00,2021-07-30 15:39:00-04:00,1627673880000000000,1627673940000000000,146.055,146.05,146.07,145.995,224483.0
380,2021-07-30 15:40:00-04:00,2021-07-30 15:41:00-04:00,1627674000000000000,1627674060000000000,146.06,145.9521,146.0799,145.92,269687.0
381,2021-07-30 15:42:00-04:00,2021-07-30 15:43:00-04:00,1627674120000000000,1627674180000000000,145.95,145.985,145.9973,145.93,205941.0
382,2021-07-30 15:44:00-04:00,2021-07-30 15:45:00-04:00,1627674240000000000,1627674300000000000,145.985,145.945,146.0499,145.93,276034.0
383,2021-07-30 15:46:00-04:00,2021-07-30 15:47:00-04:00,1627674360000000000,1627674420000000000,145.95,145.945,146.01,145.9201,254914.0
384,2021-07-30 15:48:00-04:00,2021-07-30 15:49:00-04:00,1627674480000000000,1627674540000000000,145.9499,145.9579,146.02,145.93,289077.0
385,2021-07-30 15:50:00-04:00,2021-07-30 15:51:00-04:00,1627674600000000000,1627674660000000000,145.96,146.0,146.04,145.901,543222.0
386,2021-07-30 15:52:00-04:00,2021-07-30 15:53:00-04:00,1627674720000000000,1627674780000000000,146.01,146.1,146.11,146.0,427531.0
387,2021-07-30 15:54:00-04:00,2021-07-30 15:55:00-04:00,1627674840000000000,1627674900000000000,146.11,145.945,146.11,145.86,855716.0
388,2021-07-30 15:56:00-04:00,2021-07-30 15:57:00-04:00,1627674960000000000,1627675020000000000,145.945,145.8069,145.96,145.8069,818154.0
389,2021-07-30 15:58:00-04:00,2021-07-30 15:59:00-04:00,1627675080000000000,1627675140000000000,145.81,145.86,145.96,145.775,2019802.0
390,2021-08-02 09:30:00-04:00,2021-08-02 09:31:00-04:00,1627911000000000000,1627911060000000000,146.36,146.615,146.95,146.33,1816153.0
391,2021-08-02 09:32:00-04:00,2021-08-02 09:33:00-04:00,1627911120000000000,1627911180000000000,146.615,146.3457,146.6199,146.09,832007.0
392,2021-08-02 09:34:00-04:00,2021-08-02 09:35:00-04:00,1627911240000000000,1627911300000000000,146.34,145.99,146.47,145.99,909426.0
393,2021-08-02 09:36:00-04:00,2021-08-02 09:37:00-04:00,1627911360000000000,1627911420000000000,146.005,145.5865,146.005,145.54,1385643.0
394,2021-08-02 09:38:00-04:00,2021-08-02 09:39:00-04:00,1627911480000000000,1627911540000000000,145.59,145.58,145.8,145.5401,738707.0
395,2021-08-02 09:40:00-04:00,2021-08-02 09:41:00-04:00,1627911600000000000,1627911660000000000,145.6,145.48,145.68,145.27,992639.0
396,2021-08-02 09:42:00-04:00,2021-08-02 09:43:00-04:00,1627911720000000000,1627911780000000000,145.475,145.32,145.575,145.28,657962.0
397,2021-08-02 09:44:00-04:00,2021-08-02 09:45:00-04:00,1627911840000000000,1627911900000000000,145.32,145.485,145.5,145.25,649768.0
398,2021-08-02 09:46:00-04:00,2021-08-02 09:47:00-04:00,1627911960000000000,1627912020000000000,145.49,145.66,145.765,145.47,709018.0
399,2021-08-02 09:48:00-04:00,2021-08-02 09:49:00-04:00,1627912080000000000,1627912140000000000,145.66,145.6899,145.8,145.58,558533.0
400,2021-08-02 09:50:00-04:00,2021-08-02 09:51:00-04:00,1627912200000000000,1627912260000000000,145.6796,145.62,145.72,145.3818,556082.0
401,2021-08-02 09:52:00-04:00,2021-08-02 09:53:00-04:00,1627912320000000000,1627912380000000000,145.62,145.42,145.73,145.34,520001.0
402,2021-08-02 09:54:00-04:00,2021-08-02 09:55:00-04:00,1627912440000000000,1627912500000000000,145.41,145.955,145.96,145.41,562949.0
403,2021-08-02 09:56:00-04:00,2021-08-02 09:57:00-04:00,1627912560000000000,1627912620000000000,145.955,145.91,146.0108,145.8601,444043.0
404,2021-08-02 09:58:00-04:00,2021-08-02 09:59:00-04:00,1627912680000000000,1627912740000000000,145.91,145.95,145.99,145.87,329301.0
405,2021-08-02 10:00:00-04:00,2021-08-02 10:01:00-04:00,1627912800000000000,1627912860000000000,145.93,145.9799,146.05,145.8,553760.0
406,2021-08-02 10:02:00-04:00,2021-08-02 10:03:00-04:00,1627912920000000000,1627912980000000000,145.96,146.1,146.155,145.88,512413.0
407,2021-08-02 10:04:00-04:00,2021-08-02 10:05:00-04:00,1627913040000000000,1627913100000000000,146.08,145.715,146.12,145.67,591922.0
408,2021-08-02 10:06:00-04:00,2021-08-02 10:07:00-04:00,1627913160000000000,1627913220000000000,145.72,145.71,145.76,145.6,460856.0
409,2021-08-02 10:08:00-04:00,2021-08-02 10:09:00-04:00,1627913280000000000,1627913340000000000,145.7083,145.7999,145.8682,145.69,381768.0
410,2021-08-02 10:10:00-04:00,2021-08-02 10:11:00-04:00,1627913400000000000,1627913460000000000,145.79,146.01,146.02,145.79,363670.0
411,2021-08-02 10:12:00-04:00,2021-08-02 10:13:00-04:00,1627913520000000000,1627913580000000000,145.99,146.17,146.24,145.96,475626.0
412,2021-08-02 10:14:00-04:00,2021-08-02 10:15:00-04:00,1627913640000000000,1627913700000000000,146.1726,146.075,146.2,145.99,407533.0
413,2021-08-02 10:16:00-04:00,2021-08-02 10:17:00-04:00,1627913760000000000,1627913820000000000,146.08,146.1792,146.2,146.08,333435.0
414,2021-08-02 10:18:00-04:00,2021-08-02 10:19:00-04:00,1627913880000000000,1627913940000000000,146.18,146.1399,146.18,146.04,268899.0
415,2021-08-02 10:20:00-04:00,2021-08-02 10:21:00-04:00,1627914000000000000,1627914060000000000,146.135,146.11,146.25,146.11,295096.0
416,2021-08-02 10:22:00-04:00,2021-08-02 10:23:00-04:00,1627914120000000000,1627914180000000000,146.1,146.06,146.18,145.9922,285790.0
417,2021-08-02 10:24:00-04:00,2021-08-02 10:25:00-04:00,1627914240000000000,1627914300000000000,146.0534,145.855,146.12,145.8175,385794.0
418,2021-08-02 10:26:00-04:00,2021-08-02 10:27:00-04:00,1627914360000000000,1627914420000000000,145.855,145.785,145.86,145.735,380274.0
419,2021-08-02 10:28:00-04:00,2021-08-02 10:29:00-04:00,1627914480000000000,1627914540000000000,145.78,145.9,145.92,145.6,392763.0
420,2021-08-02 10:30:00-04:00,2021-08-02 10:31:00-04:00,1627914600000000000,1627914660000000000,145.9,145.755,145.99,145.72,310055.0
421,2021-08-02 10:32:00-04:00,2021-08-02 10:33:00-04:00,1627914720000000000,1627914780000000000,145.76,145.5901,145.78,145.52,376308.0
422,2021-08-02 10:34:00-04:00,2021-08-02 10:35:00-04:00,1627914840000000000,1627914900000000000,145.595,145.5499,145.615,145.41,410480.0
423,2021-08-02 10:36:00-04:00,2021-08-02 10:37:00-04:00,1627914960000000000,1627915020000000000,145.55,145.6204,145.64,145.48,287233.0
424,2021-08-02 10:38:00-04:00,2021-08-02 10:39:00-04:00,1627915080000000000,1627915140000000000,145.64,145.605,145.6885,145.51,275597.0
425,2021-08-02 10:40:00-04:00,2021-08-02 10:41:00-04:00,1627915200000000000,1627915260000000000,145.6,145.6222,145.7399,145.5701,228984.0
426,2021-08-02 10:42:00-04:00,2021-08-02 10:43:00-04:00,1627915320000000000,1627915380000000000,145.63,145.6102,145.71,145.54,253096.0
427,2021-08-02 10:44:00-04:00,2021-08-02 10:45:00-04:00,1627915440000000000,1627915500000000000,145.6117,145.56,145.63,145.46,320920.0
428,2021-08-02 10:46:00-04:00,2021-08-02 10:47:00-04:00,1627915560000000000,1627915620000000000,145.57,145.83,145.84,145.57,363534.0
429,2021-08-02 10:48:00-04:00,2021-08-02 10:49:00-04:00,1627915680000000000,1627915740000000000,145.84,145.73,145.909,145.71,292226.0
430,2021-08-02 10:50:00-04:00,2021-08-02 10:51:00-04:00,1627915800000000000,1627915860000000000,145.734,145.94,145.945,145.67,449256.0
431,2021-08-02 10:52:00-04:00,2021-08-02 10:53:00-04:00,1627915920000000000,1627915980000000000,145.945,145.925,146.01,145.8889,272110.0
432,2021-08-02 10:54:00-04:00,2021-08-02 10:55:00-04:00,1627916040000000000,1627916100000000000,145.92,145.953,146.03,145.915,230722.0
433,2021-08-02 10:56:00-04:00,2021-08-02 10:57:00-04:00,1627916160000000000,1627916220000000000,145.9515,146.02,146.065,145.935,282106.0
434,2021-08-02 10:58:00-04:00,2021-08-02 10:59:00-04:00,1627916280000000000,1627916340000000000,146.025,146.0201,146.08,145.98,258705.0
435,2021-08-02 11:00:00-04:00,2021-08-02 11:01:00-04:00,1627916400000000000,1627916460000000000,146.03,145.845,146.05,145.82,219084.0
436,2021-08-02 11:02:00-04:00,2021-08-02 11:03:00-04:00,1627916520000000000,1627916580000000000,145.84,145.7809,145.905,145.71,301009.0
437,2021-08-02 11:04:00-04:00,2021-08-02 11:05:00-04:00,1627916640000000000,1627916700000000000,145.7852,145.935,145.9871,145.7779,303010.0
438,2021-08-02 11:06:00-04:00,2021-08-02 11:07:00-04:00,1627916760000000000,1627916820000000000,145.94,145.9889,146.0499,145.94,197830.0
439,2021-08-02 11:08:00-04:00,2021-08-02 11:09:00-04:00,1627916880000000000,1627916940000000000,145.985,146.0181,146.04,145.9299,158605.0
440,2021-08-02 11:10:00-04:00,2021-08-02 11:11:00-04:00,1627917000000000000,1627917060000000000,146.02,146.1498,146.21,146.015,340866.0
441,2021-08-02 11:12:00-04:00,2021-08-02 11:13:00-04:00,1627917120000000000,1627917180000000000,146.15,146.15,146.2,146.12,170108.0
442,2021-08-02 11:14:00-04:00,2021-08-02 11:15:00-04:00,1627917240000000000,1627917300000000000,146.155,146.1899,146.28,146.1261,298541.0
443,2021-08-02 11:16:00-04:00,2021-08-02 11:17:00-04:00,1627917360000000000,1627917420000000000,146.185,146.2018,146.29,146.16,172953.0
444,2021-08-02 11:18:00-04:00,2021-08-02 11:19:00-04:00,1627917480000000000,1627917540000000000,146.21,146.335,146.405,146.21,310575.0
445,2021-08-02 11:20:00-04:00,2021-08-02 11:21:00-04:00,1627917600000000000,1627917660000000000,146.335,146.4,146.4,146.285,271567.0
446,2021-08-02 11:22:00-04:00,2021-08-02 11:23:00-04:00,1627917720000000000,1627917780000000000,146.4,146.385,146.52,146.38,459514.0
447,2021-08-02 11:24:00-04:00,2021-08-02 11:25:00-04:00,1627917840000000000,1627917900000000000,146.39,146.4826,146.49,146.36,247385.0
448,2021-08-02 11:26:00-04:00,2021-08-02 11:27:00-04:00,1627917960000000000,1627918020000000000,146.48,146.395,146.54,146.34,298053.0
449,2021-08-02 11:28:00-04:00,2021-08-02 11:29:00-04:00,1627918080000000000,1627918140000000000,146.3901,146.53,146.5499,146.36,405511.0
450,2021-08-02 11:30:00-04:00,2021-08-02 11:31:00-04:00,1627918200000000000,1627918260000000000,146.5382,146.3786,146.55,146.37,192491.0
451,2021-08-02 11:32:00-04:00,2021-08-02 11:33:00-04:00,1627918320000000000,1627918380000000000,146.38,146.45,146.53,146.37,208115.0
452,2021-08-02 11:34:00-04:00,2021-08-02 11:35:00-04:00,1627918440000000000,1627918500000000000,146.46,146.43,146.515,146.4,153361.0
453,2021-08-02 11:36:00-04:00,2021-08-02 11:37:00-04:00,1627918560000000000,1627918620000000000,146.4301,146.41,146.51,146.38,208424.0
454,2021-08-02 11:38:00-04:00,2021-08-02 11:39:00-04:00,1627918680000000000,1627918740000000000,146.4111,146.41,146.46,146.3593,193427.0
455,2021-08-02 11:40:00-04:00,2021-08-02 11:41:00-04:00,1627918800000000000,1627918860000000000,146.42,146.464,146.49,146.39,156501.0
456,2021-08-02 11:42:00-04:00,2021-08-02 11:43:00-04:00,1627918920000000000,1627918980000000000,146.455,146.43,146.4999,146.395,138338.0
457,2021-08-02 11:44:00-04:00,2021-08-02 11:45:00-04:00,1627919040000000000,1627919100000000000,146.43,146.44,146.46,146.37,176624.0
458,2021-08-02 11:46:00-04:00,2021-08-02 11:47:00-04:00,1627919160000000000,1627919220000000000,146.44,146.4812,146.54,146.42,214638.0
459,2021-08-02 11:48:00-04:00,2021-08-02 11:49:00-04:00,1627919280000000000,1627919340000000000,146.4828,146.4038,146.51,146.39,159941.0
460,2021-08-02 11:50:00-04:00,2021-08-02 11:51:00-04:00,1627919400000000000,1627919460000000000,146.41,146.2713,146.43,146.26,229242.0
461,2021-08-02 11:52:00-04:00,2021-08-02 11:53:00-04:00,1627919520000000000,1627919580000000000,146.275,146.2599,146.285,146.1601,305048.0
462,2021-08-02 11:54:00-04:00,2021-08-02 11:55:00-04:00,1627919640000000000,1627919700000000000,146.2501,146.2501,146.33,146.21,220576.0
463,2021-08-02 11:56:00-04:00,2021-08-02 11:57:00-04:00,1627919760000000000,1627919820000000000,146.25,146.07,146.2794,146.0601,210371.0
464,2021-08-02 11:58:00-04:00,2021-08-02 11:59:00-04:00,1627919880000000000,1627919940000000000,146.065,146.0244,146.095,145.99,319179.0
465,2021-08-02 12:00:00-04:00,2021-08-02 12:01:00-04:00,1627920000000000000,1627920060000000000,146.0257,145.8989,146.035,145.88,386842.0
466,2021-08-02 12:02:00-04:00,2021-08-02 12:03:00-04:00,1627920120000000000,1627920180000000000,145.9,145.9194,145.93,145.83,275302.0
467,2021-08-02 12:04:00-04:00,2021-08-02 12:05:00-04:00,1627920240000000000,1627920300000000000,145.91,145.92,145.97,145.86,243001.0
468,2021-08-02 12:06:00-04:00,2021-08-02 12:07:00-04:00,1627920360000000000,1627920420000000000,145.92,145.71,145.93,145.71,225599.0
469,2021-08-02 12:08:00-04:00,2021-08-02 12:09:00-04:00,1627920480000000000,1627920540000000000,145.72,145.68,145.72,145.62,216395.0
470,2021-08-02 12:10:00-04:00,2021-08-02 12:11:00-04:00,1627920600000000000,1627920660000000000,145.6701,145.625,145.69,145.5589,288162.0
471,2021-08-02 12:12:00-04:00,2021-08-02 12:13:00-04:00,1627920720000000000,1627920780000000000,145.63,145.72,145.77,145.6143,271564.0
472,2021-08-02 12:14:00-04:00,2021-08-02 12:15:00-04:00,1627920840000000000,1627920900000000000,145.73,145.815,145.84,145.73,227263.0
473,2021-08-02 12:16:00-04:00,2021-08-02 12:17:00-04:00,1627920960000000000,1627921020000000000,145.81,145.9598,145.97,145.79,277245.0
474,2021-08-02 12:18:00-04:00,2021-08-02 12:19:00-04:00,1627921080000000000,1627921140000000000,145.955,145.935,146.0,145.91,221631.0
475,2021-08-02 12:20:00-04:00,2021-08-02 12:21:00-04:00,1627921200000000000,1627921260000000000,145.94,145.81,145.94,145.81,172781.0
476,2021-08-02 12:22:00-04:00,2021-08-02 12:23:00-04:00,1627921320000000000,1627921380000000000,145.8,145.85,145.85,145.63,227562.0
477,2021-08-02 12:24:00-04:00,2021-08-02 12:25:00-04:00,1627921440000000000,1627921500000000000,145.85,145.8,145.86,145.7289,181489.0
478,2021-08-02 12:26:00-04:00,2021-08-02 12:27:00-04:00,1627921560000000000,1627921620000000000,145.81,145.73,145.889,145.715,162780.0
479,2021-08-02 12:28:00-04:00,2021-08-02 12:29:00-04:00,1627921680000000000,1627921740000000000,145.73,145.63,145.73,145.6002,200472.0
480,2021-08-02 12:30:00-04:00,2021-08-02 12:31:00-04:00,1627921800000000000,1627921860000000000,145.63,145.6697,145.695,145.5619,253489.0
481,2021-08-02 12:32:00-04:00,2021-08-02 12:33:00-04:00,1627921920000000000,1627921980000000000,145.66,145.7,145.71,145.59,204768.0
482,2021-08-02 12:34:00-04:00,2021-08-02 12:35:00-04:00,1627922040000000000,1627922100000000000,145.7,145.66,145.7497,145.66,143241.0
483,2021-08-02 12:36:00-04:00,2021-08-02 12:37:00-04:00,1627922160000000000,1627922220000000000,145.6567,145.7383,145.755,145.65,144388.0
484,2021-08-02 12:38:00-04:00,2021-08-02 12:39:00-04:00,1627922280000000000,1627922340000000000,145.74,145.7511,145.7812,145.72,131755.0
485,2021-08-02 12:40:00-04:00,2021-08-02 12:41:00-04:00,1627922400000000000,1627922460000000000,145.7597,145.78,145.785,145.69,135993.0
486,2021-08-02 12:42:00-04:00,2021-08-02 12:43:00-04:00,1627922520000000000,1627922580000000000,145.78,145.715,145.835,145.6917,165738.0
487,2021-08-02 12:44:00-04:00,2021-08-02 12:45:00-04:00,1627922640000000000,1627922700000000000,145.72,145.725,146.33,145.6401,116451.0
488,2021-08-02 12:46:00-04:00,2021-08-02 12:47:00-04:00,1627922760000000000,1627922820000000000,145.72,145.7,145.73,145.65,144064.0
489,2021-08-02 12:48:00-04:00,2021-08-02 12:49:00-04:00,1627922880000000000,1627922940000000000,145.705,145.6464,145.72,145.57,164302.0
490,2021-08-02 12:50:00-04:00,2021-08-02 12:51:00-04:00,1627923000000000000,1627923060000000000,145.65,145.776,145.795,145.595,165376.0
491,2021-08-02 12:52:00-04:00,2021-08-02 12:53:00-04:00,1627923120000000000,1627923180000000000,145.7701,145.7702,145.8693,145.77,180240.0
492,2021-08-02 12:54:00-04:00,2021-08-02 12:55:00-04:00,1627923240000000000,1627923300000000000,145.77,145.75,145.79,145.73,181075.0
493,2021-08-02 12:56:00-04:00,2021-08-02 12:57:00-04:00,1627923360000000000,1627923420000000000,145.76,145.7,145.8,145.67,181731.0
494,2021-08-02 12:58:00-04:00,2021-08-02 12:59:00-04:00,1627923480000000000,1627923540000000000,145.7,145.75,145.77,145.64,160954.0
495,2021-08-02 13:00:00-04:00,2021-08-02 13:01:00-04:00,1627923600000000000,1627923660000000000,145.75,145.795,145.84,145.75,176242.0
496,2021-08-02 13:02:00-04:00,2021-08-02 13:03:00-04:00,1627923720000000000,1627923780000000000,145.7901,145.92,145.92,145.78,192501.0
497,2021-08-02 13:04:00-04:00,2021-08-02 13:05:00-04:00,1627923840000000000,1627923900000000000,145.915,145.9101,145.96,145.87,215812.0
498,2021-08-02 13:06:00-04:00,2021-08-02 13:07:00-04:00,1627923960000000000,1627924020000000000,145.9237,145.91,145.99,145.89,230721.0
499,2021-08-02 13:08:00-04:00,2021-08-02 13:09:00-04:00,1627924080000000000,1627924140000000000,145.905,145.915,145.96,145.85,155891.0
500,2021-08-02 13:10:00-04:00,2021-08-02 13:11:00-04:00,1627924200000000000,1627924260000000000,145.92,146.0188,146.05,145.903,270894.0
501,2021-08-02 13:12:00-04:00,2021-08-02 13:13:00-04:00,1627924320000000000,1627924380000000000,146.02,145.995,146.04,145.945,198720.0
502,2021-08-02 13:14:00-04:00,2021-08-02 13:15:00-04:00,1627924440000000000,1627924500000000000,145.991,146.0199,146.03,145.94,157619.0
503,2021-08-02 13:16:00-04:00,2021-08-02 13:17:00-04:00,1627924560000000000,1627924620000000000,146.01,146.02,146.03,145.9701,125563.0
504,2021-08-02 13:18:00-04:00,2021-08-02 13:19:00-04:00,1627924680000000000,1627924740000000000,146.02,146.032,146.09,145.98,165521.0
505,2021-08-02 13:20:00-04:00,2021-08-02 13:21:00-04:00,1627924800000000000,1627924860000000000,146.04,146.11,146.11,146.0,144495.0
506,2021-08-02 13:22:00-04:00,2021-08-02 13:23:00-04:00,1627924920000000000,1627924980000000000,146.109,146.13,146.185,146.109,190732.0
507,2021-08-02 13:24:00-04:00,2021-08-02 13:25:00-04:00,1627925040000000000,1627925100000000000,146.125,146.1412,146.2154,146.1025,249854.0
508,2021-08-02 13:26:00-04:00,2021-08-02 13:27:00-04:00,1627925160000000000,1627925220000000000,146.141,146.135,146.145,146.05,214684.0
509,2021-08-02 13:28:00-04:00,2021-08-02 13:29:00-04:00,1627925280000000000,1627925340000000000,146.133,146.045,146.17,146.04,168749.0
510,2021-08-02 13:30:00-04:00,2021-08-02 13:31:00-04:00,1627925400000000000,1627925460000000000,146.0497,146.075,146.096,146.04,101149.0
511,2021-08-02 13:32:00-04:00,2021-08-02 13:33:00-04:00,1627925520000000000,1627925580000000000,146.065,146.05,146.07,145.9818,165630.0
512,2021-08-02 13:34:00-04:00,2021-08-02 13:35:00-04:00,1627925640000000000,1627925700000000000,146.045,146.06,146.13,146.02,153877.0
513,2021-08-02 13:36:00-04:00,2021-08-02 13:37:00-04:00,1627925760000000000,1627925820000000000,146.069,146.02,146.07,145.98,126223.0
514,2021-08-02 13:38:00-04:00,2021-08-02 13:39:00-04:00,1627925880000000000,1627925940000000000,146.015,146.0152,146.045,145.9801,142733.0
515,2021-08-02 13:40:00-04:00,2021-08-02 13:41:00-04:00,1627926000000000000,1627926060000000000,146.013,145.98,146.0299,145.96,125040.0
516,2021-08-02 13:42:00-04:00,2021-08-02 13:43:00-04:00,1627926120000000000,1627926180000000000,145.975,145.96,146.03,145.93,138196.0
517,2021-08-02 13:44:00-04:00,2021-08-02 13:45:00-04:00,1627926240000000000,1627926300000000000,145.96,145.865,145.96,145.86,187483.0
518,2021-08-02 13:46:00-04:00,2021-08-02 13:47:00-04:00,1627926360000000000,1627926420000000000,145.87,145.9071,145.9071,145.84,197936.0
519,2021-08-02 13:48:00-04:00,2021-08-02 13:49:00-04:00,1627926480000000000,1627926540000000000,145.901,145.8632,145.94,145.85,187100.0
520,2021-08-02 13:50:00-04:00,2021-08-02 13:51:00-04:00,1627926600000000000,1627926660000000000,145.86,145.81,145.89,145.74,166530.0
521,2021-08-02 13:52:00-04:00,2021-08-02 13:53:00-04:00,1627926720000000000,1627926780000000000,145.82,145.805,145.8667,145.7824,230151.0
522,2021-08-02 13:54:00-04:00,2021-08-02 13:55:00-04:00,1627926840000000000,1627926900000000000,145.8,145.937,145.959,145.75,199765.0
523,2021-08-02 13:56:00-04:00,2021-08-02 13:57:00-04:00,1627926960000000000,1627927020000000000,145.9474,146.01,146.04,145.91,171092.0
524,2021-08-02 13:58:00-04:00,2021-08-02 13:59:00-04:00,1627927080000000000,1627927140000000000,146.01,146.045,146.05,145.99,117060.0
525,2021-08-02 14:00:00-04:00,2021-08-02 14:01:00-04:00,1627927200000000000,1627927260000000000,146.04,146.017,146.1,146.01,202389.0
526,2021-08-02 14:02:00-04:00,2021-08-02 14:03:00-04:00,1627927320000000000,1627927380000000000,146.01,146.075,146.09,146.0,112235.0
527,2021-08-02 14:04:00-04:00,2021-08-02 14:05:00-04:00,1627927440000000000,1627927500000000000,146.085,146.12,146.15,146.04,177957.0
528,2021-08-02 14:06:00-04:00,2021-08-02 14:07:00-04:00,1627927560000000000,1627927620000000000,146.12,146.06,146.145,146.05,111110.0
529,2021-08-02 14:08:00-04:00,2021-08-02 14:09:00-04:00,1627927680000000000,1627927740000000000,146.05,145.975,146.06,145.93,167394.0
530,2021-08-02 14:10:00-04:00,2021-08-02 14:11:00-04:00,1627927800000000000,1627927860000000000,145.97,146.005,146.02,145.95,120722.0
531,2021-08-02 14:12:00-04:00,2021-08-02 14:13:00-04:00,1627927920000000000,1627927980000000000,146.0025,146.04,146.0594,145.9918,87490.0
532,2021-08-02 14:14:00-04:00,2021-08-02 14:15:00-04:00,1627928040000000000,1627928100000000000,146.045,146.0,146.07,146.0,99332.0
533,2021-08-02 14:16:00-04:00,2021-08-02 14:17:00-04:00,1627928160000000000,1627928220000000000,146.0,146.075,146.09,146.0,101930.0
534,2021-08-02 14:18:00-04:00,2021-08-02 14:19:00-04:00,1627928280000000000,1627928340000000000,146.08,146.165,146.1699,146.065,131553.0
535,2021-08-02 14:20:00-04:00,2021-08-02 14:21:00-04:00,1627928400000000000,1627928460000000000,146.17,146.08,146.18,146.08,141830.0
536,2021-08-02 14:22:00-04:00,2021-08-02 14:23:00-04:00,1627928520000000000,1627928580000000000,146.088,146.03,146.13,146.0236,100824.0
537,2021-08-02 14:24:00-04:00,2021-08-02 14:25:00-04:00,1627928640000000000,1627928700000000000,146.02,146.04,146.06,146.0,90726.0
538,2021-08-02 14:26:00-04:00,2021-08-02 14:27:00-04:00,1627928760000000000,1627928820000000000,146.04,145.97,146.05,145.94,107908.0
539,2021-08-02 14:28:00-04:00,2021-08-02 14:29:00-04:00,1627928880000000000,1627928940000000000,145.97,145.97,145.99,145.93,97550.0
540,2021-08-02 14:30:00-04:00,2021-08-02 14:31:00-04:00,1627929000000000000,1627929060000000000,145.97,146.0,146.0,145.895,216253.0
541,2021-08-02 14:32:00-04:00,2021-08-02 14:33:00-04:00,1627929120000000000,1627929180000000000,146.0,146.03,146.0399,145.9407,142785.0
542,2021-08-02 14:34:00-04:00,2021-08-02 14:35:00-04:00,1627929240000000000,1627929300000000000,146.04,145.915,146.04,145.91,138095.0
543,2021-08-02 14:36:00-04:00,2021-08-02 14:37:00-04:00,1627929360000000000,1627929420000000000,145.92,145.96,145.995,145.92,98746.0
544,2021-08-02 14:38:00-04:00,2021-08-02 14:39:00-04:00,1627929480000000000,1627929540000000000,145.96,145.94,145.97,145.89,135743.0
545,2021-08-02 14:40:00-04:00,2021-08-02 14:41:00-04:00,1627929600000000000,1627929660000000000,145.945,145.8978,145.97,145.88,125004.0
546,2021-08-02 14:42:00-04:00,2021-08-02 14:43:00-04:00,1627929720000000000,1627929780000000000,145.89,145.9692,145.9692,145.86,126488.0
547,2021-08-02 14:44:00-04:00,2021-08-02 14:45:00-04:00,1627929840000000000,1627929900000000000,145.97,145.935,146.02,145.925,148651.0
548,2021-08-02 14:46:00-04:00,2021-08-02 14:47:00-04:00,1627929960000000000,1627930020000000000,145.94,145.935,145.96,145.88,102748.0
549,2021-08-02 14:48:00-04:00,2021-08-02 14:49:00-04:00,1627930080000000000,1627930140000000000,145.93,145.9541,145.97,145.9121,72300.0
550,2021-08-02 14:50:00-04:00,2021-08-02 14:51:00-04:00,1627930200000000000,1627930260000000000,145.955,146.025,146.03,145.94,115360.0
551,2021-08-02 14:52:00-04:00,2021-08-02 14:53:00-04:00,1627930320000000000,1627930380000000000,146.03,145.9699,146.05,145.9503,130881.0
552,2021-08-02 14:54:00-04:00,2021-08-02 14:55:00-04:00,1627930440000000000,1627930500000000000,145.965,145.9559,146.0,145.93,104593.0
553,2021-08-02 14:56:00-04:00,2021-08-02 14:57:00-04:00,1627930560000000000,1627930620000000000,145.9589,145.98,145.99,145.95,98346.0
554,2021-08-02 14:58:00-04:00,2021-08-02 14:59:00-04:00,1627930680000000000,1627930740000000000,145.98,145.935,145.985,145.89,146385.0
555,2021-08-02 15:00:00-04:00,2021-08-02 15:01:00-04:00,1627930800000000000,1627930860000000000,145.935,145.9,145.96,145.885,127360.0
556,2021-08-02 15:02:00-04:00,2021-08-02 15:03:00-04:00,1627930920000000000,1627930980000000000,145.905,145.965,145.97,145.903,110409.0
557,2021-08-02 15:04:00-04:00,2021-08-02 15:05:00-04:00,1627931040000000000,1627931100000000000,145.965,145.935,146.01,145.89,160525.0
558,2021-08-02 15:06:00-04:00,2021-08-02 15:07:00-04:00,1627931160000000000,1627931220000000000,145.94,145.835,145.95,145.78,187522.0
559,2021-08-02 15:08:00-04:00,2021-08-02 15:09:00-04:00,1627931280000000000,1627931340000000000,145.84,145.82,145.87,145.78,265318.0
560,2021-08-02 15:10:00-04:00,2021-08-02 15:11:00-04:00,1627931400000000000,1627931460000000000,145.8281,145.785,145.86,145.77,155279.0
561,2021-08-02 15:12:00-04:00,2021-08-02 15:13:00-04:00,1627931520000000000,1627931580000000000,145.78,145.79,145.92,145.78,194900.0
562,2021-08-02 15:14:00-04:00,2021-08-02 15:15:00-04:00,1627931640000000000,1627931700000000000,145.8,145.7643,145.805,145.74,147801.0
563,2021-08-02 15:16:00-04:00,2021-08-02 15:17:00-04:00,1627931760000000000,1627931820000000000,145.7683,145.815,145.83,145.76,152052.0
564,2021-08-02 15:18:00-04:00,2021-08-02 15:19:00-04:00,1627931880000000000,1627931940000000000,145.8191,145.81,145.87,145.77,188490.0
565,2021-08-02 15:20:00-04:00,2021-08-02 15:21:00-04:00,1627932000000000000,1627932060000000000,145.8,145.8,145.81,145.72,273382.0
566,2021-08-02 15:22:00-04:00,2021-08-02 15:23:00-04:00,1627932120000000000,1627932180000000000,145.7999,145.7001,145.82,145.7001,212811.0
567,2021-08-02 15:24:00-04:00,2021-08-02 15:25:00-04:00,1627932240000000000,1627932300000000000,145.7099,145.685,145.7183,145.65,192725.0
568,2021-08-02 15:26:00-04:00,2021-08-02 15:27:00-04:00,1627932360000000000,1627932420000000000,145.685,145.66,145.7399,145.6201,290073.0
569,2021-08-02 15:28:00-04:00,2021-08-02 15:29:00-04:00,1627932480000000000,1627932540000000000,145.6625,145.615,145.68,145.61,211536.0
570,2021-08-02 15:30:00-04:00,2021-08-02 15:31:00-04:00,1627932600000000000,1627932660000000000,145.61,145.62,145.655,145.5701,211255.0
571,2021-08-02 15:32:00-04:00,2021-08-02 15:33:00-04:00,1627932720000000000,1627932780000000000,145.6217,145.56,145.65,145.5,291993.0
572,2021-08-02 15:34:00-04:00,2021-08-02 15:35:00-04:00,1627932840000000000,1627932900000000000,145.5632,145.64,145.7,145.56,441688.0
573,2021-08-02 15:36:00-04:00,2021-08-02 15:37:00-04:00,1627932960000000000,1627933020000000000,145.645,145.705,145.745,145.6323,185609.0
574,2021-08-02 15:38:00-04:00,2021-08-02 15:39:00-04:00,1627933080000000000,1627933140000000000,145.705,145.5399,145.705,145.5201,230759.0
575,2021-08-02 15:40:00-04:00,2021-08-02 15:41:00-04:00,1627933200000000000,1627933260000000000,145.54,145.59,145.6,145.4501,362052.0
576,2021-08-02 15:42:00-04:00,2021-08-02 15:43:00-04:00,1627933320000000000,1627933380000000000,145.5945,145.5747,145.605,145.5201,206852.0
577,2021-08-02 15:44:00-04:00,2021-08-02 15:45:00-04:00,1627933440000000000,1627933500000000000,145.575,145.58,145.59,145.515,284811.0
578,2021-08-02 15:46:00-04:00,2021-08-02 15:47:00-04:00,1627933560000000000,1627933620000000000,145.575,145.675,145.68,145.57,199407.0
579,2021-08-02 15:48:00-04:00,2021-08-02 15:49:00-04:00,1627933680000000000,1627933740000000000,145.675,145.6401,145.73,145.61,329218.0
580,2021-08-02 15:50:00-04:00,2021-08-02 15:51:00-04:00,1627933800000000000,1627933860000000000,145.65,145.71,145.76,145.59,626508.0
581,2021-08-02 15:52:00-04:00,2021-08-02 15:53:00-04:00,1627933920000000000,1627933980000000000,145.71,145.61,145.715,145.58,309165.0
582,2021-08-02 15:54:00-04:00,2021-08-02 15:55:00-04:00,1627934040000000000,1627934100000000000,145.61,145.51,145.62,145.505,540286.0
583,2021-08-02 15:56:00-04:00,2021-08-02 15:57:00-04:00,1627934160000000000,1627934220000000000,145.51,145.5299,145.545,145.45,542097.0
584,2021-08-02 15:58:00-04:00,2021-08-02 15:59:00-04:00,1627934280000000000,1627934340000000000,145.52,145.52,145.55,145.37,928806.0
585,2021-08-03 09:30:00-04:00,2021-08-03 09:31:00-04:00,1627997400000000000,1627997460000000000,145.81,145.532,146.0,145.4,1557240.0
586,2021-08-03 09:32:00-04:00,2021-08-03 09:33:00-04:00,1627997520000000000,1627997580000000000,145.54,145.2501,145.61,145.24,778202.0
587,2021-08-03 09:34:00-04:00,2021-08-03 09:35:00-04:00,1627997640000000000,1627997700000000000,145.2538,145.34,145.54,145.18,575834.0
588,2021-08-03 09:36:00-04:00,2021-08-03 09:37:00-04:00,1627997760000000000,1627997820000000000,145.33,145.55,145.72,145.3,589287.0
589,2021-08-03 09:38:00-04:00,2021-08-03 09:39:00-04:00,1627997880000000000,1627997940000000000,145.5583,145.71,145.85,145.465,602250.0
590,2021-08-03 09:40:00-04:00,2021-08-03 09:41:00-04:00,1627998000000000000,1627998060000000000,145.72,145.945,145.97,145.675,640121.0
591,2021-08-03 09:42:00-04:00,2021-08-03 09:43:00-04:00,1627998120000000000,1627998180000000000,145.94,146.051,146.19,145.9,744198.0
592,2021-08-03 09:44:00-04:00,2021-08-03 09:45:00-04:00,1627998240000000000,1627998300000000000,146.055,146.42,146.42,145.85,704060.0
593,2021-08-03 09:46:00-04:00,2021-08-03 09:47:00-04:00,1627998360000000000,1627998420000000000,146.42,146.41,146.6,146.37,695051.0
594,2021-08-03 09:48:00-04:00,2021-08-03 09:49:00-04:00,1627998480000000000,1627998540000000000,146.41,146.26,146.55,146.23,502000.0
595,2021-08-03 09:50:00-04:00,2021-08-03 09:51:00-04:00,1627998600000000000,1627998660000000000,146.27,145.99,146.2995,145.91,614028.0
596,2021-08-03 09:52:00-04:00,2021-08-03 09:53:00-04:00,1627998720000000000,1627998780000000000,146.0,145.92,146.14,145.82,496650.0
597,2021-08-03 09:54:00-04:00,2021-08-03 09:55:00-04:00,1627998840000000000,1627998900000000000,145.915,145.5038,145.9243,145.44,633021.0
598,2021-08-03 09:56:00-04:00,2021-08-03 09:57:00-04:00,1627998960000000000,1627999020000000000,145.52,145.58,145.67,145.47,461865.0
599,2021-08-03 09:58:00-04:00,2021-08-03 09:59:00-04:00,1627999080000000000,1627999140000000000,145.575,145.5232,145.609,145.45,436585.0
600,2021-08-03 10:00:00-04:00,2021-08-03 10:01:00-04:00,1627999200000000000,1627999260000000000,145.53,145.6299,145.6977,145.49,470964.0
601,2021-08-03 10:02:00-04:00,2021-08-03 10:03:00-04:00,1627999320000000000,1627999380000000000,145.6292,145.76,145.79,145.535,502799.0
602,2021-08-03 10:04:00-04:00,2021-08-03 10:05:00-04:00,1627999440000000000,1627999500000000000,145.755,145.87,145.88,145.66,452262.0
603,2021-08-03 10:06:00-04:00,2021-08-03 10:07:00-04:00,1627999560000000000,1627999620000000000,145.87,145.495,145.9264,145.43,410704.0
604,2021-08-03 10:08:00-04:00,2021-08-03 10:09:00-04:00,1627999680000000000,1627999740000000000,145.5,145.415,145.57,145.34,378506.0
605,2021-08-03 10:10:00-04:00,2021-08-03 10:11:00-04:00,1627999800000000000,1627999860000000000,145.42,145.53,145.6699,145.33,367762.0
606,2021-08-03 10:12:00-04:00,2021-08-03 10:13:00-04:00,1627999920000000000,1627999980000000000,145.53,145.48,145.6097,145.3899,306871.0
607,2021-08-03 10:14:00-04:00,2021-08-03 10:15:00-04:00,1628000040000000000,1628000100000000000,145.47,145.5799,145.6,145.42,314871.0
608,2021-08-03 10:16:00-04:00,2021-08-03 10:17:00-04:00,1628000160000000000,1628000220000000000,145.57,145.53,145.59,145.39,310039.0
609,2021-08-03 10:18:00-04:00,2021-08-03 10:19:00-04:00,1628000280000000000,1628000340000000000,145.51,145.76,145.76,145.48,348744.0
610,2021-08-03 10:20:00-04:00,2021-08-03 10:21:00-04:00,1628000400000000000,1628000460000000000,145.759,145.8,145.85,145.75,342888.0
611,2021-08-03 10:22:00-04:00,2021-08-03 10:23:00-04:00,1628000520000000000,1628000580000000000,145.81,145.893,145.94,145.7891,338559.0
612,2021-08-03 10:24:00-04:00,2021-08-03 10:25:00-04:00,1628000640000000000,1628000700000000000,145.9099,146.01,146.1,145.875,484831.0
613,2021-08-03 10:26:00-04:00,2021-08-03 10:27:00-04:00,1628000760000000000,1628000820000000000,146.01,146.0,146.08,145.96,220742.0
614,2021-08-03 10:28:00-04:00,2021-08-03 10:29:00-04:00,1628000880000000000,1628000940000000000,146.005,146.11,146.15,146.0001,257526.0
615,2021-08-03 10:30:00-04:00,2021-08-03 10:31:00-04:00,1628001000000000000,1628001060000000000,146.11,145.96,146.15,145.9301,330134.0
616,2021-08-03 10:32:00-04:00,2021-08-03 10:33:00-04:00,1628001120000000000,1628001180000000000,145.96,145.86,146.022,145.84,234624.0
617,2021-08-03 10:34:00-04:00,2021-08-03 10:35:00-04:00,1628001240000000000,1628001300000000000,145.85,145.6,145.85,145.56,337630.0
618,2021-08-03 10:36:00-04:00,2021-08-03 10:37:00-04:00,1628001360000000000,1628001420000000000,145.6039,145.615,145.72,145.52,297610.0
619,2021-08-03 10:38:00-04:00,2021-08-03 10:39:00-04:00,1628001480000000000,1628001540000000000,145.613,145.6723,145.71,145.5801,243770.0
620,2021-08-03 10:40:00-04:00,2021-08-03 10:41:00-04:00,1628001600000000000,1628001660000000000,145.66,145.755,145.83,145.6,234555.0
621,2021-08-03 10:42:00-04:00,2021-08-03 10:43:00-04:00,1628001720000000000,1628001780000000000,145.76,145.66,145.765,145.63,210114.0
622,2021-08-03 10:44:00-04:00,2021-08-03 10:45:00-04:00,1628001840000000000,1628001900000000000,145.655,145.44,145.7,145.3399,401098.0
623,2021-08-03 10:46:00-04:00,2021-08-03 10:47:00-04:00,1628001960000000000,1628002020000000000,145.42,145.55,145.58,145.395,268105.0
624,2021-08-03 10:48:00-04:00,2021-08-03 10:49:00-04:00,1628002080000000000,1628002140000000000,145.555,145.85,145.8714,145.555,309257.0
625,2021-08-03 10:50:00-04:00,2021-08-03 10:51:00-04:00,1628002200000000000,1628002260000000000,145.8599,145.85,145.9706,145.84,272555.0
626,2021-08-03 10:52:00-04:00,2021-08-03 10:53:00-04:00,1628002320000000000,1628002380000000000,145.85,145.84,145.87,145.75,199838.0
627,2021-08-03 10:54:00-04:00,2021-08-03 10:55:00-04:00,1628002440000000000,1628002500000000000,145.84,145.815,145.88,145.73,209467.0
628,2021-08-03 10:56:00-04:00,2021-08-03 10:57:00-04:00,1628002560000000000,1628002620000000000,145.81,145.9,145.96,145.81,275751.0
629,2021-08-03 10:58:00-04:00,2021-08-03 10:59:00-04:00,1628002680000000000,1628002740000000000,145.8971,145.94,145.99,145.87,237805.0
630,2021-08-03 11:00:00-04:00,2021-08-03 11:01:00-04:00,1628002800000000000,1628002860000000000,145.93,145.95,146.085,145.9,280085.0
631,2021-08-03 11:02:00-04:00,2021-08-03 11:03:00-04:00,1628002920000000000,1628002980000000000,145.9501,146.01,146.09,145.9,225982.0
632,2021-08-03 11:04:00-04:00,2021-08-03 11:05:00-04:00,1628003040000000000,1628003100000000000,146.01,145.925,146.01,145.85,237063.0
633,2021-08-03 11:06:00-04:00,2021-08-03 11:07:00-04:00,1628003160000000000,1628003220000000000,145.92,145.8698,145.945,145.72,263615.0
634,2021-08-03 11:08:00-04:00,2021-08-03 11:09:00-04:00,1628003280000000000,1628003340000000000,145.87,145.79,145.89,145.77,172166.0
635,2021-08-03 11:10:00-04:00,2021-08-03 11:11:00-04:00,1628003400000000000,1628003460000000000,145.7979,145.89,145.95,145.77,230884.0
636,2021-08-03 11:12:00-04:00,2021-08-03 11:13:00-04:00,1628003520000000000,1628003580000000000,145.895,145.7099,145.9,145.66,253028.0
637,2021-08-03 11:14:00-04:00,2021-08-03 11:15:00-04:00,1628003640000000000,1628003700000000000,145.7,145.71,145.74,145.6299,239771.0
638,2021-08-03 11:16:00-04:00,2021-08-03 11:17:00-04:00,1628003760000000000,1628003820000000000,145.715,145.695,145.79,145.63,229243.0
639,2021-08-03 11:18:00-04:00,2021-08-03 11:19:00-04:00,1628003880000000000,1628003940000000000,145.715,145.63,145.75,145.63,176041.0
640,2021-08-03 11:20:00-04:00,2021-08-03 11:21:00-04:00,1628004000000000000,1628004060000000000,145.63,145.7,145.755,145.61,186862.0
641,2021-08-03 11:22:00-04:00,2021-08-03 11:23:00-04:00,1628004120000000000,1628004180000000000,145.71,145.735,145.74,145.595,153833.0
642,2021-08-03 11:24:00-04:00,2021-08-03 11:25:00-04:00,1628004240000000000,1628004300000000000,145.74,145.5017,145.77,145.435,314017.0
643,2021-08-03 11:26:00-04:00,2021-08-03 11:27:00-04:00,1628004360000000000,1628004420000000000,145.505,145.717,145.74,145.505,188430.0
644,2021-08-03 11:28:00-04:00,2021-08-03 11:29:00-04:00,1628004480000000000,1628004540000000000,145.715,145.8099,145.83,145.69,209376.0
645,2021-08-03 11:30:00-04:00,2021-08-03 11:31:00-04:00,1628004600000000000,1628004660000000000,145.8,145.8401,145.8674,145.76,196374.0
646,2021-08-03 11:32:00-04:00,2021-08-03 11:33:00-04:00,1628004720000000000,1628004780000000000,145.8449,146.0,146.01,145.8101,283470.0
647,2021-08-03 11:34:00-04:00,2021-08-03 11:35:00-04:00,1628004840000000000,1628004900000000000,145.995,146.0686,146.1,145.98,295600.0
648,2021-08-03 11:36:00-04:00,2021-08-03 11:37:00-04:00,1628004960000000000,1628005020000000000,146.07,145.9401,146.08,145.915,189405.0
649,2021-08-03 11:38:00-04:00,2021-08-03 11:39:00-04:00,1628005080000000000,1628005140000000000,145.93,145.97,146.01,145.93,148157.0
650,2021-08-03 11:40:00-04:00,2021-08-03 11:41:00-04:00,1628005200000000000,1628005260000000000,145.9685,146.24,146.2673,145.9685,403785.0
651,2021-08-03 11:42:00-04:00,2021-08-03 11:43:00-04:00,1628005320000000000,1628005380000000000,146.2399,146.44,146.46,146.23,458697.0
652,2021-08-03 11:44:00-04:00,2021-08-03 11:45:00-04:00,1628005440000000000,1628005500000000000,146.44,146.6,146.63,146.415,752984.0
653,2021-08-03 11:46:00-04:00,2021-08-03 11:47:00-04:00,1628005560000000000,1628005620000000000,146.595,146.605,146.66,146.54,368304.0
654,2021-08-03 11:48:00-04:00,2021-08-03 11:49:00-04:00,1628005680000000000,1628005740000000000,146.61,146.67,146.71,146.5924,450043.0
655,2021-08-03 11:50:00-04:00,2021-08-03 11:51:00-04:00,1628005800000000000,1628005860000000000,146.68,146.71,146.78,146.66,373178.0
656,2021-08-03 11:52:00-04:00,2021-08-03 11:53:00-04:00,1628005920000000000,1628005980000000000,146.72,146.54,146.73,146.535,372891.0
657,2021-08-03 11:54:00-04:00,2021-08-03 11:55:00-04:00,1628006040000000000,1628006100000000000,146.5301,146.69,146.69,146.52,251578.0
658,2021-08-03 11:56:00-04:00,2021-08-03 11:57:00-04:00,1628006160000000000,1628006220000000000,146.681,146.975,146.98,146.681,501369.0
659,2021-08-03 11:58:00-04:00,2021-08-03 11:59:00-04:00,1628006280000000000,1628006340000000000,146.975,147.0101,147.06,146.94,646344.0
660,2021-08-03 12:00:00-04:00,2021-08-03 12:01:00-04:00,1628006400000000000,1628006460000000000,147.0201,147.11,147.2,147.0201,498145.0
661,2021-08-03 12:02:00-04:00,2021-08-03 12:03:00-04:00,1628006520000000000,1628006580000000000,147.1,147.2399,147.27,147.08,361027.0
662,2021-08-03 12:04:00-04:00,2021-08-03 12:05:00-04:00,1628006640000000000,1628006700000000000,147.2339,147.19,147.375,147.16,543584.0
663,2021-08-03 12:06:00-04:00,2021-08-03 12:07:00-04:00,1628006760000000000,1628006820000000000,147.195,147.2263,147.25,147.14,1292205.0
664,2021-08-03 12:08:00-04:00,2021-08-03 12:09:00-04:00,1628006880000000000,1628006940000000000,147.2182,147.3689,147.43,147.21,401408.0
665,2021-08-03 12:10:00-04:00,2021-08-03 12:11:00-04:00,1628007000000000000,1628007060000000000,147.3706,147.335,147.41,147.3001,280963.0
666,2021-08-03 12:12:00-04:00,2021-08-03 12:13:00-04:00,1628007120000000000,1628007180000000000,147.3265,147.2691,147.36,147.25,340576.0
667,2021-08-03 12:14:00-04:00,2021-08-03 12:15:00-04:00,1628007240000000000,1628007300000000000,147.2601,147.385,147.41,147.2,296885.0
668,2021-08-03 12:16:00-04:00,2021-08-03 12:17:00-04:00,1628007360000000000,1628007420000000000,147.385,147.285,147.4,147.23,231134.0
669,2021-08-03 12:18:00-04:00,2021-08-03 12:19:00-04:00,1628007480000000000,1628007540000000000,147.28,147.215,147.33,147.18,232467.0
670,2021-08-03 12:20:00-04:00,2021-08-03 12:21:00-04:00,1628007600000000000,1628007660000000000,147.215,147.12,147.22,147.095,217642.0
671,2021-08-03 12:22:00-04:00,2021-08-03 12:23:00-04:00,1628007720000000000,1628007780000000000,147.1208,147.13,147.2,147.04,213752.0
672,2021-08-03 12:24:00-04:00,2021-08-03 12:25:00-04:00,1628007840000000000,1628007900000000000,147.13,147.01,147.13,146.98,285243.0
673,2021-08-03 12:26:00-04:00,2021-08-03 12:27:00-04:00,1628007960000000000,1628008020000000000,147.0167,147.0871,147.09,146.9492,223733.0
674,2021-08-03 12:28:00-04:00,2021-08-03 12:29:00-04:00,1628008080000000000,1628008140000000000,147.09,147.0701,147.11,147.045,153099.0
675,2021-08-03 12:30:00-04:00,2021-08-03 12:31:00-04:00,1628008200000000000,1628008260000000000,147.074,147.1813,147.19,147.0701,193520.0
676,2021-08-03 12:32:00-04:00,2021-08-03 12:33:00-04:00,1628008320000000000,1628008380000000000,147.18,147.27,147.27,147.15,218129.0
677,2021-08-03 12:34:00-04:00,2021-08-03 12:35:00-04:00,1628008440000000000,1628008500000000000,147.2725,147.32,147.34,147.24,216109.0
678,2021-08-03 12:36:00-04:00,2021-08-03 12:37:00-04:00,1628008560000000000,1628008620000000000,147.31,147.29,147.3774,147.27,166885.0
679,2021-08-03 12:38:00-04:00,2021-08-03 12:39:00-04:00,1628008680000000000,1628008740000000000,147.29,147.3234,147.35,147.2828,128699.0
680,2021-08-03 12:40:00-04:00,2021-08-03 12:41:00-04:00,1628008800000000000,1628008860000000000,147.325,147.345,147.38,147.27,164510.0
681,2021-08-03 12:42:00-04:00,2021-08-03 12:43:00-04:00,1628008920000000000,1628008980000000000,147.3485,147.325,147.4218,147.32,197758.0
682,2021-08-03 12:44:00-04:00,2021-08-03 12:45:00-04:00,1628009040000000000,1628009100000000000,147.3253,147.295,147.3399,147.22,227707.0
683,2021-08-03 12:46:00-04:00,2021-08-03 12:47:00-04:00,1628009160000000000,1628009220000000000,147.3099,147.25,147.315,147.235,121417.0
684,2021-08-03 12:48:00-04:00,2021-08-03 12:49:00-04:00,1628009280000000000,1628009340000000000,147.26,147.515,147.5283,147.26,383307.0
685,2021-08-03 12:50:00-04:00,2021-08-03 12:51:00-04:00,1628009400000000000,1628009460000000000,147.5127,147.415,147.52,147.375,224780.0
686,2021-08-03 12:52:00-04:00,2021-08-03 12:53:00-04:00,1628009520000000000,1628009580000000000,147.415,147.4641,147.48,147.3801,133808.0
687,2021-08-03 12:54:00-04:00,2021-08-03 12:55:00-04:00,1628009640000000000,1628009700000000000,147.465,147.49,147.49,147.39,159288.0
688,2021-08-03 12:56:00-04:00,2021-08-03 12:57:00-04:00,1628009760000000000,1628009820000000000,147.485,147.5301,147.55,147.465,213964.0
689,2021-08-03 12:58:00-04:00,2021-08-03 12:59:00-04:00,1628009880000000000,1628009940000000000,147.54,147.73,147.75,147.45,317514.0
690,2021-08-03 13:00:00-04:00,2021-08-03 13:01:00-04:00,1628010000000000000,1628010060000000000,147.73,147.74,147.8254,147.72,306865.0
691,2021-08-03 13:02:00-04:00,2021-08-03 13:03:00-04:00,1628010120000000000,1628010180000000000,147.73,147.845,147.85,147.71,190512.0
692,2021-08-03 13:04:00-04:00,2021-08-03 13:05:00-04:00,1628010240000000000,1628010300000000000,147.84,147.9,147.94,147.8,301431.0
693,2021-08-03 13:06:00-04:00,2021-08-03 13:07:00-04:00,1628010360000000000,1628010420000000000,147.9099,147.93,147.96,147.89,239312.0
694,2021-08-03 13:08:00-04:00,2021-08-03 13:09:00-04:00,1628010480000000000,1628010540000000000,147.925,147.915,148.045,147.9112,530699.0
695,2021-08-03 13:10:00-04:00,2021-08-03 13:11:00-04:00,1628010600000000000,1628010660000000000,147.915,147.885,147.955,147.845,305774.0
696,2021-08-03 13:12:00-04:00,2021-08-03 13:13:00-04:00,1628010720000000000,1628010780000000000,147.88,147.895,147.93,147.86,142516.0
697,2021-08-03 13:14:00-04:00,2021-08-03 13:15:00-04:00,1628010840000000000,1628010900000000000,147.9,147.8732,147.9557,147.84,235531.0
698,2021-08-03 13:16:00-04:00,2021-08-03 13:17:00-04:00,1628010960000000000,1628011020000000000,147.87,147.88,147.95,147.85,199585.0
699,2021-08-03 13:18:00-04:00,2021-08-03 13:19:00-04:00,1628011080000000000,1628011140000000000,147.8799,147.8201,147.9199,147.8201,134438.0
700,2021-08-03 13:20:00-04:00,2021-08-03 13:21:00-04:00,1628011200000000000,1628011260000000000,147.825,147.845,147.8686,147.8,188011.0
701,2021-08-03 13:22:00-04:00,2021-08-03 13:23:00-04:00,1628011320000000000,1628011380000000000,147.85,147.8327,147.865,147.79,151038.0
702,2021-08-03 13:24:00-04:00,2021-08-03 13:25:00-04:00,1628011440000000000,1628011500000000000,147.835,147.79,147.87,147.76,184075.0
703,2021-08-03 13:26:00-04:00,2021-08-03 13:27:00-04:00,1628011560000000000,1628011620000000000,147.79,147.91,147.9617,147.77,222126.0
704,2021-08-03 13:28:00-04:00,2021-08-03 13:29:00-04:00,1628011680000000000,1628011740000000000,147.9109,147.875,147.95,147.83,173831.0
705,2021-08-03 13:30:00-04:00,2021-08-03 13:31:00-04:00,1628011800000000000,1628011860000000000,147.875,147.925,147.9484,147.875,141140.0
706,2021-08-03 13:32:00-04:00,2021-08-03 13:33:00-04:00,1628011920000000000,1628011980000000000,147.925,147.97,147.98,147.91,130906.0
707,2021-08-03 13:34:00-04:00,2021-08-03 13:35:00-04:00,1628012040000000000,1628012100000000000,147.9686,148.01,148.02,147.9416,232144.0
708,2021-08-03 13:36:00-04:00,2021-08-03 13:37:00-04:00,1628012160000000000,1628012220000000000,148.02,147.8997,148.025,147.87,156197.0
709,2021-08-03 13:38:00-04:00,2021-08-03 13:39:00-04:00,1628012280000000000,1628012340000000000,147.8986,147.9209,147.95,147.83,173160.0
710,2021-08-03 13:40:00-04:00,2021-08-03 13:41:00-04:00,1628012400000000000,1628012460000000000,147.9299,147.875,147.95,147.825,164120.0
711,2021-08-03 13:42:00-04:00,2021-08-03 13:43:00-04:00,1628012520000000000,1628012580000000000,147.88,147.925,147.93,147.82,194691.0
712,2021-08-03 13:44:00-04:00,2021-08-03 13:45:00-04:00,1628012640000000000,1628012700000000000,147.91,147.92,147.93,147.83,162960.0
713,2021-08-03 13:46:00-04:00,2021-08-03 13:47:00-04:00,1628012760000000000,1628012820000000000,147.92,147.925,147.955,147.9,137716.0
714,2021-08-03 13:48:00-04:00,2021-08-03 13:49:00-04:00,1628012880000000000,1628012940000000000,147.925,147.9,147.94,147.86,130974.0
715,2021-08-03 13:50:00-04:00,2021-08-03 13:51:00-04:00,1628013000000000000,1628013060000000000,147.9,147.91,147.9299,147.83,111875.0
716,2021-08-03 13:52:00-04:00,2021-08-03 13:53:00-04:00,1628013120000000000,1628013180000000000,147.905,147.94,147.98,147.89,136177.0
717,2021-08-03 13:54:00-04:00,2021-08-03 13:55:00-04:00,1628013240000000000,1628013300000000000,147.96,147.96,148.0287,147.92,209084.0
718,2021-08-03 13:56:00-04:00,2021-08-03 13:57:00-04:00,1628013360000000000,1628013420000000000,147.955,147.86,147.955,147.83,160195.0
719,2021-08-03 13:58:00-04:00,2021-08-03 13:59:00-04:00,1628013480000000000,1628013540000000000,147.855,147.825,147.86,147.77,156868.0
720,2021-08-03 14:00:00-04:00,2021-08-03 14:01:00-04:00,1628013600000000000,1628013660000000000,147.83,147.615,147.86,147.59,231893.0
721,2021-08-03 14:02:00-04:00,2021-08-03 14:03:00-04:00,1628013720000000000,1628013780000000000,147.63,147.69,147.72,147.6219,135696.0
722,2021-08-03 14:04:00-04:00,2021-08-03 14:05:00-04:00,1628013840000000000,1628013900000000000,147.695,147.78,147.7899,147.6809,146043.0
723,2021-08-03 14:06:00-04:00,2021-08-03 14:07:00-04:00,1628013960000000000,1628014020000000000,147.79,147.86,147.88,147.7701,193355.0
724,2021-08-03 14:08:00-04:00,2021-08-03 14:09:00-04:00,1628014080000000000,1628014140000000000,147.86,147.9,147.92,147.81,139255.0
725,2021-08-03 14:10:00-04:00,2021-08-03 14:11:00-04:00,1628014200000000000,1628014260000000000,147.89,147.86,147.96,147.86,214496.0
726,2021-08-03 14:12:00-04:00,2021-08-03 14:13:00-04:00,1628014320000000000,1628014380000000000,147.8695,147.85,147.93,147.83,170400.0
727,2021-08-03 14:14:00-04:00,2021-08-03 14:15:00-04:00,1628014440000000000,1628014500000000000,147.85,147.8202,147.86,147.79,119305.0
728,2021-08-03 14:16:00-04:00,2021-08-03 14:17:00-04:00,1628014560000000000,1628014620000000000,147.825,147.7801,147.83,147.7613,90593.0
729,2021-08-03 14:18:00-04:00,2021-08-03 14:19:00-04:00,1628014680000000000,1628014740000000000,147.79,147.82,147.84,147.78,225271.0
730,2021-08-03 14:20:00-04:00,2021-08-03 14:21:00-04:00,1628014800000000000,1628014860000000000,147.8193,147.7455,147.8399,147.74,91910.0
731,2021-08-03 14:22:00-04:00,2021-08-03 14:23:00-04:00,1628014920000000000,1628014980000000000,147.7455,147.695,147.75,147.68,150198.0
732,2021-08-03 14:24:00-04:00,2021-08-03 14:25:00-04:00,1628015040000000000,1628015100000000000,147.695,147.6804,147.7017,147.62,139618.0
733,2021-08-03 14:26:00-04:00,2021-08-03 14:27:00-04:00,1628015160000000000,1628015220000000000,147.6899,147.645,147.7,147.63,138022.0
734,2021-08-03 14:28:00-04:00,2021-08-03 14:29:00-04:00,1628015280000000000,1628015340000000000,147.645,147.575,147.68,147.57,161608.0
735,2021-08-03 14:30:00-04:00,2021-08-03 14:31:00-04:00,1628015400000000000,1628015460000000000,147.585,147.54,147.5943,147.51,217183.0
736,2021-08-03 14:32:00-04:00,2021-08-03 14:33:00-04:00,1628015520000000000,1628015580000000000,147.54,147.465,147.57,147.43,228764.0
737,2021-08-03 14:34:00-04:00,2021-08-03 14:35:00-04:00,1628015640000000000,1628015700000000000,147.465,147.445,147.48,147.35,209992.0
738,2021-08-03 14:36:00-04:00,2021-08-03 14:37:00-04:00,1628015760000000000,1628015820000000000,147.44,147.41,147.45,147.35,185951.0
739,2021-08-03 14:38:00-04:00,2021-08-03 14:39:00-04:00,1628015880000000000,1628015940000000000,147.4189,147.325,147.4199,147.315,184023.0
740,2021-08-03 14:40:00-04:00,2021-08-03 14:41:00-04:00,1628016000000000000,1628016060000000000,147.3401,147.35,147.44,147.3147,190505.0
741,2021-08-03 14:42:00-04:00,2021-08-03 14:43:00-04:00,1628016120000000000,1628016180000000000,147.355,147.475,147.52,147.355,238878.0
742,2021-08-03 14:44:00-04:00,2021-08-03 14:45:00-04:00,1628016240000000000,1628016300000000000,147.48,147.4325,147.5099,147.42,194425.0
743,2021-08-03 14:46:00-04:00,2021-08-03 14:47:00-04:00,1628016360000000000,1628016420000000000,147.435,147.335,147.46,147.3112,214339.0
744,2021-08-03 14:48:00-04:00,2021-08-03 14:49:00-04:00,1628016480000000000,1628016540000000000,147.34,147.165,147.34,147.13,325886.0
745,2021-08-03 14:50:00-04:00,2021-08-03 14:51:00-04:00,1628016600000000000,1628016660000000000,147.17,147.35,147.4,147.17,246688.0
746,2021-08-03 14:52:00-04:00,2021-08-03 14:53:00-04:00,1628016720000000000,1628016780000000000,147.36,147.45,147.46,147.3531,148043.0
747,2021-08-03 14:54:00-04:00,2021-08-03 14:55:00-04:00,1628016840000000000,1628016900000000000,147.45,147.45,147.45,147.36,198142.0
748,2021-08-03 14:56:00-04:00,2021-08-03 14:57:00-04:00,1628016960000000000,1628017020000000000,147.445,147.4404,147.5,147.43,245774.0
749,2021-08-03 14:58:00-04:00,2021-08-03 14:59:00-04:00,1628017080000000000,1628017140000000000,147.44,147.44,147.47,147.423,107028.0
750,2021-08-03 15:00:00-04:00,2021-08-03 15:01:00-04:00,1628017200000000000,1628017260000000000,147.44,147.4486,147.5,147.4001,179552.0
751,2021-08-03 15:02:00-04:00,2021-08-03 15:03:00-04:00,1628017320000000000,1628017380000000000,147.4499,147.452,147.51,147.41,291069.0
752,2021-08-03 15:04:00-04:00,2021-08-03 15:05:00-04:00,1628017440000000000,1628017500000000000,147.46,147.57,147.57,147.42,218219.0
753,2021-08-03 15:06:00-04:00,2021-08-03 15:07:00-04:00,1628017560000000000,1628017620000000000,147.575,147.575,147.6,147.54,243784.0
754,2021-08-03 15:08:00-04:00,2021-08-03 15:09:00-04:00,1628017680000000000,1628017740000000000,147.58,147.56,147.5899,147.495,167374.0
755,2021-08-03 15:10:00-04:00,2021-08-03 15:11:00-04:00,1628017800000000000,1628017860000000000,147.553,147.57,147.63,147.54,176451.0
756,2021-08-03 15:12:00-04:00,2021-08-03 15:13:00-04:00,1628017920000000000,1628017980000000000,147.575,147.453,147.575,147.42,199427.0
757,2021-08-03 15:14:00-04:00,2021-08-03 15:15:00-04:00,1628018040000000000,1628018100000000000,147.45,147.501,147.545,147.45,182646.0
758,2021-08-03 15:16:00-04:00,2021-08-03 15:17:00-04:00,1628018160000000000,1628018220000000000,147.505,147.54,147.59,147.49,187295.0
759,2021-08-03 15:18:00-04:00,2021-08-03 15:19:00-04:00,1628018280000000000,1628018340000000000,147.535,147.455,147.55,147.45,170696.0
760,2021-08-03 15:20:00-04:00,2021-08-03 15:21:00-04:00,1628018400000000000,1628018460000000000,147.45,147.515,147.52,147.4036,206606.0
761,2021-08-03 15:22:00-04:00,2021-08-03 15:23:00-04:00,1628018520000000000,1628018580000000000,147.515,147.52,147.54,147.46,205667.0
762,2021-08-03 15:24:00-04:00,2021-08-03 15:25:00-04:00,1628018640000000000,1628018700000000000,147.5201,147.515,147.57,147.5,230316.0
763,2021-08-03 15:26:00-04:00,2021-08-03 15:27:00-04:00,1628018760000000000,1628018820000000000,147.515,147.6197,147.6399,147.5131,199685.0
764,2021-08-03 15:28:00-04:00,2021-08-03 15:29:00-04:00,1628018880000000000,1628018940000000000,147.6153,147.59,147.62,147.55,151492.0
765,2021-08-03 15:30:00-04:00,2021-08-03 15:31:00-04:00,1628019000000000000,1628019060000000000,147.5801,147.735,147.735,147.58,409569.0
766,2021-08-03 15:32:00-04:00,2021-08-03 15:33:00-04:00,1628019120000000000,1628019180000000000,147.7325,147.58,147.74,147.56,370118.0
767,2021-08-03 15:34:00-04:00,2021-08-03 15:35:00-04:00,1628019240000000000,1628019300000000000,147.575,147.42,147.6,147.41,311172.0
768,2021-08-03 15:36:00-04:00,2021-08-03 15:37:00-04:00,1628019360000000000,1628019420000000000,147.425,147.455,147.505,147.4201,196846.0
769,2021-08-03 15:38:00-04:00,2021-08-03 15:39:00-04:00,1628019480000000000,1628019540000000000,147.45,147.36,147.48,147.35,191190.0
770,2021-08-03 15:40:00-04:00,2021-08-03 15:41:00-04:00,1628019600000000000,1628019660000000000,147.37,147.455,147.465,147.37,216590.0
771,2021-08-03 15:42:00-04:00,2021-08-03 15:43:00-04:00,1628019720000000000,1628019780000000000,147.4587,147.425,147.4769,147.42,188907.0
772,2021-08-03 15:44:00-04:00,2021-08-03 15:45:00-04:00,1628019840000000000,1628019900000000000,147.425,147.41,147.477,147.38,269332.0
773,2021-08-03 15:46:00-04:00,2021-08-03 15:47:00-04:00,1628019960000000000,1628020020000000000,147.41,147.395,147.43,147.36,207712.0
774,2021-08-03 15:48:00-04:00,2021-08-03 15:49:00-04:00,1628020080000000000,1628020140000000000,147.395,147.3011,147.41,147.27,323744.0
775,2021-08-03 15:50:00-04:00,2021-08-03 15:51:00-04:00,1628020200000000000,1628020260000000000,147.31,147.2329,147.39,147.2,394921.0
776,2021-08-03 15:52:00-04:00,2021-08-03 15:53:00-04:00,1628020320000000000,1628020380000000000,147.24,147.275,147.29,147.225,377270.0
777,2021-08-03 15:54:00-04:00,2021-08-03 15:55:00-04:00,1628020440000000000,1628020500000000000,147.27,147.29,147.41,147.24,615456.0
778,2021-08-03 15:56:00-04:00,2021-08-03 15:57:00-04:00,1628020560000000000,1628020620000000000,147.3,147.4275,147.45,147.28,787982.0
779,2021-08-03 15:58:00-04:00,2021-08-03 15:59:00-04:00,1628020680000000000,1628020740000000000,147.42,147.34,147.4272,147.14,980607.0
780,2021-08-04 09:30:00-04:00,2021-08-04 09:31:00-04:00,1628083800000000000,1628083860000000000,147.27,147.2,147.52,147.02,1511520.0
781,2021-08-04 09:32:00-04:00,2021-08-04 09:33:00-04:00,1628083920000000000,1628083980000000000,147.2099,147.46,147.5,146.89,821279.0
782,2021-08-04 09:34:00-04:00,2021-08-04 09:35:00-04:00,1628084040000000000,1628084100000000000,147.46,147.11,147.48,146.79,862159.0
783,2021-08-04 09:36:00-04:00,2021-08-04 09:37:00-04:00,1628084160000000000,1628084220000000000,147.1,147.0024,147.16,146.8,638229.0
784,2021-08-04 09:38:00-04:00,2021-08-04 09:39:00-04:00,1628084280000000000,1628084340000000000,147.015,147.11,147.17,146.86,496817.0
785,2021-08-04 09:40:00-04:00,2021-08-04 09:41:00-04:00,1628084400000000000,1628084460000000000,147.16,147.25,147.515,147.135,709935.0
786,2021-08-04 09:42:00-04:00,2021-08-04 09:43:00-04:00,1628084520000000000,1628084580000000000,147.24,147.44,147.47,147.175,446518.0
787,2021-08-04 09:44:00-04:00,2021-08-04 09:45:00-04:00,1628084640000000000,1628084700000000000,147.45,147.6399,147.7199,147.41,602087.0
788,2021-08-04 09:46:00-04:00,2021-08-04 09:47:00-04:00,1628084760000000000,1628084820000000000,147.63,147.5715,147.78,147.45,563470.0
789,2021-08-04 09:48:00-04:00,2021-08-04 09:49:00-04:00,1628084880000000000,1628084940000000000,147.57,147.3453,147.57,147.24,494182.0
790,2021-08-04 09:50:00-04:00,2021-08-04 09:51:00-04:00,1628085000000000000,1628085060000000000,147.34,147.361,147.6,147.3042,518287.0
791,2021-08-04 09:52:00-04:00,2021-08-04 09:53:00-04:00,1628085120000000000,1628085180000000000,147.36,147.28,147.46,147.12,576624.0
792,2021-08-04 09:54:00-04:00,2021-08-04 09:55:00-04:00,1628085240000000000,1628085300000000000,147.285,147.4401,147.455,147.1,767141.0
793,2021-08-04 09:56:00-04:00,2021-08-04 09:57:00-04:00,1628085360000000000,1628085420000000000,147.45,147.59,147.635,147.38,511003.0
794,2021-08-04 09:58:00-04:00,2021-08-04 09:59:00-04:00,1628085480000000000,1628085540000000000,147.58,147.693,147.79,147.53,437749.0
795,2021-08-04 10:00:00-04:00,2021-08-04 10:01:00-04:00,1628085600000000000,1628085660000000000,147.7,147.62,147.756,147.43,379518.0
796,2021-08-04 10:02:00-04:00,2021-08-04 10:03:00-04:00,1628085720000000000,1628085780000000000,147.62,147.36,147.63,147.3,402936.0
797,2021-08-04 10:04:00-04:00,2021-08-04 10:05:00-04:00,1628085840000000000,1628085900000000000,147.34,147.25,147.46,147.23,322931.0
798,2021-08-04 10:06:00-04:00,2021-08-04 10:07:00-04:00,1628085960000000000,1628086020000000000,147.24,147.1399,147.27,147.07,410702.0
799,2021-08-04 10:08:00-04:00,2021-08-04 10:09:00-04:00,1628086080000000000,1628086140000000000,147.13,147.2623,147.286,147.07,356035.0
800,2021-08-04 10:10:00-04:00,2021-08-04 10:11:00-04:00,1628086200000000000,1628086260000000000,147.285,147.185,147.39,147.14,350719.0
801,2021-08-04 10:12:00-04:00,2021-08-04 10:13:00-04:00,1628086320000000000,1628086380000000000,147.18,146.975,147.1833,146.89,458244.0
802,2021-08-04 10:14:00-04:00,2021-08-04 10:15:00-04:00,1628086440000000000,1628086500000000000,146.975,146.82,147.01,146.8,567320.0
803,2021-08-04 10:16:00-04:00,2021-08-04 10:17:00-04:00,1628086560000000000,1628086620000000000,146.815,146.948,146.99,146.8057,451373.0
804,2021-08-04 10:18:00-04:00,2021-08-04 10:19:00-04:00,1628086680000000000,1628086740000000000,146.95,146.92,147.02,146.86,409775.0
805,2021-08-04 10:20:00-04:00,2021-08-04 10:21:00-04:00,1628086800000000000,1628086860000000000,146.92,146.8,146.93,146.69,579662.0
806,2021-08-04 10:22:00-04:00,2021-08-04 10:23:00-04:00,1628086920000000000,1628086980000000000,146.8,146.92,146.9913,146.7801,369553.0
807,2021-08-04 10:24:00-04:00,2021-08-04 10:25:00-04:00,1628087040000000000,1628087100000000000,146.925,147.119,147.12,146.925,402238.0
808,2021-08-04 10:26:00-04:00,2021-08-04 10:27:00-04:00,1628087160000000000,1628087220000000000,147.115,147.09,147.18,147.035,327658.0
809,2021-08-04 10:28:00-04:00,2021-08-04 10:29:00-04:00,1628087280000000000,1628087340000000000,147.09,147.08,147.1,146.9,353153.0
810,2021-08-04 10:30:00-04:00,2021-08-04 10:31:00-04:00,1628087400000000000,1628087460000000000,147.07,146.9169,147.11,146.82,347473.0
811,2021-08-04 10:32:00-04:00,2021-08-04 10:33:00-04:00,1628087520000000000,1628087580000000000,146.905,147.15,147.15,146.7863,279942.0
812,2021-08-04 10:34:00-04:00,2021-08-04 10:35:00-04:00,1628087640000000000,1628087700000000000,147.1423,147.21,147.29,147.14,370972.0
813,2021-08-04 10:36:00-04:00,2021-08-04 10:37:00-04:00,1628087760000000000,1628087820000000000,147.205,147.12,147.2847,147.091,214392.0
814,2021-08-04 10:38:00-04:00,2021-08-04 10:39:00-04:00,1628087880000000000,1628087940000000000,147.115,146.86,147.16,146.7899,339359.0
815,2021-08-04 10:40:00-04:00,2021-08-04 10:41:00-04:00,1628088000000000000,1628088060000000000,146.8685,147.0199,147.025,146.8,1288796.0
816,2021-08-04 10:42:00-04:00,2021-08-04 10:43:00-04:00,1628088120000000000,1628088180000000000,147.01,146.9107,147.0964,146.9,252215.0
817,2021-08-04 10:44:00-04:00,2021-08-04 10:45:00-04:00,1628088240000000000,1628088300000000000,146.91,146.9601,147.017,146.82,264867.0
818,2021-08-04 10:46:00-04:00,2021-08-04 10:47:00-04:00,1628088360000000000,1628088420000000000,146.9533,146.97,147.01,146.9287,197581.0
819,2021-08-04 10:48:00-04:00,2021-08-04 10:49:00-04:00,1628088480000000000,1628088540000000000,146.98,146.9758,147.06,146.91,204874.0
820,2021-08-04 10:50:00-04:00,2021-08-04 10:51:00-04:00,1628088600000000000,1628088660000000000,146.9722,146.92,147.0,146.85,219669.0
821,2021-08-04 10:52:00-04:00,2021-08-04 10:53:00-04:00,1628088720000000000,1628088780000000000,146.93,146.775,146.95,146.7,330384.0
822,2021-08-04 10:54:00-04:00,2021-08-04 10:55:00-04:00,1628088840000000000,1628088900000000000,146.7999,146.77,146.86,146.705,207637.0
823,2021-08-04 10:56:00-04:00,2021-08-04 10:57:00-04:00,1628088960000000000,1628089020000000000,146.76,146.6699,146.8201,146.58,329921.0
824,2021-08-04 10:58:00-04:00,2021-08-04 10:59:00-04:00,1628089080000000000,1628089140000000000,146.66,146.63,146.72,146.6,224285.0
825,2021-08-04 11:00:00-04:00,2021-08-04 11:01:00-04:00,1628089200000000000,1628089260000000000,146.635,146.685,146.76,146.59,277183.0
826,2021-08-04 11:02:00-04:00,2021-08-04 11:03:00-04:00,1628089320000000000,1628089380000000000,146.69,146.58,146.74,146.45,513482.0
827,2021-08-04 11:04:00-04:00,2021-08-04 11:05:00-04:00,1628089440000000000,1628089500000000000,146.572,146.65,146.65,146.515,206039.0
828,2021-08-04 11:06:00-04:00,2021-08-04 11:07:00-04:00,1628089560000000000,1628089620000000000,146.6591,146.7102,146.73,146.6201,233372.0
829,2021-08-04 11:08:00-04:00,2021-08-04 11:09:00-04:00,1628089680000000000,1628089740000000000,146.71,146.64,146.75,146.6,220633.0
830,2021-08-04 11:10:00-04:00,2021-08-04 11:11:00-04:00,1628089800000000000,1628089860000000000,146.6409,146.6091,146.7216,146.6,293498.0
831,2021-08-04 11:12:00-04:00,2021-08-04 11:13:00-04:00,1628089920000000000,1628089980000000000,146.6013,146.6274,146.68,146.59,183644.0
832,2021-08-04 11:14:00-04:00,2021-08-04 11:15:00-04:00,1628090040000000000,1628090100000000000,146.62,146.605,146.679,146.54,174216.0
833,2021-08-04 11:16:00-04:00,2021-08-04 11:17:00-04:00,1628090160000000000,1628090220000000000,146.605,146.46,146.61,146.43,258240.0
834,2021-08-04 11:18:00-04:00,2021-08-04 11:19:00-04:00,1628090280000000000,1628090340000000000,146.45,146.4281,146.5,146.39,252313.0
835,2021-08-04 11:20:00-04:00,2021-08-04 11:21:00-04:00,1628090400000000000,1628090460000000000,146.4272,146.35,146.43,146.29,379344.0
836,2021-08-04 11:22:00-04:00,2021-08-04 11:23:00-04:00,1628090520000000000,1628090580000000000,146.35,146.46,146.48,146.3306,220885.0
837,2021-08-04 11:24:00-04:00,2021-08-04 11:25:00-04:00,1628090640000000000,1628090700000000000,146.45,146.415,146.48,146.28,235416.0
838,2021-08-04 11:26:00-04:00,2021-08-04 11:27:00-04:00,1628090760000000000,1628090820000000000,146.41,146.4891,146.6,146.365,268291.0
839,2021-08-04 11:28:00-04:00,2021-08-04 11:29:00-04:00,1628090880000000000,1628090940000000000,146.48,146.4,146.49,146.28,257985.0
840,2021-08-04 11:30:00-04:00,2021-08-04 11:31:00-04:00,1628091000000000000,1628091060000000000,146.405,146.52,146.54,146.37,202311.0
841,2021-08-04 11:32:00-04:00,2021-08-04 11:33:00-04:00,1628091120000000000,1628091180000000000,146.529,146.56,146.59,146.43,205947.0
842,2021-08-04 11:34:00-04:00,2021-08-04 11:35:00-04:00,1628091240000000000,1628091300000000000,146.565,146.59,146.635,146.55,200571.0
843,2021-08-04 11:36:00-04:00,2021-08-04 11:37:00-04:00,1628091360000000000,1628091420000000000,146.5899,146.525,146.62,146.52,165723.0
844,2021-08-04 11:38:00-04:00,2021-08-04 11:39:00-04:00,1628091480000000000,1628091540000000000,146.53,146.51,146.57,146.44,385069.0
845,2021-08-04 11:40:00-04:00,2021-08-04 11:41:00-04:00,1628091600000000000,1628091660000000000,146.52,146.51,146.53,146.44,185242.0
846,2021-08-04 11:42:00-04:00,2021-08-04 11:43:00-04:00,1628091720000000000,1628091780000000000,146.51,146.45,146.527,146.43,155000.0
847,2021-08-04 11:44:00-04:00,2021-08-04 11:45:00-04:00,1628091840000000000,1628091900000000000,146.44,146.64,146.65,146.43,158894.0
848,2021-08-04 11:46:00-04:00,2021-08-04 11:47:00-04:00,1628091960000000000,1628092020000000000,146.6313,146.7338,146.74,146.6313,268194.0
849,2021-08-04 11:48:00-04:00,2021-08-04 11:49:00-04:00,1628092080000000000,1628092140000000000,146.73,146.775,146.8,146.665,223427.0
850,2021-08-04 11:50:00-04:00,2021-08-04 11:51:00-04:00,1628092200000000000,1628092260000000000,146.775,146.7701,146.79,146.71,182811.0
851,2021-08-04 11:52:00-04:00,2021-08-04 11:53:00-04:00,1628092320000000000,1628092380000000000,146.7733,146.825,146.89,146.7733,232685.0
852,2021-08-04 11:54:00-04:00,2021-08-04 11:55:00-04:00,1628092440000000000,1628092500000000000,146.8288,146.8201,146.84,146.76,168289.0
853,2021-08-04 11:56:00-04:00,2021-08-04 11:57:00-04:00,1628092560000000000,1628092620000000000,146.84,146.9346,146.94,146.82,155536.0
854,2021-08-04 11:58:00-04:00,2021-08-04 11:59:00-04:00,1628092680000000000,1628092740000000000,146.93,146.97,146.99,146.89,232075.0
855,2021-08-04 12:00:00-04:00,2021-08-04 12:01:00-04:00,1628092800000000000,1628092860000000000,146.96,146.8973,146.9701,146.8801,143323.0
856,2021-08-04 12:02:00-04:00,2021-08-04 12:03:00-04:00,1628092920000000000,1628092980000000000,146.89,146.905,146.93,146.81,138032.0
857,2021-08-04 12:04:00-04:00,2021-08-04 12:05:00-04:00,1628093040000000000,1628093100000000000,146.9,146.94,146.955,146.87,95509.0
858,2021-08-04 12:06:00-04:00,2021-08-04 12:07:00-04:00,1628093160000000000,1628093220000000000,146.9499,146.942,147.01,146.92,209089.0
859,2021-08-04 12:08:00-04:00,2021-08-04 12:09:00-04:00,1628093280000000000,1628093340000000000,146.95,147.07,147.08,146.93,226999.0
860,2021-08-04 12:10:00-04:00,2021-08-04 12:11:00-04:00,1628093400000000000,1628093460000000000,147.0724,147.165,147.1682,147.02,194973.0
861,2021-08-04 12:12:00-04:00,2021-08-04 12:13:00-04:00,1628093520000000000,1628093580000000000,147.1613,147.25,147.26,147.1613,338530.0
862,2021-08-04 12:14:00-04:00,2021-08-04 12:15:00-04:00,1628093640000000000,1628093700000000000,147.24,147.18,147.25,147.13,177157.0
863,2021-08-04 12:16:00-04:00,2021-08-04 12:17:00-04:00,1628093760000000000,1628093820000000000,147.181,147.178,147.23,147.13,185419.0
864,2021-08-04 12:18:00-04:00,2021-08-04 12:19:00-04:00,1628093880000000000,1628093940000000000,147.18,147.2455,147.27,147.17,186212.0
865,2021-08-04 12:20:00-04:00,2021-08-04 12:21:00-04:00,1628094000000000000,1628094060000000000,147.25,147.135,147.265,147.13,189981.0
866,2021-08-04 12:22:00-04:00,2021-08-04 12:23:00-04:00,1628094120000000000,1628094180000000000,147.14,147.1801,147.185,147.08,197046.0
867,2021-08-04 12:24:00-04:00,2021-08-04 12:25:00-04:00,1628094240000000000,1628094300000000000,147.2,147.2803,147.31,147.14,224158.0
868,2021-08-04 12:26:00-04:00,2021-08-04 12:27:00-04:00,1628094360000000000,1628094420000000000,147.29,147.1713,147.29,147.165,214382.0
869,2021-08-04 12:28:00-04:00,2021-08-04 12:29:00-04:00,1628094480000000000,1628094540000000000,147.17,147.195,147.236,147.155,131673.0
870,2021-08-04 12:30:00-04:00,2021-08-04 12:31:00-04:00,1628094600000000000,1628094660000000000,147.2,147.055,147.24,147.055,141465.0
871,2021-08-04 12:32:00-04:00,2021-08-04 12:33:00-04:00,1628094720000000000,1628094780000000000,147.0599,147.095,147.1481,147.0599,122882.0
872,2021-08-04 12:34:00-04:00,2021-08-04 12:35:00-04:00,1628094840000000000,1628094900000000000,147.1,147.0701,147.165,147.07,113613.0
873,2021-08-04 12:36:00-04:00,2021-08-04 12:37:00-04:00,1628094960000000000,1628095020000000000,147.0701,147.0899,147.0899,147.03,135780.0
874,2021-08-04 12:38:00-04:00,2021-08-04 12:39:00-04:00,1628095080000000000,1628095140000000000,147.09,147.03,147.09,147.03,99151.0
875,2021-08-04 12:40:00-04:00,2021-08-04 12:41:00-04:00,1628095200000000000,1628095260000000000,147.035,147.03,147.07,147.01,108910.0
876,2021-08-04 12:42:00-04:00,2021-08-04 12:43:00-04:00,1628095320000000000,1628095380000000000,147.03,146.995,147.045,146.97,139470.0
877,2021-08-04 12:44:00-04:00,2021-08-04 12:45:00-04:00,1628095440000000000,1628095500000000000,146.99,147.06,147.07,146.98,128740.0
878,2021-08-04 12:46:00-04:00,2021-08-04 12:47:00-04:00,1628095560000000000,1628095620000000000,147.0599,147.18,147.18,147.05,166700.0
879,2021-08-04 12:48:00-04:00,2021-08-04 12:49:00-04:00,1628095680000000000,1628095740000000000,147.185,147.1,147.19,147.07,124874.0
880,2021-08-04 12:50:00-04:00,2021-08-04 12:51:00-04:00,1628095800000000000,1628095860000000000,147.1,147.0199,147.117,146.99,129143.0
881,2021-08-04 12:52:00-04:00,2021-08-04 12:53:00-04:00,1628095920000000000,1628095980000000000,147.02,147.07,147.11,147.0101,129759.0
882,2021-08-04 12:54:00-04:00,2021-08-04 12:55:00-04:00,1628096040000000000,1628096100000000000,147.0701,147.03,147.1,147.02,85434.0
883,2021-08-04 12:56:00-04:00,2021-08-04 12:57:00-04:00,1628096160000000000,1628096220000000000,147.03,147.125,147.14,147.0148,102215.0
884,2021-08-04 12:58:00-04:00,2021-08-04 12:59:00-04:00,1628096280000000000,1628096340000000000,147.13,147.145,147.1789,147.13,88160.0
885,2021-08-04 13:00:00-04:00,2021-08-04 13:01:00-04:00,1628096400000000000,1628096460000000000,147.15,147.2718,147.28,147.1401,157692.0
886,2021-08-04 13:02:00-04:00,2021-08-04 13:03:00-04:00,1628096520000000000,1628096580000000000,147.28,147.29,147.3,147.24,174323.0
887,2021-08-04 13:04:00-04:00,2021-08-04 13:05:00-04:00,1628096640000000000,1628096700000000000,147.29,147.28,147.31,147.25,134469.0
888,2021-08-04 13:06:00-04:00,2021-08-04 13:07:00-04:00,1628096760000000000,1628096820000000000,147.275,147.42,147.43,147.275,217701.0
889,2021-08-04 13:08:00-04:00,2021-08-04 13:09:00-04:00,1628096880000000000,1628096940000000000,147.41,147.43,147.44,147.3401,173690.0
890,2021-08-04 13:10:00-04:00,2021-08-04 13:11:00-04:00,1628097000000000000,1628097060000000000,147.431,147.355,147.45,147.34,166409.0
891,2021-08-04 13:12:00-04:00,2021-08-04 13:13:00-04:00,1628097120000000000,1628097180000000000,147.35,147.3958,147.43,147.3401,116399.0
892,2021-08-04 13:14:00-04:00,2021-08-04 13:15:00-04:00,1628097240000000000,1628097300000000000,147.3958,147.3573,147.44,147.34,155546.0
893,2021-08-04 13:16:00-04:00,2021-08-04 13:17:00-04:00,1628097360000000000,1628097420000000000,147.355,147.42,147.4899,147.3517,144249.0
894,2021-08-04 13:18:00-04:00,2021-08-04 13:19:00-04:00,1628097480000000000,1628097540000000000,147.4103,147.44,147.44,147.37,124144.0
895,2021-08-04 13:20:00-04:00,2021-08-04 13:21:00-04:00,1628097600000000000,1628097660000000000,147.44,147.4898,147.49,147.41,181373.0
896,2021-08-04 13:22:00-04:00,2021-08-04 13:23:00-04:00,1628097720000000000,1628097780000000000,147.485,147.455,147.52,147.45,202763.0
897,2021-08-04 13:24:00-04:00,2021-08-04 13:25:00-04:00,1628097840000000000,1628097900000000000,147.45,147.4162,147.475,147.39,105972.0
898,2021-08-04 13:26:00-04:00,2021-08-04 13:27:00-04:00,1628097960000000000,1628098020000000000,147.4112,147.31,147.42,147.31,150162.0
899,2021-08-04 13:28:00-04:00,2021-08-04 13:29:00-04:00,1628098080000000000,1628098140000000000,147.307,147.265,147.315,147.24,155590.0
900,2021-08-04 13:30:00-04:00,2021-08-04 13:31:00-04:00,1628098200000000000,1628098260000000000,147.27,147.235,147.3,147.235,114498.0
901,2021-08-04 13:32:00-04:00,2021-08-04 13:33:00-04:00,1628098320000000000,1628098380000000000,147.235,147.17,147.2399,147.16,123696.0
902,2021-08-04 13:34:00-04:00,2021-08-04 13:35:00-04:00,1628098440000000000,1628098500000000000,147.1699,147.12,147.17,147.08,140277.0
903,2021-08-04 13:36:00-04:00,2021-08-04 13:37:00-04:00,1628098560000000000,1628098620000000000,147.125,147.0911,147.13,147.04,134194.0
904,2021-08-04 13:38:00-04:00,2021-08-04 13:39:00-04:00,1628098680000000000,1628098740000000000,147.09,147.035,147.1,147.01,148391.0
905,2021-08-04 13:40:00-04:00,2021-08-04 13:41:00-04:00,1628098800000000000,1628098860000000000,147.0386,147.045,147.08,147.0,142635.0
906,2021-08-04 13:42:00-04:00,2021-08-04 13:43:00-04:00,1628098920000000000,1628098980000000000,147.0486,147.11,147.1199,147.0426,147344.0
907,2021-08-04 13:44:00-04:00,2021-08-04 13:45:00-04:00,1628099040000000000,1628099100000000000,147.105,147.02,147.11,147.0189,117028.0
908,2021-08-04 13:46:00-04:00,2021-08-04 13:47:00-04:00,1628099160000000000,1628099220000000000,147.02,147.05,147.11,147.02,125463.0
909,2021-08-04 13:48:00-04:00,2021-08-04 13:49:00-04:00,1628099280000000000,1628099340000000000,147.0513,147.15,147.1701,147.05,117887.0
910,2021-08-04 13:50:00-04:00,2021-08-04 13:51:00-04:00,1628099400000000000,1628099460000000000,147.14,147.2006,147.21,147.095,103990.0
911,2021-08-04 13:52:00-04:00,2021-08-04 13:53:00-04:00,1628099520000000000,1628099580000000000,147.2,147.18,147.2299,147.18,106800.0
912,2021-08-04 13:54:00-04:00,2021-08-04 13:55:00-04:00,1628099640000000000,1628099700000000000,147.18,147.16,147.205,147.155,88412.0
913,2021-08-04 13:56:00-04:00,2021-08-04 13:57:00-04:00,1628099760000000000,1628099820000000000,147.16,147.2019,147.21,147.14,76378.0
914,2021-08-04 13:58:00-04:00,2021-08-04 13:59:00-04:00,1628099880000000000,1628099940000000000,147.205,147.075,147.21,147.0601,133993.0
915,2021-08-04 14:00:00-04:00,2021-08-04 14:01:00-04:00,1628100000000000000,1628100060000000000,147.07,147.0032,147.105,146.991,221556.0
916,2021-08-04 14:02:00-04:00,2021-08-04 14:03:00-04:00,1628100120000000000,1628100180000000000,147.0,147.0282,147.04,146.97,138779.0
917,2021-08-04 14:04:00-04:00,2021-08-04 14:05:00-04:00,1628100240000000000,1628100300000000000,147.03,147.0401,147.075,147.01,86539.0
918,2021-08-04 14:06:00-04:00,2021-08-04 14:07:00-04:00,1628100360000000000,1628100420000000000,147.05,147.12,147.14,147.05,106738.0
919,2021-08-04 14:08:00-04:00,2021-08-04 14:09:00-04:00,1628100480000000000,1628100540000000000,147.12,147.1,147.135,147.0847,89738.0
920,2021-08-04 14:10:00-04:00,2021-08-04 14:11:00-04:00,1628100600000000000,1628100660000000000,147.09,147.2,147.205,147.08,148462.0
921,2021-08-04 14:12:00-04:00,2021-08-04 14:13:00-04:00,1628100720000000000,1628100780000000000,147.2,147.195,147.22,147.165,142466.0
922,2021-08-04 14:14:00-04:00,2021-08-04 14:15:00-04:00,1628100840000000000,1628100900000000000,147.2,147.17,147.26,147.17,129947.0
923,2021-08-04 14:16:00-04:00,2021-08-04 14:17:00-04:00,1628100960000000000,1628101020000000000,147.175,147.1418,147.1899,147.1359,90656.0
924,2021-08-04 14:18:00-04:00,2021-08-04 14:19:00-04:00,1628101080000000000,1628101140000000000,147.145,147.18,147.205,147.145,100410.0
925,2021-08-04 14:20:00-04:00,2021-08-04 14:21:00-04:00,1628101200000000000,1628101260000000000,147.175,147.225,147.23,147.149,101108.0
926,2021-08-04 14:22:00-04:00,2021-08-04 14:23:00-04:00,1628101320000000000,1628101380000000000,147.2186,147.2101,147.2422,147.18,108786.0
927,2021-08-04 14:24:00-04:00,2021-08-04 14:25:00-04:00,1628101440000000000,1628101500000000000,147.22,147.17,147.22,147.155,96135.0
928,2021-08-04 14:26:00-04:00,2021-08-04 14:27:00-04:00,1628101560000000000,1628101620000000000,147.18,147.1175,147.19,147.1031,168362.0
929,2021-08-04 14:28:00-04:00,2021-08-04 14:29:00-04:00,1628101680000000000,1628101740000000000,147.1114,147.1,147.1314,147.08,110391.0
930,2021-08-04 14:30:00-04:00,2021-08-04 14:31:00-04:00,1628101800000000000,1628101860000000000,147.105,147.056,147.13,147.03,151830.0
931,2021-08-04 14:32:00-04:00,2021-08-04 14:33:00-04:00,1628101920000000000,1628101980000000000,147.05,147.0388,147.08,147.015,104490.0
932,2021-08-04 14:34:00-04:00,2021-08-04 14:35:00-04:00,1628102040000000000,1628102100000000000,147.04,147.1799,147.19,147.035,191752.0
933,2021-08-04 14:36:00-04:00,2021-08-04 14:37:00-04:00,1628102160000000000,1628102220000000000,147.18,147.14,147.19,147.1,125713.0
934,2021-08-04 14:38:00-04:00,2021-08-04 14:39:00-04:00,1628102280000000000,1628102340000000000,147.14,147.19,147.2,147.1229,102875.0
935,2021-08-04 14:40:00-04:00,2021-08-04 14:41:00-04:00,1628102400000000000,1628102460000000000,147.195,147.17,147.2,147.135,110850.0
936,2021-08-04 14:42:00-04:00,2021-08-04 14:43:00-04:00,1628102520000000000,1628102580000000000,147.17,147.095,147.175,147.06,122997.0
937,2021-08-04 14:44:00-04:00,2021-08-04 14:45:00-04:00,1628102640000000000,1628102700000000000,147.1,147.09,147.105,147.06,89426.0
938,2021-08-04 14:46:00-04:00,2021-08-04 14:47:00-04:00,1628102760000000000,1628102820000000000,147.0899,147.075,147.0899,147.02,91888.0
939,2021-08-04 14:48:00-04:00,2021-08-04 14:49:00-04:00,1628102880000000000,1628102940000000000,147.07,146.92,147.09,146.8901,270050.0
940,2021-08-04 14:50:00-04:00,2021-08-04 14:51:00-04:00,1628103000000000000,1628103060000000000,146.9302,146.89,146.94,146.83,181137.0
941,2021-08-04 14:52:00-04:00,2021-08-04 14:53:00-04:00,1628103120000000000,1628103180000000000,146.89,146.9,146.9272,146.86,138050.0
942,2021-08-04 14:54:00-04:00,2021-08-04 14:55:00-04:00,1628103240000000000,1628103300000000000,146.9,146.82,146.94,146.81,159182.0
943,2021-08-04 14:56:00-04:00,2021-08-04 14:57:00-04:00,1628103360000000000,1628103420000000000,146.82,146.79,146.84,146.777,165085.0
944,2021-08-04 14:58:00-04:00,2021-08-04 14:59:00-04:00,1628103480000000000,1628103540000000000,146.785,146.82,146.85,146.77,126133.0
945,2021-08-04 15:00:00-04:00,2021-08-04 15:01:00-04:00,1628103600000000000,1628103660000000000,146.815,146.86,146.8617,146.78,111329.0
946,2021-08-04 15:02:00-04:00,2021-08-04 15:03:00-04:00,1628103720000000000,1628103780000000000,146.855,146.8301,146.9,146.83,125940.0
947,2021-08-04 15:04:00-04:00,2021-08-04 15:05:00-04:00,1628103840000000000,1628103900000000000,146.835,146.86,146.88,146.8301,106113.0
948,2021-08-04 15:06:00-04:00,2021-08-04 15:07:00-04:00,1628103960000000000,1628104020000000000,146.855,146.84,146.87,146.82,122263.0
949,2021-08-04 15:08:00-04:00,2021-08-04 15:09:00-04:00,1628104080000000000,1628104140000000000,146.845,146.755,146.85,146.745,140850.0
950,2021-08-04 15:10:00-04:00,2021-08-04 15:11:00-04:00,1628104200000000000,1628104260000000000,146.76,146.7,146.79,146.68,218624.0
951,2021-08-04 15:12:00-04:00,2021-08-04 15:13:00-04:00,1628104320000000000,1628104380000000000,146.7,146.7579,146.77,146.66,183578.0
952,2021-08-04 15:14:00-04:00,2021-08-04 15:15:00-04:00,1628104440000000000,1628104500000000000,146.755,146.7474,146.795,146.72,123060.0
953,2021-08-04 15:16:00-04:00,2021-08-04 15:17:00-04:00,1628104560000000000,1628104620000000000,146.74,146.72,146.7686,146.6852,127822.0
954,2021-08-04 15:18:00-04:00,2021-08-04 15:19:00-04:00,1628104680000000000,1628104740000000000,146.72,146.7599,146.77,146.71,124516.0
955,2021-08-04 15:20:00-04:00,2021-08-04 15:21:00-04:00,1628104800000000000,1628104860000000000,146.76,146.8412,146.8412,146.73,185471.0
956,2021-08-04 15:22:00-04:00,2021-08-04 15:23:00-04:00,1628104920000000000,1628104980000000000,146.845,146.935,146.97,146.84,261267.0
957,2021-08-04 15:24:00-04:00,2021-08-04 15:25:00-04:00,1628105040000000000,1628105100000000000,146.93,147.03,147.0358,146.915,189151.0
958,2021-08-04 15:26:00-04:00,2021-08-04 15:27:00-04:00,1628105160000000000,1628105220000000000,147.03,147.015,147.03,146.9501,354371.0
959,2021-08-04 15:28:00-04:00,2021-08-04 15:29:00-04:00,1628105280000000000,1628105340000000000,147.015,147.013,147.05,146.995,124293.0
960,2021-08-04 15:30:00-04:00,2021-08-04 15:31:00-04:00,1628105400000000000,1628105460000000000,147.02,147.0232,147.03,146.95,180491.0
961,2021-08-04 15:32:00-04:00,2021-08-04 15:33:00-04:00,1628105520000000000,1628105580000000000,147.02,147.145,147.17,147.02,249633.0
962,2021-08-04 15:34:00-04:00,2021-08-04 15:35:00-04:00,1628105640000000000,1628105700000000000,147.15,147.1768,147.1768,147.09,139216.0
963,2021-08-04 15:36:00-04:00,2021-08-04 15:37:00-04:00,1628105760000000000,1628105820000000000,147.174,147.198,147.21,147.1101,206518.0
964,2021-08-04 15:38:00-04:00,2021-08-04 15:39:00-04:00,1628105880000000000,1628105940000000000,147.191,147.1833,147.2,147.13,181282.0
965,2021-08-04 15:40:00-04:00,2021-08-04 15:41:00-04:00,1628106000000000000,1628106060000000000,147.19,147.16,147.2,147.1124,189449.0
966,2021-08-04 15:42:00-04:00,2021-08-04 15:43:00-04:00,1628106120000000000,1628106180000000000,147.16,147.265,147.29,147.15,224098.0
967,2021-08-04 15:44:00-04:00,2021-08-04 15:45:00-04:00,1628106240000000000,1628106300000000000,147.26,147.1863,147.29,147.18,204119.0
968,2021-08-04 15:46:00-04:00,2021-08-04 15:47:00-04:00,1628106360000000000,1628106420000000000,147.185,147.245,147.27,147.1701,184422.0
969,2021-08-04 15:48:00-04:00,2021-08-04 15:49:00-04:00,1628106480000000000,1628106540000000000,147.2499,147.24,147.288,147.223,169697.0
970,2021-08-04 15:50:00-04:00,2021-08-04 15:51:00-04:00,1628106600000000000,1628106660000000000,147.25,147.295,147.33,147.25,287884.0
971,2021-08-04 15:52:00-04:00,2021-08-04 15:53:00-04:00,1628106720000000000,1628106780000000000,147.295,147.245,147.3199,147.21,286884.0
972,2021-08-04 15:54:00-04:00,2021-08-04 15:55:00-04:00,1628106840000000000,1628106900000000000,147.25,147.1569,147.3,147.15,464377.0
973,2021-08-04 15:56:00-04:00,2021-08-04 15:57:00-04:00,1628106960000000000,1628107020000000000,147.155,147.0,147.16,146.99,554208.0
974,2021-08-04 15:58:00-04:00,2021-08-04 15:59:00-04:00,1628107080000000000,1628107140000000000,147.005,146.94,147.09,146.91,830015.0
