index,DateTime,Open,Close,High,Low,Volume,Previous_Close,Timestamp,Volume_weighted_avg_price,Number_of_transactions
0,2021-12-28 09:30:00-05:00,1109.49,1109.171,1109.8099,1108.36,140344,,1640701800000000000,1108.7819352305708,1533
1,2021-12-28 09:30:05-05:00,1108.53,1108.26,1109.0083,1108,48727,,1640701805000000000,1108.4546140517493,2532
2,2021-12-28 09:30:10-05:00,1108.34,1109.24,1109.78,1108,24593,,1640701810000000000,1108.928983548198,1907
3,2021-12-28 09:30:15-05:00,1108.83,1108.14,1109.31,1108.14,13882,,1640701815000000000,1108.766138121307,991
4,2021-12-28 09:30:20-05:00,1108.77,1107.79,1108.88,1107.5301,11417,,1640701820000000000,1108.223525024094,979
5,2021-12-28 09:30:25-05:00,1107.91,1107.9,1108.9,1107.9,12770,,1640701825000000000,1108.4416889350034,1239
6,2021-12-28 09:30:30-05:00,1107.53,1106.69,1108.0899,1106.69,10307,,1640701830000000000,1107.2208865043203,1010
7,2021-12-28 09:30:35-05:00,1106.67,1107.7773,1107.8212,1106.5196,6933,,1640701835000000000,1107.1991594259368,702
8,2021-12-28 09:30:40-05:00,1107.81,1107.0101,1107.8223,1107.01,7703,,1640701840000000000,1107.3995909905282,773
9,2021-12-28 09:30:45-05:00,1107.01,1106.85,1107.9957,1106.85,10881,,1640701845000000000,1107.4833174340617,840
10,2021-12-28 09:30:50-05:00,1106.84,1107.28,1107.4942,1106.7014,15300,,1640701850000000000,1106.9383568235237,1089
11,2021-12-28 09:30:55-05:00,1107.49,1110,1110.03,1106.71,22053,,1640701855000000000,1108.909755974242,1367
12,2021-12-28 09:31:00-05:00,1109.89,1111.585,1112.4,1109.89,46064,,1640701860000000000,1111.3667502995845,2123
13,2021-12-28 09:31:05-05:00,1112.04,1114.9384,1114.99,1109.9233,50981,,1640701865000000000,1113.0660464427926,2474
14,2021-12-28 09:31:10-05:00,1115,1114.01,1116,1111.6001,51835,,1640701870000000000,1114.8069145905295,3172
15,2021-12-28 09:31:15-05:00,1113.04,1115,1115,1113.0301,17026,,1640701875000000000,1114.0794730764728,735
16,2021-12-28 09:31:20-05:00,1114.9999,1115.253,1115.3127,1114.1,21526,,1640701880000000000,1114.9180506039218,765
17,2021-12-28 09:31:25-05:00,1115.44,1116.1499,1116.78,1114.1,48079,,1640701885000000000,1115.7126719232904,1673
18,2021-12-28 09:31:30-05:00,1115.19,1118.52,1118.52,1115.19,40649,,1640701890000000000,1117.1183069177564,1536
19,2021-12-28 09:31:35-05:00,1118.51,1116.9697,1118.9999,1116.3301,31074,,1640701895000000000,1117.9017933738849,1209
20,2021-12-28 09:31:40-05:00,1117.86,1118.645,1118.94,1117.04,18891,,1640701900000000000,1118.0138554920322,666
21,2021-12-28 09:31:45-05:00,1118.0687,1116.38,1118.4468,1115.82,27468,,1640701905000000000,1116.9557512705671,801
22,2021-12-28 09:31:50-05:00,1116,1115,1116.98,1113.44,40201,,1640701910000000000,1114.7248672072833,1350
23,2021-12-28 09:31:55-05:00,1114.1377,1111.73,1115.1499,1111.73,16791,,1640701915000000000,1113.4552819903518,663
24,2021-12-28 09:32:00-05:00,1112,1113.37,1113.37,1111.1101,16862,,1640701920000000000,1112.0416574546314,673
25,2021-12-28 09:32:05-05:00,1113.37,1113.53,1116,1111.57,15871,,1640701925000000000,1114.616344445845,653
26,2021-12-28 09:32:10-05:00,1114.4208,1115.05,1115.36,1113.5301,10234,,1640701930000000000,1114.6383670216917,446
27,2021-12-28 09:32:15-05:00,1115,1115.1,1116,1114.895,9900,,1640701935000000000,1115.227098959596,519
28,2021-12-28 09:32:20-05:00,1116,1114.52,1116,1114.52,8482,,1640701940000000000,1115.313798538081,448
29,2021-12-28 09:32:25-05:00,1114.442,1114.26,1115,1113.01,14271,,1640701945000000000,1114.2206036507605,580
30,2021-12-28 09:32:30-05:00,1114.8,1115.5,1115.5,1114.13,10808,,1640701950000000000,1114.8171620188757,527
31,2021-12-28 09:32:35-05:00,1115.68,1114.07,1115.7399,1114.07,5796,,1640701955000000000,1115.0204396997933,355
32,2021-12-28 09:32:40-05:00,1114.3904,1114.99,1114.99,1113.89,13514,,1640701960000000000,1114.2237968477136,416
33,2021-12-28 09:32:45-05:00,1115,1114.05,1115.04,1114.05,8638,,1640701965000000000,1114.6369412711285,350
34,2021-12-28 09:32:50-05:00,1113.5,1112.6904,1114.2299,1112.33,11918,,1640701970000000000,1113.0528749454593,457
35,2021-12-28 09:32:55-05:00,1112.6628,1110.38,1112.6628,1110.38,28193,,1640701975000000000,1111.3123546802424,739
36,2021-12-28 09:33:00-05:00,1110.2,1106.71,1110.525,1106.71,30222,,1640701980000000000,1108.552464807093,1358
37,2021-12-28 09:33:05-05:00,1107,1106.975,1108.55,1106,36066,,1640701985000000000,1107.0511450867866,1254
38,2021-12-28 09:33:10-05:00,1106.53,1106.69,1107.9699,1106.2,9891,,1640701990000000000,1107.036704529371,503
39,2021-12-28 09:33:15-05:00,1106.7757,1106.89,1107.07,1106.232,13142,,1640701995000000000,1106.8381090321102,426
40,2021-12-28 09:33:20-05:00,1107.12,1105.17,1107.12,1105.17,21683,,1640702000000000000,1106.3258559424414,692
41,2021-12-28 09:33:25-05:00,1105.775,1105.21,1106.51,1104.06,35881,,1640702005000000000,1105.274157949889,1197
42,2021-12-28 09:33:30-05:00,1105.41,1107.42,1107.42,1105.41,14496,,1640702010000000000,1106.4575788424384,611
43,2021-12-28 09:33:35-05:00,1107.2062,1107.96,1107.96,1107,9281,,1640702015000000000,1107.5197684409,468
44,2021-12-28 09:33:40-05:00,1107.2,1106.98,1107.294,1106.27,7807,,1640702020000000000,1107.051534699629,388
45,2021-12-28 09:33:45-05:00,1107.6,1106.775,1107.6,1106.775,6408,,1640702025000000000,1107.041920302746,291
46,2021-12-28 09:33:50-05:00,1106.27,1106.6525,1107.65,1106.27,11023,,1640702030000000000,1107.079590574254,318
47,2021-12-28 09:33:55-05:00,1106.91,1106.74,1106.91,1106.25,5743,,1640702035000000000,1106.658518822915,252
48,2021-12-28 09:34:00-05:00,1106.27,1104.8524,1106.53,1104.6,21148,,1640702040000000000,1105.394174068468,875
49,2021-12-28 09:34:05-05:00,1105.1134,1105.9,1105.9,1105.1134,6941,,1640702045000000000,1105.596650540268,246
50,2021-12-28 09:34:10-05:00,1105.27,1104.1,1105.27,1104.1,17593,,1640702050000000000,1104.7757923492309,500
51,2021-12-28 09:34:15-05:00,1104.345,1102.96,1104.58,1102.8,27686,,1640702055000000000,1103.4875394423173,1001
52,2021-12-28 09:34:20-05:00,1102.8,1102,1102.87,1101.7,23029,,1640702060000000000,1102.1927770941006,667
53,2021-12-28 09:34:25-05:00,1102.094,1101.5086,1102.43,1100.9842,27359,,1640702065000000000,1101.6447120216405,921
54,2021-12-28 09:34:30-05:00,1101.4516,1100.94,1101.72,1100.5801,10067,,1640702070000000000,1101.3150168371908,384
55,2021-12-28 09:34:35-05:00,1100.9573,1100.5828,1101.16,1100.58,8444,,1640702075000000000,1100.771125615822,388
56,2021-12-28 09:34:40-05:00,1101.0299,1100.68,1101.09,1100.427,23637,,1640702080000000000,1100.8177755595048,693
57,2021-12-28 09:34:45-05:00,1101.03,1100.0359,1101.08,1098.5501,56126,,1640702085000000000,1099.8772414674104,2129
58,2021-12-28 09:34:50-05:00,1100.5,1102.16,1102.5,1100,26892,,1640702090000000000,1100.9926466793092,892
59,2021-12-28 09:34:55-05:00,1103.01,1102.3201,1104.91,1101.49,27902,,1640702095000000000,1103.2946541036495,900
60,2021-12-28 09:35:00-05:00,1103,1105.5256,1108.89,1102.55,27627,,1640702100000000000,1104.776159474428,1278
61,2021-12-28 09:35:05-05:00,1105.26,1104.42,1106.6,1104.42,15457,,1640702105000000000,1105.4927167691017,563
62,2021-12-28 09:35:10-05:00,1104.9952,1104.05,1104.9952,1103.38,9702,,1640702110000000000,1103.952673407546,360
63,2021-12-28 09:35:15-05:00,1103.5986,1104.81,1105.1328,1103.5986,14128,,1640702115000000000,1104.0979259484711,512
64,2021-12-28 09:35:20-05:00,1104.97,1104.8484,1104.98,1103.95,10011,,1640702120000000000,1104.4691836579761,337
65,2021-12-28 09:35:25-05:00,1104.83,1103.95,1104.94,1103.95,9523,,1640702125000000000,1104.5072707550137,383
66,2021-12-28 09:35:30-05:00,1103.95,1099.99,1103.95,1099.99,34145,,1640702130000000000,1101.3378610191783,1247
67,2021-12-28 09:35:35-05:00,1100.25,1099.04,1100.25,1097.06,23015,,1640702135000000000,1098.4267973582441,942
68,2021-12-28 09:35:40-05:00,1099.0791,1098.905,1099.0791,1097.7501,18071,,1640702140000000000,1098.7449899950204,599
69,2021-12-28 09:35:45-05:00,1098.15,1098.0201,1098.99,1098.02,12565,,1640702145000000000,1098.6091476721053,454
70,2021-12-28 09:35:50-05:00,1098.8816,1096.825,1098.8816,1096.68,14897,,1640702150000000000,1097.5951030475908,557
71,2021-12-28 09:35:55-05:00,1096.97,1096,1098.04,1096,17712,,1640702155000000000,1097.2088812387087,616
72,2021-12-28 09:36:00-05:00,1095.68,1097.17,1097.9994,1095.57,12157,,1640702160000000000,1096.5091159003043,511
73,2021-12-28 09:36:05-05:00,1097.5918,1098.66,1099.66,1097.15,13156,,1640702165000000000,1098.3260536105213,542
74,2021-12-28 09:36:10-05:00,1099.57,1099.2809,1099.57,1098,11000,,1640702170000000000,1098.88017660909,436
75,2021-12-28 09:36:15-05:00,1099.17,1098.76,1099.2,1098.2701,5950,,1640702175000000000,1098.9590198991586,258
76,2021-12-28 09:36:20-05:00,1098.53,1097.99,1098.53,1097.162,9427,,1640702180000000000,1097.9071748170152,317
77,2021-12-28 09:36:25-05:00,1097.98,1098.46,1099.12,1097.586,9470,,1640702185000000000,1098.4563412143605,314
78,2021-12-28 09:36:30-05:00,1098.6699,1098.52,1099,1098.04,8659,,1640702190000000000,1098.6105792354772,213
79,2021-12-28 09:36:35-05:00,1098.9547,1098.4237,1098.9547,1097.85,6000,,1640702195000000000,1098.408802816666,282
80,2021-12-28 09:36:40-05:00,1097.97,1098.6209,1098.67,1097.97,3961,,1640702200000000000,1098.4243216359503,197
81,2021-12-28 09:36:45-05:00,1098.9923,1097.2201,1099,1097.2,9250,,1640702205000000000,1098.1090494810815,425
82,2021-12-28 09:36:50-05:00,1097.22,1097.0287,1097.9499,1097,6640,,1640702210000000000,1097.38129689759,270
83,2021-12-28 09:36:55-05:00,1097.092,1096.705,1097.1,1096.18,5970,,1640702215000000000,1096.7080495309888,281
84,2021-12-28 09:37:00-05:00,1096.705,1095.646,1096.7185,1095.36,11398,,1640702220000000000,1095.997299666608,357
85,2021-12-28 09:37:05-05:00,1096.17,1094.2975,1096.17,1094.02,37750,,1640702225000000000,1094.9313485271475,1351
86,2021-12-28 09:37:10-05:00,1094.52,1095.6905,1095.6905,1094.1,15967,,1640702230000000000,1094.7662692114986,603
87,2021-12-28 09:37:15-05:00,1095.33,1095.485,1095.9286,1095,8530,,1640702235000000000,1095.5402260375135,339
88,2021-12-28 09:37:20-05:00,1095.6137,1097.5,1097.6237,1095.6137,17483,,1640702240000000000,1096.6890412801006,507
89,2021-12-28 09:37:25-05:00,1097.75,1098.9,1098.9,1096.5501,12339,,1640702245000000000,1097.9656858659534,446
90,2021-12-28 09:37:30-05:00,1098.6018,1100.9999,1101.13,1098.32,25043,,1640702250000000000,1099.8563685141562,965
91,2021-12-28 09:37:35-05:00,1100.1622,1101.3433,1101.3433,1099.81,12665,,1640702255000000000,1100.4838705487557,508
92,2021-12-28 09:37:40-05:00,1101.8,1100.521,1102,1099.16,20040,,1640702260000000000,1100.74023034431,860
93,2021-12-28 09:37:45-05:00,1100.99,1101.2977,1102.05,1100.99,16601,,1640702265000000000,1101.431506969459,598
94,2021-12-28 09:37:50-05:00,1101.47,1100.96,1101.53,1100,15494,,1640702270000000000,1100.9630753452957,451
95,2021-12-28 09:37:55-05:00,1100.85,1099.7644,1102,1099.51,15855,,1640702275000000000,1100.9013674865967,562
96,2021-12-28 09:38:00-05:00,1100.14,1100,1100.87,1100,9029,,1640702280000000000,1100.256934787906,382
97,2021-12-28 09:38:05-05:00,1099.2601,1100.4038,1100.6799,1099.2601,9020,,1640702285000000000,1099.7430184035504,267
98,2021-12-28 09:38:10-05:00,1099.3983,1099.53,1100,1099.27,3461,,1640702290000000000,1099.4916825195035,162
99,2021-12-28 09:38:15-05:00,1099.1751,1099,1099.4245,1098,13739,,1640702295000000000,1098.6042014193179,379
100,2021-12-28 09:38:20-05:00,1099.01,1099.54,1099.58,1098.78,9427,,1640702300000000000,1099.4157044340727,249
101,2021-12-28 09:38:25-05:00,1099.0895,1099.08,1099.58,1098.63,12273,,1640702305000000000,1099.156797751162,345
102,2021-12-28 09:38:30-05:00,1098.45,1098.56,1098.56,1097.96,8093,,1640702310000000000,1098.2031310144569,317
103,2021-12-28 09:38:35-05:00,1098.56,1097.5,1098.56,1097.5,12709,,1640702315000000000,1097.8810877016292,322
104,2021-12-28 09:38:40-05:00,1097.6419,1097.53,1098.05,1097.5,9934,,1640702320000000000,1097.8185225387556,281
105,2021-12-28 09:38:45-05:00,1097.54,1097.93,1098.89,1097.54,7876,,1640702325000000000,1098.1175023616054,325
106,2021-12-28 09:38:50-05:00,1098.46,1097.64,1098.51,1097.38,7970,,1640702330000000000,1097.7633357340035,352
107,2021-12-28 09:38:55-05:00,1097.26,1096.82,1097.64,1096.2192,7889,,1640702335000000000,1096.857077335531,366
108,2021-12-28 09:39:00-05:00,1096.23,1096.05,1096.73,1096.05,5712,,1640702340000000000,1096.4573660539213,249
109,2021-12-28 09:39:05-05:00,1096.365,1094.35,1096.365,1093.5486,36049,,1640702345000000000,1094.6285626314277,1790
110,2021-12-28 09:39:10-05:00,1093.9894,1093.26,1095.515,1093.26,18981,,1640702350000000000,1094.412516411151,604
111,2021-12-28 09:39:15-05:00,1093.17,1093.19,1093.85,1092.2801,23206,,1640702355000000000,1092.9507444540213,947
112,2021-12-28 09:39:20-05:00,1093.13,1093.8499,1093.8499,1092.37,13898,,1640702360000000000,1092.8881514894233,404
113,2021-12-28 09:39:25-05:00,1093.2545,1092.5153,1093.7767,1092.0001,10186,,1640702365000000000,1092.7107764775183,346
114,2021-12-28 09:39:30-05:00,1092.5278,1091.214,1092.55,1090.8426,21100,,1640702370000000000,1091.6657608293863,972
115,2021-12-28 09:39:35-05:00,1091.0007,1090.7801,1091.8143,1090.7501,12995,,1640702375000000000,1091.4281925817618,436
116,2021-12-28 09:39:40-05:00,1091.44,1091.06,1091.605,1090.25,15024,,1640702380000000000,1090.918353873802,529
117,2021-12-28 09:39:45-05:00,1090.81,1089.4032,1090.81,1089.24,38161,,1640702385000000000,1089.9875159980058,1349
118,2021-12-28 09:39:50-05:00,1089.4029,1090.15,1090.74,1089.3001,24103,,1640702390000000000,1089.8661910965443,638
119,2021-12-28 09:39:55-05:00,1089.9106,1089.91,1090.15,1089.54,12965,,1640702395000000000,1089.9149467180866,471
120,2021-12-28 09:40:00-05:00,1089.87,1092.48,1092.48,1089.4401,25855,,1640702400000000000,1090.5212354902335,902
121,2021-12-28 09:40:05-05:00,1092.3896,1091.8126,1093.72,1091.498,21065,,1640702405000000000,1092.4573733111772,716
122,2021-12-28 09:40:10-05:00,1091.94,1092.43,1092.86,1091.59,12868,,1640702410000000000,1092.280192298726,388
123,2021-12-28 09:40:15-05:00,1092.53,1092.92,1093.43,1092.11,12227,,1640702415000000000,1092.7992373681204,470
124,2021-12-28 09:40:20-05:00,1092.94,1091.8176,1093.18,1091.04,16428,,1640702420000000000,1092.0052402483566,405
125,2021-12-28 09:40:25-05:00,1091.05,1091.635,1092.07,1091.05,7042,,1640702425000000000,1091.7355024708884,264
126,2021-12-28 09:40:30-05:00,1091.715,1091.98,1092.08,1091.55,4986,,1640702430000000000,1091.8069158644205,219
127,2021-12-28 09:40:35-05:00,1091.6032,1093.5029,1094,1091.57,20812,,1640702435000000000,1093.0189193446074,775
128,2021-12-28 09:40:40-05:00,1093.67,1092.08,1093.67,1092.08,15040,,1640702440000000000,1092.6115953922867,282
129,2021-12-28 09:40:45-05:00,1092.6,1093.548,1094,1092.54,11579,,1640702445000000000,1093.317253018397,477
130,2021-12-28 09:40:50-05:00,1093.0558,1093.99,1094,1093.0558,8810,,1640702450000000000,1093.692546685584,364
131,2021-12-28 09:40:55-05:00,1093.9487,1093.91,1094.1499,1093,11869,,1640702455000000000,1093.6111894936394,364
132,2021-12-28 09:41:00-05:00,1093.8805,1092.631,1093.91,1092.631,7453,,1640702460000000000,1093.3097483832014,247
133,2021-12-28 09:41:05-05:00,1093.19,1092.86,1093.59,1092.3803,8429,,1640702465000000000,1093.1745649187333,352
134,2021-12-28 09:41:10-05:00,1092.79,1093.95,1094,1092.7357,8006,,1640702470000000000,1093.31169977517,310
135,2021-12-28 09:41:15-05:00,1093.715,1093.99,1093.99,1093.6347,5269,,1640702475000000000,1093.7947439552095,255
136,2021-12-28 09:41:20-05:00,1093.7734,1093.63,1094,1093,11844,,1640702480000000000,1093.764319925702,450
137,2021-12-28 09:41:25-05:00,1093.6812,1093.37,1093.74,1093.3098,7549,,1640702485000000000,1093.6101358855474,241
138,2021-12-28 09:41:30-05:00,1093.485,1095.0101,1095.0101,1093.485,14271,,1640702490000000000,1094.2512618807366,484
139,2021-12-28 09:41:35-05:00,1095.545,1096.595,1097.41,1095.385,16665,,1640702495000000000,1096.6568673507347,604
140,2021-12-28 09:41:40-05:00,1096.77,1097.2242,1097.43,1095.03,17703,,1640702500000000000,1096.514040411229,660
141,2021-12-28 09:41:45-05:00,1097.97,1099.04,1099.24,1097.5126,15687,,1640702505000000000,1098.4215840759866,631
142,2021-12-28 09:41:50-05:00,1099.1367,1098.9,1099.4,1098.57,12652,,1640702510000000000,1099.0933721387921,545
143,2021-12-28 09:41:55-05:00,1099.2871,1098.85,1099.2871,1098.01,12863,,1640702515000000000,1098.6120703568363,443
144,2021-12-28 09:42:00-05:00,1098.9,1098.6147,1099.0499,1097.98,15687,,1640702520000000000,1098.338953808886,341
145,2021-12-28 09:42:05-05:00,1098.3793,1100,1100,1098.156,26506,,1640702525000000000,1099.4827911944499,818
146,2021-12-28 09:42:10-05:00,1099.46,1099.0999,1099.9433,1098.6701,12943,,1640702530000000000,1099.4597713822147,382
147,2021-12-28 09:42:15-05:00,1099.9094,1099.75,1099.97,1098.8875,8447,,1640702535000000000,1099.5034259263643,333
148,2021-12-28 09:42:20-05:00,1098.6901,1103.1578,1103.1578,1098.6901,38144,,1640702540000000000,1101.4194781223796,997
149,2021-12-28 09:42:25-05:00,1102.6867,1100.0238,1102.6867,1100.0238,21504,,1640702545000000000,1101.6249145228799,910
150,2021-12-28 09:42:30-05:00,1100.43,1101.5956,1102.1986,1100.335,11559,,1640702550000000000,1101.5231445107702,412
151,2021-12-28 09:42:35-05:00,1101.5956,1101.97,1101.97,1100.178,8898,,1640702555000000000,1101.3499941447515,368
152,2021-12-28 09:42:40-05:00,1101.3823,1100.99,1101.84,1100.8033,12588,,1640702560000000000,1101.3906778360347,381
153,2021-12-28 09:42:45-05:00,1100.99,1101.2653,1101.66,1100.5694,7654,,1640702565000000000,1101.127967559446,277
154,2021-12-28 09:42:50-05:00,1101.13,1101.9221,1102.5,1101.13,17006,,1640702570000000000,1101.7980285546284,526
155,2021-12-28 09:42:55-05:00,1101.913,1101.0929,1101.913,1101,9697,,1640702575000000000,1101.3531412189338,325
156,2021-12-28 09:43:00-05:00,1101.2715,1101.1282,1101.5877,1100.95,3948,,1640702580000000000,1101.1794256332323,229
157,2021-12-28 09:43:05-05:00,1101,1099.809,1101,1099.35,12722,,1640702585000000000,1100.0370933972652,430
158,2021-12-28 09:43:10-05:00,1099.41,1097.7552,1099.98,1097.7552,14948,,1640702590000000000,1098.7339509432713,522
159,2021-12-28 09:43:15-05:00,1097.41,1097.6,1098.89,1097.3526,8169,,1640702595000000000,1097.7330828130735,316
160,2021-12-28 09:43:20-05:00,1097.5322,1097.6579,1098.055,1097.43,6210,,1640702600000000000,1097.7468351368777,235
161,2021-12-28 09:43:25-05:00,1099.3,1099.03,1099.6,1099,9012,,1640702605000000000,1099.3305101753226,350
162,2021-12-28 09:43:30-05:00,1098.89,1099.85,1100,1098.89,5123,,1640702610000000000,1099.5936711887566,192
163,2021-12-28 09:43:35-05:00,1099.86,1101.9834,1101.9834,1099.86,8892,,1640702615000000000,1100.8781700179934,316
164,2021-12-28 09:43:40-05:00,1101.9959,1102.83,1102.9999,1101.9518,16202,,1640702620000000000,1102.4054856992973,483
165,2021-12-28 09:43:45-05:00,1102.8155,1102.36,1103,1102.2846,10936,,1640702625000000000,1102.7705924469635,307
166,2021-12-28 09:43:50-05:00,1102.59,1101.03,1102.59,1099.8,16983,,1640702630000000000,1100.80664968498,519
167,2021-12-28 09:43:55-05:00,1100.97,1101.3699,1101.3699,1100.2984,4093,,1640702635000000000,1100.8597812851212,169
168,2021-12-28 09:44:00-05:00,1100.9853,1100.99,1101.49,1100.98,3302,,1640702640000000000,1101.1668422774076,145
169,2021-12-28 09:44:05-05:00,1101.37,1102.94,1102.94,1100.77,10616,,1640702645000000000,1101.746591079503,388
170,2021-12-28 09:44:10-05:00,1102.892,1102.99,1103.45,1102.0932,17473,,1640702650000000000,1103.0137691924685,515
171,2021-12-28 09:44:15-05:00,1102.5813,1103.725,1103.725,1102.5559,9379,,1640702655000000000,1103.0459322848917,284
172,2021-12-28 09:44:20-05:00,1103.69,1103.6654,1103.74,1102.65,10185,,1640702660000000000,1103.2871979479626,401
173,2021-12-28 09:44:25-05:00,1103.3852,1103.1462,1103.88,1103.09,16230,,1640702665000000000,1103.4330182378305,460
174,2021-12-28 09:44:30-05:00,1103.68,1103,1103.68,1102.5,9247,,1640702670000000000,1103.0045281821126,271
175,2021-12-28 09:44:35-05:00,1102.91,1102.08,1102.91,1101.0001,20345,,1640702675000000000,1101.9296874219715,419
176,2021-12-28 09:44:40-05:00,1102.4321,1102.6699,1102.67,1102.375,7171,,1640702680000000000,1102.6244691674801,139
177,2021-12-28 09:44:45-05:00,1102.7,1102.59,1102.73,1102.42,6868,,1640702685000000000,1102.567223179964,244
178,2021-12-28 09:44:50-05:00,1102.5743,1103.85,1104.06,1102.4607,12462,,1640702690000000000,1103.5754524715137,359
179,2021-12-28 09:44:55-05:00,1103.9752,1102.7,1103.9752,1102.67,10966,,1640702695000000000,1103.4033689677178,255
180,2021-12-28 09:45:00-05:00,1102.25,1102.2997,1102.819,1101.3601,8339,,1640702700000000000,1102.16292748531,276
181,2021-12-28 09:45:05-05:00,1101.85,1103.4528,1103.53,1101.5505,9991,,1640702705000000000,1102.5807735962371,325
182,2021-12-28 09:45:10-05:00,1103.07,1104.87,1104.87,1102.53,10942,,1640702710000000000,1103.581232727107,385
183,2021-12-28 09:45:15-05:00,1104.63,1103.93,1104.87,1103.93,7090,,1640702715000000000,1104.4545458815235,280
184,2021-12-28 09:45:20-05:00,1104.28,1106.4651,1107.5,1103.83,33173,,1640702720000000000,1105.789777207368,1045
185,2021-12-28 09:45:25-05:00,1107.4369,1105.04,1107.4369,1105.0306,21362,,1640702725000000000,1106.4281084308584,682
186,2021-12-28 09:45:30-05:00,1105.4392,1106.54,1107.08,1105.4392,12078,,1640702730000000000,1106.5099064580222,365
187,2021-12-28 09:45:35-05:00,1106.92,1106.0547,1107.5514,1105.73,13820,,1640702735000000000,1106.5540402894358,415
188,2021-12-28 09:45:40-05:00,1106.4513,1107.5381,1108.05,1106.4513,17951,,1640702740000000000,1107.0037270402765,593
189,2021-12-28 09:45:45-05:00,1106.61,1107.26,1107.76,1106.5245,5079,,1640702745000000000,1107.1328886001181,261
190,2021-12-28 09:45:50-05:00,1106.63,1107.95,1108.46,1106.46,12750,,1640702750000000000,1107.5263881647068,433
191,2021-12-28 09:45:55-05:00,1107.315,1108.38,1108.74,1107.06,9202,,1640702755000000000,1107.8709983155836,395
192,2021-12-28 09:46:00-05:00,1108,1107.98,1108.77,1107.11,11814,,1640702760000000000,1108.1573690198068,506
193,2021-12-28 09:46:05-05:00,1107.54,1106.7319,1107.655,1106.46,13647,,1640702765000000000,1107.0363065508895,378
194,2021-12-28 09:46:10-05:00,1106.4884,1106.6475,1106.97,1106.46,7445,,1640702770000000000,1106.6224125050376,208
195,2021-12-28 09:46:15-05:00,1106.46,1105.115,1106.71,1105,18258,,1640702775000000000,1106.03133547486,448
196,2021-12-28 09:46:20-05:00,1104.8105,1103.2802,1104.8105,1102.11,24522,,1640702780000000000,1103.6419801729064,829
197,2021-12-28 09:46:25-05:00,1103.625,1104.5,1104.53,1103.5,7981,,1640702785000000000,1104.1995020799393,278
198,2021-12-28 09:46:30-05:00,1104.6599,1104.5,1104.79,1104.18,4503,,1640702790000000000,1104.498049389296,184
199,2021-12-28 09:46:35-05:00,1104.325,1106,1106,1104.325,9798,,1640702795000000000,1104.9294070626672,385
200,2021-12-28 09:46:40-05:00,1106,1105.405,1106.37,1105.0105,3271,,1640702800000000000,1105.6296059920512,124
201,2021-12-28 09:46:45-05:00,1105.77,1105.01,1105.77,1105.01,4384,,1640702805000000000,1105.3447428604009,204
202,2021-12-28 09:46:50-05:00,1105.035,1105.81,1105.81,1104.05,10235,,1640702810000000000,1104.977190679043,382
203,2021-12-28 09:46:55-05:00,1105.56,1105.405,1105.89,1105.2554,4046,,1640702815000000000,1105.6034128769152,119
204,2021-12-28 09:47:00-05:00,1105.5959,1106.25,1106.25,1104.4155,6627,,1640702820000000000,1105.1390064282486,306
205,2021-12-28 09:47:05-05:00,1105.67,1105.52,1105.67,1105,3004,,1640702825000000000,1105.623069806924,182
206,2021-12-28 09:47:10-05:00,1105.3349,1106.0304,1106.04,1105.3349,3105,,1640702830000000000,1105.9140302093385,130
207,2021-12-28 09:47:15-05:00,1106.0315,1106.67,1106.68,1106.0315,7938,,1640702835000000000,1106.3114298311916,285
208,2021-12-28 09:47:20-05:00,1106.68,1106.081,1106.77,1105.68,8332,,1640702840000000000,1106.264520847336,249
209,2021-12-28 09:47:25-05:00,1106.365,1106.79,1107.39,1106.2999,6966,,1640702845000000000,1106.8689074074073,229
210,2021-12-28 09:47:30-05:00,1107.35,1105.24,1107.38,1105.24,9359,,1640702850000000000,1106.2790566513518,303
211,2021-12-28 09:47:35-05:00,1105.339,1105.5917,1105.5999,1104.7723,10207,,1640702855000000000,1105.1814272851966,196
212,2021-12-28 09:47:40-05:00,1105.1862,1104.5,1105.1862,1104.01,6052,,1640702860000000000,1104.6498083278252,168
213,2021-12-28 09:47:45-05:00,1104.22,1104.905,1104.94,1104.22,3020,,1640702865000000000,1104.5802605298015,109
214,2021-12-28 09:47:50-05:00,1104.38,1104.011,1105.21,1104.011,5071,,1640702870000000000,1104.8005706961155,185
215,2021-12-28 09:47:55-05:00,1104.79,1103.59,1104.79,1102.56,11685,,1640702875000000000,1103.6115466495507,378
216,2021-12-28 09:48:00-05:00,1102.71,1101.33,1103.72,1101.33,14411,,1640702880000000000,1102.2599629866072,588
217,2021-12-28 09:48:05-05:00,1101.3859,1100.46,1101.44,1099.25,25345,,1640702885000000000,1100.171368411916,912
218,2021-12-28 09:48:10-05:00,1099.34,1099.95,1100.25,1099.2801,13685,,1640702890000000000,1099.7377527073434,475
219,2021-12-28 09:48:15-05:00,1099.735,1098.785,1099.74,1098.28,13582,,1640702895000000000,1098.8867723604758,494
220,2021-12-28 09:48:20-05:00,1098.8249,1100,1100,1098.8249,9359,,1640702900000000000,1099.5749629127042,333
221,2021-12-28 09:48:25-05:00,1099.95,1100.7,1100.7,1099.94,4730,,1640702905000000000,1100.3891899788587,149
222,2021-12-28 09:48:30-05:00,1100.59,1101.04,1101.7141,1100.59,7602,,1640702910000000000,1101.1064880294657,137
223,2021-12-28 09:48:35-05:00,1101.3416,1101.2821,1101.64,1100.7,3968,,1640702915000000000,1101.2244143901216,154
224,2021-12-28 09:48:40-05:00,1101.01,1100.955,1101.43,1100.55,7783,,1640702920000000000,1100.973541783374,196
225,2021-12-28 09:48:45-05:00,1100.56,1101.15,1101.15,1100.56,7982,,1640702925000000000,1100.924179403659,172
226,2021-12-28 09:48:50-05:00,1100.79,1100.5249,1101.22,1100.5249,3988,,1640702930000000000,1100.8698890922772,119
227,2021-12-28 09:48:55-05:00,1100.7085,1101,1101,1100.1426,5705,,1640702935000000000,1100.6813662401407,172
228,2021-12-28 09:49:00-05:00,1101.38,1102.0001,1102.45,1101.16,6904,,1640702940000000000,1101.656999971031,228
229,2021-12-28 09:49:05-05:00,1102.63,1103.11,1103.3741,1102.3844,3688,,1640702945000000000,1102.9642156182222,166
230,2021-12-28 09:49:10-05:00,1103.28,1104.09,1104.15,1103.277,10194,,1640702950000000000,1103.7087059348644,348
231,2021-12-28 09:49:15-05:00,1104.25,1103.5,1104.267,1102.4801,8288,,1640702955000000000,1103.487066759169,264
232,2021-12-28 09:49:20-05:00,1103.49,1103.435,1103.65,1103.435,2266,,1640702960000000000,1103.5101815533978,118
233,2021-12-28 09:49:25-05:00,1103.76,1103,1103.76,1102.95,3270,,1640702965000000000,1103.256881314985,103
234,2021-12-28 09:49:30-05:00,1102.7001,1102.825,1103.4099,1102.3572,5586,,1640702970000000000,1102.9119288757615,158
235,2021-12-28 09:49:35-05:00,1102.2,1102.12,1102.2,1101.82,3876,,1640702975000000000,1102.1589966460265,144
236,2021-12-28 09:49:40-05:00,1101.5,1102.1,1102.1,1101.11,5786,,1640702980000000000,1101.638696042171,199
237,2021-12-28 09:49:45-05:00,1101.89,1101.8856,1101.89,1101.8856,1094,,1640702985000000000,1101.8698737659963,83
238,2021-12-28 09:49:50-05:00,1102.05,1102.09,1102.09,1102.05,1900,,1640702990000000000,1102.0010966842106,107
239,2021-12-28 09:49:55-05:00,1102,1101.4052,1102,1101.001,4034,,1640702995000000000,1101.5902288051564,139
240,2021-12-28 09:50:00-05:00,1101.62,1100.3198,1101.62,1100,9410,,1640703000000000000,1100.3739926780024,379
241,2021-12-28 09:50:05-05:00,1100.14,1099.0389,1100.14,1097.41,17804,,1640703005000000000,1098.8408127667942,614
242,2021-12-28 09:50:10-05:00,1099.0182,1099.67,1099.67,1098.43,7479,,1640703010000000000,1099.0958240941302,220
243,2021-12-28 09:50:15-05:00,1099.63,1099.04,1099.67,1099.03,4488,,1640703015000000000,1099.265636586453,183
244,2021-12-28 09:50:20-05:00,1099.25,1100.08,1100.39,1099.1679,6497,,1640703020000000000,1099.7744611205176,204
245,2021-12-28 09:50:25-05:00,1100.31,1100.0607,1100.31,1100.0607,1755,,1640703025000000000,1100.1411332763532,63
246,2021-12-28 09:50:30-05:00,1100.42,1099.425,1100.68,1099.425,5612,,1640703030000000000,1100.2376820741265,201
247,2021-12-28 09:50:35-05:00,1099.435,1098.41,1099.58,1098.41,3507,,1640703035000000000,1099.0077553179353,142
248,2021-12-28 09:50:40-05:00,1098.835,1097.35,1099.234,1097.33,9969,,1640703040000000000,1098.094515778914,378
249,2021-12-28 09:50:45-05:00,1097.12,1098.6,1098.9,1096.56,13096,,1640703045000000000,1097.8402511759316,483
250,2021-12-28 09:50:50-05:00,1098.3904,1098.17,1098.52,1097.885,7281,,1640703050000000000,1098.2525127729705,163
251,2021-12-28 09:50:55-05:00,1098.44,1098.165,1098.47,1098.0287,4609,,1640703055000000000,1098.233068604903,128
252,2021-12-28 09:51:00-05:00,1098.43,1098.37,1098.52,1098.0706,5619,,1640703060000000000,1098.3258387969397,144
253,2021-12-28 09:51:05-05:00,1098.1,1097.59,1098.47,1097.58,4843,,1640703065000000000,1097.9385449927747,215
254,2021-12-28 09:51:10-05:00,1097.74,1097.569,1097.85,1097.34,4610,,1640703070000000000,1097.6446978308027,132
255,2021-12-28 09:51:15-05:00,1097.85,1097.58,1097.88,1097.58,5727,,1640703075000000000,1097.7899994237825,194
256,2021-12-28 09:51:20-05:00,1097.568,1096.48,1097.7238,1096.48,5614,,1640703080000000000,1097.2804505343784,163
257,2021-12-28 09:51:25-05:00,1096.945,1097.96,1097.96,1096.945,9111,,1640703085000000000,1097.1836132806498,249
258,2021-12-28 09:51:30-05:00,1097.73,1097.3,1097.84,1097.1601,3767,,1640703090000000000,1097.5389562516586,152
259,2021-12-28 09:51:35-05:00,1097.5138,1097.6487,1097.6487,1097.29,2282,,1640703095000000000,1097.4089572743212,117
260,2021-12-28 09:51:40-05:00,1097.72,1097.8245,1097.98,1097.66,4633,,1640703100000000000,1097.7986913662849,177
261,2021-12-28 09:51:45-05:00,1098.0787,1098.209,1098.209,1098.0787,2661,,1640703105000000000,1098.0045264562193,119
262,2021-12-28 09:51:50-05:00,1097.56,1097,1097.82,1096.89,7741,,1640703110000000000,1097.2397093527957,298
263,2021-12-28 09:51:55-05:00,1097.2364,1096.6347,1097.2364,1096.3482,5462,,1640703115000000000,1096.830043152691,218
264,2021-12-28 09:52:00-05:00,1096.885,1096.39,1096.9704,1096.0318,3731,,1640703120000000000,1096.4264574376843,145
265,2021-12-28 09:52:05-05:00,1096,1096.31,1096.37,1095.57,8206,,1640703125000000000,1096.0474195466732,238
266,2021-12-28 09:52:10-05:00,1095.8839,1097.44,1097.44,1095.8839,10572,,1640703130000000000,1096.6353356696943,267
267,2021-12-28 09:52:15-05:00,1097.1344,1097.6372,1098.4179,1097.1292,13036,,1640703135000000000,1097.8151238723535,341
268,2021-12-28 09:52:20-05:00,1097.3711,1097.84,1097.84,1097.3711,4064,,1640703140000000000,1097.6773014517719,135
269,2021-12-28 09:52:25-05:00,1097.99,1098.3656,1098.5,1097.99,3557,,1640703145000000000,1098.2659786617933,149
270,2021-12-28 09:52:30-05:00,1098.5,1098.41,1098.5007,1098.03,2863,,1640703150000000000,1098.321553964373,143
271,2021-12-28 09:52:35-05:00,1098.48,1102.15,1102.15,1098.48,18170,,1640703155000000000,1100.5473131370375,812
272,2021-12-28 09:52:40-05:00,1101.62,1102.3178,1103.2,1101.62,12791,,1640703160000000000,1102.5804445000406,436
273,2021-12-28 09:52:45-05:00,1102.76,1101.8949,1102.76,1101.61,4569,,1640703165000000000,1102.2546523528122,188
274,2021-12-28 09:52:50-05:00,1102.1311,1101.83,1102.44,1100.96,10207,,1640703170000000000,1101.5459530812195,331
275,2021-12-28 09:52:55-05:00,1102.11,1101.8766,1102.55,1101.69,5377,,1640703175000000000,1102.2201450809,179
276,2021-12-28 09:53:00-05:00,1101.35,1101.3,1101.35,1101.23,2097,,1640703180000000000,1101.3679402002867,108
277,2021-12-28 09:53:05-05:00,1101.38,1101.38,1101.38,1100.7201,3795,,1640703185000000000,1101.2544140711457,177
278,2021-12-28 09:53:10-05:00,1101.63,1102.5274,1103,1101.48,9240,,1640703190000000000,1102.4988808008661,329
279,2021-12-28 09:53:15-05:00,1102.32,1102.28,1102.32,1101.5304,4205,,1640703195000000000,1101.9622364328188,123
280,2021-12-28 09:53:20-05:00,1101.8646,1101.65,1101.98,1101.4806,3823,,1640703200000000000,1101.7860812974102,180
281,2021-12-28 09:53:25-05:00,1101.615,1101.47,1101.79,1101.36,4093,,1640703205000000000,1101.4702762765708,124
282,2021-12-28 09:53:30-05:00,1101.61,1101.5408,1102,1101.5408,3925,,1640703210000000000,1101.8461117197448,139
283,2021-12-28 09:53:35-05:00,1102,1102,1102,1102,3656,,1640703215000000000,1101.9235377461716,198
284,2021-12-28 09:53:40-05:00,1101.78,1101.586,1102.33,1101.586,5557,,1640703220000000000,1102.059039265791,203
285,2021-12-28 09:53:45-05:00,1101.48,1100.55,1101.48,1100.55,10727,,1640703225000000000,1101.1644132749143,213
286,2021-12-28 09:53:50-05:00,1100.94,1101.72,1101.96,1100.31,11314,,1640703230000000000,1101.1563945465782,412
287,2021-12-28 09:53:55-05:00,1101.65,1101.75,1102,1101.63,10892,,1640703235000000000,1101.7364334832907,272
288,2021-12-28 09:54:00-05:00,1101.75,1100.5341,1101.75,1100.5341,6153,,1640703240000000000,1101.1361546562648,162
289,2021-12-28 09:54:05-05:00,1100.71,1100.4893,1100.8299,1100.4893,2473,,1640703245000000000,1100.6438833805098,87
290,2021-12-28 09:54:10-05:00,1100.56,1100.38,1100.8,1100.34,1667,,1640703250000000000,1100.4544910617872,84
291,2021-12-28 09:54:15-05:00,1100.23,1100.9,1100.93,1100.1474,7484,,1640703255000000000,1100.5570615446288,178
292,2021-12-28 09:54:20-05:00,1101.1,1101.1054,1101.11,1101.08,1302,,1640703260000000000,1101.168725576037,62
293,2021-12-28 09:54:25-05:00,1100.84,1100.2052,1100.84,1100.2052,2348,,1640703265000000000,1100.6370063884158,90
294,2021-12-28 09:54:30-05:00,1101.15,1100.8263,1101.15,1100.6053,4131,,1640703270000000000,1100.7923030501092,182
295,2021-12-28 09:54:35-05:00,1100.9,1100.9,1100.9,1100.47,1468,,1640703275000000000,1100.8073752724792,77
296,2021-12-28 09:54:40-05:00,1100.74,1099.17,1100.87,1098.83,14975,,1640703280000000000,1099.6783723539231,385
297,2021-12-28 09:54:45-05:00,1099.17,1099.1,1099.49,1098.67,2625,,1640703285000000000,1099.1818483809523,79
298,2021-12-28 09:54:50-05:00,1099,1098.635,1099.47,1098.565,6885,,1640703290000000000,1098.9596110965863,141
299,2021-12-28 09:54:55-05:00,1098.67,1099,1099,1098,5593,,1640703295000000000,1098.4925814768467,226
300,2021-12-28 09:55:00-05:00,1098.63,1098.5564,1098.7701,1098.331,2468,,1640703300000000000,1098.626995826581,121
301,2021-12-28 09:55:05-05:00,1098.5,1098.48,1098.72,1097.77,7974,,1640703305000000000,1098.1690119011787,259
302,2021-12-28 09:55:10-05:00,1098,1099.385,1099.385,1098,5201,,1640703310000000000,1098.9737410882526,195
303,2021-12-28 09:55:15-05:00,1099.44,1098.86,1099.44,1098.86,4733,,1640703315000000000,1099.2469929854224,160
304,2021-12-28 09:55:20-05:00,1098.65,1098.9956,1099,1098.65,4678,,1640703320000000000,1098.8649008123134,172
305,2021-12-28 09:55:25-05:00,1098.77,1099.4,1099.61,1098.57,5428,,1640703325000000000,1099.1003556005899,169
306,2021-12-28 09:55:30-05:00,1099.78,1100.12,1100.15,1099.5,4943,,1640703330000000000,1099.9639730528015,157
307,2021-12-28 09:55:35-05:00,1100,1100,1100.15,1099.305,7756,,1640703335000000000,1099.7437350567302,204
308,2021-12-28 09:55:40-05:00,1100.1499,1101.49,1101.7455,1100.1499,8218,,1640703340000000000,1100.8317892674618,318
309,2021-12-28 09:55:45-05:00,1101.41,1100.9,1101.458,1100.9,3902,,1640703345000000000,1101.1009002562798,159
310,2021-12-28 09:55:50-05:00,1100.97,1101.255,1101.255,1100.865,3693,,1640703350000000000,1101.0292311941514,109
311,2021-12-28 09:55:55-05:00,1101.39,1103.674,1103.78,1101.2063,23157,,1640703355000000000,1102.627702046899,716
312,2021-12-28 09:56:00-05:00,1103.25,1102.73,1103.25,1102.1487,5104,,1640703360000000000,1102.7310472570532,174
313,2021-12-28 09:56:05-05:00,1102.9899,1102.602,1102.9899,1102.565,3333,,1640703365000000000,1102.7560119711968,96
314,2021-12-28 09:56:10-05:00,1102.38,1100.9531,1108.74,1100.9531,84020,,1640703370000000000,1108.2485429135913,161
315,2021-12-28 09:56:15-05:00,1100.85,1101.52,1101.52,1100.85,2389,,1640703375000000000,1101.3405453746336,129
316,2021-12-28 09:56:20-05:00,1101.64,1101.02,1101.64,1101.02,2556,,1640703380000000000,1101.3693629890456,152
317,2021-12-28 09:56:25-05:00,1100.63,1099.925,1100.63,1099.46,12658,,1640703385000000000,1099.922964623162,414
318,2021-12-28 09:56:30-05:00,1099.9612,1099.8781,1099.9612,1099.8781,1230,,1640703390000000000,1099.8494730081304,56
319,2021-12-28 09:56:35-05:00,1100.13,1099.538,1100.2,1099.505,2436,,1640703395000000000,1099.902398522167,112
320,2021-12-28 09:56:40-05:00,1100.1776,1099.9017,1100.24,1099.64,4845,,1640703400000000000,1100.0839190712074,188
321,2021-12-28 09:56:45-05:00,1099.83,1100.24,1100.24,1099.8004,5068,,1640703405000000000,1099.9794010260462,149
322,2021-12-28 09:56:50-05:00,1100.38,1101.67,1101.67,1100.22,3718,,1640703410000000000,1100.8708976062403,166
323,2021-12-28 09:56:55-05:00,1101.5531,1101.3528,1101.69,1101.3528,2666,,1640703415000000000,1101.5194555888972,94
324,2021-12-28 09:57:00-05:00,1101.1,1100.37,1101.3703,1100.37,2705,,1640703420000000000,1100.826633086876,87
325,2021-12-28 09:57:05-05:00,1100.8,1100.12,1100.8,1099.68,3808,,1640703425000000000,1100.1470145745798,150
326,2021-12-28 09:57:10-05:00,1100,1100.07,1100.0799,1099.47,3798,,1640703430000000000,1099.84384031069,123
327,2021-12-28 09:57:15-05:00,1099.71,1099.78,1100.11,1099.37,9777,,1640703435000000000,1099.7380804132144,222
328,2021-12-28 09:57:20-05:00,1100.1,1099.99,1100.11,1099.68,3042,,1640703440000000000,1099.9929739973704,149
329,2021-12-28 09:57:25-05:00,1100.4856,1100,1100.4856,1100,3317,,1640703445000000000,1100.187577117878,106
330,2021-12-28 09:57:30-05:00,1099.891,1100,1100,1099.891,2807,,1640703450000000000,1099.9741840398997,125
331,2021-12-28 09:57:35-05:00,1100.08,1100.1,1100.1,1100.06,2219,,1640703455000000000,1100.0383796755293,65
332,2021-12-28 09:57:40-05:00,1100.1,1100,1100.11,1100,1694,,1640703460000000000,1100.0249168240853,81
333,2021-12-28 09:57:45-05:00,1099.7,1100.46,1100.74,1099.7,4496,,1640703465000000000,1100.296726401245,133
334,2021-12-28 09:57:50-05:00,1100.46,1100.91,1100.91,1100.46,1345,,1640703470000000000,1100.6654793308553,93
335,2021-12-28 09:57:55-05:00,1100.31,1100.82,1101.09,1100.31,1878,,1640703475000000000,1100.7924042066022,106
336,2021-12-28 09:58:00-05:00,1100.07,1099.62,1100.07,1099.4201,4290,,1640703480000000000,1099.7207198834499,179
337,2021-12-28 09:58:05-05:00,1099.42,1098.03,1099.6199,1098.03,16985,,1640703485000000000,1099.0087627612597,556
338,2021-12-28 09:58:10-05:00,1098.21,1097.675,1098.33,1097.5,13962,,1640703490000000000,1097.9215023563972,385
339,2021-12-28 09:58:15-05:00,1097.34,1097.75,1097.9,1097.2029,7870,,1640703495000000000,1097.5047161753505,201
340,2021-12-28 09:58:20-05:00,1097.72,1097.97,1098.05,1097.59,2980,,1640703500000000000,1097.9295670469796,110
341,2021-12-28 09:58:25-05:00,1098.3716,1099.4,1099.4,1098.3716,5657,,1640703505000000000,1098.5469994873606,96
342,2021-12-28 09:58:30-05:00,1099.4036,1099.404,1099.4999,1099.2486,2828,,1640703510000000000,1099.214561492221,112
343,2021-12-28 09:58:35-05:00,1098.9469,1099.3264,1099.3264,1098.9469,1367,,1640703515000000000,1098.970568763716,79
344,2021-12-28 09:58:40-05:00,1098.54,1097.7592,1098.8799,1097.7592,4074,,1640703520000000000,1098.1018923907711,173
345,2021-12-28 09:58:45-05:00,1097.8775,1098.0825,1098.0825,1097.8775,1478,,1640703525000000000,1097.7845056156968,82
346,2021-12-28 09:58:50-05:00,1097.8,1097.95,1098.0899,1097.49,9231,,1640703530000000000,1097.7929153612836,234
347,2021-12-28 09:58:55-05:00,1098.1,1098.1,1098.11,1097.405,5321,,1640703535000000000,1097.821054764143,200
348,2021-12-28 09:59:00-05:00,1097.865,1097.35,1098.25,1097.35,7238,,1640703540000000000,1097.9031993644649,178
349,2021-12-28 09:59:05-05:00,1097.5265,1097.505,1097.86,1096.69,15465,,1640703545000000000,1097.1449606789529,510
350,2021-12-28 09:59:10-05:00,1097.8,1099.45,1099.5,1097.14,14442,,1640703550000000000,1098.796385355214,389
351,2021-12-28 09:59:15-05:00,1099.4999,1098.9,1099.5,1098.6088,3977,,1640703555000000000,1098.9951227558463,129
352,2021-12-28 09:59:20-05:00,1098.6,1098.595,1099.005,1098.2601,2808,,1640703560000000000,1098.7311117877493,92
353,2021-12-28 09:59:25-05:00,1098.92,1098.795,1098.92,1098.3,2374,,1640703565000000000,1098.7910516006748,88
354,2021-12-28 09:59:30-05:00,1098.26,1098.4639,1098.4641,1098,3057,,1640703570000000000,1098.275384494603,141
355,2021-12-28 09:59:35-05:00,1098.51,1098.413,1098.51,1098.413,1809,,1640703575000000000,1098.4859499723607,77
356,2021-12-28 09:59:40-05:00,1099.11,1097.91,1099.11,1097.91,2692,,1640703580000000000,1098.581812407132,136
357,2021-12-28 09:59:45-05:00,1098.06,1097.0437,1098.06,1097.01,5544,,1640703585000000000,1097.3137509740263,169
358,2021-12-28 09:59:50-05:00,1097.46,1097.42,1097.46,1097,3754,,1640703590000000000,1097.0815440330314,139
359,2021-12-28 09:59:55-05:00,1097.1868,1097,1097.2329,1097,1788,,1640703595000000000,1097.039529082774,81
360,2021-12-28 10:00:00-05:00,1096.99,1095.4914,1097.16,1095.02,20009,,1640703600000000000,1096.0079413513906,585
361,2021-12-28 10:00:05-05:00,1095.0101,1093.74,1095.5,1093.05,41949,,1640703605000000000,1094.30874809173,1193
362,2021-12-28 10:00:10-05:00,1093.14,1093.1843,1094.64,1093.14,6289,,1640703610000000000,1094.1090555414212,201
363,2021-12-28 10:00:15-05:00,1094.11,1093.81,1094.11,1093.33,1987,,1640703615000000000,1093.7645564167085,118
364,2021-12-28 10:00:20-05:00,1094.0211,1094.115,1094.62,1093.3,11892,,1640703620000000000,1094.0417000420446,348
365,2021-12-28 10:00:25-05:00,1093.98,1094.0001,1094.5152,1093,10095,,1640703625000000000,1093.5877537691927,351
366,2021-12-28 10:00:30-05:00,1094.5799,1094.78,1095,1094.255,5740,,1640703630000000000,1094.5791288675953,201
367,2021-12-28 10:00:35-05:00,1095,1095.81,1095.84,1095,4167,,1640703635000000000,1095.453161339093,150
368,2021-12-28 10:00:40-05:00,1095.6184,1095.91,1095.986,1095,5479,,1640703640000000000,1095.4632120459944,196
369,2021-12-28 10:00:45-05:00,1095.98,1095.2429,1095.98,1094.76,3619,,1640703645000000000,1095.3812802707926,176
370,2021-12-28 10:00:50-05:00,1094.9908,1094.6729,1095.2649,1094.5084,3183,,1640703650000000000,1094.8588964813075,155
371,2021-12-28 10:00:55-05:00,1095,1095.4601,1096.08,1094.72,9142,,1640703655000000000,1095.4614162108944,277
372,2021-12-28 10:01:00-05:00,1095.82,1096.805,1096.805,1095.82,4524,,1640703660000000000,1096.3804695623344,164
373,2021-12-28 10:01:05-05:00,1096.765,1098.56,1098.7,1096.765,16657,,1640703665000000000,1098.0039641832261,391
374,2021-12-28 10:01:10-05:00,1098.2,1097.35,1098.56,1096.44,13980,,1640703670000000000,1097.6770845207448,400
375,2021-12-28 10:01:15-05:00,1096.6817,1097.59,1098,1096.6817,4078,,1640703675000000000,1097.4492003923494,98
376,2021-12-28 10:01:20-05:00,1097.97,1098.99,1098.99,1097.8405,11376,,1640703680000000000,1098.2401343706056,343
377,2021-12-28 10:01:25-05:00,1098.11,1097.7,1098.914,1097.7,6308,,1640703685000000000,1098.2695540741915,164
378,2021-12-28 10:01:30-05:00,1097.68,1097.88,1098.0977,1097.16,3507,,1640703690000000000,1097.5791538066728,141
379,2021-12-28 10:01:35-05:00,1097.36,1097.17,1097.51,1097.17,3762,,1640703695000000000,1097.3796669324827,89
380,2021-12-28 10:01:40-05:00,1097.455,1096.37,1097.455,1096.33,3125,,1640703700000000000,1097.047878272,158
381,2021-12-28 10:01:45-05:00,1096.93,1097.035,1097.1,1096.5,2754,,1640703705000000000,1096.8603658678282,100
382,2021-12-28 10:01:50-05:00,1096.72,1096.37,1096.72,1096.37,3428,,1640703710000000000,1096.6344217911314,108
383,2021-12-28 10:01:55-05:00,1096.75,1097.1,1097.1,1096.42,3321,,1640703715000000000,1096.909356669678,107
384,2021-12-28 10:02:00-05:00,1097.19,1097.22,1097.22,1097.0942,2083,,1640703720000000000,1097.2236064330295,100
385,2021-12-28 10:02:05-05:00,1097.875,1098.18,1098.18,1097.84,4466,,1640703725000000000,1098.0044067845954,145
386,2021-12-28 10:02:10-05:00,1097.8,1097.93,1098,1097.2864,4034,,1640703730000000000,1097.5867064204263,96
387,2021-12-28 10:02:15-05:00,1097.72,1098.42,1098.42,1097.72,2313,,1640703735000000000,1098.0501505836573,95
388,2021-12-28 10:02:20-05:00,1098.55,1098.02,1098.8,1098.02,3479,,1640703740000000000,1098.4057411899967,130
389,2021-12-28 10:02:25-05:00,1098.22,1097.7,1098.22,1097.7,2217,,1640703745000000000,1097.944325394677,101
390,2021-12-28 10:02:30-05:00,1097.77,1097.47,1097.77,1097.43,1684,,1640703750000000000,1097.4939163895488,80
391,2021-12-28 10:02:35-05:00,1097.73,1097.78,1097.87,1097.6142,1859,,1640703755000000000,1097.7486953738571,90
392,2021-12-28 10:02:40-05:00,1097.54,1097.63,1097.63,1097.3801,1472,,1640703760000000000,1097.4733446331522,74
393,2021-12-28 10:02:45-05:00,1097.4116,1096.7,1097.495,1096.01,9407,,1640703765000000000,1096.5931439672586,311
394,2021-12-28 10:02:50-05:00,1096.1701,1096.403,1096.9,1096.1701,2192,,1640703770000000000,1096.4274064781023,86
395,2021-12-28 10:02:55-05:00,1096,1093.86,1096,1093.86,11990,,1640703775000000000,1094.9207976480393,578
396,2021-12-28 10:03:00-05:00,1094.177,1094.525,1094.73,1094.17,6203,,1640703780000000000,1094.4332608415275,206
397,2021-12-28 10:03:05-05:00,1094.3683,1094.44,1094.84,1094.27,3416,,1640703785000000000,1094.5282898711948,119
398,2021-12-28 10:03:10-05:00,1094.1801,1096.1706,1096.1706,1094.1801,5485,,1640703790000000000,1095.4070041932544,169
399,2021-12-28 10:03:15-05:00,1095.83,1095.8961,1096.32,1095.5,5895,,1640703795000000000,1096.0401965055134,135
400,2021-12-28 10:03:20-05:00,1096.0686,1096.84,1096.9999,1096.0686,1809,,1640703800000000000,1096.6155807628525,100
401,2021-12-28 10:03:25-05:00,1096.4401,1096.114,1096.9899,1096.0301,5382,,1640703805000000000,1096.416367762913,95
402,2021-12-28 10:03:30-05:00,1096.4,1096.2733,1096.55,1096.2733,2211,,1640703810000000000,1096.239780054274,110
403,2021-12-28 10:03:35-05:00,1096.0001,1096.2235,1096.5942,1095.71,1874,,1640703815000000000,1096.133898452508,57
404,2021-12-28 10:03:40-05:00,1096.22,1095.6884,1096.68,1095.6884,2789,,1640703820000000000,1096.0332756543567,113
405,2021-12-28 10:03:45-05:00,1095.7834,1095.929,1095.929,1095.7834,1111,,1640703825000000000,1095.7462102610266,73
406,2021-12-28 10:03:50-05:00,1095.0726,1095.5,1095.86,1095.0726,7449,,1640703830000000000,1095.6172086454558,177
407,2021-12-28 10:03:55-05:00,1095.2419,1093.78,1095.2419,1093.78,10365,,1640703835000000000,1094.255881997106,447
408,2021-12-28 10:04:00-05:00,1094.1635,1094.42,1094.65,1094.0301,4537,,1640703840000000000,1094.3782932334143,140
409,2021-12-28 10:04:05-05:00,1094.4,1094.38,1094.4,1094.2878,1344,,1640703845000000000,1094.3768680803576,87
410,2021-12-28 10:04:10-05:00,1094.5333,1095.465,1096,1094.148,11288,,1640703850000000000,1094.920261011694,284
411,2021-12-28 10:04:15-05:00,1095.8499,1095.7744,1095.8999,1095.27,3311,,1640703855000000000,1095.7244247055273,84
412,2021-12-28 10:04:20-05:00,1095.53,1095.5101,1096.05,1095.3171,2482,,1640703860000000000,1095.717642908944,111
413,2021-12-28 10:04:25-05:00,1095.6999,1095.5544,1095.6999,1095.12,1688,,1640703865000000000,1095.3082445497628,83
414,2021-12-28 10:04:30-05:00,1095.55,1095.84,1095.85,1095.5,1528,,1640703870000000000,1095.5771785994766,74
415,2021-12-28 10:04:35-05:00,1095.43,1095.4,1095.7196,1095.4,945,,1640703875000000000,1095.4277347089946,63
416,2021-12-28 10:04:40-05:00,1095.85,1095.6417,1095.93,1095.4237,6876,,1640703880000000000,1095.720281137289,109
417,2021-12-28 10:04:45-05:00,1095.99,1096.5,1096.5,1095.99,4010,,1640703885000000000,1096.1212342643385,133
418,2021-12-28 10:04:50-05:00,1096.1821,1096.0543,1096.3277,1096.0543,2125,,1640703890000000000,1096.1387795764706,77
419,2021-12-28 10:04:55-05:00,1095.76,1095.93,1096.1739,1095.6001,1718,,1640703895000000000,1095.8681143771826,94
420,2021-12-28 10:05:00-05:00,1095.6362,1095.6362,1095.6362,1095.6362,2713,,1640703900000000000,1095.5862353851824,92
421,2021-12-28 10:05:05-05:00,1095.12,1095.27,1095.4734,1094.8636,3523,,1640703905000000000,1095.1285781152426,161
422,2021-12-28 10:05:10-05:00,1095.63,1095.84,1095.84,1095.3555,4069,,1640703910000000000,1095.598308331285,148
423,2021-12-28 10:05:15-05:00,1095.39,1095.9774,1096,1095.06,6190,,1640703915000000000,1095.5784818901457,176
424,2021-12-28 10:05:20-05:00,1095.6471,1095.5501,1096,1095.5501,597,,1640703920000000000,1095.8667343383584,57
425,2021-12-28 10:05:25-05:00,1095.32,1095.29,1095.32,1095.29,1497,,1640703925000000000,1095.5029774215095,89
426,2021-12-28 10:05:30-05:00,1095.963,1096.69,1096.69,1095.4543,5455,,1640703930000000000,1096.137035783684,196
427,2021-12-28 10:05:35-05:00,1096.67,1096.9899,1096.9899,1096.3701,1319,,1640703935000000000,1096.6972071266107,72
428,2021-12-28 10:05:40-05:00,1096.9,1097.7181,1097.98,1096.525,7591,,1640703940000000000,1097.4445015412985,253
429,2021-12-28 10:05:45-05:00,1098,1097.94,1098.15,1096.45,14023,,1640703945000000000,1097.732693082791,377
430,2021-12-28 10:05:50-05:00,1097.42,1097.15,1097.8609,1097.15,1735,,1640703950000000000,1097.4732474927948,72
431,2021-12-28 10:05:55-05:00,1097.305,1096.4301,1097.305,1096.4301,1690,,1640703955000000000,1097.027493786982,96
432,2021-12-28 10:06:00-05:00,1096.655,1095.7999,1096.655,1095.6,3367,,1640703960000000000,1096.0162362340363,193
433,2021-12-28 10:06:05-05:00,1095.71,1095.715,1095.95,1095.6295,4018,,1640703965000000000,1095.759990741662,135
434,2021-12-28 10:06:10-05:00,1095.71,1097.51,1097.64,1095.71,12882,,1640703970000000000,1096.7237312218597,374
435,2021-12-28 10:06:15-05:00,1097.78,1097.495,1097.78,1097.2418,2541,,1640703975000000000,1097.6494046831958,161
436,2021-12-28 10:06:20-05:00,1097.5163,1097.569,1097.8,1097.2302,3004,,1640703980000000000,1097.5591108521971,90
437,2021-12-28 10:06:25-05:00,1097.2738,1097.65,1097.65,1097.0115,5023,,1640703985000000000,1097.2958307983276,113
438,2021-12-28 10:06:30-05:00,1097.5,1097.51,1097.6935,1097.365,1817,,1640703990000000000,1097.4716976884977,99
439,2021-12-28 10:06:35-05:00,1097.705,1097.575,1097.9,1097.5266,2607,,1640703995000000000,1097.6424796701185,89
440,2021-12-28 10:06:40-05:00,1097.445,1097.9999,1097.9999,1097.445,3431,,1640704000000000000,1097.6771037889825,112
441,2021-12-28 10:06:45-05:00,1098,1098.6652,1098.75,1097.745,13101,,1640704005000000000,1098.2644760094645,281
442,2021-12-28 10:06:50-05:00,1098.6652,1097.89,1098.71,1097.88,7199,,1640704010000000000,1098.2037488678982,183
443,2021-12-28 10:06:55-05:00,1097.76,1097.57,1097.76,1097.2004,4485,,1640704015000000000,1097.4671812486065,180
444,2021-12-28 10:07:00-05:00,1097.1,1096.095,1097.1,1095.86,6648,,1640704020000000000,1096.5966572051755,233
445,2021-12-28 10:07:05-05:00,1096.3299,1095.0901,1096.3299,1095.09,6115,,1640704025000000000,1095.539474129191,194
446,2021-12-28 10:07:10-05:00,1095.11,1095.34,1095.57,1095,6791,,1640704030000000000,1095.161923575321,237
447,2021-12-28 10:07:15-05:00,1095.09,1095.5,1095.5,1095.09,3357,,1640704035000000000,1095.4030059279116,116
448,2021-12-28 10:07:20-05:00,1095.83,1095,1096.5,1095,4946,,1640704040000000000,1095.7292539425803,189
449,2021-12-28 10:07:25-05:00,1095.0759,1094.6141,1095.11,1094.6141,5162,,1640704045000000000,1094.8337359163115,163
450,2021-12-28 10:07:30-05:00,1094.65,1093.995,1094.65,1092.56,24930,,1640704050000000000,1093.5125481708765,955
451,2021-12-28 10:07:35-05:00,1094.0001,1093.475,1094.0001,1093.37,5270,,1640704055000000000,1093.8413376280835,150
452,2021-12-28 10:07:40-05:00,1093.6545,1092.88,1093.6545,1092.88,6189,,1640704060000000000,1093.1640031669092,146
453,2021-12-28 10:07:45-05:00,1092.76,1093,1093.33,1092.24,7694,,1640704065000000000,1092.7352591369897,283
454,2021-12-28 10:07:50-05:00,1092.9924,1092.6301,1093.58,1092.63,17685,,1640704070000000000,1093.243765750635,468
455,2021-12-28 10:07:55-05:00,1092.2,1092.6,1092.8384,1091.64,21215,,1640704075000000000,1092.017501399951,531
456,2021-12-28 10:08:00-05:00,1092.0001,1092.32,1092.32,1091.78,8787,,1640704080000000000,1092.0756906338902,259
457,2021-12-28 10:08:05-05:00,1092.17,1089.9,1092.46,1089.1,63652,,1640704085000000000,1090.1708150443146,2491
458,2021-12-28 10:08:10-05:00,1090.0209,1088.62,1090.0867,1088.2,29026,,1640704090000000000,1089.012841397366,899
459,2021-12-28 10:08:15-05:00,1088.52,1088.67,1088.67,1088,14120,,1640704095000000000,1088.2304972308775,494
460,2021-12-28 10:08:20-05:00,1088.67,1089.0744,1089.24,1088.47,12371,,1640704100000000000,1088.8979318810134,318
461,2021-12-28 10:08:25-05:00,1088.8,1088.4999,1088.8,1088,12753,,1640704105000000000,1088.260768070258,464
462,2021-12-28 10:08:30-05:00,1088.245,1088.52,1088.7869,1088.0001,13617,,1640704110000000000,1088.4620836674746,408
463,2021-12-28 10:08:35-05:00,1088.3999,1087.7599,1088.5166,1087.37,13555,,1640704115000000000,1087.933110092216,408
464,2021-12-28 10:08:40-05:00,1087.735,1087.88,1088.14,1087.5222,10086,,1640704120000000000,1087.869878038866,331
465,2021-12-28 10:08:45-05:00,1087.75,1086.98,1087.75,1086.6701,12769,,1640704125000000000,1087.1473532226498,457
466,2021-12-28 10:08:50-05:00,1086.64,1086.3648,1087.13,1086.11,10170,,1640704130000000000,1086.6751832841694,439
467,2021-12-28 10:08:55-05:00,1086.32,1085.4105,1086.32,1085.4101,16897,,1640704135000000000,1085.9091724211391,523
468,2021-12-28 10:09:00-05:00,1085.48,1084.94,1085.79,1084.54,34015,,1640704140000000000,1085.032025694548,1405
469,2021-12-28 10:09:05-05:00,1085.2113,1085.2147,1085.4304,1084.6201,8049,,1640704145000000000,1085.0361618834636,332
470,2021-12-28 10:09:10-05:00,1085.25,1085.17,1086,1084.62,17539,,1640704150000000000,1085.327887570558,610
471,2021-12-28 10:09:15-05:00,1085.4634,1084.99,1085.47,1084.7203,10091,,1640704155000000000,1085.0926835794282,288
472,2021-12-28 10:09:20-05:00,1085.1,1084.98,1085.165,1084.72,4992,,1640704160000000000,1084.9753478565708,209
473,2021-12-28 10:09:25-05:00,1085.005,1085.8,1085.81,1084.8101,9388,,1640704165000000000,1085.1805989028546,274
474,2021-12-28 10:09:30-05:00,1085.6529,1086.0586,1086.0586,1085.37,7921,,1640704170000000000,1085.7253282792574,202
475,2021-12-28 10:09:35-05:00,1085.815,1085.769,1086.1199,1085.36,7610,,1640704175000000000,1085.607970249671,207
476,2021-12-28 10:09:40-05:00,1085.9935,1085.47,1086.1799,1085.39,15726,,1640704180000000000,1085.7943574017559,359
477,2021-12-28 10:09:45-05:00,1085.62,1084.8287,1085.62,1084.64,10413,,1640704185000000000,1085.0749679151043,404
478,2021-12-28 10:09:50-05:00,1084.805,1083.76,1084.93,1083.6,20736,,1640704190000000000,1084.286744560185,558
479,2021-12-28 10:09:55-05:00,1083.38,1083.2277,1083.99,1083,14854,,1640704195000000000,1083.408765820654,557
480,2021-12-28 10:10:00-05:00,1083.575,1082.7005,1083.61,1082.62,11314,,1640704200000000000,1083.1005035707983,356
481,2021-12-28 10:10:05-05:00,1082.93,1082.92,1083.24,1081.35,20848,,1640704205000000000,1082.2782739015727,893
482,2021-12-28 10:10:10-05:00,1083,1082.585,1083,1082.22,7201,,1640704210000000000,1082.5627086515765,314
483,2021-12-28 10:10:15-05:00,1082.28,1083.15,1083.15,1082,15634,,1640704215000000000,1082.7515626455165,434
484,2021-12-28 10:10:20-05:00,1083.19,1084.4,1084.4,1083.1,25838,,1640704220000000000,1083.5959714141973,676
485,2021-12-28 10:10:25-05:00,1083.54,1084.1201,1084.7925,1083.38,4661,,1640704225000000000,1084.2135804333827,241
486,2021-12-28 10:10:30-05:00,1084.575,1085.14,1085.21,1084.03,14305,,1640704230000000000,1084.8670759594545,430
487,2021-12-28 10:10:35-05:00,1085.18,1085.709,1086.4299,1084.84,21279,,1640704235000000000,1085.5357074580575,629
488,2021-12-28 10:10:40-05:00,1085.3012,1086.9078,1087,1085.3012,10222,,1640704240000000000,1086.3378132068083,323
489,2021-12-28 10:10:45-05:00,1086.94,1085.9143,1087.37,1085.7502,15229,,1640704245000000000,1086.3817348676869,334
490,2021-12-28 10:10:50-05:00,1086.26,1086.18,1086.5,1085.73,5760,,1640704250000000000,1086.1731851388895,219
491,2021-12-28 10:10:55-05:00,1086.1,1086.81,1086.85,1086.08,9646,,1640704255000000000,1086.4680848641924,187
492,2021-12-28 10:11:00-05:00,1086.82,1086.7792,1086.95,1086.2911,9572,,1640704260000000000,1086.6956331592137,276
493,2021-12-28 10:11:05-05:00,1086.5,1086.6317,1087,1086.5,5146,,1640704265000000000,1086.9401877963476,251
494,2021-12-28 10:11:10-05:00,1087.37,1087.1241,1087.7,1086.45,17641,,1640704270000000000,1087.162131398447,445
495,2021-12-28 10:11:15-05:00,1086.6801,1087.17,1087.2458,1086.6801,3234,,1640704275000000000,1087.0639105751393,142
496,2021-12-28 10:11:20-05:00,1086.985,1086.79,1087.2442,1086.6501,2742,,1640704280000000000,1087.020891757841,153
497,2021-12-28 10:11:25-05:00,1087.37,1087,1087.52,1086.5988,5987,,1640704285000000000,1087.2218315516945,215
498,2021-12-28 10:11:30-05:00,1087.2571,1086.89,1087.4299,1086.35,8570,,1640704290000000000,1086.6311163827302,196
499,2021-12-28 10:11:35-05:00,1086.68,1087.69,1087.71,1086.5601,10829,,1640704295000000000,1087.0565454704965,417
500,2021-12-28 10:11:40-05:00,1087.275,1087.085,1087.275,1086.62,3217,,1640704300000000000,1087.025078893379,165
501,2021-12-28 10:11:45-05:00,1087,1086.2,1087,1085.46,8894,,1640704305000000000,1086.1744906791089,332
502,2021-12-28 10:11:50-05:00,1085.53,1085.53,1086.1314,1085.53,4250,,1640704310000000000,1085.6835924705883,171
503,2021-12-28 10:11:55-05:00,1085.54,1084.59,1085.54,1084.5001,10357,,1640704315000000000,1085.0256774838265,325
504,2021-12-28 10:12:00-05:00,1084.8392,1086.68,1086.68,1084.8,10986,,1640704320000000000,1085.60553069361,371
505,2021-12-28 10:12:05-05:00,1086.0301,1086.9201,1087.7599,1086.0301,7691,,1640704325000000000,1087.1372250682607,254
506,2021-12-28 10:12:10-05:00,1087,1086.96,1087.37,1086.1701,3254,,1640704330000000000,1087.0266667793483,183
507,2021-12-28 10:12:15-05:00,1086.9999,1086.6,1086.9999,1086.57,4057,,1640704335000000000,1086.7084405964993,172
508,2021-12-28 10:12:20-05:00,1086.57,1086.6056,1086.99,1086.39,4279,,1640704340000000000,1086.643133652722,144
509,2021-12-28 10:12:25-05:00,1086.32,1087.0018,1087.2399,1086.32,6270,,1640704345000000000,1086.8615078468906,201
510,2021-12-28 10:12:30-05:00,1086.505,1086.79,1086.79,1086.29,2837,,1640704350000000000,1086.5361258371524,137
511,2021-12-28 10:12:35-05:00,1086.46,1086.74,1086.74,1086.38,2568,,1640704355000000000,1086.5439620716509,99
512,2021-12-28 10:12:40-05:00,1086.35,1086.93,1086.93,1086.35,4447,,1640704360000000000,1086.7149992354396,168
513,2021-12-28 10:12:45-05:00,1086.85,1086.46,1086.85,1086.19,4104,,1640704365000000000,1086.4663017056532,145
514,2021-12-28 10:12:50-05:00,1086.32,1085.5201,1086.55,1085.5201,5265,,1640704370000000000,1086.0277360303892,185
515,2021-12-28 10:12:55-05:00,1085.745,1085.61,1085.745,1085.54,1369,,1640704375000000000,1085.6835845872897,94
516,2021-12-28 10:13:00-05:00,1085.735,1085.72,1086.11,1085.72,1709,,1640704380000000000,1085.8806817437103,123
517,2021-12-28 10:13:05-05:00,1085.55,1085.82,1086.1099,1085.53,9120,,1640704385000000000,1085.7156178837708,298
518,2021-12-28 10:13:10-05:00,1085.795,1085,1085.81,1085,11465,,1640704390000000000,1085.1472715481902,304
519,2021-12-28 10:13:15-05:00,1084.6001,1084.665,1085,1084.599,4329,,1640704395000000000,1084.7806885423884,158
520,2021-12-28 10:13:20-05:00,1084.7972,1084.9366,1084.98,1084.7732,7504,,1640704400000000000,1084.8939873933903,240
521,2021-12-28 10:13:25-05:00,1084.9366,1084.1143,1084.9366,1084.0001,9437,,1640704405000000000,1084.627285609833,286
522,2021-12-28 10:13:30-05:00,1084,1083.5111,1084.5,1083.5111,10506,,1640704410000000000,1084.0305196363972,261
523,2021-12-28 10:13:35-05:00,1083.6,1084.1099,1084.3249,1083.6,6116,,1640704415000000000,1083.9553668737738,146
524,2021-12-28 10:13:40-05:00,1084.11,1084.15,1084.9596,1084.11,8320,,1640704420000000000,1084.4472881730762,198
525,2021-12-28 10:13:45-05:00,1084.3788,1084,1084.6699,1084,3643,,1640704425000000000,1084.1986858358496,152
526,2021-12-28 10:13:50-05:00,1084.3899,1084,1084.3899,1083.6641,3040,,1640704430000000000,1083.8795758881588,159
527,2021-12-28 10:13:55-05:00,1083.865,1083.77,1083.865,1083.28,8231,,1640704435000000000,1083.529881448184,219
528,2021-12-28 10:14:00-05:00,1083.44,1081.64,1083.45,1081.64,19911,,1640704440000000000,1082.457326954949,622
529,2021-12-28 10:14:05-05:00,1081.77,1081.36,1081.8699,1081.01,15206,,1640704445000000000,1081.354818413784,518
530,2021-12-28 10:14:10-05:00,1081.29,1080.33,1081.5799,1080.32,14334,,1640704450000000000,1080.7643262034328,531
531,2021-12-28 10:14:15-05:00,1080.1724,1080.91,1080.93,1080.1532,19050,,1640704455000000000,1080.5641671076123,444
532,2021-12-28 10:14:20-05:00,1080.8729,1080.5258,1081,1080.2,17988,,1640704460000000000,1080.5636399988887,374
533,2021-12-28 10:14:25-05:00,1080.21,1080.56,1080.71,1080.208,12505,,1640704465000000000,1080.4808033506604,294
534,2021-12-28 10:14:30-05:00,1080.21,1079.38,1080.2931,1078.6301,54974,,1640704470000000000,1079.787976729002,2069
535,2021-12-28 10:14:35-05:00,1079.15,1078.7,1079.22,1078.42,10012,,1640704475000000000,1078.9455752097467,366
536,2021-12-28 10:14:40-05:00,1078.96,1079.9106,1080,1078.88,14752,,1640704480000000000,1079.4663461700109,539
537,2021-12-28 10:14:45-05:00,1079.63,1079.5964,1080.31,1079.4,15342,,1640704485000000000,1079.9107802242202,481
538,2021-12-28 10:14:50-05:00,1079.7588,1079.5285,1079.86,1079.3,6956,,1640704490000000000,1079.5124080074752,267
539,2021-12-28 10:14:55-05:00,1079.77,1079.9699,1080,1079.5755,15390,,1640704495000000000,1079.93106748538,286
540,2021-12-28 10:15:00-05:00,1079.98,1081.325,1081.64,1079.604,18222,,1640704500000000000,1080.4615923169795,458
541,2021-12-28 10:15:05-05:00,1081.3937,1081.69,1081.69,1079.7445,23381,,1640704505000000000,1080.6067125058805,538
542,2021-12-28 10:15:10-05:00,1081.53,1081.43,1081.798,1080.33,12927,,1640704510000000000,1081.1954638740613,445
543,2021-12-28 10:15:15-05:00,1081.8399,1082.99,1082.99,1081.71,14156,,1640704515000000000,1082.0968169186215,338
544,2021-12-28 10:15:20-05:00,1082.76,1083,1083.15,1082.175,18266,,1640704520000000000,1082.8109244662226,589
545,2021-12-28 10:15:25-05:00,1082.57,1082.3301,1083.15,1082.33,16947,,1640704525000000000,1082.7759837965418,309
546,2021-12-28 10:15:30-05:00,1082.635,1083.8499,1083.8499,1082.31,12055,,1640704530000000000,1083.2695620074664,318
547,2021-12-28 10:15:35-05:00,1083.3913,1083.4409,1084.19,1082.8879,12517,,1640704535000000000,1083.6900466405682,319
548,2021-12-28 10:15:40-05:00,1083.7599,1083.2457,1083.7599,1083.13,3997,,1640704540000000000,1083.3092306479864,182
549,2021-12-28 10:15:45-05:00,1083.1,1082.0441,1083.4799,1081.86,11605,,1640704545000000000,1082.5040168806552,224
550,2021-12-28 10:15:50-05:00,1081.86,1081.4591,1082.26,1081.3201,10984,,1640704550000000000,1081.8411608521485,296
551,2021-12-28 10:15:55-05:00,1081.14,1080.3111,1081.41,1080.0424,19831,,1640704555000000000,1080.6559549694914,509
552,2021-12-28 10:16:00-05:00,1080.3433,1080.87,1080.97,1080.08,8632,,1640704560000000000,1080.6707464087117,178
553,2021-12-28 10:16:05-05:00,1080.66,1081.3,1082,1080.4271,9314,,1640704565000000000,1081.4094600279152,266
554,2021-12-28 10:16:10-05:00,1081.781,1083,1083.24,1081.76,22587,,1640704570000000000,1082.7906238500016,342
555,2021-12-28 10:16:15-05:00,1083.56,1082.773,1083.59,1082.6371,6433,,1640704575000000000,1083.0570042592876,181
556,2021-12-28 10:16:20-05:00,1082.2588,1081.9039,1082.8839,1081.06,8468,,1640704580000000000,1081.6367673004252,370
557,2021-12-28 10:16:25-05:00,1081.8799,1081.6001,1082.28,1081.6001,4980,,1640704585000000000,1081.9779114658634,180
558,2021-12-28 10:16:30-05:00,1082.09,1082.2098,1082.99,1082.09,8150,,1640704590000000000,1082.4474881227002,308
559,2021-12-28 10:16:35-05:00,1082.33,1081.4267,1082.535,1081.4267,3393,,1640704595000000000,1081.9271881815503,172
560,2021-12-28 10:16:40-05:00,1081.53,1081.0818,1081.5496,1080.8401,4137,,1640704600000000000,1081.2209209330435,206
561,2021-12-28 10:16:45-05:00,1080.8857,1080.7299,1081.29,1080.01,5716,,1640704605000000000,1080.6079178971304,224
562,2021-12-28 10:16:50-05:00,1080.2565,1081.24,1081.24,1079.66,23933,,1640704610000000000,1080.2233918564348,655
563,2021-12-28 10:16:55-05:00,1080.99,1081.9303,1081.9303,1080.99,3904,,1640704615000000000,1081.501277023566,133
564,2021-12-28 10:17:00-05:00,1081.61,1082.07,1082.07,1081.4,4428,,1640704620000000000,1081.778929065041,181
565,2021-12-28 10:17:05-05:00,1082.4736,1082.53,1082.58,1082.24,2341,,1640704625000000000,1082.359946475865,108
566,2021-12-28 10:17:10-05:00,1082.405,1083.4,1083.6499,1082.405,7633,,1640704630000000000,1083.1894988078077,281
567,2021-12-28 10:17:15-05:00,1082.8501,1082.7237,1083.57,1082.66,4141,,1640704635000000000,1082.9405041535863,128
568,2021-12-28 10:17:20-05:00,1083.01,1083.35,1083.35,1082.3901,3655,,1640704640000000000,1082.9989439398087,120
569,2021-12-28 10:17:25-05:00,1083.0101,1083.3942,1083.6755,1082.8759,3288,,1640704645000000000,1083.3687848540144,131
570,2021-12-28 10:17:30-05:00,1083.2,1082.41,1083.559,1081.09,17970,,1640704650000000000,1082.7908535002787,436
571,2021-12-28 10:17:35-05:00,1082.3845,1081.6766,1082.3845,1081.1709,2143,,1640704655000000000,1081.9001672421844,117
572,2021-12-28 10:17:40-05:00,1081.89,1082.71,1082.71,1081.6001,2832,,1640704660000000000,1082.2529378177967,124
573,2021-12-28 10:17:45-05:00,1082.535,1083.1541,1083.393,1082.535,16048,,1640704665000000000,1082.998523934447,239
574,2021-12-28 10:17:50-05:00,1083.168,1082.573,1083.168,1082.2313,1605,,1640704670000000000,1082.7404240498445,97
575,2021-12-28 10:17:55-05:00,1082.8,1082.08,1082.8,1081.7206,3837,,1640704675000000000,1082.153341178003,154
576,2021-12-28 10:18:00-05:00,1082.035,1082.41,1083.19,1081.7667,9050,,1640704680000000000,1082.471198011049,313
577,2021-12-28 10:18:05-05:00,1082.6999,1082.06,1082.6999,1082.06,2259,,1640704685000000000,1082.306126781762,141
578,2021-12-28 10:18:10-05:00,1082.1401,1082.0801,1082.8399,1082.0801,2594,,1640704690000000000,1082.466429722437,108
579,2021-12-28 10:18:15-05:00,1082.51,1082.06,1082.51,1082.06,2390,,1640704695000000000,1082.198551422594,126
580,2021-12-28 10:18:20-05:00,1082.085,1082.35,1082.35,1081.87,3095,,1640704700000000000,1082.07313654281,157
581,2021-12-28 10:18:25-05:00,1082.84,1081.7948,1082.84,1081.7948,6619,,1640704705000000000,1082.3367239462154,171
582,2021-12-28 10:18:30-05:00,1082.1648,1081.914,1082.1648,1081.45,2371,,1640704710000000000,1081.8537086461404,145
583,2021-12-28 10:18:35-05:00,1082,1082.3,1082.43,1081.83,2466,,1640704715000000000,1082.1390386455796,116
584,2021-12-28 10:18:40-05:00,1082.13,1082.52,1082.52,1082.07,2439,,1640704720000000000,1082.3382118901186,78
585,2021-12-28 10:18:45-05:00,1082.15,1082.52,1082.52,1082.0806,1899,,1640704725000000000,1082.3847039494474,97
586,2021-12-28 10:18:50-05:00,1082.5815,1082.89,1083,1082.5815,7910,,1640704730000000000,1082.833712831858,219
587,2021-12-28 10:18:55-05:00,1082.84,1082.777,1083,1082.64,12943,,1640704735000000000,1082.9267441937727,251
588,2021-12-28 10:19:00-05:00,1083,1082.545,1083,1082.44,3386,,1640704740000000000,1082.6714089486118,187
589,2021-12-28 10:19:05-05:00,1082.31,1082.2216,1082.42,1081.885,5550,,1640704745000000000,1082.2252961441443,215
590,2021-12-28 10:19:10-05:00,1082.39,1082.37,1082.41,1082.37,1613,,1640704750000000000,1082.337913143211,106
591,2021-12-28 10:19:15-05:00,1082.2725,1081.75,1082.44,1081.59,6889,,1640704755000000000,1081.9893882856727,239
592,2021-12-28 10:19:20-05:00,1081.45,1080.935,1081.45,1080.935,6480,,1640704760000000000,1081.0859301388882,309
593,2021-12-28 10:19:25-05:00,1081.64,1081.8147,1082,1081.22,7904,,1640704765000000000,1081.8121874114377,149
594,2021-12-28 10:19:30-05:00,1081.805,1081.99,1081.9999,1081.64,1952,,1640704770000000000,1081.8409121926231,100
595,2021-12-28 10:19:35-05:00,1081.61,1081.5,1081.96,1081.5,4400,,1640704775000000000,1081.7017840227277,175
596,2021-12-28 10:19:40-05:00,1081.24,1081.5884,1081.7132,1081.1753,4228,,1640704780000000000,1081.4391881740776,140
597,2021-12-28 10:19:45-05:00,1081.5,1081.05,1081.5,1081.02,5069,,1640704785000000000,1081.1865458867621,181
598,2021-12-28 10:19:50-05:00,1081.0824,1080.6013,1081.205,1079.955,16554,,1640704790000000000,1080.4347552978143,574
599,2021-12-28 10:19:55-05:00,1080.369,1079,1080.369,1079,11788,,1640704795000000000,1079.4120723108233,436
600,2021-12-28 10:20:00-05:00,1079.25,1081.33,1082.06,1078.9057,12737,,1640704800000000000,1080.713196317814,430
601,2021-12-28 10:20:05-05:00,1081.86,1081.8337,1081.88,1081.1904,2691,,1640704805000000000,1081.659772872538,128
602,2021-12-28 10:20:10-05:00,1081.99,1084.69,1085,1081.47,18279,,1640704810000000000,1083.5307517807312,641
603,2021-12-28 10:20:15-05:00,1084.9061,1084.2,1084.9932,1084.2,6828,,1640704815000000000,1084.5683072788518,268
604,2021-12-28 10:20:20-05:00,1084.21,1084.54,1085,1084,10581,,1640704820000000000,1084.4892539079485,309
605,2021-12-28 10:20:25-05:00,1084.68,1085.3801,1085.8,1084.6346,9543,,1640704825000000000,1085.1032181075122,264
606,2021-12-28 10:20:30-05:00,1085.5925,1084.533,1085.7899,1084.085,12694,,1640704830000000000,1084.884361485742,314
607,2021-12-28 10:20:35-05:00,1084.5296,1084.86,1084.86,1084.5296,2818,,1640704835000000000,1084.71626451384,133
608,2021-12-28 10:20:40-05:00,1084.62,1085.8399,1085.8399,1084.615,7786,,1640704840000000000,1085.2712781402513,171
609,2021-12-28 10:20:45-05:00,1085.72,1085.63,1086,1085.46,7306,,1640704845000000000,1085.7988868053646,214
610,2021-12-28 10:20:50-05:00,1085.65,1086.46,1086.46,1085.65,5923,,1640704850000000000,1086.1030093027182,201
611,2021-12-28 10:20:55-05:00,1086.43,1086.54,1087.26,1086.0353,12930,,1640704855000000000,1086.7427566047943,322
612,2021-12-28 10:21:00-05:00,1087,1086.505,1087,1086.0301,7181,,1640704860000000000,1086.586079292578,217
613,2021-12-28 10:21:05-05:00,1086.47,1085.824,1086.5559,1085.824,7994,,1640704865000000000,1086.2177866024515,215
614,2021-12-28 10:21:10-05:00,1085.68,1086.1588,1086.56,1085.5,6623,,1640704870000000000,1086.0070955307265,319
615,2021-12-28 10:21:15-05:00,1086.2674,1085.92,1086.73,1085.47,2919,,1640704875000000000,1086.414872524837,160
616,2021-12-28 10:21:20-05:00,1086.053,1085.8483,1086.0866,1085.4601,2098,,1640704880000000000,1085.936905338418,96
617,2021-12-28 10:21:25-05:00,1085.895,1085.3337,1086.1773,1084.74,9183,,1640704885000000000,1085.294963715562,338
618,2021-12-28 10:21:30-05:00,1085.54,1085.84,1085.84,1085.515,2067,,1640704890000000000,1085.5368428156746,89
619,2021-12-28 10:21:35-05:00,1085.81,1085.8745,1085.99,1085.6134,3643,,1640704895000000000,1085.8169751029368,138
620,2021-12-28 10:21:40-05:00,1085.5548,1084.8026,1085.6826,1084.8026,3441,,1640704900000000000,1085.2694744551004,124
621,2021-12-28 10:21:45-05:00,1084.99,1084.6954,1085.5373,1084.6301,2728,,1640704905000000000,1085.148419794721,120
622,2021-12-28 10:21:50-05:00,1085,1085.3188,1085.33,1084.87,4731,,1640704910000000000,1085.0699877404352,133
623,2021-12-28 10:21:55-05:00,1085.05,1085.16,1085.16,1084.94,2131,,1640704915000000000,1085.0909314406379,96
624,2021-12-28 10:22:00-05:00,1084.94,1086.695,1086.72,1084.94,8058,,1640704920000000000,1085.9944187019116,270
625,2021-12-28 10:22:05-05:00,1087,1087.787,1087.8,1086.5517,16913,,1640704925000000000,1087.3338058416598,387
626,2021-12-28 10:22:10-05:00,1087.45,1087.46,1087.8,1087.45,6658,,1640704930000000000,1087.5844067738062,231
627,2021-12-28 10:22:15-05:00,1087.64,1087.77,1087.89,1087.42,3347,,1640704935000000000,1087.5502004481627,157
628,2021-12-28 10:22:20-05:00,1087.8017,1087.0205,1088,1086.85,10883,,1640704940000000000,1087.6264749150043,327
629,2021-12-28 10:22:25-05:00,1087.115,1086.9048,1087.115,1086.69,2446,,1640704945000000000,1086.803761610793,120
630,2021-12-28 10:22:30-05:00,1086.7803,1085.83,1086.7803,1085.83,5395,,1640704950000000000,1086.3214823354956,122
631,2021-12-28 10:22:35-05:00,1085.8761,1086.36,1086.42,1085.8761,1941,,1640704955000000000,1086.2591133951576,91
632,2021-12-28 10:22:40-05:00,1086.18,1086.18,1086.18,1086.18,1683,,1640704960000000000,1086.2486396910278,104
633,2021-12-28 10:22:45-05:00,1086.16,1085.7687,1086.31,1085.7687,4733,,1640704965000000000,1086.1393890344393,155
634,2021-12-28 10:22:50-05:00,1085.54,1084.9899,1085.704,1084.6044,7798,,1640704970000000000,1085.0372914080526,212
635,2021-12-28 10:22:55-05:00,1084.67,1085.2399,1085.2399,1084.5,8770,,1640704975000000000,1084.9058352451539,190
636,2021-12-28 10:23:00-05:00,1085.2399,1083.3219,1085.2399,1083,11052,,1640704980000000000,1083.8558292888174,312
637,2021-12-28 10:23:05-05:00,1083.7,1083.83,1084.21,1083.32,2762,,1640704985000000000,1083.7481909123824,98
638,2021-12-28 10:23:10-05:00,1083.4901,1083.13,1083.5699,1083.02,2643,,1640704990000000000,1083.4074203556563,106
639,2021-12-28 10:23:15-05:00,1083.14,1082.9231,1083.265,1082.9231,3915,,1640704995000000000,1082.7771112899104,215
640,2021-12-28 10:23:20-05:00,1083,1083.77,1083.89,1083,6378,,1640705000000000000,1083.5420778300415,174
641,2021-12-28 10:23:25-05:00,1083.855,1084.21,1084.21,1083.855,1347,,1640705005000000000,1084.0004293986635,81
642,2021-12-28 10:23:30-05:00,1084.0679,1084.2582,1084.3999,1083.87,2289,,1640705010000000000,1084.16959702927,84
643,2021-12-28 10:23:35-05:00,1084.4,1084.4303,1084.4303,1084.12,1719,,1640705015000000000,1084.311063234439,80
644,2021-12-28 10:23:40-05:00,1083.86,1084.28,1084.51,1083.86,1835,,1640705020000000000,1084.3344621798358,95
645,2021-12-28 10:23:45-05:00,1084.18,1084.4169,1084.4169,1083.98,3382,,1640705025000000000,1084.166225133058,145
646,2021-12-28 10:23:50-05:00,1084.5,1084.905,1085.2921,1084.42,6849,,1640705030000000000,1084.6135096802448,201
647,2021-12-28 10:23:55-05:00,1084.955,1085.98,1085.98,1084.955,4511,,1640705035000000000,1085.6499134781648,83
648,2021-12-28 10:24:00-05:00,1085.84,1085.21,1086.194,1084.86,5977,,1640705040000000000,1085.6092262506272,241
649,2021-12-28 10:24:05-05:00,1084.75,1084.19,1085.19,1084.0101,8297,,1640705045000000000,1084.5666326383032,240
650,2021-12-28 10:24:10-05:00,1084.16,1083.8,1084.8299,1083.8,3111,,1640705050000000000,1084.1862107682418,121
651,2021-12-28 10:24:15-05:00,1083.8,1083.9,1084.125,1083.537,3452,,1640705055000000000,1083.8587364716102,144
652,2021-12-28 10:24:20-05:00,1084,1083.51,1084.22,1083.51,3065,,1640705060000000000,1083.8879872430662,118
653,2021-12-28 10:24:25-05:00,1083.89,1083.73,1084.06,1083.73,3294,,1640705065000000000,1083.917724863388,153
654,2021-12-28 10:24:30-05:00,1083.5,1083,1083.8499,1083,4405,,1640705070000000000,1083.4625515323494,154
655,2021-12-28 10:24:35-05:00,1083.1376,1083.035,1083.72,1083,3776,,1640705075000000000,1083.1825338718222,169
656,2021-12-28 10:24:40-05:00,1083.3399,1082.71,1083.3399,1082.68,2428,,1640705080000000000,1083.1154280889618,94
657,2021-12-28 10:24:45-05:00,1082.595,1082.4001,1082.8952,1082.18,4164,,1640705085000000000,1081.8322485350625,97
658,2021-12-28 10:24:50-05:00,1082.4543,1082.64,1082.84,1082.42,3600,,1640705090000000000,1082.581223833334,176
659,2021-12-28 10:24:55-05:00,1082.5101,1083.09,1083.11,1082.5101,4734,,1640705095000000000,1083.0726120828053,134
660,2021-12-28 10:25:00-05:00,1083.32,1083.4404,1083.5,1083.32,574,,1640705100000000000,1083.394380836237,58
661,2021-12-28 10:25:05-05:00,1083.57,1084.685,1084.99,1083.56,8661,,1640705105000000000,1084.3211707885928,341
662,2021-12-28 10:25:10-05:00,1084.7873,1084.067,1084.7873,1084.067,2450,,1640705110000000000,1084.4125428979594,140
663,2021-12-28 10:25:15-05:00,1084.7063,1084.95,1084.95,1084,4920,,1640705115000000000,1084.3734647967476,188
664,2021-12-28 10:25:20-05:00,1084.96,1084.891,1085.2892,1084.891,1825,,1640705120000000000,1084.9707364931508,95
665,2021-12-28 10:25:25-05:00,1084.3426,1083.9122,1084.3426,1083.32,2428,,1640705125000000000,1083.8651495469524,137
666,2021-12-28 10:25:30-05:00,1083.895,1083.72,1083.895,1083.32,2267,,1640705130000000000,1083.5312630348476,129
667,2021-12-28 10:25:35-05:00,1083.33,1082.71,1083.345,1082.71,7091,,1640705135000000000,1083.0934354110848,180
668,2021-12-28 10:25:40-05:00,1082.93,1083.33,1083.41,1082.8471,6338,,1640705140000000000,1083.0758703376457,111
669,2021-12-28 10:25:45-05:00,1083.41,1084,1084,1082.99,5809,,1640705145000000000,1083.3199773454999,237
670,2021-12-28 10:25:50-05:00,1084.07,1084.15,1084.15,1084.07,1786,,1640705150000000000,1084.04168225084,84
671,2021-12-28 10:25:55-05:00,1084.7142,1084.4409,1084.74,1084.0422,2198,,1640705155000000000,1084.4280943585075,84
672,2021-12-28 10:26:00-05:00,1084.475,1084.71,1084.71,1084.1535,3379,,1640705160000000000,1084.3162581828944,141
673,2021-12-28 10:26:05-05:00,1085,1085.16,1086.0968,1085,9532,,1640705165000000000,1085.46142339488,287
674,2021-12-28 10:26:10-05:00,1085.7174,1085.79,1085.79,1083.97,3365,,1640705170000000000,1084.9720597325406,203
675,2021-12-28 10:26:15-05:00,1085.7155,1085.03,1085.7899,1084.895,2682,,1640705175000000000,1085.0414471290087,94
676,2021-12-28 10:26:20-05:00,1084.74,1084.87,1084.88,1084.74,1477,,1640705180000000000,1084.6480454976302,93
677,2021-12-28 10:26:25-05:00,1084.7475,1084.6,1084.7475,1084.6,1361,,1640705185000000000,1084.5479022042616,82
678,2021-12-28 10:26:30-05:00,1084.87,1084.6868,1084.87,1084.0201,1597,,1640705190000000000,1084.5988053224796,70
679,2021-12-28 10:26:35-05:00,1085.004,1085.01,1085.01,1085.004,3015,,1640705195000000000,1084.9409815257043,131
680,2021-12-28 10:26:40-05:00,1085.35,1084.46,1085.43,1084.46,4897,,1640705200000000000,1085.1794679191341,149
681,2021-12-28 10:26:45-05:00,1085.37,1085.37,1085.37,1085.37,780,,1640705205000000000,1085.0366805128206,66
682,2021-12-28 10:26:50-05:00,1085.3071,1084.76,1085.3071,1084.7237,764,,1640705210000000000,1085.0055692408373,47
683,2021-12-28 10:26:55-05:00,1084.7983,1084.9501,1085.5,1084.7983,2887,,1640705215000000000,1085.2248428126093,110
684,2021-12-28 10:27:00-05:00,1085.3439,1085.0499,1085.6,1085.0499,3127,,1640705220000000000,1085.4290807163416,137
685,2021-12-28 10:27:05-05:00,1085.5534,1085.43,1085.5534,1085.3,1340,,1640705225000000000,1085.376342686567,66
686,2021-12-28 10:27:10-05:00,1085.02,1085.42,1085.54,1085.01,1931,,1640705230000000000,1085.2253500258937,104
687,2021-12-28 10:27:15-05:00,1085.42,1085.63,1086,1085.01,6429,,1640705235000000000,1085.5195637890808,162
688,2021-12-28 10:27:20-05:00,1085.7202,1085.96,1085.97,1085.7202,1040,,1640705240000000000,1085.7756933653848,61
689,2021-12-28 10:27:25-05:00,1085.8241,1086.74,1086.74,1085.63,8669,,1640705245000000000,1086.3132780366825,250
690,2021-12-28 10:27:30-05:00,1086.11,1086.545,1086.99,1086.11,5952,,1640705250000000000,1086.7139933467738,235
691,2021-12-28 10:27:35-05:00,1086.5374,1086.95,1087,1086.5,5592,,1640705255000000000,1086.8452276645212,205
692,2021-12-28 10:27:40-05:00,1086.454,1086.8156,1086.99,1086.454,3864,,1640705260000000000,1086.7479688923393,112
693,2021-12-28 10:27:45-05:00,1086.6,1086.1501,1086.95,1086.0583,8419,,1640705265000000000,1086.6551043591874,171
694,2021-12-28 10:27:50-05:00,1086.77,1086.6182,1087,1086.44,10285,,1640705270000000000,1086.8707377831795,364
695,2021-12-28 10:27:55-05:00,1086.8054,1086.85,1086.85,1086.33,3386,,1640705275000000000,1086.6758469580627,151
696,2021-12-28 10:28:00-05:00,1086.5008,1086.7385,1087,1086.49,3033,,1640705280000000000,1086.7333013188263,142
697,2021-12-28 10:28:05-05:00,1086.64,1086.3,1086.957,1086.3,4154,,1640705285000000000,1086.6491626624936,200
698,2021-12-28 10:28:10-05:00,1086.5,1086.565,1086.565,1086.5,2447,,1640705290000000000,1086.4389329791582,89
699,2021-12-28 10:28:15-05:00,1086.67,1086.47,1086.99,1086.47,1778,,1640705295000000000,1086.8038713723286,61
700,2021-12-28 10:28:20-05:00,1086.73,1086.35,1086.96,1086.35,3337,,1640705300000000000,1086.629183997603,131
701,2021-12-28 10:28:25-05:00,1086.66,1086.8899,1086.8899,1086.16,3861,,1640705305000000000,1086.506910670811,174
702,2021-12-28 10:28:30-05:00,1086.515,1086.7119,1086.7119,1086.515,2469,,1640705310000000000,1086.6200827865534,76
703,2021-12-28 10:28:35-05:00,1086.725,1086.7,1087,1086.7,4014,,1640705315000000000,1086.8907293971104,145
704,2021-12-28 10:28:40-05:00,1086.571,1087.1902,1087.4,1086.571,8969,,1640705320000000000,1087.1189875459922,205
705,2021-12-28 10:28:45-05:00,1087.44,1088.85,1088.86,1087.39,17604,,1640705325000000000,1088.2533482219956,463
706,2021-12-28 10:28:50-05:00,1088.87,1088.875,1088.9799,1088.24,9516,,1640705330000000000,1088.6454701240007,252
707,2021-12-28 10:28:55-05:00,1088.61,1088.45,1088.97,1088.45,5548,,1640705335000000000,1088.6835065789478,236
708,2021-12-28 10:29:00-05:00,1088.86,1088.6782,1088.86,1088.32,8931,,1640705340000000000,1088.527851561975,235
709,2021-12-28 10:29:05-05:00,1088.41,1087.905,1088.9599,1087.42,11381,,1640705345000000000,1088.4019557508125,335
710,2021-12-28 10:29:10-05:00,1088,1087.48,1088,1087.2671,5942,,1640705350000000000,1087.6137597441937,153
711,2021-12-28 10:29:15-05:00,1087.71,1087.895,1088.15,1087.5,6041,,1640705355000000000,1087.9418948021855,198
712,2021-12-28 10:29:20-05:00,1088.08,1088.65,1088.95,1087.85,7797,,1640705360000000000,1088.4648079261258,234
713,2021-12-28 10:29:25-05:00,1088.65,1089.6099,1089.87,1088.64,9283,,1640705365000000000,1089.239212108156,325
714,2021-12-28 10:29:30-05:00,1089.4,1088.6415,1089.47,1088.6415,3464,,1640705370000000000,1089.1375817551962,115
715,2021-12-28 10:29:35-05:00,1088.8463,1089.04,1089.411,1088.69,4374,,1640705375000000000,1089.1554294238676,194
716,2021-12-28 10:29:40-05:00,1089.1246,1089.6206,1089.7599,1088.7601,5485,,1640705380000000000,1089.3171087146761,136
717,2021-12-28 10:29:45-05:00,1089.6392,1089.87,1089.87,1089.215,7273,,1640705385000000000,1089.6813421284207,223
718,2021-12-28 10:29:50-05:00,1089.7557,1089.59,1089.87,1089.53,4862,,1640705390000000000,1089.7523252982305,136
719,2021-12-28 10:29:55-05:00,1090,1089.595,1090,1089.595,14700,,1640705395000000000,1089.9238063945563,424
720,2021-12-28 10:30:00-05:00,1089.87,1089.88,1090.03,1089.33,32385,,1640705400000000000,1089.8943267809166,693
721,2021-12-28 10:30:05-05:00,1089.7139,1089.8112,1090,1089.33,9959,,1640705405000000000,1089.562808555076,286
722,2021-12-28 10:30:10-05:00,1089.99,1090,1090,1089.7752,4384,,1640705410000000000,1089.9196234260953,151
723,2021-12-28 10:30:15-05:00,1089.97,1089.7842,1089.97,1089.2,7553,,1640705415000000000,1089.5602816231954,228
724,2021-12-28 10:30:20-05:00,1089.29,1089.365,1089.5235,1089.2601,2230,,1640705420000000000,1089.4389756950675,109
725,2021-12-28 10:30:25-05:00,1089.375,1089.03,1089.65,1089.03,6824,,1640705425000000000,1089.3975991060959,201
726,2021-12-28 10:30:30-05:00,1089.265,1088.8,1089.265,1088.62,8612,,1640705430000000000,1088.909694832792,227
727,2021-12-28 10:30:35-05:00,1088.93,1088.7201,1089.52,1088.6001,9733,,1640705435000000000,1089.0170372547007,256
728,2021-12-28 10:30:40-05:00,1089.6624,1089.2201,1090,1089.09,7631,,1640705440000000000,1089.6636521032628,196
729,2021-12-28 10:30:45-05:00,1089.2949,1089.87,1089.8947,1089.2949,1672,,1640705445000000000,1089.7132316985653,77
730,2021-12-28 10:30:50-05:00,1090,1090,1090.075,1089.61,10501,,1640705450000000000,1089.9668225026194,222
731,2021-12-28 10:30:55-05:00,1089.815,1089.99,1090.03,1089.7732,5006,,1640705455000000000,1089.903490671195,160
732,2021-12-28 10:31:00-05:00,1089.97,1090.4801,1090.5,1089.815,8759,,1640705460000000000,1090.192365041672,254
733,2021-12-28 10:31:05-05:00,1090.49,1090.8,1090.8,1090.49,7636,,1640705465000000000,1090.7363128863278,166
734,2021-12-28 10:31:10-05:00,1090.8,1093.37,1093.37,1090.8,22681,,1640705470000000000,1092.0792563158595,639
735,2021-12-28 10:31:15-05:00,1093.4974,1093.5,1093.7,1092.7472,11615,,1640705475000000000,1093.3081167025393,415
736,2021-12-28 10:31:20-05:00,1093.26,1093.9583,1094.13,1092.8601,9555,,1640705480000000000,1093.6693936682364,265
737,2021-12-28 10:31:25-05:00,1093.625,1093.95,1094.26,1093.45,12336,,1640705485000000000,1093.8865855787942,468
738,2021-12-28 10:31:30-05:00,1094.27,1093.9312,1094.46,1093.85,8836,,1640705490000000000,1094.1713180511538,289
739,2021-12-28 10:31:35-05:00,1094.2215,1094.4899,1094.4899,1093.7401,9826,,1640705495000000000,1094.04673598616,329
740,2021-12-28 10:31:40-05:00,1094.0845,1093.71,1094.5,1093.3601,14152,,1640705500000000000,1093.9999888496332,290
741,2021-12-28 10:31:45-05:00,1093.53,1092.86,1093.53,1092.8099,8543,,1640705505000000000,1093.169993292754,223
742,2021-12-28 10:31:50-05:00,1093.36,1093.82,1094.37,1093.36,9122,,1640705510000000000,1093.842637349265,279
743,2021-12-28 10:31:55-05:00,1093.525,1093.51,1093.71,1093.49,3551,,1640705515000000000,1093.5551556181356,171
744,2021-12-28 10:32:00-05:00,1093.69,1093.655,1093.95,1093.55,2740,,1640705520000000000,1093.690851569344,126
745,2021-12-28 10:32:05-05:00,1093.67,1093.51,1093.8194,1093.2,3277,,1640705525000000000,1093.5144690265495,151
746,2021-12-28 10:32:10-05:00,1093.73,1093.82,1093.83,1093.4605,3515,,1640705530000000000,1093.6029114367002,166
747,2021-12-28 10:32:15-05:00,1093.201,1093.5017,1093.5017,1093.201,2985,,1640705535000000000,1093.4473956783916,126
748,2021-12-28 10:32:20-05:00,1093.98,1093.3083,1093.98,1093.208,3186,,1640705540000000000,1093.5188703389827,131
749,2021-12-28 10:32:25-05:00,1093.24,1092.55,1093.69,1092.55,11097,,1640705545000000000,1093.0880697305577,348
750,2021-12-28 10:32:30-05:00,1092.5001,1092.82,1093.2172,1092.5001,2747,,1640705550000000000,1092.9019374954498,150
751,2021-12-28 10:32:35-05:00,1092.9564,1092.9403,1092.9564,1092.84,2453,,1640705555000000000,1092.8276315124335,111
752,2021-12-28 10:32:40-05:00,1092.5201,1092.95,1092.95,1092.5144,4323,,1640705560000000000,1092.6675336571823,121
753,2021-12-28 10:32:45-05:00,1092.82,1091.98,1092.83,1091.7291,11573,,1640705565000000000,1092.1647092370172,210
754,2021-12-28 10:32:50-05:00,1092.2,1091.73,1092.2,1091.73,2186,,1640705570000000000,1091.9035731015563,97
755,2021-12-28 10:32:55-05:00,1091.5556,1091.2635,1091.62,1091.0434,3923,,1640705575000000000,1091.4677533265358,147
756,2021-12-28 10:33:00-05:00,1091.07,1091.71,1091.94,1090.84,10644,,1640705580000000000,1091.5172382844798,263
757,2021-12-28 10:33:05-05:00,1091.6639,1091.9199,1091.9316,1090.8785,6325,,1640705585000000000,1091.5239093280634,131
758,2021-12-28 10:33:10-05:00,1091.8485,1091.585,1091.8485,1091.585,642,,1640705590000000000,1091.6313485981311,61
759,2021-12-28 10:33:15-05:00,1091.465,1091.8,1091.8,1091.465,1281,,1640705595000000000,1091.6337071818893,67
760,2021-12-28 10:33:20-05:00,1091.7447,1092.545,1092.9899,1091.7447,2916,,1640705600000000000,1091.9695288065839,107
761,2021-12-28 10:33:25-05:00,1092.2991,1092.88,1093.13,1092.2601,3755,,1640705605000000000,1092.716211451398,174
762,2021-12-28 10:33:30-05:00,1092.7309,1092.947,1092.9999,1092.7309,1626,,1640705610000000000,1092.8084677736779,60
763,2021-12-28 10:33:35-05:00,1092.5944,1092.71,1092.71,1092.5944,929,,1640705615000000000,1092.6872128094728,63
764,2021-12-28 10:33:40-05:00,1092.72,1092.94,1092.94,1092.0843,4144,,1640705620000000000,1092.4298223455596,118
765,2021-12-28 10:33:45-05:00,1092.87,1092.615,1092.87,1092.3001,1118,,1640705625000000000,1092.5689584973165,54
766,2021-12-28 10:33:50-05:00,1092.62,1092.45,1092.62,1092.305,2508,,1640705630000000000,1092.4299055821373,125
767,2021-12-28 10:33:55-05:00,1092.42,1092.12,1092.58,1092.01,1280,,1640705635000000000,1092.2635646093759,75
768,2021-12-28 10:34:00-05:00,1092.03,1091.6585,1092.25,1091.6585,4626,,1640705640000000000,1092.021115110246,110
769,2021-12-28 10:34:05-05:00,1091.4447,1091.775,1091.775,1091.01,1648,,1640705645000000000,1091.5754391990288,82
770,2021-12-28 10:34:10-05:00,1092,1091.99,1092.07,1091.86,1451,,1640705650000000000,1091.9257490006894,46
771,2021-12-28 10:34:15-05:00,1092.0613,1091.2779,1092.0613,1091.2779,1591,,1640705655000000000,1091.6037377749838,81
772,2021-12-28 10:34:20-05:00,1091.7,1091.565,1091.85,1091.565,2808,,1640705660000000000,1091.7510939814822,72
773,2021-12-28 10:34:25-05:00,1091.36,1091.2462,1091.36,1091.2462,1259,,1640705665000000000,1091.3090893566323,115
774,2021-12-28 10:34:30-05:00,1091.05,1091.47,1091.47,1091.05,892,,1640705670000000000,1091.2525119955158,57
775,2021-12-28 10:34:35-05:00,1091.0201,1091.2956,1091.2956,1091.0201,784,,1640705675000000000,1091.2543707908162,39
776,2021-12-28 10:34:40-05:00,1091.46,1091.3,1091.46,1091.3,2506,,1640705680000000000,1091.36764792498,99
777,2021-12-28 10:34:45-05:00,1091.24,1090.73,1091.24,1090.73,5909,,1640705685000000000,1091.008091047554,140
778,2021-12-28 10:34:50-05:00,1090.57,1091.24,1091.42,1090.57,6230,,1640705690000000000,1091.0982870304972,153
779,2021-12-28 10:34:55-05:00,1091.4,1091.4,1091.61,1091.2008,6393,,1640705695000000000,1091.4755465352741,181
780,2021-12-28 10:35:00-05:00,1091.3974,1091.425,1091.5,1091.3974,1002,,1640705700000000000,1091.4671627744508,42
781,2021-12-28 10:35:05-05:00,1091.49,1092.27,1092.27,1091.49,5686,,1640705705000000000,1091.824091980303,161
782,2021-12-28 10:35:10-05:00,1092.5,1092.97,1093,1092.5,9618,,1640705710000000000,1092.8577756186316,226
783,2021-12-28 10:35:15-05:00,1092.64,1092.78,1092.92,1092.35,2882,,1640705715000000000,1092.6153938931297,100
784,2021-12-28 10:35:20-05:00,1092.5775,1092.4916,1092.5775,1091.8963,6036,,1640705720000000000,1092.2345415838306,125
785,2021-12-28 10:35:25-05:00,1092.64,1093.3054,1093.37,1092.64,5865,,1640705725000000000,1093.13869938619,196
786,2021-12-28 10:35:30-05:00,1093.245,1093.48,1093.4999,1093.0607,2836,,1640705730000000000,1093.2896584978844,81
787,2021-12-28 10:35:35-05:00,1093.33,1093.31,1093.5,1092.7514,4559,,1640705735000000000,1093.1873874314545,131
788,2021-12-28 10:35:40-05:00,1093.19,1092.6382,1093.19,1092.6382,2879,,1640705740000000000,1092.9240281347695,105
789,2021-12-28 10:35:45-05:00,1092.8488,1092.5,1092.8488,1092.5,2610,,1640705745000000000,1092.6371357471257,67
790,2021-12-28 10:35:50-05:00,1092.47,1092.6188,1092.6188,1092.1,4352,,1640705750000000000,1092.3802233685665,77
791,2021-12-28 10:35:55-05:00,1092.7342,1092.5347,1092.7342,1092.405,1204,,1640705755000000000,1092.5624491694357,58
792,2021-12-28 10:36:00-05:00,1092.49,1093.434,1093.434,1092.49,8929,,1640705760000000000,1092.8940668831888,129
793,2021-12-28 10:36:05-05:00,1093.32,1092.45,1093.5,1092.44,6821,,1640705765000000000,1093.105800043982,143
794,2021-12-28 10:36:10-05:00,1092.3037,1092.28,1092.57,1092,9123,,1640705770000000000,1092.2882314808721,176
795,2021-12-28 10:36:15-05:00,1092.1425,1092.1101,1092.5799,1092.1101,839,,1640705775000000000,1092.3041367103694,46
796,2021-12-28 10:36:20-05:00,1092.58,1091.5,1092.58,1091.5,2814,,1640705780000000000,1091.9833242715001,117
797,2021-12-28 10:36:25-05:00,1091.87,1091.58,1092.03,1091.42,3946,,1640705785000000000,1091.8714627217437,83
798,2021-12-28 10:36:30-05:00,1091.815,1091.5706,1091.9899,1091.5706,2682,,1640705790000000000,1091.794708687547,71
799,2021-12-28 10:36:35-05:00,1091.62,1091.6102,1091.89,1091.6102,1877,,1640705795000000000,1091.6936238145977,45
800,2021-12-28 10:36:40-05:00,1091.56,1091.0001,1091.57,1091,3608,,1640705800000000000,1091.2068558203982,145
801,2021-12-28 10:36:45-05:00,1091.03,1091.38,1091.38,1090.67,2579,,1640705805000000000,1091.0372897634745,87
802,2021-12-28 10:36:50-05:00,1090.67,1091.1719,1091.46,1090.67,3296,,1640705810000000000,1091.1920802184466,96
803,2021-12-28 10:36:55-05:00,1091.24,1090.5801,1091.24,1090.5801,2136,,1640705815000000000,1090.7751305711606,86
804,2021-12-28 10:37:00-05:00,1090.63,1090.69,1091.12,1090.59,4460,,1640705820000000000,1090.917062174888,130
805,2021-12-28 10:37:05-05:00,1090.725,1089.57,1090.725,1089.57,9348,,1640705825000000000,1090.1699486735138,308
806,2021-12-28 10:37:10-05:00,1089.57,1089.19,1089.77,1089.1503,27323,,1640705830000000000,1089.4733137942392,305
807,2021-12-28 10:37:15-05:00,1089.3666,1089.36,1089.64,1089.1,7294,,1640705835000000000,1089.4203927611745,217
808,2021-12-28 10:37:20-05:00,1089.06,1088.285,1089.06,1088.11,7837,,1640705840000000000,1088.5568383437535,274
809,2021-12-28 10:37:25-05:00,1088.64,1088.718,1089.15,1088.64,5074,,1640705845000000000,1088.9413087307844,206
810,2021-12-28 10:37:30-05:00,1088.87,1089.99,1089.99,1088.8404,5888,,1640705850000000000,1089.3523716202446,131
811,2021-12-28 10:37:35-05:00,1089.6594,1089.6385,1089.6594,1089.54,1071,,1640705855000000000,1089.6527212885155,64
812,2021-12-28 10:37:40-05:00,1089.9099,1089.49,1089.9099,1089.39,2370,,1640705860000000000,1089.5983597468353,83
813,2021-12-28 10:37:45-05:00,1089.37,1088.52,1089.37,1088.5101,2617,,1640705865000000000,1088.9223870462365,112
814,2021-12-28 10:37:50-05:00,1088.5999,1088.01,1088.5999,1088.01,2373,,1640705870000000000,1088.1533247366203,108
815,2021-12-28 10:37:55-05:00,1088.29,1088.2796,1088.64,1088.22,3785,,1640705875000000000,1088.367458388375,128
816,2021-12-28 10:38:00-05:00,1088.34,1088.1682,1088.34,1088.0362,2603,,1640705880000000000,1088.0884021129468,157
817,2021-12-28 10:38:05-05:00,1088.01,1088.4799,1088.4799,1087.91,2833,,1640705885000000000,1088.0721153900458,121
818,2021-12-28 10:38:10-05:00,1088.375,1088.475,1088.6,1088.375,3841,,1640705890000000000,1088.5395234834675,120
819,2021-12-28 10:38:15-05:00,1089.016,1088.9299,1089.016,1088.565,4119,,1640705895000000000,1088.7183544549648,115
820,2021-12-28 10:38:20-05:00,1088.3671,1088.34,1088.4729,1088.34,1273,,1640705900000000000,1088.440491673213,63
821,2021-12-28 10:38:25-05:00,1088.17,1087.1701,1088.17,1087.1701,6608,,1640705905000000000,1087.7488753934622,164
822,2021-12-28 10:38:30-05:00,1087.7199,1086.54,1087.7199,1086.1136,8918,,1640705910000000000,1086.6849578829324,354
823,2021-12-28 10:38:35-05:00,1086.7599,1086.5582,1087.0541,1086.5582,5372,,1640705915000000000,1086.7394022710357,147
824,2021-12-28 10:38:40-05:00,1087,1087.04,1087.04,1086.73,5088,,1640705920000000000,1086.8702431014153,119
825,2021-12-28 10:38:45-05:00,1086.89,1086.14,1087.04,1086.11,7263,,1640705925000000000,1086.526493143328,253
826,2021-12-28 10:38:50-05:00,1086.8964,1086.4199,1086.8964,1086.0001,3489,,1640705930000000000,1086.280689280596,79
827,2021-12-28 10:38:55-05:00,1086.41,1086.23,1086.6,1086.23,6485,,1640705935000000000,1086.3909048265232,135
828,2021-12-28 10:39:00-05:00,1086.12,1086.1,1086.2499,1086.0671,2777,,1640705940000000000,1086.184617897011,98
829,2021-12-28 10:39:05-05:00,1086.44,1086.745,1086.745,1086.0002,7831,,1640705945000000000,1086.2403251308897,137
830,2021-12-28 10:39:10-05:00,1086.745,1086.28,1086.745,1086.27,1422,,1640705950000000000,1086.4737312939524,78
831,2021-12-28 10:39:15-05:00,1086.3884,1086.84,1086.845,1086.3884,3878,,1640705955000000000,1086.7668202939658,71
832,2021-12-28 10:39:20-05:00,1086.69,1086.75,1086.795,1086.36,2400,,1640705960000000000,1086.6066612083334,69
833,2021-12-28 10:39:25-05:00,1086.9999,1086.6261,1087,1086.6261,1559,,1640705965000000000,1086.8466651699807,77
834,2021-12-28 10:39:30-05:00,1086.59,1086.77,1086.78,1086.59,2552,,1640705970000000000,1086.7068319749217,71
835,2021-12-28 10:39:35-05:00,1086.78,1085.7315,1086.78,1085.7315,5753,,1640705975000000000,1086.2092977924563,158
836,2021-12-28 10:39:40-05:00,1085.6501,1086.475,1086.475,1085.6501,1298,,1640705980000000000,1086.0117933744223,67
837,2021-12-28 10:39:45-05:00,1086.01,1085.99,1086.01,1085.71,1175,,1640705985000000000,1085.8463137021279,68
838,2021-12-28 10:39:50-05:00,1085.6,1085.2201,1085.63,1084.8201,14184,,1640705990000000000,1085.1883486181641,457
839,2021-12-28 10:39:55-05:00,1085.305,1085.2,1085.305,1085.0159,2245,,1640705995000000000,1085.1711874387527,96
840,2021-12-28 10:40:00-05:00,1085.02,1085.2799,1085.2799,1084.49,5179,,1640706000000000000,1084.9682887430004,163
841,2021-12-28 10:40:05-05:00,1085.2551,1085.15,1085.43,1085.03,3107,,1640706005000000000,1085.236283456711,115
842,2021-12-28 10:40:10-05:00,1085.41,1086.2447,1086.3799,1085.28,8818,,1640706010000000000,1085.7204546155601,284
843,2021-12-28 10:40:15-05:00,1086.2899,1086.1643,1086.53,1086.06,3674,,1640706015000000000,1086.3497479858465,106
844,2021-12-28 10:40:20-05:00,1086.0001,1085.83,1086.22,1085.83,1839,,1640706020000000000,1086.0697624252311,121
845,2021-12-28 10:40:25-05:00,1086,1085.86,1086.3401,1085.86,1466,,1640706025000000000,1086.0523341746248,57
846,2021-12-28 10:40:30-05:00,1086.2248,1086.3482,1086.39,1085.7201,1837,,1640706030000000000,1086.2244684812194,68
847,2021-12-28 10:40:35-05:00,1086.22,1086.22,1086.22,1086.22,633,,1640706035000000000,1086.178473301738,41
848,2021-12-28 10:40:40-05:00,1086.0261,1086.39,1086.39,1086.0261,3222,,1640706040000000000,1086.2562350093112,79
849,2021-12-28 10:40:45-05:00,1086.52,1086.62,1086.83,1086.3346,4341,,1640706045000000000,1086.6024803271139,93
850,2021-12-28 10:40:50-05:00,1086.64,1086.97,1086.97,1086.53,2725,,1640706050000000000,1086.72166187156,94
851,2021-12-28 10:40:55-05:00,1086.9347,1086.9799,1086.9799,1086.803,2512,,1640706055000000000,1086.8565577627394,78
852,2021-12-28 10:41:00-05:00,1086.9599,1086.5237,1086.9599,1086.34,4860,,1640706060000000000,1086.6092690534977,129
853,2021-12-28 10:41:05-05:00,1086.6626,1086.2001,1086.6626,1086.2001,1078,,1640706065000000000,1086.365067346939,55
854,2021-12-28 10:41:10-05:00,1086.2,1085.55,1086.2,1085.55,3388,,1640706070000000000,1085.8032704250295,127
855,2021-12-28 10:41:15-05:00,1085.7592,1085.63,1085.7592,1085.28,5283,,1640706075000000000,1085.5657970092739,150
856,2021-12-28 10:41:20-05:00,1085.705,1085.91,1085.92,1085.57,3211,,1640706080000000000,1085.8430398006851,104
857,2021-12-28 10:41:25-05:00,1085.795,1085.34,1085.795,1085.34,1897,,1640706085000000000,1085.6404188719032,92
858,2021-12-28 10:41:30-05:00,1085.0814,1085.0801,1085.3559,1085.0801,1627,,1640706090000000000,1085.365815304241,54
859,2021-12-28 10:41:35-05:00,1085.48,1085.48,1085.48,1085.48,635,,1640706095000000000,1085.4538247244093,60
860,2021-12-28 10:41:40-05:00,1085.1852,1085.211,1085.46,1084.9473,8126,,1640706100000000000,1085.079481073099,245
861,2021-12-28 10:41:45-05:00,1085.4365,1085.6899,1085.6899,1085.28,3240,,1640706105000000000,1085.3756195061728,56
862,2021-12-28 10:41:50-05:00,1085.305,1085.5727,1085.69,1085.294,3329,,1640706110000000000,1085.5518232502257,128
863,2021-12-28 10:41:55-05:00,1085.69,1085.69,1085.69,1085.69,988,,1640706115000000000,1085.6301243927123,46
864,2021-12-28 10:42:00-05:00,1085.39,1085.5,1085.8399,1085.39,3503,,1640706120000000000,1085.6026206679987,86
865,2021-12-28 10:42:05-05:00,1085.57,1085,1085.57,1084.88,3999,,1640706125000000000,1085.1537785196301,131
866,2021-12-28 10:42:10-05:00,1085.17,1084.05,1085.17,1083.51,13460,,1640706130000000000,1084.0402978528975,453
867,2021-12-28 10:42:15-05:00,1083.7447,1084.5077,1084.5077,1083.7447,4485,,1640706135000000000,1084.0442796209584,104
868,2021-12-28 10:42:20-05:00,1084.6999,1084.5599,1084.6999,1084.03,1856,,1640706140000000000,1084.374500269396,57
869,2021-12-28 10:42:25-05:00,1084.2862,1084.0731,1084.2862,1084.02,3158,,1640706145000000000,1084.1365608613046,76
870,2021-12-28 10:42:30-05:00,1084.4514,1084.049,1084.4514,1084.049,1155,,1640706150000000000,1084.3052973160172,42
871,2021-12-28 10:42:35-05:00,1084.02,1083.7969,1084.02,1083.7599,2451,,1640706155000000000,1084.0069372909018,137
872,2021-12-28 10:42:40-05:00,1083.83,1083.8949,1083.8949,1083.83,1698,,1640706160000000000,1083.8835011778565,111
873,2021-12-28 10:42:45-05:00,1083.84,1083.45,1083.84,1083,5823,,1640706165000000000,1083.196860982311,256
874,2021-12-28 10:42:50-05:00,1083.8099,1083.645,1083.8099,1083.2501,3015,,1640706170000000000,1083.5532345273634,98
875,2021-12-28 10:42:55-05:00,1083.5,1083.585,1083.74,1083.5,1761,,1640706175000000000,1083.5036220897218,88
876,2021-12-28 10:43:00-05:00,1083.45,1083.6875,1083.6875,1083.45,1445,,1640706180000000000,1083.5811377854673,67
877,2021-12-28 10:43:05-05:00,1083.66,1084.0657,1084.5,1083.5804,7378,,1640706185000000000,1083.952148034698,197
878,2021-12-28 10:43:10-05:00,1084.35,1084.3267,1084.5,1084.215,4442,,1640706190000000000,1084.417277442593,75
879,2021-12-28 10:43:15-05:00,1084.48,1084.5301,1084.976,1084.315,5845,,1640706195000000000,1084.6427120958085,126
880,2021-12-28 10:43:20-05:00,1084.47,1084.12,1084.9,1084.12,2403,,1640706200000000000,1084.33680886392,90
881,2021-12-28 10:43:25-05:00,1084.4499,1084.2,1084.4499,1084.2,589,,1640706205000000000,1084.1989765704584,45
882,2021-12-28 10:43:30-05:00,1084.45,1084.45,1084.45,1084.45,1703,,1640706210000000000,1084.5320943041688,119
883,2021-12-28 10:43:35-05:00,1084.6201,1085.1964,1085.1964,1084.6201,1897,,1640706215000000000,1085.003081655245,61
884,2021-12-28 10:43:40-05:00,1085,1085.0675,1085.2602,1084.81,4415,,1640706220000000000,1085.0465954473377,139
885,2021-12-28 10:43:45-05:00,1084.71,1085.3099,1085.3099,1084.6529,677,,1640706225000000000,1084.9841906942395,49
886,2021-12-28 10:43:50-05:00,1084.8,1084.474,1084.8,1084.474,2167,,1640706230000000000,1084.632914443932,67
887,2021-12-28 10:43:55-05:00,1084.91,1084.5983,1084.91,1084.5983,1827,,1640706235000000000,1084.805732676519,67
888,2021-12-28 10:44:00-05:00,1084.52,1084.495,1084.52,1084.37,714,,1640706240000000000,1084.5571642857135,55
889,2021-12-28 10:44:05-05:00,1084.13,1084.78,1084.78,1084.01,3056,,1640706245000000000,1084.3493621073294,93
890,2021-12-28 10:44:10-05:00,1084.3953,1084.4383,1084.5361,1084.3601,823,,1640706250000000000,1084.4901031591737,33
891,2021-12-28 10:44:15-05:00,1084.37,1083.75,1084.37,1083.75,4663,,1640706255000000000,1084.1881005575817,175
892,2021-12-28 10:44:20-05:00,1084.1499,1084.1499,1084.1499,1084.1499,497,,1640706260000000000,1084.0135631790745,42
893,2021-12-28 10:44:25-05:00,1084.11,1083.5001,1084.11,1083.5001,3011,,1640706265000000000,1083.8549410826963,101
894,2021-12-28 10:44:30-05:00,1083.75,1083.93,1083.93,1083.75,792,,1640706270000000000,1083.7125712121215,67
895,2021-12-28 10:44:35-05:00,1083.65,1083.605,1083.7,1083.1542,3516,,1640706275000000000,1083.3843189419797,78
896,2021-12-28 10:44:40-05:00,1083.46,1083.5966,1083.5966,1083.46,845,,1640706280000000000,1083.546123076923,52
897,2021-12-28 10:44:45-05:00,1083.37,1083.3201,1083.46,1082.7501,11608,,1640706285000000000,1083.1047880513438,297
898,2021-12-28 10:44:50-05:00,1083.62,1084.2947,1084.4999,1083.62,3952,,1640706290000000000,1083.7787253542504,190
899,2021-12-28 10:44:55-05:00,1084.04,1083.5201,1084.3317,1083.5201,1017,,1640706295000000000,1084.06378387414,63
900,2021-12-28 10:45:00-05:00,1083.955,1083.79,1083.955,1083.79,1009,,1640706300000000000,1083.8458728444,55
901,2021-12-28 10:45:05-05:00,1083.9318,1084.08,1084.08,1083.88,1309,,1640706305000000000,1083.9058310160426,80
902,2021-12-28 10:45:10-05:00,1084.13,1084.336,1084.452,1083.9101,3638,,1640706310000000000,1084.1551996701485,89
903,2021-12-28 10:45:15-05:00,1084.4899,1083.67,1084.4899,1083.6201,1756,,1640706315000000000,1083.9832634965835,67
904,2021-12-28 10:45:20-05:00,1083.82,1083.82,1083.82,1083.82,710,,1640706320000000000,1084.0117405633803,51
905,2021-12-28 10:45:25-05:00,1084.16,1084.26,1084.27,1083.81,2062,,1640706325000000000,1084.0914704655677,76
906,2021-12-28 10:45:30-05:00,1083.9173,1084.22,1084.2432,1083.9173,1728,,1640706330000000000,1084.0687004050926,59
907,2021-12-28 10:45:35-05:00,1084.045,1084.19,1084.28,1084.045,2180,,1640706335000000000,1084.1903552293575,82
908,2021-12-28 10:45:40-05:00,1084.19,1083.5698,1084.19,1083.35,5698,,1640706340000000000,1083.9193140400137,166
909,2021-12-28 10:45:45-05:00,1083.59,1083.8545,1083.8545,1083.59,1180,,1640706345000000000,1083.7065412711863,44
910,2021-12-28 10:45:50-05:00,1083.6028,1083.265,1083.6028,1083,3912,,1640706350000000000,1083.1981244631907,140
911,2021-12-28 10:45:55-05:00,1083.46,1083.21,1083.49,1083.01,3681,,1640706355000000000,1083.2335431676172,119
912,2021-12-28 10:46:00-05:00,1083.0645,1083.0987,1083.0987,1083.0645,1916,,1640706360000000000,1083.113702244259,47
913,2021-12-28 10:46:05-05:00,1083,1083,1083,1083,1741,,1640706365000000000,1083.1627523836876,80
914,2021-12-28 10:46:10-05:00,1083.2594,1082.96,1083.2594,1082.52,4573,,1640706370000000000,1082.8458158976603,171
915,2021-12-28 10:46:15-05:00,1082.8263,1082.2201,1082.8263,1082.22,5961,,1640706375000000000,1082.5003598221776,159
916,2021-12-28 10:46:20-05:00,1083,1083.65,1083.9899,1082.7865,6181,,1640706380000000000,1083.2760458340085,211
917,2021-12-28 10:46:25-05:00,1083.655,1083.9637,1084,1083.6301,2746,,1640706385000000000,1083.8197978150035,92
918,2021-12-28 10:46:30-05:00,1083.8025,1083.835,1084.12,1083.63,3218,,1640706390000000000,1083.836187849596,169
919,2021-12-28 10:46:35-05:00,1084.12,1084.27,1084.27,1084.065,2897,,1640706395000000000,1084.1545196064892,117
920,2021-12-28 10:46:40-05:00,1084.02,1084.53,1084.53,1083.9423,3734,,1640706400000000000,1084.3490562399572,117
921,2021-12-28 10:46:45-05:00,1084.76,1085.225,1085.269,1084.76,4991,,1640706405000000000,1085.056396413544,171
922,2021-12-28 10:46:50-05:00,1085.1137,1085.1914,1085.3411,1084.8,2569,,1640706410000000000,1085.1520303230827,70
923,2021-12-28 10:46:55-05:00,1085.1799,1085.776,1085.776,1085.1799,2449,,1640706415000000000,1085.33768881176,124
924,2021-12-28 10:47:00-05:00,1085.8135,1085.65,1085.8135,1085.33,3762,,1640706420000000000,1085.5827573896863,113
925,2021-12-28 10:47:05-05:00,1085.6358,1085.1501,1085.6799,1085.1201,2514,,1640706425000000000,1085.3772869132854,66
926,2021-12-28 10:47:10-05:00,1085.469,1085.525,1085.7599,1085.1667,1601,,1640706430000000000,1085.4681397876332,79
927,2021-12-28 10:47:15-05:00,1085.31,1084.8,1085.44,1084.8,4123,,1640706435000000000,1084.978953431967,144
928,2021-12-28 10:47:20-05:00,1084.85,1084.33,1084.85,1084.33,2750,,1640706440000000000,1084.4481394909094,64
929,2021-12-28 10:47:25-05:00,1084.1638,1084.75,1084.76,1084.1638,6382,,1640706445000000000,1084.4664597304923,107
930,2021-12-28 10:47:30-05:00,1084.7783,1085.13,1085.13,1084.7783,1661,,1640706450000000000,1085.0416704394947,75
931,2021-12-28 10:47:40-05:00,1085.53,1085.22,1085.53,1085.22,992,,1640706460000000000,1085.2828080645165,37
932,2021-12-28 10:47:45-05:00,1085.2767,1085.5,1085.74,1085.2767,2729,,1640706465000000000,1085.5431312568705,56
933,2021-12-28 10:47:50-05:00,1085.9,1086.0214,1086.05,1085.7,3746,,1640706470000000000,1085.9388818739985,145
934,2021-12-28 10:47:55-05:00,1085.872,1086.01,1086.0499,1085.6501,2414,,1640706475000000000,1085.960086164043,97
935,2021-12-28 10:48:00-05:00,1085.98,1086.3,1086.7,1085.8372,6425,,1640706480000000000,1086.2054425058361,211
936,2021-12-28 10:48:05-05:00,1086.4861,1086.6315,1086.88,1085.76,9950,,1640706485000000000,1086.4092659899495,257
937,2021-12-28 10:48:10-05:00,1086.78,1088.47,1088.7,1086.59,16193,,1640706490000000000,1087.6220477119746,507
938,2021-12-28 10:48:15-05:00,1088.7917,1089.24,1089.4999,1088.18,26684,,1640706495000000000,1088.659848437265,583
939,2021-12-28 10:48:20-05:00,1089.4135,1090.46,1090.46,1088.99,18998,,1640706500000000000,1089.6815836088026,476
940,2021-12-28 10:48:25-05:00,1090.325,1090.29,1090.5708,1090.1886,6692,,1640706505000000000,1090.3953348326359,153
941,2021-12-28 10:48:30-05:00,1090.3752,1090.6217,1090.89,1090.25,13166,,1640706510000000000,1090.5870667704687,286
942,2021-12-28 10:48:35-05:00,1090.13,1091.04,1091.05,1089.995,9217,,1640706515000000000,1090.437065248997,259
943,2021-12-28 10:48:40-05:00,1091.2,1091.5344,1092,1090.8051,11479,,1640706520000000000,1091.4400911054977,407
944,2021-12-28 10:48:45-05:00,1091.475,1092.06,1092.06,1091.07,7192,,1640706525000000000,1091.555159413237,265
945,2021-12-28 10:48:50-05:00,1092.065,1091.6447,1092.4,1091.6447,5601,,1640706530000000000,1092.0458036064986,144
946,2021-12-28 10:48:55-05:00,1091.68,1092,1092,1091.23,6919,,1640706535000000000,1091.6085497326205,251
947,2021-12-28 10:49:00-05:00,1091.7166,1091.7484,1092.4499,1091.4901,7586,,1640706540000000000,1091.896110058002,172
948,2021-12-28 10:49:05-05:00,1091.965,1091.94,1092.26,1091.31,5395,,1640706545000000000,1091.7400825949953,167
949,2021-12-28 10:49:10-05:00,1091.31,1090.4252,1091.6299,1090.3601,8188,,1640706550000000000,1090.97297055447,230
950,2021-12-28 10:49:15-05:00,1090.4167,1090.225,1090.9099,1090.0001,4718,,1640706555000000000,1090.4494136498517,170
951,2021-12-28 10:49:20-05:00,1090.0481,1090.8164,1090.8164,1090.0481,3458,,1640706560000000000,1090.44663114517,113
952,2021-12-28 10:49:25-05:00,1090.75,1090.76,1091,1090.75,5911,,1640706565000000000,1090.907538216884,145
953,2021-12-28 10:49:30-05:00,1090.76,1091.3716,1091.72,1090.76,3895,,1640706570000000000,1091.223859897305,102
954,2021-12-28 10:49:35-05:00,1091.292,1091.1037,1091.39,1090.76,2985,,1640706575000000000,1091.097729514238,85
955,2021-12-28 10:49:40-05:00,1090.89,1090.5168,1090.89,1090.29,3468,,1640706580000000000,1090.438425865052,96
956,2021-12-28 10:49:45-05:00,1090.5,1090.2967,1090.5,1090.11,2446,,1640706585000000000,1090.2600499664761,71
957,2021-12-28 10:49:50-05:00,1090.295,1090.0738,1090.295,1090.0738,2745,,1640706590000000000,1090.1882137340624,66
958,2021-12-28 10:49:55-05:00,1090.3,1090.345,1090.5,1090.118,1828,,1640706595000000000,1090.3133747811817,99
959,2021-12-28 10:50:00-05:00,1090.4,1090.32,1090.4,1090.32,1445,,1640706600000000000,1090.1974084429064,88
960,2021-12-28 10:50:05-05:00,1090.16,1090.34,1090.34,1090.0318,1884,,1640706605000000000,1090.104124309979,86
961,2021-12-28 10:50:10-05:00,1089.8,1090.41,1090.41,1089.0001,16226,,1640706610000000000,1089.6124234561803,399
962,2021-12-28 10:50:20-05:00,1090,1090.0001,1090.155,1090,1808,,1640706620000000000,1090.111004148229,79
963,2021-12-28 10:50:25-05:00,1090.21,1090.6601,1090.6601,1089.8,4980,,1640706625000000000,1090.3721259839358,207
964,2021-12-28 10:50:30-05:00,1091.34,1091.47,1091.4982,1090.925,4263,,1640706630000000000,1091.2368859019468,99
965,2021-12-28 10:50:35-05:00,1091.48,1091.3101,1091.6999,1091.22,4452,,1640706635000000000,1091.5415416666672,111
966,2021-12-28 10:50:40-05:00,1091.3518,1091.16,1091.6999,1091,2040,,1640706640000000000,1091.1911467647062,79
967,2021-12-28 10:50:45-05:00,1091.2713,1091.37,1091.49,1091.0542,3945,,1640706645000000000,1091.3353083396698,63
968,2021-12-28 10:50:50-05:00,1091.5205,1091.5488,1091.85,1091.51,3275,,1640706650000000000,1091.5917545038167,98
969,2021-12-28 10:50:55-05:00,1091.85,1091.49,1091.85,1091.2484,2337,,1640706655000000000,1091.509841934104,89
970,2021-12-28 10:51:00-05:00,1091.1086,1091.87,1091.87,1091.1086,3321,,1640706660000000000,1091.6196850647395,81
971,2021-12-28 10:51:05-05:00,1091.7934,1092.035,1092.28,1091.682,10038,,1640706665000000000,1091.9853079099419,241
972,2021-12-28 10:51:10-05:00,1092.27,1092.8132,1092.99,1092.17,7721,,1640706670000000000,1092.5111879549286,230
973,2021-12-28 10:51:15-05:00,1092.8,1092.3426,1092.8,1092.3426,4528,,1640706675000000000,1092.6780899293287,147
974,2021-12-28 10:51:20-05:00,1092.29,1092.4,1092.55,1092.28,2636,,1640706680000000000,1092.4179352807282,93
975,2021-12-28 10:51:25-05:00,1092.2809,1091.8,1092.2809,1091.8,3671,,1640706685000000000,1092.0189006810097,198
976,2021-12-28 10:51:30-05:00,1091.65,1091.075,1091.65,1090.78,4231,,1640706690000000000,1091.1264777121244,99
977,2021-12-28 10:51:35-05:00,1090.931,1090.8052,1091.0383,1090.74,2059,,1640706695000000000,1090.9639705682368,56
978,2021-12-28 10:51:40-05:00,1091,1090.6401,1091,1090.6401,2183,,1640706700000000000,1090.799268483738,54
979,2021-12-28 10:51:45-05:00,1091,1090.85,1091.15,1090.6238,3601,,1640706705000000000,1090.9917586226047,81
980,2021-12-28 10:51:50-05:00,1091.1145,1091.04,1091.1145,1091.04,1591,,1640706710000000000,1091.041039094909,51
981,2021-12-28 10:51:55-05:00,1090.772,1090.2815,1090.8899,1090.2815,2860,,1640706715000000000,1090.6637097552452,86
982,2021-12-28 10:52:00-05:00,1090.28,1090.59,1090.59,1090.1265,3367,,1640706720000000000,1090.333402999703,110
983,2021-12-28 10:52:05-05:00,1090.48,1090.4329,1090.55,1090.09,2273,,1640706725000000000,1090.2805296524414,64
984,2021-12-28 10:52:10-05:00,1090.1,1089.78,1090.245,1089.78,5402,,1640706730000000000,1090.0207284894489,162
985,2021-12-28 10:52:15-05:00,1090.0743,1090.595,1090.82,1090.0743,3355,,1640706735000000000,1090.5464941579733,107
986,2021-12-28 10:52:20-05:00,1090.57,1090.9399,1090.9399,1090.57,2073,,1640706740000000000,1090.5578196816205,71
987,2021-12-28 10:52:25-05:00,1090.355,1090.0725,1090.355,1090.0725,700,,1640706745000000000,1090.136288,28
988,2021-12-28 10:52:30-05:00,1089.85,1090.039,1090.07,1089.85,1749,,1640706750000000000,1089.9483064608348,70
989,2021-12-28 10:52:35-05:00,1089.5901,1089,1089.5901,1088.7086,5411,,1640706755000000000,1089.0237768065056,133
990,2021-12-28 10:52:40-05:00,1088.985,1088.99,1088.99,1088.985,1009,,1640706760000000000,1088.9561347869178,53
991,2021-12-28 10:52:45-05:00,1088.98,1088.8854,1089.055,1088.7426,2818,,1640706765000000000,1088.8903747693405,68
992,2021-12-28 10:52:50-05:00,1088.639,1088.88,1088.88,1088.639,895,,1640706770000000000,1088.763488603352,51
993,2021-12-28 10:52:55-05:00,1088.51,1088.925,1089.11,1088.51,5634,,1640706775000000000,1088.897254330848,106
994,2021-12-28 10:53:00-05:00,1088.74,1088.15,1088.74,1088.15,2007,,1640706780000000000,1088.5159391131042,63
995,2021-12-28 10:53:05-05:00,1088.386,1088.5101,1088.77,1088.2001,2900,,1640706785000000000,1088.4430493103443,70
996,2021-12-28 10:53:10-05:00,1088.9055,1088.73,1088.9055,1088.642,1284,,1640706790000000000,1088.7606309190032,53
997,2021-12-28 10:53:15-05:00,1088.8599,1088.8077,1088.8599,1088.6312,2441,,1640706795000000000,1088.7387786972554,31
998,2021-12-28 10:53:20-05:00,1088.9699,1089.045,1089.2507,1088.685,2603,,1640706800000000000,1088.9911654629275,87
999,2021-12-28 10:53:25-05:00,1088.994,1088.62,1088.994,1088.62,1668,,1640706805000000000,1088.8740092925664,66
1000,2021-12-28 10:53:30-05:00,1089,1089.2199,1089.2199,1088.7399,2089,,1640706810000000000,1088.8490554810915,76
1001,2021-12-28 10:53:35-05:00,1089.025,1088.9993,1089.025,1088.9993,449,,1640706815000000000,1088.9742387527842,33
1002,2021-12-28 10:53:40-05:00,1088.9,1089,1089,1088.9,942,,1640706820000000000,1088.944702866242,45
1003,2021-12-28 10:53:45-05:00,1089,1089.12,1089.12,1088.895,2972,,1640706825000000000,1088.9789364064598,71
1004,2021-12-28 10:53:50-05:00,1089.02,1088.63,1089.02,1088.49,1383,,1640706830000000000,1088.6895378886477,57
1005,2021-12-28 10:53:55-05:00,1088.3701,1088.3701,1088.3701,1088.3701,271,,1640706835000000000,1088.5852099630995,20
1006,2021-12-28 10:54:00-05:00,1088.44,1088.0101,1088.74,1088.0101,1895,,1640706840000000000,1088.4221062796832,69
1007,2021-12-28 10:54:05-05:00,1088.03,1087.36,1088.06,1087.0001,9113,,1640706845000000000,1087.6357128388022,303
1008,2021-12-28 10:54:10-05:00,1087.35,1088.4941,1088.52,1087.35,6678,,1640706850000000000,1088.2706043276428,218
1009,2021-12-28 10:54:15-05:00,1088.28,1088,1088.28,1088,2050,,1640706855000000000,1088.1876164390244,56
1010,2021-12-28 10:54:20-05:00,1088.27,1088.044,1088.27,1088,3184,,1640706860000000000,1088.1407744974865,95
1011,2021-12-28 10:54:25-05:00,1088.14,1087.745,1088.2599,1087.655,3374,,1640706865000000000,1088.0451871962064,78
1012,2021-12-28 10:54:30-05:00,1087.7455,1088.24,1088.2799,1087.7396,3740,,1640706870000000000,1088.0874989304812,107
1013,2021-12-28 10:54:35-05:00,1088.12,1088.16,1088.27,1088.12,625,,1640706875000000000,1088.1544504,40
1014,2021-12-28 10:54:40-05:00,1088.6299,1088.5616,1088.6299,1088.5616,1123,,1640706880000000000,1088.4935327693674,61
1015,2021-12-28 10:54:45-05:00,1088.2451,1088.48,1088.4832,1087.975,3683,,1640706885000000000,1088.2571285093672,103
1016,2021-12-28 10:54:50-05:00,1088.4458,1088.011,1088.4458,1088,1436,,1640706890000000000,1088.0909588440113,41
1017,2021-12-28 10:54:55-05:00,1088,1087.8,1088,1087.8,883,,1640706895000000000,1087.9750834654585,57
1018,2021-12-28 10:55:00-05:00,1087.35,1087.57,1087.57,1087.35,1123,,1640706900000000000,1087.4703511130901,67
1019,2021-12-28 10:55:05-05:00,1087.98,1088.12,1088.305,1087.98,2302,,1640706905000000000,1088.123212597741,66
1020,2021-12-28 10:55:10-05:00,1088.19,1089.4212,1089.65,1088.19,3590,,1640706910000000000,1088.9651826183842,139
1021,2021-12-28 10:55:15-05:00,1089.285,1089.1399,1089.562,1088.76,3587,,1640706915000000000,1089.2243312796206,86
1022,2021-12-28 10:55:20-05:00,1089.2451,1089.44,1089.44,1089.2451,1465,,1640706920000000000,1089.3074745392491,61
1023,2021-12-28 10:55:25-05:00,1089.12,1088.375,1089.1368,1088.375,1590,,1640706925000000000,1088.7484577358498,76
1024,2021-12-28 10:55:30-05:00,1088.7699,1088.6306,1088.7699,1088.6306,683,,1640706930000000000,1088.565942020498,40
1025,2021-12-28 10:55:35-05:00,1088.68,1088.75,1088.75,1088.34,2764,,1640706935000000000,1088.4329554269173,94
1026,2021-12-28 10:55:40-05:00,1088.3,1088.1,1088.3,1088.1,1497,,1640706940000000000,1088.3402364729463,67
1027,2021-12-28 10:55:45-05:00,1088.58,1088.16,1088.58,1088.16,1490,,1640706945000000000,1088.3536191275161,62
1028,2021-12-28 10:55:50-05:00,1088.02,1087.78,1088.02,1087.44,4545,,1640706950000000000,1087.8459590099008,91
1029,2021-12-28 10:55:55-05:00,1088.1899,1087.805,1088.1899,1087.805,539,,1640706955000000000,1087.987925974026,31
1030,2021-12-28 10:56:00-05:00,1087.99,1087.99,1087.99,1087.99,554,,1640706960000000000,1087.9468969314078,37
1031,2021-12-28 10:56:05-05:00,1088.19,1088.15,1088.2,1088.01,2132,,1640706965000000000,1088.1603351313324,71
1032,2021-12-28 10:56:10-05:00,1087.82,1088.17,1088.17,1087.43,6060,,1640706970000000000,1087.7351145874584,178
1033,2021-12-28 10:56:15-05:00,1088.2,1088.32,1088.35,1088.2,2053,,1640706975000000000,1088.2506371164147,83
1034,2021-12-28 10:56:20-05:00,1088.35,1088.65,1088.65,1088.15,3410,,1640706980000000000,1088.4460719648096,69
1035,2021-12-28 10:56:25-05:00,1088.9999,1088.5,1089.02,1088.5,3145,,1640706985000000000,1088.8274331319562,123
1036,2021-12-28 10:56:30-05:00,1088.8899,1088.5301,1088.8899,1088.5301,1195,,1640706990000000000,1088.705249121339,45
1037,2021-12-28 10:56:40-05:00,1088.5785,1088.5785,1088.5785,1088.5785,703,,1640707000000000000,1088.4989550497864,55
1038,2021-12-28 10:56:45-05:00,1088.06,1087.58,1088.06,1087.5001,2322,,1640707005000000000,1087.7475172265288,94
1039,2021-12-28 10:56:50-05:00,1087.9599,1087.516,1087.9599,1087.5001,1747,,1640707010000000000,1087.685064682312,51
1040,2021-12-28 10:56:55-05:00,1087.82,1087.325,1087.82,1087.131,2090,,1640707015000000000,1087.4389101913873,80
1041,2021-12-28 10:57:00-05:00,1087.03,1086.51,1087.555,1086.51,3102,,1640707020000000000,1086.9889998065776,138
1042,2021-12-28 10:57:05-05:00,1086.805,1086.54,1087,1086.5301,3123,,1640707025000000000,1086.7482094780655,66
1043,2021-12-28 10:57:10-05:00,1086.65,1086.53,1086.76,1086.53,1296,,1640707030000000000,1086.7177502314817,52
1044,2021-12-28 10:57:15-05:00,1086.6,1086.6,1086.6,1086.6,1267,,1640707035000000000,1086.6456924230465,71
1045,2021-12-28 10:57:20-05:00,1086.58,1086.58,1086.58,1086.58,631,,1640707040000000000,1086.6144752773373,45
1046,2021-12-28 10:57:25-05:00,1086.6,1086,1086.7528,1086,2649,,1640707045000000000,1086.1783613439036,140
1047,2021-12-28 10:57:30-05:00,1086.0671,1085.35,1086.0671,1085.35,2520,,1640707050000000000,1085.583370634921,113
1048,2021-12-28 10:57:35-05:00,1085.51,1085.2092,1085.57,1085,6970,,1640707055000000000,1085.1416446915332,244
1049,2021-12-28 10:57:40-05:00,1085.2653,1085.1327,1085.37,1084.95,4247,,1640707060000000000,1085.091971674123,157
1050,2021-12-28 10:57:45-05:00,1085.12,1085.6918,1086,1085,7066,,1640707065000000000,1085.4610187800733,174
1051,2021-12-28 10:57:50-05:00,1085.7853,1085.91,1086.1578,1085.7853,2385,,1640707070000000000,1085.9016996226417,49
1052,2021-12-28 10:57:55-05:00,1086.2,1085.882,1086.35,1085.882,1706,,1640707075000000000,1086.1466322977724,56
1053,2021-12-28 10:58:00-05:00,1086.26,1086.3199,1086.3199,1086.26,1001,,1640707080000000000,1086.2540977022977,43
1054,2021-12-28 10:58:05-05:00,1086.1063,1086.085,1086.1063,1086.085,1603,,1640707085000000000,1086.1096565814098,32
1055,2021-12-28 10:58:10-05:00,1086.34,1086.175,1086.34,1086.175,990,,1640707090000000000,1086.1921486868682,58
1056,2021-12-28 10:58:15-05:00,1085.93,1085.46,1085.93,1085.46,2224,,1640707095000000000,1085.6876068345325,58
1057,2021-12-28 10:58:20-05:00,1085.8208,1085.8208,1085.8208,1085.8208,293,,1640707100000000000,1085.736619795222,31
1058,2021-12-28 10:58:25-05:00,1085.8568,1085.61,1085.8568,1085.54,2184,,1640707105000000000,1085.582642994505,82
1059,2021-12-28 10:58:30-05:00,1085.52,1085.52,1085.52,1085.52,374,,1640707110000000000,1085.5861112299465,34
1060,2021-12-28 10:58:35-05:00,1085.7,1085.9837,1086,1085.54,2358,,1640707115000000000,1085.8310762510605,74
1061,2021-12-28 10:58:40-05:00,1085.81,1085.61,1085.81,1085.61,871,,1640707120000000000,1085.7517869115957,47
1062,2021-12-28 10:58:45-05:00,1085.65,1085.7211,1085.7211,1085.65,928,,1640707125000000000,1085.6154110991379,46
1063,2021-12-28 10:58:55-05:00,1085.54,1085.535,1085.54,1085.535,1569,,1640707135000000000,1085.5133020395162,89
1064,2021-12-28 10:59:00-05:00,1085.19,1085.36,1085.36,1084.4401,8802,,1640707140000000000,1084.7338804703481,270
1065,2021-12-28 10:59:05-05:00,1085.4065,1085.8499,1085.86,1085.4065,2193,,1640707145000000000,1085.739765389877,61
1066,2021-12-28 10:59:10-05:00,1085.8499,1085.5,1085.8499,1085.43,2092,,1640707150000000000,1085.6971637667302,52
1067,2021-12-28 10:59:15-05:00,1085.86,1086.775,1086.87,1085.86,9063,,1640707155000000000,1086.3576828423254,248
1068,2021-12-28 10:59:20-05:00,1086.9547,1086.9033,1087.3092,1086.9033,4773,,1640707160000000000,1087.0796878483134,111
1069,2021-12-28 10:59:25-05:00,1087.2696,1087.2696,1087.2696,1087.2696,1096,,1640707165000000000,1087.1947552007296,45
1070,2021-12-28 10:59:30-05:00,1086.85,1086.7445,1087.0899,1086.7445,1812,,1640707170000000000,1086.8023752207507,58
1071,2021-12-28 10:59:35-05:00,1086.686,1086.6434,1086.686,1086.6434,812,,1640707175000000000,1086.8436656403942,25
1072,2021-12-28 10:59:40-05:00,1086.34,1087.14,1087.14,1086.34,5078,,1640707180000000000,1086.6719337928323,149
1073,2021-12-28 10:59:45-05:00,1087.1,1087.2899,1087.3599,1086.99,1772,,1640707185000000000,1087.2197260722348,51
1074,2021-12-28 10:59:50-05:00,1086.92,1086.8149,1087.2599,1086.8149,626,,1640707190000000000,1086.958736900959,52
1075,2021-12-28 10:59:55-05:00,1087.36,1087.49,1087.49,1087.36,2066,,1640707195000000000,1087.3905062923527,76
1076,2021-12-28 11:00:00-05:00,1087.7,1087.03,1087.7,1087.03,1343,,1640707200000000000,1087.2959839910645,64
1077,2021-12-28 11:00:05-05:00,1087.16,1086.6,1087.16,1086.57,3730,,1640707205000000000,1086.813246380697,134
1078,2021-12-28 11:00:10-05:00,1086,1086.065,1086.065,1085.6794,1456,,1640707210000000000,1085.9527804945053,62
1079,2021-12-28 11:00:15-05:00,1085.83,1085.84,1085.84,1085.83,1182,,1640707215000000000,1085.8819707275802,26
1080,2021-12-28 11:00:20-05:00,1086.35,1086.35,1086.35,1086.35,287,,1640707220000000000,1086.226424738676,26
1081,2021-12-28 11:00:25-05:00,1086.0418,1086.255,1086.255,1086.0418,765,,1640707225000000000,1086.1752525490194,47
1082,2021-12-28 11:00:30-05:00,1086.5,1086.67,1086.8632,1086.5,2766,,1640707230000000000,1086.561157664497,88
1083,2021-12-28 11:00:35-05:00,1087.4,1087.4042,1087.67,1087.4,1465,,1640707235000000000,1087.5460446416378,77
1084,2021-12-28 11:00:40-05:00,1087.17,1087.45,1087.45,1087.0469,1078,,1640707240000000000,1087.2620678107605,42
1085,2021-12-28 11:00:45-05:00,1087.45,1087.84,1087.84,1087.45,1302,,1640707245000000000,1087.6475342549923,64
1086,2021-12-28 11:00:50-05:00,1087.84,1088.079,1088.31,1087.84,5448,,1640707250000000000,1087.9890204845813,215
1087,2021-12-28 11:00:55-05:00,1088.47,1089.12,1089.25,1087.8001,15247,,1640707255000000000,1088.723325198401,420
1088,2021-12-28 11:01:00-05:00,1089.37,1090.1791,1090.23,1088.41,13679,,1640707260000000000,1089.2007151107557,600
1089,2021-12-28 11:01:05-05:00,1090.2899,1089.67,1090.2999,1089.67,4424,,1640707265000000000,1089.933509312839,113
1090,2021-12-28 11:01:10-05:00,1090.11,1091.3153,1091.6699,1089.7278,12292,,1640707270000000000,1090.881437739994,417
1091,2021-12-28 11:01:15-05:00,1091.39,1091.6958,1091.6958,1090.84,6393,,1640707275000000000,1091.3210895197867,228
1092,2021-12-28 11:01:20-05:00,1091.37,1091,1091.5,1091,4222,,1640707280000000000,1091.2568076740883,98
1093,2021-12-28 11:01:25-05:00,1090.71,1090.6274,1090.941,1090.2501,4191,,1640707285000000000,1090.5925723932232,103
1094,2021-12-28 11:01:30-05:00,1090.7999,1090.97,1090.97,1090.5793,5143,,1640707290000000000,1090.7844826560372,86
1095,2021-12-28 11:01:35-05:00,1090.93,1090.9499,1091.2222,1090.93,3178,,1640707295000000000,1090.9601110446818,92
1096,2021-12-28 11:01:40-05:00,1090.5588,1090.7255,1090.84,1090.5588,2089,,1640707300000000000,1090.7757785543324,51
1097,2021-12-28 11:01:45-05:00,1090.58,1090.6,1090.6,1090.58,1382,,1640707305000000000,1090.6045039073801,82
1098,2021-12-28 11:01:50-05:00,1090.4091,1090.32,1090.72,1090.32,1912,,1640707310000000000,1090.5229530857737,86
1099,2021-12-28 11:01:55-05:00,1090.46,1090.0353,1090.46,1089.7701,4123,,1640707315000000000,1090.0206849866597,101
1100,2021-12-28 11:02:00-05:00,1090,1090.12,1090.4662,1090,2282,,1640707320000000000,1090.1177819018408,61
1101,2021-12-28 11:02:05-05:00,1089.97,1089.95,1090.48,1089.77,4841,,1640707325000000000,1090.0223531088614,139
1102,2021-12-28 11:02:10-05:00,1089.9899,1089.685,1089.9899,1089.685,576,,1640707330000000000,1089.833595138889,37
1103,2021-12-28 11:02:15-05:00,1089.685,1089.7117,1089.91,1089.685,1850,,1640707335000000000,1089.723510810811,51
1104,2021-12-28 11:02:20-05:00,1089.6279,1089.85,1089.94,1089.6279,970,,1640707340000000000,1089.7910565979382,40
1105,2021-12-28 11:02:25-05:00,1089.865,1089.6327,1089.865,1089.6327,2282,,1640707345000000000,1089.6997911042945,55
1106,2021-12-28 11:02:30-05:00,1089.64,1089.49,1089.64,1089.46,784,,1640707350000000000,1089.534069387755,42
1107,2021-12-28 11:02:35-05:00,1089.78,1089.7056,1090.09,1089.7056,3073,,1640707355000000000,1089.88586703547,97
1108,2021-12-28 11:02:40-05:00,1089.94,1090,1090,1089.94,1030,,1640707360000000000,1089.85366,48
1109,2021-12-28 11:02:45-05:00,1089.738,1089.25,1089.738,1089.24,2319,,1640707365000000000,1089.4398631737818,85
1110,2021-12-28 11:02:50-05:00,1089.2884,1089.1,1089.29,1089.1,1148,,1640707370000000000,1089.2688612369334,34
1111,2021-12-28 11:02:55-05:00,1089.23,1088.59,1089.23,1088.59,5492,,1640707375000000000,1088.849166824472,186
1112,2021-12-28 11:03:00-05:00,1088.445,1087.985,1088.46,1087.43,7987,,1640707380000000000,1088.0379277576067,187
1113,2021-12-28 11:03:05-05:00,1087.71,1088.09,1088.09,1087.71,1146,,1640707385000000000,1088.0003666666662,53
1114,2021-12-28 11:03:10-05:00,1087.86,1088.2999,1088.2999,1087.7,1084,,1640707390000000000,1087.920734501845,54
1115,2021-12-28 11:03:15-05:00,1088.4499,1088.22,1088.4499,1088.0006,1492,,1640707395000000000,1088.2733804959787,43
1116,2021-12-28 11:03:20-05:00,1088.6,1088.2946,1088.6,1088.2946,4298,,1640707400000000000,1088.4361989995339,114
1117,2021-12-28 11:03:25-05:00,1088.5282,1088.2,1088.54,1088.2,2118,,1640707405000000000,1088.3768888101981,76
1118,2021-12-28 11:03:30-05:00,1088.3,1088.3,1088.3,1088.3,522,,1640707410000000000,1088.2675681992341,50
1119,2021-12-28 11:03:35-05:00,1088.56,1088.54,1088.6,1088.54,1376,,1640707415000000000,1088.4749344476745,52
1120,2021-12-28 11:03:40-05:00,1088.6,1088.8201,1089.3458,1088.6,3122,,1640707420000000000,1088.8354372837925,100
1121,2021-12-28 11:03:45-05:00,1089.36,1089.2536,1089.5399,1089.229,4493,,1640707425000000000,1089.4190572446025,42
1122,2021-12-28 11:03:50-05:00,1089.0482,1089.0482,1089.0482,1089.0482,672,,1640707430000000000,1089.1775074404761,33
1123,2021-12-28 11:03:55-05:00,1089.04,1089.075,1089.075,1089,4049,,1640707435000000000,1089.0064068905906,102
1124,2021-12-28 11:04:00-05:00,1088.2304,1088.1723,1088.38,1088.13,4135,,1640707440000000000,1087.1725080773883,95
1125,2021-12-28 11:04:05-05:00,1088.5405,1088.3691,1088.59,1088.36,1567,,1640707445000000000,1088.4918835354183,69
1126,2021-12-28 11:04:10-05:00,1088.24,1088.37,1088.45,1088.19,2268,,1640707450000000000,1088.3150621252203,56
1127,2021-12-28 11:04:15-05:00,1088.57,1088.99,1088.99,1088.555,2523,,1640707455000000000,1088.7343422909237,101
1128,2021-12-28 11:04:20-05:00,1089.05,1089.4784,1089.67,1089.05,2157,,1640707460000000000,1089.4244898006489,67
1129,2021-12-28 11:04:25-05:00,1089.6599,1089.6599,1089.6599,1089.6599,1064,,1640707465000000000,1089.523640131579,42
1130,2021-12-28 11:04:30-05:00,1089.59,1089.2,1089.59,1089.2,1293,,1640707470000000000,1089.388518870843,41
1131,2021-12-28 11:04:35-05:00,1089.0301,1089.0301,1089.0301,1089.0301,2877,,1640707475000000000,1089.0758388946824,49
1132,2021-12-28 11:04:40-05:00,1089.51,1089.5211,1089.5211,1089.34,930,,1640707480000000000,1089.3840167741937,34
1133,2021-12-28 11:04:45-05:00,1089.1579,1089,1089.1579,1089,2461,,1640707485000000000,1089.0625454693213,71
1134,2021-12-28 11:04:55-05:00,1089.26,1088.935,1089.26,1088.935,1119,,1640707495000000000,1089.1438867739053,59
1135,2021-12-28 11:05:00-05:00,1088.9086,1089.28,1089.28,1088.885,1801,,1640707500000000000,1089.1342513048305,86
1136,2021-12-28 11:05:05-05:00,1088.9445,1088.75,1088.9445,1088.68,3070,,1640707505000000000,1088.871443941368,112
1137,2021-12-28 11:05:10-05:00,1089.11,1088.4501,1089.11,1088.4501,1385,,1640707510000000000,1088.6933023104693,29
1138,2021-12-28 11:05:15-05:00,1088.39,1088.6754,1088.68,1088.39,2072,,1640707515000000000,1088.5962010617757,81
1139,2021-12-28 11:05:25-05:00,1088.435,1088.435,1088.435,1088.435,840,,1640707525000000000,1088.4605002380952,38
1140,2021-12-28 11:05:30-05:00,1088.4798,1088.52,1088.64,1088.23,2433,,1640707530000000000,1088.4693517057126,71
1141,2021-12-28 11:05:35-05:00,1088.53,1088.37,1088.75,1088.37,2971,,1640707535000000000,1088.5979316391786,103
1142,2021-12-28 11:05:40-05:00,1088.2408,1089.38,1089.47,1088.2408,3866,,1640707540000000000,1088.8047590791514,138
1143,2021-12-28 11:05:45-05:00,1089.05,1089.2023,1089.2023,1089.05,934,,1640707545000000000,1089.2448496788008,45
1144,2021-12-28 11:05:50-05:00,1089.065,1088.93,1089.065,1088.9,2039,,1640707550000000000,1088.8641579205494,76
1145,2021-12-28 11:05:55-05:00,1088.555,1088.4,1088.6319,1088.25,2582,,1640707555000000000,1088.35795336948,100
1146,2021-12-28 11:06:00-05:00,1088.24,1087.9221,1088.4441,1087.7001,7405,,1640707560000000000,1088.09312729237,233
1147,2021-12-28 11:06:05-05:00,1087.7445,1086.6582,1087.789,1086.45,8316,,1640707565000000000,1087.186732178932,207
1148,2021-12-28 11:06:10-05:00,1086.6201,1087.22,1087.22,1086.62,6027,,1640707570000000000,1087.0472789115652,94
1149,2021-12-28 11:06:15-05:00,1087.72,1087.88,1087.955,1087.72,1646,,1640707575000000000,1087.7868549817742,52
1150,2021-12-28 11:06:20-05:00,1087.4782,1087.4782,1087.4782,1087.4782,308,,1640707580000000000,1087.5437285714283,23
1151,2021-12-28 11:06:25-05:00,1087.5,1087.4,1087.66,1087.24,2251,,1640707585000000000,1087.5776099511327,81
1152,2021-12-28 11:06:30-05:00,1087.695,1087.9699,1087.99,1087.695,1285,,1640707590000000000,1087.9310196108952,32
1153,2021-12-28 11:06:35-05:00,1087.43,1088.05,1088.3826,1087.43,3824,,1640707595000000000,1087.942597724896,86
1154,2021-12-28 11:06:40-05:00,1088.03,1088.3,1088.3,1088,1744,,1640707600000000000,1088.1074751720184,54
1155,2021-12-28 11:06:45-05:00,1088.0538,1088.175,1088.175,1088.0538,1037,,1640707605000000000,1088.2650705882352,54
1156,2021-12-28 11:06:50-05:00,1088.3899,1087.98,1088.3899,1087.9417,2521,,1640707610000000000,1088.013151289171,78
1157,2021-12-28 11:06:55-05:00,1088.04,1087.9316,1088.04,1087.9316,483,,1640707615000000000,1087.9905107660459,38
1158,2021-12-28 11:07:00-05:00,1087.9984,1088.134,1088.134,1087.9984,1166,,1640707620000000000,1088.0885421955402,57
1159,2021-12-28 11:07:05-05:00,1088.2633,1088.2506,1088.29,1088.2506,938,,1640707625000000000,1088.2730843283582,37
1160,2021-12-28 11:07:10-05:00,1088.07,1088,1088.07,1088,1894,,1640707630000000000,1088.0230580781424,100
1161,2021-12-28 11:07:15-05:00,1087,1087.04,1087.04,1086.7101,1654,,1640707635000000000,1086.9933726723095,77
1162,2021-12-28 11:07:20-05:00,1086.8668,1087.168,1087.36,1086.8668,1039,,1640707640000000000,1087.1943009624636,30
1163,2021-12-28 11:07:25-05:00,1087.0856,1086.81,1087.0856,1086.81,765,,1640707645000000000,1087.0986569934641,43
1164,2021-12-28 11:07:30-05:00,1087.315,1087.14,1087.315,1087.14,979,,1640707650000000000,1087.2290639427988,34
1165,2021-12-28 11:07:35-05:00,1087.315,1087.18,1087.52,1087.18,905,,1640707655000000000,1087.3850002209945,49
1166,2021-12-28 11:07:40-05:00,1087.366,1087.4881,1087.53,1087.366,5106,,1640707660000000000,1087.409001331766,61
1167,2021-12-28 11:07:45-05:00,1087.15,1086.24,1087.36,1086.24,3372,,1640707665000000000,1086.7892142052197,137
1168,2021-12-28 11:07:50-05:00,1086.324,1086.03,1086.5299,1085.831,6108,,1640707670000000000,1086.044711165683,208
1169,2021-12-28 11:07:55-05:00,1086.02,1086.455,1086.455,1085.6,8018,,1640707675000000000,1085.8522249314053,142
1170,2021-12-28 11:08:00-05:00,1086.67,1086.866,1087.19,1086.2765,3386,,1640707680000000000,1086.8027505316009,104
1171,2021-12-28 11:08:05-05:00,1086.9853,1086.88,1086.9853,1086.88,1155,,1640707685000000000,1087.0242020779226,45
1172,2021-12-28 11:08:10-05:00,1087.47,1087.5219,1087.5364,1087.15,2406,,1640707690000000000,1087.2717825020784,72
1173,2021-12-28 11:08:15-05:00,1087.2837,1087.4684,1087.4684,1087.2837,786,,1640707695000000000,1087.2379254452926,30
1174,2021-12-28 11:08:20-05:00,1087.42,1087.6707,1087.72,1087.42,1899,,1640707700000000000,1087.5391884676142,70
1175,2021-12-28 11:08:25-05:00,1087.3381,1087.3381,1087.3381,1087.3381,935,,1640707705000000000,1087.4572064171125,46
1176,2021-12-28 11:08:30-05:00,1087.5,1086.84,1087.5,1086.84,2509,,1640707710000000000,1087.0867653248304,78
1177,2021-12-28 11:08:35-05:00,1087,1086.8501,1087,1086.8501,1037,,1640707715000000000,1087.0834632594024,56
1178,2021-12-28 11:08:40-05:00,1087.6582,1087.7,1087.7,1087.44,1439,,1640707720000000000,1087.5691056289088,59
1179,2021-12-28 11:08:45-05:00,1087.7607,1087.84,1087.84,1087.7607,597,,1640707725000000000,1087.7452790619766,24
1180,2021-12-28 11:08:50-05:00,1087.565,1087.7024,1087.7024,1087.5,3004,,1640707730000000000,1087.5657543941418,52
1181,2021-12-28 11:08:55-05:00,1087.66,1087.5215,1087.66,1087.5215,831,,1640707735000000000,1087.678885198556,43
1182,2021-12-28 11:09:00-05:00,1087.62,1087.715,1087.9599,1087.62,1110,,1640707740000000000,1087.6552887387386,62
1183,2021-12-28 11:09:05-05:00,1087.89,1087.89,1087.89,1087.89,540,,1640707745000000000,1087.837212592593,39
1184,2021-12-28 11:09:10-05:00,1087.725,1087.88,1087.88,1087.725,837,,1640707750000000000,1087.8074792114694,33
1185,2021-12-28 11:09:15-05:00,1087.72,1087.125,1087.72,1087.125,1747,,1640707755000000000,1087.490163766457,79
1186,2021-12-28 11:09:20-05:00,1086.84,1086.885,1087,1086.84,1922,,1640707760000000000,1086.8784478668053,49
1187,2021-12-28 11:09:25-05:00,1086.5,1086.5,1086.5,1086.5,670,,1640707765000000000,1086.6720823880596,45
1188,2021-12-28 11:09:30-05:00,1086.535,1086.535,1086.535,1086.535,1109,,1640707770000000000,1086.5485790802525,55
1189,2021-12-28 11:09:35-05:00,1086.26,1086.18,1086.69,1086.18,4137,,1640707775000000000,1086.3007544597533,146
1190,2021-12-28 11:09:40-05:00,1086.36,1085.49,1086.47,1085.45,5112,,1640707780000000000,1085.9764967918634,271
1191,2021-12-28 11:09:45-05:00,1085.35,1084.71,1085.35,1084.5601,13771,,1640707785000000000,1084.9395391620071,520
1192,2021-12-28 11:09:50-05:00,1084.715,1084.6924,1084.99,1084.43,3692,,1640707790000000000,1084.926237811485,123
1193,2021-12-28 11:09:55-05:00,1084.3555,1084.0653,1084.45,1083.8,6144,,1640707795000000000,1084.0613260091138,265
1194,2021-12-28 11:10:00-05:00,1084.0101,1083.8804,1084.21,1083.8804,3281,,1640707800000000000,1083.9582004266986,170
1195,2021-12-28 11:10:05-05:00,1083.64,1083.685,1083.98,1083.55,4583,,1640707805000000000,1083.6934746236093,145
1196,2021-12-28 11:10:10-05:00,1083.97,1084.94,1085.4899,1083.97,9132,,1640707810000000000,1084.4506017630308,203
1197,2021-12-28 11:10:15-05:00,1085.38,1085.2599,1085.38,1084.54,2413,,1640707815000000000,1085.0193956485705,67
1198,2021-12-28 11:10:20-05:00,1084.965,1084.9166,1085,1084.9166,1800,,1640707820000000000,1084.9651735555553,54
1199,2021-12-28 11:10:25-05:00,1084.74,1085,1085,1084.46,2615,,1640707825000000000,1084.7799878776289,122
1200,2021-12-28 11:10:30-05:00,1084.67,1084.13,1084.67,1084.13,2164,,1640707830000000000,1084.3727262939005,76
1201,2021-12-28 11:10:35-05:00,1084.372,1084.75,1084.75,1084.3649,2274,,1640707835000000000,1084.6125891380825,89
1202,2021-12-28 11:10:40-05:00,1084.5536,1084.48,1084.75,1084.28,2993,,1640707840000000000,1084.6527863347808,84
1203,2021-12-28 11:10:45-05:00,1084.48,1084.4511,1084.565,1084.34,1885,,1640707845000000000,1084.4925261538458,66
1204,2021-12-28 11:10:50-05:00,1084.27,1084.22,1084.355,1084.22,874,,1640707850000000000,1084.361560640732,42
1205,2021-12-28 11:10:55-05:00,1084.6299,1084.6299,1084.6299,1084.6299,732,,1640707855000000000,1084.4351591530058,67
1206,2021-12-28 11:11:00-05:00,1084.68,1085.64,1085.64,1084.6762,3729,,1640707860000000000,1084.8763923572003,146
1207,2021-12-28 11:11:05-05:00,1085.353,1085.52,1085.9999,1085.353,3334,,1640707865000000000,1085.6893093881224,66
1208,2021-12-28 11:11:10-05:00,1085.385,1085.52,1085.52,1085.385,988,,1640707870000000000,1085.565348279352,45
1209,2021-12-28 11:11:15-05:00,1085.7599,1085.27,1085.7599,1085.27,978,,1640707875000000000,1085.467711656442,71
1210,2021-12-28 11:11:25-05:00,1085.27,1085.04,1085.27,1085.04,826,,1640707885000000000,1085.2034469733658,43
1211,2021-12-28 11:11:30-05:00,1085.28,1085.3,1085.6184,1085.28,2489,,1640707890000000000,1085.3891907995178,50
1212,2021-12-28 11:11:35-05:00,1085.6319,1085.66,1085.66,1085.2403,1171,,1640707895000000000,1085.5242929974381,57
1213,2021-12-28 11:11:40-05:00,1085.4002,1085.4002,1085.4002,1085.4002,1096,,1640707900000000000,1085.2640275547446,69
1214,2021-12-28 11:11:45-05:00,1085.02,1084.75,1085.02,1084.58,4126,,1640707905000000000,1084.8575578768784,137
1215,2021-12-28 11:11:50-05:00,1084.75,1084.75,1084.75,1084.75,1355,,1640707910000000000,1084.753404280443,50
1216,2021-12-28 11:11:55-05:00,1084.9,1084.69,1084.9,1084.69,1003,,1640707915000000000,1084.847588135593,48
1217,2021-12-28 11:12:00-05:00,1084.8799,1084.8799,1084.8799,1084.8799,392,,1640707920000000000,1084.7862841836736,35
1218,2021-12-28 11:12:05-05:00,1084.6316,1084.75,1084.75,1084.6316,885,,1640707925000000000,1084.7169541242934,54
1219,2021-12-28 11:12:10-05:00,1084.6001,1084.9,1084.9,1084.6001,2399,,1640707930000000000,1084.8170960817008,99
1220,2021-12-28 11:12:15-05:00,1084.9,1085.84,1086,1084.9,4371,,1640707935000000000,1085.4314893617027,157
1221,2021-12-28 11:12:20-05:00,1085.59,1085.55,1085.59,1085.55,1345,,1640707940000000000,1085.614739107807,56
1222,2021-12-28 11:12:25-05:00,1085.31,1085.82,1085.82,1085.31,449,,1640707945000000000,1085.553139198218,27
1223,2021-12-28 11:12:30-05:00,1085.5836,1085.4762,1085.78,1085.4762,1472,,1640707950000000000,1085.5638617527175,41
1224,2021-12-28 11:12:40-05:00,1085.53,1085.3763,1085.53,1085.3763,2121,,1640707960000000000,1085.4981112211221,78
1225,2021-12-28 11:12:45-05:00,1085,1085,1085,1085,1041,,1640707965000000000,1085.188660326609,47
1226,2021-12-28 11:12:55-05:00,1085.3784,1085.3087,1085.5399,1085.3087,814,,1640707975000000000,1085.4033856265355,34
1227,2021-12-28 11:13:00-05:00,1085.04,1085.2731,1085.2731,1085.04,862,,1640707980000000000,1085.2313510440838,39
1228,2021-12-28 11:13:05-05:00,1085.04,1085,1085.39,1085,1456,,1640707985000000000,1085.0546572115384,72
1229,2021-12-28 11:13:10-05:00,1084.86,1084.81,1084.86,1084.69,1753,,1640707990000000000,1084.795293268682,51
1230,2021-12-28 11:13:15-05:00,1084.7424,1084.9659,1084.9659,1084.7424,556,,1640707995000000000,1084.8224404676257,29
1231,2021-12-28 11:13:20-05:00,1085.15,1085.1399,1085.15,1084.665,2456,,1640708000000000000,1084.972226180782,79
1232,2021-12-28 11:13:25-05:00,1084.845,1084.845,1084.845,1084.845,460,,1640708005000000000,1084.8725417391304,42
1233,2021-12-28 11:13:30-05:00,1084.7,1084.55,1084.7,1084.55,1280,,1640708010000000000,1084.7104218750003,63
1234,2021-12-28 11:13:35-05:00,1084.64,1084.6201,1084.7836,1084.6201,1625,,1640708015000000000,1084.741798338461,26
1235,2021-12-28 11:13:40-05:00,1084.8118,1084.8299,1084.8299,1084.8118,332,,1640708020000000000,1084.8020469879516,33
1236,2021-12-28 11:13:45-05:00,1084.6301,1084.5,1084.6301,1084.5,986,,1640708025000000000,1084.634103651116,58
1237,2021-12-28 11:13:50-05:00,1084.5,1084.33,1084.56,1084.21,3327,,1640708030000000000,1084.4438560264496,110
1238,2021-12-28 11:13:55-05:00,1084.76,1084.5131,1084.91,1084.5131,1490,,1640708035000000000,1084.7305483221471,79
1239,2021-12-28 11:14:00-05:00,1084.79,1085.3,1085.5311,1084.79,6585,,1640708040000000000,1085.0162553530758,208
1240,2021-12-28 11:14:05-05:00,1084.87,1084.69,1084.87,1084.69,3175,,1640708045000000000,1084.8812596220473,142
1241,2021-12-28 11:14:10-05:00,1085.03,1085.03,1085.03,1085.03,589,,1640708050000000000,1085.0325920203736,44
1242,2021-12-28 11:14:15-05:00,1084.8101,1085.1277,1085.1277,1084.8101,460,,1640708055000000000,1084.9971780434782,22
1243,2021-12-28 11:14:20-05:00,1085.12,1085.13,1085.13,1085.12,250,,1640708060000000000,1085.1113216000003,25
1244,2021-12-28 11:14:25-05:00,1085.01,1084.36,1085.01,1084.36,1636,,1640708065000000000,1084.7299852078236,58
1245,2021-12-28 11:14:35-05:00,1084.5111,1084.51,1084.87,1084.51,2528,,1640708075000000000,1084.5861581091772,102
1246,2021-12-28 11:14:40-05:00,1084.17,1082.7601,1084.35,1082.6201,23778,,1640708080000000000,1083.4357322861492,661
1247,2021-12-28 11:14:45-05:00,1082.79,1083.15,1083.15,1082.78,2831,,1640708085000000000,1082.960518191452,88
1248,2021-12-28 11:14:50-05:00,1083.24,1083.3,1083.55,1083.19,4393,,1640708090000000000,1083.2852269064417,129
1249,2021-12-28 11:14:55-05:00,1083.2589,1083.01,1083.2773,1083.01,2470,,1640708095000000000,1083.1068932388662,56
1250,2021-12-28 11:15:00-05:00,1082.9,1083.16,1083.32,1082.89,5645,,1640708100000000000,1083.1884398759964,189
1251,2021-12-28 11:15:05-05:00,1083.47,1083.49,1083.64,1083.36,1125,,1640708105000000000,1083.4684499555556,47
1252,2021-12-28 11:15:10-05:00,1083.6399,1083.26,1083.6399,1083.26,2360,,1640708110000000000,1083.3776183474572,111
1253,2021-12-28 11:15:15-05:00,1083.13,1084.59,1084.7599,1083.056,8231,,1640708115000000000,1083.7269253310658,260
1254,2021-12-28 11:15:20-05:00,1084.425,1084.5999,1084.6199,1084.218,1526,,1640708120000000000,1084.3991003276542,41
1255,2021-12-28 11:15:25-05:00,1084.075,1084.12,1084.2735,1083.75,3350,,1640708125000000000,1084.011575731343,65
1256,2021-12-28 11:15:30-05:00,1083.65,1083.64,1083.65,1083.6342,1775,,1640708130000000000,1083.799653915493,58
1257,2021-12-28 11:15:40-05:00,1083.4252,1083.4252,1083.4252,1083.4252,383,,1640708140000000000,1083.5647501305484,28
1258,2021-12-28 11:15:45-05:00,1083.96,1083.47,1083.96,1083.47,957,,1640708145000000000,1083.7146428422152,45
1259,2021-12-28 11:15:50-05:00,1083.63,1083.52,1083.63,1083.47,990,,1640708150000000000,1083.5291693939394,31
1260,2021-12-28 11:15:55-05:00,1083.3,1083.77,1083.77,1083.1,6297,,1640708155000000000,1083.474947419406,191
1261,2021-12-28 11:16:00-05:00,1084.11,1084.7577,1084.7577,1084.11,4481,,1640708160000000000,1084.488976478465,134
1262,2021-12-28 11:16:05-05:00,1084.1901,1084.2973,1084.405,1084.11,2814,,1640708165000000000,1084.2493447405834,76
1263,2021-12-28 11:16:10-05:00,1083.7401,1084.2899,1084.2899,1083.7401,672,,1640708170000000000,1084.158933928571,42
1264,2021-12-28 11:16:15-05:00,1083.75,1083.66,1083.97,1083.66,2782,,1640708175000000000,1083.8988240474478,98
1265,2021-12-28 11:16:20-05:00,1083.67,1083.69,1083.69,1083.67,1540,,1640708180000000000,1083.7174808441562,60
1266,2021-12-28 11:16:25-05:00,1084.0705,1084.63,1084.68,1084.0705,1501,,1640708185000000000,1084.4948493004663,69
1267,2021-12-28 11:16:30-05:00,1084.1447,1084.42,1084.42,1084.1447,2006,,1640708190000000000,1084.2076743270193,41
1268,2021-12-28 11:16:35-05:00,1084.64,1085.6,1085.6,1084.48,12265,,1640708195000000000,1084.9648336730536,219
1269,2021-12-28 11:16:40-05:00,1085.195,1085.1668,1085.21,1084.98,3163,,1640708200000000000,1085.106861871641,82
1270,2021-12-28 11:16:45-05:00,1085.01,1084.685,1085.01,1084.685,1620,,1640708205000000000,1084.8065869753082,36
1271,2021-12-28 11:16:50-05:00,1084.89,1084.6006,1084.89,1084.6006,1160,,1640708210000000000,1084.7519849999999,45
1272,2021-12-28 11:16:55-05:00,1084.6297,1085.13,1085.13,1084.61,3086,,1640708215000000000,1084.8391754374584,123
1273,2021-12-28 11:17:00-05:00,1084.93,1084.58,1084.9587,1084.58,1625,,1640708220000000000,1084.8847583999998,60
1274,2021-12-28 11:17:05-05:00,1084.87,1084.82,1085.2299,1084.5603,1553,,1640708225000000000,1084.8298461687061,53
1275,2021-12-28 11:17:10-05:00,1084.79,1084,1084.79,1084,4686,,1640708230000000000,1084.3944594536913,170
1276,2021-12-28 11:17:15-05:00,1084,1083.5601,1084,1083.56,2632,,1640708235000000000,1083.6837406534955,67
1277,2021-12-28 11:17:20-05:00,1083.95,1083.54,1084.2209,1083.54,4114,,1640708240000000000,1083.8796768838113,110
1278,2021-12-28 11:17:25-05:00,1083.93,1084.17,1084.17,1083.93,1264,,1640708245000000000,1083.9401662974683,68
1279,2021-12-28 11:17:30-05:00,1084.12,1083.7826,1084.4609,1083.75,2042,,1640708250000000000,1084.0411322722819,69
1280,2021-12-28 11:17:35-05:00,1083.71,1083.88,1083.88,1083.6641,1353,,1640708255000000000,1083.8161544715445,56
1281,2021-12-28 11:17:40-05:00,1083.72,1082.8623,1083.72,1082.77,11111,,1640708260000000000,1083.1193269462688,233
1282,2021-12-28 11:17:45-05:00,1083.0486,1083.325,1083.4,1083.0486,3540,,1640708265000000000,1083.2790440677966,72
1283,2021-12-28 11:17:50-05:00,1083.4599,1083.37,1083.66,1083.35,3701,,1640708270000000000,1083.4886884085383,104
1284,2021-12-28 11:17:55-05:00,1083.59,1083.33,1083.59,1083.33,1388,,1640708275000000000,1083.3934008645533,47
1285,2021-12-28 11:18:00-05:00,1083.59,1083.66,1083.66,1083.59,973,,1640708280000000000,1083.6178097636175,45
1286,2021-12-28 11:18:05-05:00,1083.785,1083.908,1083.94,1083.785,475,,1640708285000000000,1083.8515208421052,34
1287,2021-12-28 11:18:10-05:00,1083.83,1083.83,1083.83,1083.83,657,,1640708290000000000,1083.7984645357687,58
1288,2021-12-28 11:18:15-05:00,1083.86,1084.619,1084.9469,1083.86,10291,,1640708295000000000,1084.3924792537168,221
1289,2021-12-28 11:18:20-05:00,1084.35,1083.92,1084.35,1083.92,4330,,1640708300000000000,1084.0274472055428,80
1290,2021-12-28 11:18:25-05:00,1083.955,1083.76,1083.955,1083.76,2543,,1640708305000000000,1083.8306406999607,83
1291,2021-12-28 11:18:30-05:00,1083.68,1083.45,1083.697,1083.45,4131,,1640708310000000000,1083.580727814089,118
1292,2021-12-28 11:18:35-05:00,1083.28,1083.41,1083.41,1083.19,1124,,1640708315000000000,1083.289158629893,61
1293,2021-12-28 11:18:40-05:00,1083.2801,1083.5049,1083.5049,1083.2801,815,,1640708320000000000,1083.4636687116567,50
1294,2021-12-28 11:18:45-05:00,1083.1426,1083.65,1083.65,1083.131,2205,,1640708325000000000,1083.5278146485264,70
1295,2021-12-28 11:18:50-05:00,1083.47,1083.27,1083.49,1083.27,2583,,1640708330000000000,1083.3484936895084,62
1296,2021-12-28 11:18:55-05:00,1082.7701,1082.77,1082.7701,1082.77,1037,,1640708335000000000,1082.9375273866926,72
1297,2021-12-28 11:19:00-05:00,1083.26,1083.26,1083.26,1083.26,1195,,1640708340000000000,1083.0964892050206,69
1298,2021-12-28 11:19:05-05:00,1082.9097,1083.23,1083.24,1082.9097,1615,,1640708345000000000,1083.1588136842101,76
1299,2021-12-28 11:19:10-05:00,1083.3,1083.385,1083.4099,1083.3,2457,,1640708350000000000,1083.384034961335,89
1300,2021-12-28 11:19:15-05:00,1083.35,1083.35,1083.35,1083.35,513,,1640708355000000000,1083.4131912280702,43
1301,2021-12-28 11:19:20-05:00,1083.3236,1083.43,1083.43,1083.3236,434,,1640708360000000000,1083.4001663594472,31
1302,2021-12-28 11:19:25-05:00,1083.2966,1083.6167,1083.66,1083.06,2602,,1640708365000000000,1083.4358745196005,102
1303,2021-12-28 11:19:30-05:00,1083.4101,1083.8599,1083.8599,1083.4101,1560,,1640708370000000000,1083.5300326282054,79
1304,2021-12-28 11:19:35-05:00,1083.75,1083.625,1083.75,1083.45,1136,,1640708375000000000,1083.5986091549296,58
1305,2021-12-28 11:19:40-05:00,1083.615,1083.454,1083.78,1083.454,996,,1640708380000000000,1083.5896081325297,30
1306,2021-12-28 11:19:45-05:00,1083.788,1083.5,1083.788,1083.5,1804,,1640708385000000000,1083.6163338137474,64
1307,2021-12-28 11:19:50-05:00,1083.6364,1083.6364,1083.6364,1083.6364,473,,1640708390000000000,1083.6569887949263,37
1308,2021-12-28 11:19:55-05:00,1083.51,1083.62,1083.62,1083.51,672,,1640708395000000000,1083.7639919642857,34
1309,2021-12-28 11:20:00-05:00,1083.76,1083.49,1084.05,1083.49,6195,,1640708400000000000,1083.766190766747,268
1310,2021-12-28 11:20:05-05:00,1083.5,1084.1,1084.1,1083.17,3437,,1640708405000000000,1083.4868207157397,107
1311,2021-12-28 11:20:10-05:00,1084.0999,1083.7601,1084.0999,1083.7601,1112,,1640708410000000000,1084.0646089928055,59
1312,2021-12-28 11:20:15-05:00,1083.88,1083.89,1083.89,1083.88,1070,,1640708415000000000,1083.9000862616817,75
1313,2021-12-28 11:20:20-05:00,1084.07,1084.44,1084.44,1084.07,1424,,1640708420000000000,1084.3665438202252,58
1314,2021-12-28 11:20:25-05:00,1084.59,1084.75,1084.75,1084.2775,3377,,1640708425000000000,1084.531832928635,77
1315,2021-12-28 11:20:30-05:00,1084.84,1085.45,1085.7499,1084.84,5952,,1640708430000000000,1085.4327236895156,208
1316,2021-12-28 11:20:35-05:00,1085.56,1084.7877,1085.56,1084.49,2813,,1640708435000000000,1084.922523995734,86
1317,2021-12-28 11:20:40-05:00,1085.0909,1084.65,1085.0909,1084.65,2545,,1640708440000000000,1084.9023805500979,53
1318,2021-12-28 11:20:45-05:00,1084.9166,1084.9166,1084.9166,1084.9166,551,,1640708445000000000,1084.9815693284932,39
1319,2021-12-28 11:20:50-05:00,1085,1084.8601,1085.26,1084.8601,1233,,1640708450000000000,1085.1299862935925,48
1320,2021-12-28 11:20:55-05:00,1084.9666,1085.07,1085.07,1084.9,2263,,1640708455000000000,1085.0204402121074,49
1321,2021-12-28 11:21:00-05:00,1085.22,1085.27,1085.27,1085.04,3624,,1640708460000000000,1085.2378788079468,61
1322,2021-12-28 11:21:05-05:00,1085.254,1085.9499,1085.9499,1085.01,4525,,1640708465000000000,1085.5255479779012,163
1323,2021-12-28 11:21:10-05:00,1085.625,1086.77,1086.77,1085.625,9465,,1640708470000000000,1086.2063796830435,249
1324,2021-12-28 11:21:15-05:00,1086.4765,1086.64,1086.78,1086.36,3541,,1640708475000000000,1086.5810819824908,116
1325,2021-12-28 11:21:20-05:00,1086.64,1086.7,1086.89,1086.49,1581,,1640708480000000000,1086.7685734345353,55
1326,2021-12-28 11:21:25-05:00,1086.765,1086.5716,1086.765,1086.15,4795,,1640708485000000000,1086.3993312408752,132
1327,2021-12-28 11:21:30-05:00,1086.575,1086.575,1086.575,1086.575,658,,1640708490000000000,1086.6689188449845,54
1328,2021-12-28 11:21:35-05:00,1086.25,1085.91,1086.25,1085.91,7166,,1640708495000000000,1086.1396172760249,167
1329,2021-12-28 11:21:40-05:00,1086.095,1086.35,1086.37,1085.7801,3028,,1640708500000000000,1086.2640608652578,70
1330,2021-12-28 11:21:45-05:00,1086.37,1085.962,1086.37,1085.962,2514,,1640708505000000000,1086.1244665075576,95
1331,2021-12-28 11:21:50-05:00,1086.245,1086.51,1086.51,1086.245,2325,,1640708510000000000,1086.438506709678,99
1332,2021-12-28 11:21:55-05:00,1086.5814,1086.8057,1086.8057,1086.42,813,,1640708515000000000,1086.6324876998774,39
1333,2021-12-28 11:22:00-05:00,1086.9899,1086.98,1087.14,1086.83,11715,,1640708520000000000,1086.9756127102012,299
1334,2021-12-28 11:22:05-05:00,1086.7944,1086.85,1086.945,1086.7944,1022,,1640708525000000000,1086.9565075342464,47
1335,2021-12-28 11:22:10-05:00,1086.93,1086.76,1087.12,1086.6,2964,,1640708530000000000,1086.7667424763833,70
1336,2021-12-28 11:22:15-05:00,1086.5938,1086.265,1086.5938,1086.0601,6276,,1640708535000000000,1086.3798418419385,195
1337,2021-12-28 11:22:20-05:00,1086.77,1086.42,1086.77,1086.42,1094,,1640708540000000000,1086.4056615173677,62
1338,2021-12-28 11:22:25-05:00,1085.75,1085.545,1085.75,1085.3501,971,,1640708545000000000,1085.5963168898043,67
1339,2021-12-28 11:22:30-05:00,1085.5961,1085.52,1085.5961,1085.52,3531,,1640708550000000000,1085.5417818748233,164
1340,2021-12-28 11:22:35-05:00,1085.355,1084.63,1085.355,1084.63,2313,,1640708555000000000,1085.0830509727623,99
1341,2021-12-28 11:22:40-05:00,1084.866,1085.61,1085.61,1084.8596,2731,,1640708560000000000,1085.083796667887,74
1342,2021-12-28 11:22:45-05:00,1085.19,1085.19,1085.19,1085.19,928,,1640708565000000000,1085.1978772629311,43
1343,2021-12-28 11:22:50-05:00,1085.0476,1085.0476,1085.0476,1085.0476,348,,1640708570000000000,1084.9723793103449,28
1344,2021-12-28 11:22:55-05:00,1085.03,1084.9,1085.1299,1084.9,1017,,1640708575000000000,1085.0008920353978,46
1345,2021-12-28 11:23:00-05:00,1085.31,1084.8087,1085.31,1084.8087,3266,,1640708580000000000,1085.098214329455,117
1346,2021-12-28 11:23:05-05:00,1085.08,1084.69,1085.08,1084.69,1113,,1640708585000000000,1084.8711184186882,57
1347,2021-12-28 11:23:10-05:00,1085.15,1085.2923,1085.2923,1085.15,2184,,1640708590000000000,1085.2069919413923,116
1348,2021-12-28 11:23:15-05:00,1085.13,1085.135,1085.29,1085.13,1563,,1640708595000000000,1085.1638373640435,38
1349,2021-12-28 11:23:20-05:00,1085.1459,1085.1459,1085.1459,1085.1459,381,,1640708600000000000,1085.2174958005248,26
1350,2021-12-28 11:23:25-05:00,1085.42,1085.7099,1085.7099,1085.42,412,,1640708605000000000,1085.4714905339808,30
1351,2021-12-28 11:23:30-05:00,1085.54,1085.466,1085.69,1085.466,688,,1640708610000000000,1085.577310755814,36
1352,2021-12-28 11:23:35-05:00,1085.71,1085.34,1085.71,1085.34,2803,,1640708615000000000,1085.5439892971817,112
1353,2021-12-28 11:23:40-05:00,1085,1084.735,1085.2,1084.5,5141,,1640708620000000000,1084.7011330480468,178
1354,2021-12-28 11:23:45-05:00,1084.73,1084.675,1084.767,1084.6,2635,,1640708625000000000,1084.6449902087288,71
1355,2021-12-28 11:23:50-05:00,1084.86,1084.87,1085.11,1084.86,1141,,1640708630000000000,1084.916653812446,56
1356,2021-12-28 11:23:55-05:00,1085,1085,1085,1085,268,,1640708635000000000,1084.945225,38
1357,2021-12-28 11:24:00-05:00,1084.87,1084.5,1085.0899,1084.42,4545,,1640708640000000000,1084.7379387458743,103
1358,2021-12-28 11:24:05-05:00,1084.79,1084.3727,1084.7999,1084.3727,870,,1640708645000000000,1084.523034597701,30
1359,2021-12-28 11:24:10-05:00,1084.35,1084.515,1084.66,1084.34,2368,,1640708650000000000,1084.4345305743234,55
1360,2021-12-28 11:24:15-05:00,1084.455,1084.455,1084.455,1084.455,289,,1640708655000000000,1084.4808892733563,29
1361,2021-12-28 11:24:20-05:00,1084.56,1084.5973,1084.5973,1084.56,380,,1640708660000000000,1084.5757097368416,28
1362,2021-12-28 11:24:25-05:00,1084.44,1084.09,1084.44,1084.09,2603,,1640708665000000000,1084.213135228582,72
1363,2021-12-28 11:24:35-05:00,1084.05,1084.12,1084.1434,1084.01,2150,,1640708675000000000,1084.0831193953484,84
1364,2021-12-28 11:24:40-05:00,1084,1084.25,1084.3,1084,2488,,1640708680000000000,1084.1849778536975,74
1365,2021-12-28 11:24:45-05:00,1084.0833,1084.22,1084.41,1084.0833,1411,,1640708685000000000,1084.3235216867472,54
1366,2021-12-28 11:24:50-05:00,1084.3461,1084.234,1084.3461,1084.234,364,,1640708690000000000,1084.3312063186816,30
1367,2021-12-28 11:24:55-05:00,1084.56,1084.56,1084.5901,1084.56,3657,,1640708695000000000,1084.5836540060154,144
1368,2021-12-28 11:25:00-05:00,1084.78,1084.8084,1084.8084,1084.67,1394,,1640708700000000000,1084.8370597560975,45
1369,2021-12-28 11:25:05-05:00,1084.9999,1085,1085,1084.8426,1468,,1640708705000000000,1084.9798121253405,45
1370,2021-12-28 11:25:10-05:00,1084.9957,1085.15,1085.15,1084.99,2989,,1640708710000000000,1085.0076571428579,121
1371,2021-12-28 11:25:15-05:00,1085.2,1085.09,1085.2,1085.09,951,,1640708715000000000,1085.1571011566775,50
1372,2021-12-28 11:25:20-05:00,1084.92,1084.92,1084.92,1084.92,496,,1640708720000000000,1084.9426852822583,56
1373,2021-12-28 11:25:25-05:00,1084.7889,1084.4406,1084.7889,1084.4406,2423,,1640708725000000000,1084.7205799009491,99
1374,2021-12-28 11:25:30-05:00,1084.56,1084.69,1084.83,1084.5,2662,,1640708730000000000,1084.6711034184816,74
1375,2021-12-28 11:25:40-05:00,1084.5,1085.32,1085.32,1084.36,7488,,1640708740000000000,1084.5755266960466,132
1376,2021-12-28 11:25:45-05:00,1085.245,1085.0858,1085.245,1085.0858,1147,,1640708745000000000,1085.2248366172626,43
1377,2021-12-28 11:25:50-05:00,1085.2296,1085.2493,1085.45,1085.14,1424,,1640708750000000000,1085.3085281601127,69
1378,2021-12-28 11:25:55-05:00,1085.3381,1085.4299,1085.4299,1085.1,1341,,1640708755000000000,1085.251191424311,48
1379,2021-12-28 11:26:00-05:00,1085.16,1085.2199,1085.2199,1084.55,2878,,1640708760000000000,1084.9801504169563,105
1380,2021-12-28 11:26:05-05:00,1084.65,1084.65,1084.65,1084.65,483,,1640708765000000000,1084.8665024844722,27
1381,2021-12-28 11:26:10-05:00,1084.696,1084.64,1085.21,1084.64,810,,1640708770000000000,1084.8295481481478,43
1382,2021-12-28 11:26:15-05:00,1085.025,1084.8205,1085.025,1084.8205,705,,1640708775000000000,1084.8877177304964,28
1383,2021-12-28 11:26:25-05:00,1084.81,1084.65,1084.81,1084.65,994,,1640708785000000000,1084.789369919517,55
1384,2021-12-28 11:26:30-05:00,1084.7731,1084.43,1084.7731,1084.3001,3993,,1640708790000000000,1084.478775957926,84
1385,2021-12-28 11:26:35-05:00,1084.2655,1084.43,1084.43,1084.0706,2559,,1640708795000000000,1084.2668362641657,98
1386,2021-12-28 11:26:40-05:00,1084.12,1084.565,1084.619,1084.12,925,,1640708800000000000,1084.454890918919,48
1387,2021-12-28 11:26:45-05:00,1084.24,1084.505,1084.69,1084.24,1121,,1640708805000000000,1084.5039813559324,29
1388,2021-12-28 11:26:50-05:00,1084.5,1084.5,1084.5,1084.5,386,,1640708810000000000,1084.4447246113987,41
1389,2021-12-28 11:26:55-05:00,1084.3,1084.31,1084.46,1084.3,1522,,1640708815000000000,1084.4318129434955,58
1390,2021-12-28 11:27:00-05:00,1084.61,1084.78,1084.78,1084.4,5931,,1640708820000000000,1084.6682352217165,146
1391,2021-12-28 11:27:05-05:00,1084.57,1083.66,1084.57,1083.38,6682,,1640708825000000000,1083.8412265190063,221
1392,2021-12-28 11:27:10-05:00,1083.3442,1083.67,1083.8,1083.3442,2703,,1640708830000000000,1083.5603745098038,131
1393,2021-12-28 11:27:15-05:00,1083.665,1084.5047,1084.5047,1083.665,2478,,1640708835000000000,1084.021217998386,47
1394,2021-12-28 11:27:20-05:00,1084.285,1084.285,1084.285,1084.285,524,,1640708840000000000,1084.2275458015265,26
1395,2021-12-28 11:27:25-05:00,1084.12,1084,1084.12,1084,928,,1640708845000000000,1084.0744423491376,56
1396,2021-12-28 11:27:30-05:00,1084.13,1083.6975,1084.13,1083.6975,799,,1640708850000000000,1083.8513035043804,46
1397,2021-12-28 11:27:35-05:00,1083.93,1084.229,1084.229,1083.93,1650,,1640708855000000000,1084.0368079393945,100
1398,2021-12-28 11:27:40-05:00,1083.8,1084.0968,1084.0968,1083.8,593,,1640708860000000000,1083.9656121416526,41
1399,2021-12-28 11:27:45-05:00,1083.735,1083.57,1083.735,1083.57,808,,1640708865000000000,1083.731766955445,62
1400,2021-12-28 11:27:50-05:00,1083.96,1083.73,1083.96,1083.73,530,,1640708870000000000,1083.7831424528304,24
1401,2021-12-28 11:27:55-05:00,1083.4787,1082.68,1083.4787,1082.5,12124,,1640708875000000000,1082.9100305839659,405
1402,2021-12-28 11:28:00-05:00,1082.87,1082.96,1083.04,1082.5,3761,,1640708880000000000,1082.9228085881418,107
1403,2021-12-28 11:28:05-05:00,1083.18,1082.9499,1083.18,1082.64,4503,,1640708885000000000,1082.8890382189654,97
1404,2021-12-28 11:28:10-05:00,1082.65,1082.9299,1082.9299,1082.53,960,,1640708890000000000,1082.7175255208333,42
1405,2021-12-28 11:28:15-05:00,1082.8873,1082.59,1082.8873,1082.43,2283,,1640708895000000000,1082.6146418309245,91
1406,2021-12-28 11:28:20-05:00,1082.8899,1082.62,1082.92,1082.52,1963,,1640708900000000000,1082.7236360163015,61
1407,2021-12-28 11:28:25-05:00,1083.04,1083.4615,1083.4615,1083.04,2193,,1640708905000000000,1083.29889749202,95
1408,2021-12-28 11:28:30-05:00,1083.72,1084.7385,1084.7385,1083.614,8045,,1640708910000000000,1084.1750835052835,227
1409,2021-12-28 11:28:35-05:00,1084.47,1084.47,1084.47,1084.47,1183,,1640708915000000000,1084.5981871513097,43
1410,2021-12-28 11:28:40-05:00,1084.23,1084.23,1084.23,1084.23,747,,1640708920000000000,1084.3057642570282,66
1411,2021-12-28 11:28:45-05:00,1084.29,1084.38,1084.38,1084.29,566,,1640708925000000000,1084.4009199646644,36
1412,2021-12-28 11:28:50-05:00,1084.6499,1084.22,1084.73,1084.22,1956,,1640708930000000000,1084.5104008179967,57
1413,2021-12-28 11:28:55-05:00,1084.88,1085.25,1085.25,1084.7742,5976,,1640708935000000000,1084.9976506693445,192
1414,2021-12-28 11:29:00-05:00,1085.25,1086.306,1086.3799,1085.1001,9694,,1640708940000000000,1085.830279183,281
1415,2021-12-28 11:29:05-05:00,1086.104,1087.5101,1087.86,1086.104,8575,,1640708945000000000,1086.969884314869,294
1416,2021-12-28 11:29:10-05:00,1087.946,1087.67,1088.33,1087.6295,6266,,1640708950000000000,1087.94392275774,215
1417,2021-12-28 11:29:15-05:00,1087.59,1087.2372,1087.59,1087.16,2643,,1640708955000000000,1087.5198544835414,100
1418,2021-12-28 11:29:20-05:00,1087.4176,1087.4176,1087.4176,1087.4176,1615,,1640708960000000000,1087.0828858204336,85
1419,2021-12-28 11:29:25-05:00,1086.6163,1087.23,1087.23,1086.6163,2876,,1640708965000000000,1086.9963687760778,101
1420,2021-12-28 11:29:30-05:00,1087.1,1086.7,1087.387,1086.7,3227,,1640708970000000000,1087.0337001239548,94
1421,2021-12-28 11:29:35-05:00,1086.5613,1086.74,1086.74,1086.415,1920,,1640708975000000000,1086.6052781249994,81
1422,2021-12-28 11:29:40-05:00,1086.53,1086.42,1086.74,1086.27,1637,,1640708980000000000,1086.5796608430055,50
1423,2021-12-28 11:29:45-05:00,1086.335,1086.335,1086.335,1086.335,1338,,1640708985000000000,1086.3466310164424,38
1424,2021-12-28 11:29:50-05:00,1086.23,1085.65,1086.23,1085.65,3362,,1640708990000000000,1086.1055570196318,134
1425,2021-12-28 11:29:55-05:00,1086.2479,1086.174,1086.3445,1086.174,1037,,1640708995000000000,1086.2866740597879,47
1426,2021-12-28 11:30:00-05:00,1086.1901,1086.7887,1087.02,1086.1901,4326,,1640709000000000000,1086.751867568192,147
1427,2021-12-28 11:30:05-05:00,1086.98,1087.05,1087.26,1086.965,2372,,1640709005000000000,1087.0409614249575,111
1428,2021-12-28 11:30:10-05:00,1086.71,1086.87,1086.87,1085.8806,10313,,1640709010000000000,1086.4364822457087,320
1429,2021-12-28 11:30:15-05:00,1086.66,1086.5,1086.66,1086.5,1317,,1640709015000000000,1086.6433989369777,71
1430,2021-12-28 11:30:20-05:00,1086.46,1086.285,1086.6324,1086.0204,1387,,1640709020000000000,1086.2379149963951,69
1431,2021-12-28 11:30:25-05:00,1085.6654,1085.32,1085.6654,1085.32,1362,,1640709025000000000,1085.7305420704847,70
1432,2021-12-28 11:30:35-05:00,1085.47,1085.549,1086.1,1085.22,9575,,1640709035000000000,1085.6011952584847,297
1433,2021-12-28 11:30:40-05:00,1085.5063,1085.5063,1085.5063,1085.5063,474,,1640709040000000000,1085.4284202531644,26
1434,2021-12-28 11:30:45-05:00,1085.829,1085.2901,1085.829,1085.2901,1583,,1640709045000000000,1085.3562275426405,31
1435,2021-12-28 11:30:50-05:00,1085.31,1085.35,1085.35,1085.3,2402,,1640709050000000000,1085.354887427144,40
1436,2021-12-28 11:30:55-05:00,1085.26,1085.2835,1085.6441,1085.0501,4406,,1640709055000000000,1085.3070233318201,79
1437,2021-12-28 11:31:00-05:00,1085.353,1085.605,1085.63,1085.353,1194,,1640709060000000000,1085.5139089614745,58
1438,2021-12-28 11:31:10-05:00,1085.82,1085.86,1085.86,1085.8199,2035,,1640709070000000000,1085.802379262899,72
1439,2021-12-28 11:31:15-05:00,1085.58,1085.58,1085.58,1085.32,2616,,1640709075000000000,1085.500978402141,78
1440,2021-12-28 11:31:20-05:00,1085.29,1085.2045,1085.29,1085.2045,1695,,1640709080000000000,1085.1820768731566,65
1441,2021-12-28 11:31:25-05:00,1085.1938,1085.59,1085.59,1085,5999,,1640709085000000000,1085.2752401733624,163
1442,2021-12-28 11:31:30-05:00,1085.11,1085.575,1085.575,1085.11,863,,1640709090000000000,1085.5136042873696,43
1443,2021-12-28 11:31:35-05:00,1085.55,1085.2501,1085.71,1085.2501,1625,,1640709095000000000,1085.5310131076924,64
1444,2021-12-28 11:31:40-05:00,1085.545,1085.74,1085.75,1085.545,4828,,1640709100000000000,1085.6950277754765,194
1445,2021-12-28 11:31:45-05:00,1085.5,1085.25,1085.5,1085.25,546,,1640709105000000000,1085.4191895604392,32
1446,2021-12-28 11:31:50-05:00,1085.58,1085.58,1085.58,1085.58,392,,1640709110000000000,1085.5305280612242,31
1447,2021-12-28 11:31:55-05:00,1085.73,1085.73,1085.73,1085.73,827,,1640709115000000000,1085.6455645707372,37
1448,2021-12-28 11:32:00-05:00,1085.7,1085.7,1085.7,1085.7,410,,1640709120000000000,1085.630202195122,35
1449,2021-12-28 11:32:05-05:00,1085.73,1085.53,1085.73,1085.53,2207,,1640709125000000000,1085.6962883552335,84
1450,2021-12-28 11:32:10-05:00,1085.95,1085.12,1085.95,1085.12,2672,,1640709130000000000,1085.3907698727548,76
1451,2021-12-28 11:32:15-05:00,1085.0901,1085.0901,1085.0901,1085.0901,320,,1640709135000000000,1085.218863125,41
1452,2021-12-28 11:32:20-05:00,1085.0783,1085.1357,1085.17,1085.0783,807,,1640709140000000000,1085.139649070632,41
1453,2021-12-28 11:32:25-05:00,1085.2717,1085.3655,1085.54,1085.2717,1155,,1640709145000000000,1085.4262478787873,47
1454,2021-12-28 11:32:35-05:00,1085.2678,1085.3971,1085.3971,1085.21,2560,,1640709155000000000,1085.251063125,66
1455,2021-12-28 11:32:40-05:00,1085.355,1085.7,1085.83,1085.355,4665,,1640709160000000000,1085.5974283601279,135
1456,2021-12-28 11:32:45-05:00,1085.8464,1085.7405,1085.86,1085.7405,556,,1640709165000000000,1085.7397528776978,28
1457,2021-12-28 11:32:50-05:00,1085.2164,1085.2164,1085.2164,1085.2164,372,,1640709170000000000,1085.3864481182795,29
1458,2021-12-28 11:32:55-05:00,1085.21,1085.375,1085.375,1085.21,492,,1640709175000000000,1085.3298111788617,50
1459,2021-12-28 11:33:00-05:00,1085.77,1085.77,1085.77,1085.77,1479,,1640709180000000000,1085.745273292765,44
1460,2021-12-28 11:33:05-05:00,1085.71,1085.8506,1085.89,1085.71,1354,,1640709185000000000,1085.8319488183163,75
1461,2021-12-28 11:33:20-05:00,1085.22,1085.21,1085.22,1085.21,1434,,1640709200000000000,1085.299170502092,61
1462,2021-12-28 11:33:25-05:00,1085.49,1085.49,1085.49,1085.49,227,,1640709205000000000,1085.5564330396473,22
1463,2021-12-28 11:33:30-05:00,1085.5001,1085.6964,1085.6964,1085.5001,802,,1640709210000000000,1085.6757966334164,35
1464,2021-12-28 11:33:55-05:00,1085.8,1085.8,1085.8,1085.8,1120,,1640709235000000000,1085.755010625,59
1465,2021-12-28 11:34:00-05:00,1085.3894,1085.6632,1085.6632,1085.3894,645,,1640709240000000000,1085.5651175193798,32
1466,2021-12-28 11:34:05-05:00,1085.4826,1085.4826,1085.4826,1085.4826,461,,1640709245000000000,1085.4057186550974,18
1467,2021-12-28 11:34:10-05:00,1085.23,1085.03,1085.23,1085.01,6179,,1640709250000000000,1085.1685438420463,100
1468,2021-12-28 11:34:15-05:00,1085.54,1085.45,1085.54,1085.45,613,,1640709255000000000,1085.409113050571,49
1469,2021-12-28 11:34:20-05:00,1085.7,1086.17,1086.19,1085.5334,11880,,1640709260000000000,1086.008523863636,325
1470,2021-12-28 11:34:25-05:00,1086.1799,1086.1553,1086.1799,1086,1765,,1640709265000000000,1086.1351405665723,29
1471,2021-12-28 11:34:30-05:00,1086,1085.84,1086.19,1085.82,1237,,1640709270000000000,1086.0248218270008,45
1472,2021-12-28 11:34:35-05:00,1085.29,1085.565,1085.58,1085.29,2004,,1640709275000000000,1085.5167801896207,58
1473,2021-12-28 11:34:40-05:00,1085.956,1085.65,1086.1023,1085.65,1886,,1640709280000000000,1085.8855443796392,49
1474,2021-12-28 11:34:45-05:00,1086,1086.158,1086.19,1085.6681,4108,,1640709285000000000,1086.06424919669,104
1475,2021-12-28 11:34:50-05:00,1086.02,1085.925,1086.02,1085.925,861,,1640709290000000000,1085.9662306620207,27
1476,2021-12-28 11:34:55-05:00,1085.755,1085.755,1085.755,1085.755,457,,1640709295000000000,1085.8633722100658,35
1477,2021-12-28 11:35:00-05:00,1085.7,1085.4956,1085.7,1085.01,4255,,1640709300000000000,1085.22947506463,143
1478,2021-12-28 11:35:05-05:00,1085.2996,1085.2996,1085.2996,1085.2996,149,,1640709305000000000,1085.3600637583893,24
1479,2021-12-28 11:35:10-05:00,1085.95,1085.22,1085.95,1085.1706,742,,1640709310000000000,1085.3373956873313,30
1480,2021-12-28 11:35:15-05:00,1085.22,1085.22,1085.22,1085.07,936,,1640709315000000000,1085.22214017094,59
1481,2021-12-28 11:35:20-05:00,1085.09,1084.2749,1085.09,1083.91,17741,,1640709320000000000,1084.6041602051748,360
1482,2021-12-28 11:35:25-05:00,1084.2047,1084.1801,1084.62,1083.64,5000,,1640709325000000000,1084.4489366799996,145
1483,2021-12-28 11:35:30-05:00,1084.15,1084.15,1084.15,1084.15,1107,,1640709330000000000,1084.1510760614276,69
1484,2021-12-28 11:35:35-05:00,1083.8471,1083.5691,1083.8593,1083.33,4062,,1640709335000000000,1083.6648071885775,172
1485,2021-12-28 11:35:45-05:00,1083.8399,1084,1084,1083.61,1677,,1640709345000000000,1083.8030724508053,64
1486,2021-12-28 11:35:50-05:00,1084,1083.9999,1084,1083.7412,992,,1640709350000000000,1083.9679474798386,36
1487,2021-12-28 11:35:55-05:00,1084,1084.05,1084.05,1084,701,,1640709355000000000,1083.9973881597716,29
1488,2021-12-28 11:36:05-05:00,1083.72,1082.87,1083.8531,1082.87,5810,,1640709365000000000,1083.2199612392424,244
1489,2021-12-28 11:36:10-05:00,1083.45,1083.4512,1083.74,1083.27,4853,,1640709370000000000,1083.5094116834946,155
1490,2021-12-28 11:36:15-05:00,1083.25,1083.6299,1083.6299,1083.25,1399,,1640709375000000000,1083.4412975696926,49
1491,2021-12-28 11:36:20-05:00,1083.7299,1083.7299,1083.7299,1083.7299,677,,1640709380000000000,1083.5530561299856,41
1492,2021-12-28 11:36:25-05:00,1083.415,1083.415,1083.415,1083.415,419,,1640709385000000000,1083.364388782816,33
1493,2021-12-28 11:36:30-05:00,1083.3669,1083.26,1083.54,1083.25,2506,,1640709390000000000,1083.3563476456504,101
1494,2021-12-28 11:36:35-05:00,1083.36,1083.5499,1083.5499,1083.36,472,,1640709395000000000,1083.360377118644,38
1495,2021-12-28 11:36:40-05:00,1083,1083.04,1083.04,1082.6661,4914,,1640709400000000000,1082.9473659747657,158
1496,2021-12-28 11:36:45-05:00,1083.02,1082.65,1083.02,1082.65,1130,,1640709405000000000,1082.8980671681418,56
1497,2021-12-28 11:36:50-05:00,1082.9899,1082.971,1083,1082.6768,4973,,1640709410000000000,1082.9551483611503,125
1498,2021-12-28 11:36:55-05:00,1082.99,1082.79,1083.04,1082.79,1359,,1640709415000000000,1082.982602428256,52
1499,2021-12-28 11:37:00-05:00,1082.78,1082.44,1082.78,1082.44,3408,,1640709420000000000,1082.571058362676,125
1500,2021-12-28 11:37:05-05:00,1082.59,1082.35,1082.8799,1082.35,2273,,1640709425000000000,1082.436692740871,85
1501,2021-12-28 11:37:10-05:00,1082.16,1082.09,1082.16,1081.59,14836,,1640709430000000000,1081.881301078456,654
1502,2021-12-28 11:37:15-05:00,1082.095,1081.845,1082.12,1081.795,2580,,1640709435000000000,1081.9098440697674,61
1503,2021-12-28 11:37:20-05:00,1081.95,1081.805,1081.99,1081.11,9896,,1640709440000000000,1081.4642015763948,330
1504,2021-12-28 11:37:25-05:00,1081.95,1081.485,1081.95,1081.1682,1789,,1640709445000000000,1081.4391712688646,90
1505,2021-12-28 11:37:30-05:00,1081.21,1081.19,1081.45,1081.19,3531,,1640709450000000000,1081.3320688473516,169
1506,2021-12-28 11:37:35-05:00,1081.68,1081.75,1081.83,1081.51,7195,,1640709455000000000,1081.7635510215437,164
1507,2021-12-28 11:37:40-05:00,1081.7572,1082,1082,1081.7142,2244,,1640709460000000000,1081.8898595811052,110
1508,2021-12-28 11:37:45-05:00,1081.82,1081.7,1081.82,1081.7,1924,,1640709465000000000,1081.7729010395012,80
1509,2021-12-28 11:37:50-05:00,1081.86,1082.5361,1082.96,1081.63,10611,,1640709470000000000,1082.348673348411,313
1510,2021-12-28 11:37:55-05:00,1082.3894,1082.3894,1082.3894,1082.3894,1116,,1640709475000000000,1082.4513607526883,70
1511,2021-12-28 11:38:00-05:00,1082.81,1083.3456,1083.3777,1082.81,6674,,1640709480000000000,1083.213637084208,135
1512,2021-12-28 11:38:05-05:00,1083.1431,1083.42,1083.8426,1082.8583,3666,,1640709485000000000,1083.3044249863613,121
1513,2021-12-28 11:38:10-05:00,1083.67,1083.5599,1083.9009,1082.8101,3957,,1640709490000000000,1083.3714317917613,100
1514,2021-12-28 11:38:15-05:00,1083.1,1083.207,1083.207,1083.01,6210,,1640709495000000000,1083.0907113687601,135
1515,2021-12-28 11:38:20-05:00,1083.1,1083.09,1083.13,1083.08,2221,,1640709500000000000,1083.1244979288606,106
1516,2021-12-28 11:38:25-05:00,1083.235,1083.3399,1083.3399,1083.0901,1550,,1640709505000000000,1083.1729496774192,52
1517,2021-12-28 11:38:30-05:00,1083.12,1083.3199,1083.3199,1083.1,1655,,1640709510000000000,1083.174392024169,39
1518,2021-12-28 11:38:35-05:00,1083.1,1083.08,1083.1082,1083.08,1739,,1640709515000000000,1083.1155953996554,82
1519,2021-12-28 11:38:40-05:00,1083.47,1083.3401,1083.49,1083.3401,2752,,1640709520000000000,1083.4312279796513,78
1520,2021-12-28 11:38:45-05:00,1083.37,1083.34,1083.37,1083.34,946,,1640709525000000000,1083.3763366807611,33
1521,2021-12-28 11:38:50-05:00,1083.6603,1083.33,1083.6603,1083.19,2551,,1640709530000000000,1083.2790616620932,66
1522,2021-12-28 11:38:55-05:00,1083.59,1083.68,1084,1083.5,6179,,1640709535000000000,1083.7099240653833,160
1523,2021-12-28 11:39:00-05:00,1083.79,1083.49,1083.79,1083.47,516,,1640709540000000000,1083.5916662790698,27
1524,2021-12-28 11:39:05-05:00,1083.4207,1083.67,1083.67,1083.4207,1129,,1640709545000000000,1083.578974667848,59
1525,2021-12-28 11:39:10-05:00,1083.53,1083.52,1083.53,1083.52,757,,1640709550000000000,1083.5784874504623,44
1526,2021-12-28 11:39:15-05:00,1083.91,1083.91,1083.91,1083.8,1259,,1640709555000000000,1083.8624973788721,59
1527,2021-12-28 11:39:20-05:00,1084,1083.93,1084.15,1083.93,6119,,1640709560000000000,1084.0350514789998,119
1528,2021-12-28 11:39:25-05:00,1084,1084.22,1084.22,1083.96,1879,,1640709565000000000,1084.146133368813,44
1529,2021-12-28 11:39:30-05:00,1084.2,1084.2667,1084.2667,1084.0582,2134,,1640709570000000000,1084.1620025773195,74
1530,2021-12-28 11:39:35-05:00,1084.27,1083.44,1084.335,1083.43,7311,,1640709575000000000,1083.9214689508951,234
1531,2021-12-28 11:39:40-05:00,1083.7197,1083.725,1083.73,1083.7197,662,,1640709580000000000,1083.7343468277945,29
1532,2021-12-28 11:39:45-05:00,1083.5201,1083.5519,1083.5519,1083.5201,779,,1640709585000000000,1083.6462575096273,35
1533,2021-12-28 11:39:50-05:00,1083.7006,1084.0252,1084.0252,1083.7006,1349,,1640709590000000000,1083.9334518161604,47
1534,2021-12-28 11:39:55-05:00,1084.06,1083.6055,1084.09,1083.5419,5705,,1640709595000000000,1083.7953117966697,101
1535,2021-12-28 11:40:00-05:00,1083.41,1084.4301,1084.5,1083.39,8001,,1640709600000000000,1083.9815252843387,261
1536,2021-12-28 11:40:05-05:00,1084.4501,1085.315,1085.315,1084.4501,4358,,1640709605000000000,1084.9454518586501,123
1537,2021-12-28 11:40:10-05:00,1085.1101,1084.42,1085.1101,1084.42,6694,,1640709610000000000,1084.609923827307,246
1538,2021-12-28 11:40:15-05:00,1084.495,1084.2501,1084.495,1084.2501,915,,1640709615000000000,1084.4368846994535,35
1539,2021-12-28 11:40:20-05:00,1084.6181,1084.71,1084.71,1084.6181,851,,1640709620000000000,1084.7348385428902,40
1540,2021-12-28 11:40:25-05:00,1084.91,1084.5,1084.91,1084.5,2793,,1640709625000000000,1084.781615037594,79
1541,2021-12-28 11:40:30-05:00,1084.495,1084.495,1084.495,1084.495,508,,1640709630000000000,1084.503884055118,26
1542,2021-12-28 11:40:35-05:00,1084.16,1084.17,1084.32,1084.16,1775,,1640709635000000000,1084.218217521127,59
1543,2021-12-28 11:40:40-05:00,1084.43,1084.775,1085.19,1084.43,10184,,1640709640000000000,1084.790042154359,230
1544,2021-12-28 11:40:45-05:00,1084.6707,1084.55,1084.6707,1084.55,1218,,1640709645000000000,1084.66359408867,60
1545,2021-12-28 11:40:50-05:00,1084.98,1084.78,1084.98,1084.78,960,,1640709650000000000,1084.782823229167,32
1546,2021-12-28 11:40:55-05:00,1084.575,1084.4373,1084.575,1084.4373,1682,,1640709655000000000,1084.521791200951,73
1547,2021-12-28 11:41:00-05:00,1084.15,1084.295,1084.295,1084.01,2117,,1640709660000000000,1084.1484628719886,74
1548,2021-12-28 11:41:05-05:00,1084.02,1084.0597,1084.0597,1084.02,828,,1640709665000000000,1084.1424405797109,33
1549,2021-12-28 11:41:10-05:00,1084.4799,1084.4799,1084.4799,1084.4799,1027,,1640709670000000000,1084.359017039922,55
1550,2021-12-28 11:41:15-05:00,1084.25,1084.25,1084.25,1084.25,1163,,1640709675000000000,1084.2400994840925,53
1551,2021-12-28 11:41:20-05:00,1084,1084,1084,1084,1024,,1640709680000000000,1084.038276269531,50
1552,2021-12-28 11:41:25-05:00,1084.2,1083.664,1084.2,1083.664,1603,,1640709685000000000,1083.820025327511,36
1553,2021-12-28 11:41:30-05:00,1084,1083.89,1084.15,1083.738,3230,,1640709690000000000,1083.8224890712077,70
1554,2021-12-28 11:41:35-05:00,1084.16,1084.15,1084.3,1084.0001,1759,,1640709695000000000,1084.155229277999,61
1555,2021-12-28 11:41:40-05:00,1084,1083.95,1084,1083.95,764,,1640709700000000000,1083.911370026178,41
1556,2021-12-28 11:41:45-05:00,1084.2499,1084.2499,1084.2499,1084.2499,360,,1640709705000000000,1083.9886444444446,29
1557,2021-12-28 11:41:50-05:00,1084,1084,1084,1084,462,,1640709710000000000,1084.0491502164502,29
1558,2021-12-28 11:41:55-05:00,1083.75,1083.265,1083.75,1083.265,1438,,1640709715000000000,1083.6849911682893,74
1559,2021-12-28 11:42:00-05:00,1083.26,1083.26,1083.26,1083.26,787,,1640709720000000000,1083.2941634053368,44
1560,2021-12-28 11:42:05-05:00,1083.4,1083.55,1083.55,1083.31,1686,,1640709725000000000,1083.434355160143,64
1561,2021-12-28 11:42:10-05:00,1083.4,1083.55,1083.55,1083.4,1813,,1640709730000000000,1083.538303364589,54
1562,2021-12-28 11:42:15-05:00,1083.26,1083.2499,1083.26,1083.15,2231,,1640709735000000000,1083.2152142985208,93
1563,2021-12-28 11:42:20-05:00,1083.2,1083.4209,1083.7,1083.15,2472,,1640709740000000000,1083.2611994336564,65
1564,2021-12-28 11:42:30-05:00,1083.3701,1083.3701,1083.3701,1083.3701,349,,1640709750000000000,1083.4407785100286,33
1565,2021-12-28 11:42:35-05:00,1083.7,1083.85,1083.85,1083.7,3279,,1640709755000000000,1083.7835979871911,97
1566,2021-12-28 11:42:40-05:00,1083.98,1083.98,1083.98,1083.98,1297,,1640709760000000000,1083.9652006939086,52
1567,2021-12-28 11:42:45-05:00,1083.98,1083.5,1083.98,1083.5,4184,,1640709765000000000,1083.576962117591,97
1568,2021-12-28 11:42:50-05:00,1083.64,1083.64,1083.64,1083.64,1003,,1640709770000000000,1083.4840677966104,49
1569,2021-12-28 11:42:55-05:00,1083.67,1083.675,1083.81,1083.67,775,,1640709775000000000,1083.700832387097,32
1570,2021-12-28 11:43:00-05:00,1083.67,1083.7922,1083.7922,1083.5,2523,,1640709780000000000,1083.629583353151,74
1571,2021-12-28 11:43:05-05:00,1083.645,1083.7672,1083.7672,1083.57,1778,,1640709785000000000,1083.6423582677164,34
1572,2021-12-28 11:43:10-05:00,1083.68,1083.5031,1083.68,1083.5031,643,,1640709790000000000,1083.6383374805596,32
1573,2021-12-28 11:43:15-05:00,1083.76,1084.445,1084.57,1083.76,7713,,1640709795000000000,1084.086775599637,122
1574,2021-12-28 11:43:20-05:00,1084.552,1084.57,1084.57,1084.552,1062,,1640709800000000000,1084.5048202448213,45
1575,2021-12-28 11:43:30-05:00,1084.26,1084.35,1084.35,1084.26,818,,1640709810000000000,1084.2975209046454,30
1576,2021-12-28 11:43:35-05:00,1084.1614,1084.05,1084.2264,1084.05,1275,,1640709815000000000,1084.1785635294118,40
1577,2021-12-28 11:43:40-05:00,1084.01,1084.56,1084.57,1083.82,5797,,1640709820000000000,1084.3290597377943,172
1578,2021-12-28 11:43:45-05:00,1084.5699,1084.27,1084.5699,1084.27,966,,1640709825000000000,1084.3256623188406,42
1579,2021-12-28 11:43:55-05:00,1084.2837,1084.2837,1084.2837,1084.2837,432,,1640709835000000000,1084.2304733796295,24
1580,2021-12-28 11:44:00-05:00,1084.03,1083.68,1084.03,1083.68,1470,,1640709840000000000,1083.99741047619,52
1581,2021-12-28 11:44:05-05:00,1083.5301,1083.4928,1083.9,1083.395,4088,,1640709845000000000,1083.537029280822,61
1582,2021-12-28 11:44:10-05:00,1083.6055,1083.69,1083.7032,1083.6055,1101,,1640709850000000000,1083.6503846503178,35
1583,2021-12-28 11:44:20-05:00,1083.5,1084.07,1084.07,1083.5,1388,,1640709860000000000,1083.9000444524497,69
1584,2021-12-28 11:44:25-05:00,1084.0342,1084.0342,1084.0342,1084.0342,342,,1640709865000000000,1083.9371959064326,26
1585,2021-12-28 11:44:30-05:00,1084.07,1084,1084.07,1083.78,1244,,1640709870000000000,1084.0122999196142,52
1586,2021-12-28 11:44:35-05:00,1084.3336,1084.3336,1084.3336,1084.3336,248,,1640709875000000000,1084.2606689516126,21
1587,2021-12-28 11:44:40-05:00,1084.14,1083.96,1084.14,1083.96,1055,,1640709880000000000,1084.0625616113743,48
1588,2021-12-28 11:44:45-05:00,1083.97,1083.97,1083.97,1083.97,401,,1640709885000000000,1083.9935394014965,25
1589,2021-12-28 11:44:50-05:00,1083.88,1083.8801,1083.8801,1083.88,570,,1640709890000000000,1083.8570607017546,31
1590,2021-12-28 11:45:00-05:00,1084.1116,1083.88,1084.23,1083.88,1633,,1640709900000000000,1084.1454750153089,74
1591,2021-12-28 11:45:05-05:00,1084.0526,1083.8,1084.0526,1083.8,1300,,1640709905000000000,1083.8676104615383,46
1592,2021-12-28 11:45:10-05:00,1083.5,1083.395,1083.56,1083.25,3463,,1640709910000000000,1083.4346634132255,128
1593,2021-12-28 11:45:15-05:00,1083.7399,1083.69,1083.75,1083.69,2495,,1640709915000000000,1083.7627953106212,75
1594,2021-12-28 11:45:30-05:00,1083.6682,1083.9299,1083.9299,1083.6682,2276,,1640709930000000000,1083.6914983743413,23
1595,2021-12-28 11:45:35-05:00,1083.95,1084.3,1084.3,1083.95,4943,,1640709935000000000,1084.13383054825,177
1596,2021-12-28 11:45:40-05:00,1084.285,1084.3183,1084.5,1084.285,950,,1640709940000000000,1084.3540718947368,45
1597,2021-12-28 11:45:45-05:00,1084.5,1084.76,1084.76,1084.5,4346,,1640709945000000000,1084.5784667510347,107
1598,2021-12-28 11:45:50-05:00,1084.715,1084.715,1084.715,1084.715,940,,1640709950000000000,1084.8193513829783,38
1599,2021-12-28 11:45:55-05:00,1084.72,1084.22,1084.72,1084.19,2950,,1640709955000000000,1084.386206440678,64
1600,2021-12-28 11:46:00-05:00,1084.29,1085,1085,1084.29,2356,,1640709960000000000,1084.73305475382,69
1601,2021-12-28 11:46:05-05:00,1084.9899,1084.5841,1084.9899,1083.8101,2658,,1640709965000000000,1084.191586343115,39
1602,2021-12-28 11:46:10-05:00,1084.7646,1085.0516,1085.35,1084.7646,5447,,1640709970000000000,1085.1681627317794,178
1603,2021-12-28 11:46:15-05:00,1085.25,1085.02,1085.81,1085.01,4085,,1640709975000000000,1085.4611331701353,179
1604,2021-12-28 11:46:20-05:00,1084.64,1084.104,1084.64,1084.104,684,,1640709980000000000,1084.526949415205,35
1605,2021-12-28 11:46:25-05:00,1084.525,1084.605,1084.756,1084.525,988,,1640709985000000000,1084.5950544534408,35
1606,2021-12-28 11:46:30-05:00,1084.53,1084.1801,1084.53,1084.1801,615,,1640709990000000000,1084.5128069918699,33
1607,2021-12-28 11:46:40-05:00,1084.12,1084.01,1084.15,1084.01,1510,,1640710000000000000,1084.124808476821,53
1608,2021-12-28 11:46:45-05:00,1083.9602,1083.9602,1083.9602,1083.9602,500,,1640710005000000000,1084.0130430000002,30
1609,2021-12-28 11:46:55-05:00,1084.19,1083.95,1084.3099,1083.92,1304,,1640710015000000000,1084.0135094325153,54
1610,2021-12-28 11:47:00-05:00,1083.92,1083.8899,1083.92,1083.62,3599,,1640710020000000000,1083.8399649069186,57
1611,2021-12-28 11:47:05-05:00,1083.69,1084.03,1084.03,1083.69,5259,,1640710025000000000,1083.926425461114,104
1612,2021-12-28 11:47:10-05:00,1084.07,1084.07,1084.07,1084.07,317,,1640710030000000000,1084.205291798107,34
1613,2021-12-28 11:47:15-05:00,1084.41,1084.5,1084.5,1084.41,1561,,1640710035000000000,1084.484280269059,61
1614,2021-12-28 11:47:20-05:00,1084.42,1084.65,1084.65,1084.33,2164,,1640710040000000000,1084.4578897412198,72
1615,2021-12-28 11:47:25-05:00,1084.41,1084.2401,1084.4836,1084.2401,2381,,1640710045000000000,1084.411536161277,44
1616,2021-12-28 11:47:30-05:00,1084.5,1084.26,1084.5,1084.24,679,,1640710050000000000,1084.3393008836526,44
1617,2021-12-28 11:47:35-05:00,1084.4764,1084.415,1084.4764,1084.415,933,,1640710055000000000,1084.475052304394,45
1618,2021-12-28 11:47:40-05:00,1084.395,1084.55,1084.63,1084.1801,3205,,1640710060000000000,1084.5148265834637,90
1619,2021-12-28 11:47:45-05:00,1084.65,1084.8,1084.8,1084.64,1079,,1640710065000000000,1084.7291790546803,36
1620,2021-12-28 11:47:55-05:00,1084.8,1085.27,1085.6495,1084.8,6091,,1640710075000000000,1085.2782991462814,133
1621,2021-12-28 11:48:00-05:00,1085.6499,1085.65,1085.65,1085.503,3540,,1640710080000000000,1085.637673050847,58
1622,2021-12-28 11:48:05-05:00,1085.48,1085.88,1085.88,1085.46,1873,,1640710085000000000,1085.613215429792,75
1623,2021-12-28 11:48:10-05:00,1085.95,1086.75,1086.75,1085.95,6756,,1640710090000000000,1086.2016924807572,213
1624,2021-12-28 11:48:15-05:00,1086.7694,1087.1849,1087.4469,1086.6584,12312,,1640710095000000000,1087.0986314165048,250
1625,2021-12-28 11:48:20-05:00,1086.9,1087.2734,1087.29,1086.9,5051,,1640710100000000000,1087.1732596317559,104
1626,2021-12-28 11:48:25-05:00,1087.1001,1087.65,1087.65,1087.1001,10908,,1640710105000000000,1087.4576698844887,263
1627,2021-12-28 11:48:30-05:00,1087.95,1088.27,1088.27,1087.83,5953,,1640710110000000000,1088.0197849991598,207
1628,2021-12-28 11:48:35-05:00,1088.37,1088.3901,1089.2,1088.13,12092,,1640710115000000000,1088.7352723867018,295
1629,2021-12-28 11:48:40-05:00,1088.9,1088.3901,1088.98,1088.3901,8405,,1640710120000000000,1088.717512980369,137
1630,2021-12-28 11:48:45-05:00,1088.725,1088.7,1088.725,1088.39,3217,,1640710125000000000,1088.5861291886852,86
1631,2021-12-28 11:48:50-05:00,1088.5001,1088.66,1088.66,1088.42,5668,,1640710130000000000,1088.481565737474,153
1632,2021-12-28 11:48:55-05:00,1088.61,1088.62,1088.7016,1088.6,1804,,1640710135000000000,1088.6289669623065,80
1633,2021-12-28 11:49:00-05:00,1088.6,1088.81,1088.81,1088.5,1664,,1640710140000000000,1088.6870144230772,85
1634,2021-12-28 11:49:05-05:00,1088.64,1087.892,1088.64,1087.3201,8043,,1640710145000000000,1088.0087244187498,246
1635,2021-12-28 11:49:10-05:00,1087.9499,1087.7,1087.9499,1087.3201,4233,,1640710150000000000,1087.577462485235,76
1636,2021-12-28 11:49:15-05:00,1087.5595,1087.77,1087.842,1087.5594,1551,,1640710155000000000,1087.7032523533203,43
1637,2021-12-28 11:49:20-05:00,1087.77,1087.7032,1087.898,1087.66,2064,,1640710160000000000,1087.7019653100776,57
1638,2021-12-28 11:49:25-05:00,1087.78,1088.12,1088.12,1087.78,4999,,1640710165000000000,1087.9316544308863,101
1639,2021-12-28 11:49:30-05:00,1088.26,1088.53,1088.53,1088.255,867,,1640710170000000000,1088.367008304498,38
1640,2021-12-28 11:49:35-05:00,1088.3484,1088.35,1088.5399,1088.3484,3215,,1640710175000000000,1088.4299521928465,90
1641,2021-12-28 11:49:40-05:00,1088.27,1088.03,1088.5,1088.03,1972,,1640710180000000000,1088.2673942190668,67
1642,2021-12-28 11:49:45-05:00,1088.06,1087.77,1088.06,1087.6001,2111,,1640710185000000000,1087.9651947418288,106
1643,2021-12-28 11:49:50-05:00,1088.2799,1087.88,1088.2799,1087.88,904,,1640710190000000000,1088.004143362832,44
1644,2021-12-28 11:49:55-05:00,1087.89,1088.35,1088.95,1087.89,10159,,1640710195000000000,1088.3345178265579,317
1645,2021-12-28 11:50:00-05:00,1088.04,1088,1088.04,1088,2887,,1640710200000000000,1088.0414430204364,89
1646,2021-12-28 11:50:05-05:00,1088.2,1088.195,1088.42,1088.0838,1950,,1640710205000000000,1088.3132675384613,81
1647,2021-12-28 11:50:10-05:00,1088.22,1088.01,1088.22,1088,2558,,1640710210000000000,1088.0588130179826,56
1648,2021-12-28 11:50:15-05:00,1088.0471,1088.0315,1088.0471,1088.0315,856,,1640710215000000000,1088.1120400700931,44
1649,2021-12-28 11:50:20-05:00,1088.0001,1087.85,1088.2,1087.85,3610,,1640710220000000000,1088.0531380609418,69
1650,2021-12-28 11:50:25-05:00,1087.7001,1087.865,1087.865,1087.7001,664,,1640710225000000000,1087.8221972891565,23
1651,2021-12-28 11:50:30-05:00,1087.7,1087.6016,1087.7047,1087.38,2538,,1640710230000000000,1087.5551320330967,88
1652,2021-12-28 11:50:35-05:00,1087.6,1087.85,1087.85,1087.6,2323,,1640710235000000000,1087.7874683598795,100
1653,2021-12-28 11:50:40-05:00,1088.0599,1088.0599,1088.0599,1088.0599,500,,1640710240000000000,1087.9671354000006,39
1654,2021-12-28 11:50:45-05:00,1087.8,1087.8,1087.8,1087.8,728,,1640710245000000000,1087.7926395604393,40
1655,2021-12-28 11:50:50-05:00,1087.67,1087.6225,1087.75,1087.6225,792,,1640710250000000000,1087.6956473484847,36
1656,2021-12-28 11:50:55-05:00,1087.75,1087.75,1087.75,1087.75,648,,1640710255000000000,1087.7344581790123,35
1657,2021-12-28 11:51:00-05:00,1087.755,1088.06,1088.06,1087.755,3513,,1640710260000000000,1087.924032052377,115
1658,2021-12-28 11:51:05-05:00,1087.97,1088.37,1088.37,1087.97,13873,,1640710265000000000,1088.1174027391344,172
1659,2021-12-28 11:51:10-05:00,1088.26,1088.26,1088.26,1088.26,605,,1640710270000000000,1088.2921775206612,30
1660,2021-12-28 11:51:15-05:00,1088.4,1088.32,1088.4,1088.32,2558,,1640710275000000000,1088.3958634480066,107
1661,2021-12-28 11:51:20-05:00,1088.25,1089.48,1089.48,1088.1,9668,,1640710280000000000,1088.758000165494,265
1662,2021-12-28 11:51:25-05:00,1089.48,1089.49,1089.6399,1089.3501,6030,,1640710285000000000,1089.4657807794365,121
1663,2021-12-28 11:51:30-05:00,1089.0401,1088.9056,1089.26,1088.6001,4196,,1640710290000000000,1088.9910712821736,101
1664,2021-12-28 11:51:35-05:00,1088.94,1089.16,1089.16,1088.8,912,,1640710295000000000,1089.04172872807,40
1665,2021-12-28 11:51:40-05:00,1089.07,1089.47,1089.47,1089.07,693,,1640710300000000000,1089.2514694083695,45
1666,2021-12-28 11:51:45-05:00,1089.4799,1089.2008,1089.4799,1089.0867,1390,,1640710305000000000,1089.1959899280573,44
1667,2021-12-28 11:51:50-05:00,1089.62,1089.36,1089.64,1089.09,3979,,1640710310000000000,1089.3374823322447,115
1668,2021-12-28 11:51:55-05:00,1088.8401,1089,1089,1088.8401,2647,,1640710315000000000,1088.964141216471,71
1669,2021-12-28 11:52:00-05:00,1089.32,1089.3899,1089.3899,1089.06,1466,,1640710320000000000,1089.1283650068212,64
1670,2021-12-28 11:52:05-05:00,1089,1088.8039,1089.19,1088.8039,4669,,1640710325000000000,1089.0160953951595,121
1671,2021-12-28 11:52:10-05:00,1089.133,1089.3068,1089.3068,1089.133,1459,,1640710330000000000,1089.2835783413293,45
1672,2021-12-28 11:52:15-05:00,1089.234,1089.6637,1089.85,1089.234,2885,,1640710335000000000,1089.6915148353553,112
1673,2021-12-28 11:52:20-05:00,1089.843,1090,1090,1089.5,12255,,1640710340000000000,1089.939325099963,409
1674,2021-12-28 11:52:25-05:00,1089.9031,1089.98,1090,1089.7401,5756,,1640710345000000000,1089.8884640896458,120
1675,2021-12-28 11:52:30-05:00,1089.8325,1090.43,1090.515,1089.8325,7709,,1640710350000000000,1090.1530821896483,208
1676,2021-12-28 11:52:35-05:00,1090.67,1091.6,1091.8,1090.6201,14582,,1640710355000000000,1091.127619208613,340
1677,2021-12-28 11:52:40-05:00,1091.82,1091.96,1092.5,1091.68,12921,,1640710360000000000,1091.9903040476734,365
1678,2021-12-28 11:52:45-05:00,1092.23,1092.8,1092.8,1092.22,16279,,1640710365000000000,1092.4650514712202,382
1679,2021-12-28 11:52:50-05:00,1092.88,1092.88,1093,1092.38,17313,,1640710370000000000,1092.8291672327157,372
1680,2021-12-28 11:52:55-05:00,1092.94,1092.9475,1093.24,1092.77,15178,,1640710375000000000,1092.9502060679931,423
1681,2021-12-28 11:53:00-05:00,1092.77,1093.625,1093.625,1092.65,9543,,1640710380000000000,1093.0708596667719,254
1682,2021-12-28 11:53:05-05:00,1093.7599,1093.71,1093.8799,1093.48,7885,,1640710385000000000,1093.6935593151557,155
1683,2021-12-28 11:53:10-05:00,1093.6401,1094.214,1094.37,1093.6401,13604,,1640710390000000000,1094.0034649294332,397
1684,2021-12-28 11:53:15-05:00,1094.41,1094.566,1094.6699,1094.32,14866,,1640710395000000000,1094.4818442822548,267
1685,2021-12-28 11:53:20-05:00,1094.65,1094.88,1094.88,1094.58,11657,,1640710400000000000,1094.721208715794,322
1686,2021-12-28 11:53:25-05:00,1094.96,1095.165,1096.32,1094.96,37145,,1640710405000000000,1095.5070213137685,1216
1687,2021-12-28 11:53:30-05:00,1095.11,1096.065,1096.065,1095.0901,7929,,1640710410000000000,1095.4292692142774,143
1688,2021-12-28 11:53:35-05:00,1095.97,1096.3497,1096.44,1095.85,13021,,1640710415000000000,1096.1194155518015,300
1689,2021-12-28 11:53:40-05:00,1096.59,1096.46,1096.59,1096.3301,6675,,1640710420000000000,1096.457640928839,140
1690,2021-12-28 11:53:45-05:00,1096.531,1096,1096.5799,1096,13216,,1640710425000000000,1096.2907022321428,245
1691,2021-12-28 11:53:50-05:00,1096.03,1095.878,1096.3036,1095.4695,12103,,1640710430000000000,1095.8775411468232,301
1692,2021-12-28 11:53:55-05:00,1096.2154,1096.1487,1096.59,1096.0288,5899,,1640710435000000000,1096.3076176640104,188
1693,2021-12-28 11:54:00-05:00,1096.01,1095.8863,1096.15,1095.38,8146,,1640710440000000000,1095.894244475816,217
1694,2021-12-28 11:54:05-05:00,1096.14,1096.2046,1096.3,1095.8407,5623,,1640710445000000000,1096.1035682375953,180
1695,2021-12-28 11:54:10-05:00,1096.075,1096.12,1096.2399,1096,4985,,1640710450000000000,1096.0705244934804,84
1696,2021-12-28 11:54:15-05:00,1096.24,1096.107,1096.24,1095.96,10624,,1640710455000000000,1096.0710713855424,225
1697,2021-12-28 11:54:20-05:00,1096.06,1095.6266,1096.06,1095.6031,4569,,1640710460000000000,1095.8787016196102,105
1698,2021-12-28 11:54:25-05:00,1095.5,1095.175,1095.5,1095.175,4319,,1640710465000000000,1095.3969925445713,100
1699,2021-12-28 11:54:30-05:00,1095.2097,1095.4124,1095.4762,1095.2097,3139,,1640710470000000000,1095.3079349792927,79
1700,2021-12-28 11:54:35-05:00,1095.2816,1095.09,1095.3699,1094.65,18838,,1640710475000000000,1095.0284753423946,520
1701,2021-12-28 11:54:40-05:00,1095.2374,1095.3483,1095.6299,1095.19,4741,,1640710480000000000,1095.4386334739509,112
1702,2021-12-28 11:54:45-05:00,1095.35,1095.1801,1095.4,1095.1801,1091,,1640710485000000000,1095.3180653528875,46
1703,2021-12-28 11:54:50-05:00,1095.1901,1095.436,1095.45,1095,5104,,1640710490000000000,1095.2681262539186,126
1704,2021-12-28 11:54:55-05:00,1095.175,1095.1338,1095.32,1095.1338,2956,,1640710495000000000,1095.2579393775372,84
1705,2021-12-28 11:55:00-05:00,1095.2528,1095.18,1095.36,1095.04,3770,,1640710500000000000,1095.2343381697613,92
1706,2021-12-28 11:55:05-05:00,1095.04,1095.05,1095.05,1094.6701,3119,,1640710505000000000,1094.8753922411029,74
1707,2021-12-28 11:55:10-05:00,1094.9585,1094.87,1095.03,1094.7049,6570,,1640710510000000000,1094.9299173059362,127
1708,2021-12-28 11:55:15-05:00,1094.9999,1095.2399,1095.86,1094.9,9767,,1640710515000000000,1095.2556939490128,230
1709,2021-12-28 11:55:20-05:00,1095.4299,1095.0301,1095.4299,1095.0301,3359,,1640710520000000000,1095.2234941649303,71
1710,2021-12-28 11:55:25-05:00,1095.3,1095.3,1095.3,1095.07,7084,,1640710525000000000,1095.2547012563525,127
1711,2021-12-28 11:55:30-05:00,1095.29,1095.27,1095.45,1095.27,2707,,1640710530000000000,1095.330629257481,105
1712,2021-12-28 11:55:35-05:00,1095.27,1095.4,1095.4,1095.0201,5031,,1640710535000000000,1095.2693065394556,134
1713,2021-12-28 11:55:40-05:00,1095.24,1095.1,1095.4,1095.07,2712,,1640710540000000000,1095.3064189896756,102
1714,2021-12-28 11:55:45-05:00,1095.04,1095.118,1095.19,1095.02,2173,,1640710545000000000,1095.1322071329957,54
1715,2021-12-28 11:55:50-05:00,1095.0363,1094.5822,1095.23,1094.5822,5924,,1640710550000000000,1094.9796418636054,162
1716,2021-12-28 11:55:55-05:00,1094.64,1095,1095,1094.43,3564,,1640710555000000000,1094.7411619248041,124
1717,2021-12-28 11:56:00-05:00,1094.865,1094.9348,1094.9348,1094.67,1456,,1640710560000000000,1094.8360210164838,46
1718,2021-12-28 11:56:05-05:00,1094.8304,1094.96,1094.96,1094.75,842,,1640710565000000000,1094.854740617577,47
1719,2021-12-28 11:56:10-05:00,1094.73,1094.858,1094.9999,1094.73,1062,,1640710570000000000,1094.8936065913372,33
1720,2021-12-28 11:56:15-05:00,1094.7301,1095.175,1095.2588,1094.7301,5724,,1640710575000000000,1095.0722989692522,118
1721,2021-12-28 11:56:20-05:00,1095.27,1096.0801,1096.58,1095.26,13262,,1640710580000000000,1096.064818896095,424
1722,2021-12-28 11:56:25-05:00,1096.32,1096.35,1096.35,1095.72,5477,,1640710585000000000,1096.0983711338326,159
1723,2021-12-28 11:56:30-05:00,1096.5699,1097.2705,1097.5,1096.2003,19065,,1640710590000000000,1097.003591450302,382
1724,2021-12-28 11:56:35-05:00,1096.9001,1096.6108,1097.0699,1096.57,4450,,1640710595000000000,1096.810459146067,127
1725,2021-12-28 11:56:40-05:00,1096.824,1096.92,1097.42,1096.7901,7847,,1640710600000000000,1096.9119107811907,135
1726,2021-12-28 11:56:45-05:00,1097.3699,1097.37,1097.52,1097,8264,,1640710605000000000,1097.3595362173282,156
1727,2021-12-28 11:56:50-05:00,1097.31,1097.455,1097.67,1097.1355,5723,,1640710610000000000,1097.2808653328682,108
1728,2021-12-28 11:56:55-05:00,1097.2758,1097.33,1097.8599,1097.2758,4832,,1640710615000000000,1097.5640231788082,129
1729,2021-12-28 11:57:00-05:00,1097.5599,1097.135,1097.5599,1097.0501,7925,,1640710620000000000,1097.2702823722393,134
1730,2021-12-28 11:57:05-05:00,1097.4265,1097.78,1097.8999,1097.1633,9227,,1640710625000000000,1097.5384347133418,220
1731,2021-12-28 11:57:10-05:00,1097.6825,1097.6021,1098,1097.41,16040,,1640710630000000000,1097.823064314215,323
1732,2021-12-28 11:57:15-05:00,1097.4972,1096.571,1097.5112,1096.46,12810,,1640710635000000000,1097.0940525370806,241
1733,2021-12-28 11:57:20-05:00,1096.72,1096.53,1096.72,1096.32,2652,,1640710640000000000,1096.5496002262444,118
1734,2021-12-28 11:57:25-05:00,1096.34,1096.9799,1096.9799,1096.34,3739,,1640710645000000000,1096.6513635998929,53
1735,2021-12-28 11:57:30-05:00,1096.799,1096.8931,1096.8931,1096.799,1787,,1640710650000000000,1096.8413405707888,108
1736,2021-12-28 11:57:35-05:00,1096.93,1096.812,1096.93,1096.72,1729,,1640710655000000000,1096.8161672064775,78
1737,2021-12-28 11:57:40-05:00,1096.75,1096.859,1096.859,1096.74,3633,,1640710660000000000,1096.8012873107627,75
1738,2021-12-28 11:57:45-05:00,1096.55,1096.53,1096.9629,1096.53,2901,,1640710665000000000,1096.7912568424688,166
1739,2021-12-28 11:57:50-05:00,1096.53,1095.88,1096.6199,1095.71,8806,,1640710670000000000,1096.1815867930954,160
1740,2021-12-28 11:57:55-05:00,1096.08,1096.01,1096.1822,1095.99,1969,,1640710675000000000,1096.0215442356528,83
1741,2021-12-28 11:58:00-05:00,1096.1079,1096.54,1096.54,1096.02,1776,,1640710680000000000,1096.2378393581082,47
1742,2021-12-28 11:58:05-05:00,1096.7799,1096.78,1097,1096.714,2792,,1640710685000000000,1096.833422636104,87
1743,2021-12-28 11:58:10-05:00,1096.69,1096.72,1096.8999,1096.69,2096,,1640710690000000000,1096.750251765267,70
1744,2021-12-28 11:58:15-05:00,1096.6609,1096.72,1096.9,1096.42,2014,,1640710695000000000,1096.7318283515397,64
1745,2021-12-28 11:58:20-05:00,1096.82,1096.7626,1096.82,1096.69,1947,,1640710700000000000,1096.72794951207,65
1746,2021-12-28 11:58:25-05:00,1096.6109,1096.24,1096.694,1096.24,2587,,1640710705000000000,1096.5405719752612,60
1747,2021-12-28 11:58:30-05:00,1096.1,1096.1112,1096.1457,1096,4052,,1640710710000000000,1096.031118558736,86
1748,2021-12-28 11:58:35-05:00,1096.203,1095.3951,1096.203,1095.3951,3277,,1640710715000000000,1095.8565475740006,92
1749,2021-12-28 11:58:40-05:00,1095.4743,1095.205,1095.4743,1095.0101,4782,,1640710720000000000,1095.2448694270172,132
1750,2021-12-28 11:58:45-05:00,1095.0414,1094.57,1095.2999,1094.57,4533,,1640710725000000000,1094.9449170968455,132
1751,2021-12-28 11:58:50-05:00,1094.7592,1095.13,1095.13,1094.57,7039,,1640710730000000000,1094.9312550930533,217
1752,2021-12-28 11:58:55-05:00,1095.1299,1094.75,1095.148,1094.53,12481,,1640710735000000000,1094.8470025398606,368
1753,2021-12-28 11:59:00-05:00,1094.74,1094.9,1095.2399,1094.7304,3514,,1640710740000000000,1094.8398818725102,88
1754,2021-12-28 11:59:05-05:00,1094.81,1095.31,1095.31,1094.81,3329,,1640710745000000000,1095.2075680985274,131
1755,2021-12-28 11:59:10-05:00,1095.05,1095.3099,1095.31,1095.03,3141,,1640710750000000000,1095.1662672078953,81
1756,2021-12-28 11:59:15-05:00,1095.2589,1095.1901,1095.2589,1095.01,2327,,1640710755000000000,1095.108429480017,71
1757,2021-12-28 11:59:20-05:00,1095.46,1095.9999,1095.9999,1095.46,3218,,1640710760000000000,1095.6143381292727,106
1758,2021-12-28 11:59:25-05:00,1095.81,1095.76,1095.81,1095.6,1582,,1640710765000000000,1095.7264174462705,44
1759,2021-12-28 11:59:30-05:00,1095.9799,1095.28,1095.9799,1095.28,2401,,1640710770000000000,1095.5432424406497,69
1760,2021-12-28 11:59:35-05:00,1095.47,1095.24,1095.47,1095.24,937,,1640710775000000000,1095.3878120597653,44
1761,2021-12-28 11:59:40-05:00,1095.2623,1095.4699,1095.4699,1095.22,934,,1640710780000000000,1095.338478907923,37
1762,2021-12-28 11:59:45-05:00,1095.28,1095.272,1095.28,1095.25,2321,,1640710785000000000,1095.3501115898318,53
1763,2021-12-28 11:59:50-05:00,1095.24,1096.07,1096.0823,1095.24,8070,,1640710790000000000,1095.7016426394055,200
1764,2021-12-28 11:59:55-05:00,1096.17,1096.3639,1096.3639,1096.14,1749,,1640710795000000000,1096.2068872498573,49
1765,2021-12-28 12:00:00-05:00,1096.39,1096.5716,1097,1096.39,16006,,1640710800000000000,1096.7294079595147,289
1766,2021-12-28 12:00:05-05:00,1096.5501,1096.825,1096.9618,1096.5401,1689,,1640710805000000000,1096.7287335109531,55
1767,2021-12-28 12:00:10-05:00,1096.64,1096.737,1096.8399,1095.99,4649,,1640710810000000000,1096.4382510647451,112
1768,2021-12-28 12:00:15-05:00,1096.18,1096.1939,1096.1939,1096.18,1295,,1640710815000000000,1096.2915235521227,62
1769,2021-12-28 12:00:20-05:00,1096.08,1095.64,1096.08,1095.64,1573,,1640710820000000000,1095.9525401144313,63
1770,2021-12-28 12:00:25-05:00,1095.72,1095.18,1095.72,1095.155,2037,,1640710825000000000,1095.3546378006874,57
1771,2021-12-28 12:00:30-05:00,1095.315,1095.1408,1095.315,1095.1408,589,,1640710830000000000,1095.2723730050934,29
1772,2021-12-28 12:00:35-05:00,1095.15,1095,1095.3799,1095,2474,,1640710835000000000,1095.0722260307193,129
1773,2021-12-28 12:00:40-05:00,1095.035,1094.5894,1095.035,1094.56,4316,,1640710840000000000,1094.8184832483782,132
1774,2021-12-28 12:00:45-05:00,1095.045,1094.986,1095.2716,1094.6901,1355,,1640710845000000000,1095.1068035424362,57
1775,2021-12-28 12:00:50-05:00,1094.9469,1094.9469,1094.9469,1094.9469,564,,1640710850000000000,1095.0290868794327,38
1776,2021-12-28 12:00:55-05:00,1095.29,1094.9,1095.29,1094.9,1641,,1640710855000000000,1095.034219804997,61
1777,2021-12-28 12:01:00-05:00,1094.9,1094.7,1094.9,1094.7,984,,1640710860000000000,1094.854775813009,64
1778,2021-12-28 12:01:05-05:00,1095.23,1095.17,1095.23,1095.17,1908,,1640710865000000000,1095.1547125262052,90
1779,2021-12-28 12:01:10-05:00,1094.88,1095.03,1095.1,1094.88,2048,,1640710870000000000,1095.0026788085936,48
1780,2021-12-28 12:01:15-05:00,1095.2272,1095.33,1095.33,1095,3155,,1640710875000000000,1095.1819389223458,103
1781,2021-12-28 12:01:20-05:00,1095.33,1095.38,1095.38,1095.33,1165,,1640710880000000000,1095.306377253219,53
1782,2021-12-28 12:01:25-05:00,1095.98,1095.3601,1095.9999,1095.3601,3277,,1640710885000000000,1095.7354193469637,104
1783,2021-12-28 12:01:30-05:00,1095.48,1095.48,1095.48,1095.48,1626,,1640710890000000000,1095.4912770602707,29
1784,2021-12-28 12:01:35-05:00,1095.4041,1095.4041,1095.4041,1095.4041,1104,,1640710895000000000,1095.3502209239127,50
1785,2021-12-28 12:01:40-05:00,1095.16,1095.2696,1095.3843,1095.16,767,,1640710900000000000,1095.317929986962,28
1786,2021-12-28 12:01:45-05:00,1095.232,1094.9367,1095.232,1094.63,2908,,1640710905000000000,1094.947647317744,82
1787,2021-12-28 12:01:50-05:00,1094.71,1094.5,1094.71,1094.5,3022,,1640710910000000000,1094.5425899404372,106
1788,2021-12-28 12:01:55-05:00,1094.2701,1094.13,1094.46,1094.13,3542,,1640710915000000000,1094.279180632411,86
1789,2021-12-28 12:02:00-05:00,1094.37,1093.41,1094.37,1093.41,9921,,1640710920000000000,1093.8685632395934,311
1790,2021-12-28 12:02:05-05:00,1093.585,1093.5613,1094,1093.33,11348,,1640710925000000000,1093.5211991011631,184
1791,2021-12-28 12:02:10-05:00,1093.9703,1093.21,1093.9703,1093.21,1633,,1640710930000000000,1093.5570912431108,59
1792,2021-12-28 12:02:15-05:00,1093.2,1092.1026,1093.2,1092.1026,13349,,1640710935000000000,1092.7218294254242,295
1793,2021-12-28 12:02:20-05:00,1092.44,1092.8568,1092.9764,1092.4,4144,,1640710940000000000,1092.5760746862932,111
1794,2021-12-28 12:02:25-05:00,1092.97,1093.0585,1093.0585,1092.935,1918,,1640710945000000000,1092.9423529718463,72
1795,2021-12-28 12:02:30-05:00,1092.945,1093,1093.1,1092.8,1505,,1640710950000000000,1092.9065370099665,79
1796,2021-12-28 12:02:35-05:00,1092.78,1092.8,1092.8,1092.48,2921,,1640710955000000000,1092.6714657309135,109
1797,2021-12-28 12:02:40-05:00,1092.6696,1092.6697,1092.6697,1092.6696,943,,1640710960000000000,1092.6459012725347,60
1798,2021-12-28 12:02:45-05:00,1092.9499,1092.6022,1092.9499,1092.46,3204,,1640710965000000000,1092.6251906991265,51
1799,2021-12-28 12:02:50-05:00,1092.4,1093,1093,1092.4,2197,,1640710970000000000,1092.7951963586715,88
1800,2021-12-28 12:02:55-05:00,1093.0916,1092.85,1093.0916,1092.85,2354,,1640710975000000000,1092.98269519966,59
1801,2021-12-28 12:03:00-05:00,1092.74,1092.4759,1092.925,1092.4759,2055,,1640710980000000000,1092.6941186374695,58
1802,2021-12-28 12:03:05-05:00,1092.4,1092,1092.47,1091.56,11767,,1640710985000000000,1091.9827256904894,295
1803,2021-12-28 12:03:10-05:00,1092.0261,1092.15,1092.74,1092.0261,2021,,1640710990000000000,1092.3075455714998,82
1804,2021-12-28 12:03:15-05:00,1092.52,1092.39,1092.595,1092.2719,1689,,1640710995000000000,1092.3766365896981,58
1805,2021-12-28 12:03:20-05:00,1092.45,1092.2871,1092.45,1092.2871,859,,1640711000000000000,1092.392651222351,36
1806,2021-12-28 12:03:25-05:00,1092.4315,1092.45,1092.8799,1092.4315,3457,,1640711005000000000,1092.606176308938,62
1807,2021-12-28 12:03:30-05:00,1092.67,1092.5641,1092.67,1092.21,824,,1640711010000000000,1092.5284673543692,31
1808,2021-12-28 12:03:35-05:00,1093.02,1092.935,1093.31,1092.91,3084,,1640711015000000000,1093.0147984111547,80
1809,2021-12-28 12:03:40-05:00,1093.2,1093.7699,1093.7699,1093.2,1908,,1640711020000000000,1093.314022431866,78
1810,2021-12-28 12:03:45-05:00,1093.2941,1093.81,1094.2455,1093.2941,3138,,1640711025000000000,1093.8276183556407,103
1811,2021-12-28 12:03:50-05:00,1093.26,1093.095,1093.44,1093.095,1575,,1640711030000000000,1093.3478194285715,49
1812,2021-12-28 12:03:55-05:00,1092.9901,1092.5606,1093.23,1092.5606,4681,,1640711035000000000,1092.8173621234794,127
1813,2021-12-28 12:04:00-05:00,1093.1,1093.18,1093.18,1092.966,1634,,1640711040000000000,1093.0995982252143,52
1814,2021-12-28 12:04:05-05:00,1093.345,1093.6199,1093.6199,1093.07,1138,,1640711045000000000,1093.4461220562396,37
1815,2021-12-28 12:04:10-05:00,1093.37,1093.8401,1094.1394,1093.37,3136,,1640711050000000000,1093.9656902104593,72
1816,2021-12-28 12:04:15-05:00,1094.14,1095.22,1095.91,1094.13,16961,,1640711055000000000,1095.0509667354522,380
1817,2021-12-28 12:04:20-05:00,1095.32,1095.6964,1095.71,1095.29,5785,,1640711060000000000,1095.42655770095,117
1818,2021-12-28 12:04:25-05:00,1095.6047,1095.2201,1095.6047,1095.14,1865,,1640711065000000000,1095.3511935656838,66
1819,2021-12-28 12:04:30-05:00,1095.13,1094.8075,1095.13,1094.79,3827,,1640711070000000000,1094.9141193362946,87
1820,2021-12-28 12:04:35-05:00,1094.94,1094.532,1094.9899,1094.532,1495,,1640711075000000000,1094.7026849498332,42
1821,2021-12-28 12:04:40-05:00,1094.33,1094.6,1094.74,1094.33,960,,1640711080000000000,1094.5188276041663,42
1822,2021-12-28 12:04:45-05:00,1094.47,1094.3811,1094.47,1094.3811,1297,,1640711085000000000,1094.480730686199,59
1823,2021-12-28 12:04:50-05:00,1094.35,1094.62,1094.79,1094.3372,1769,,1640711090000000000,1094.5763777840584,62
1824,2021-12-28 12:04:55-05:00,1094.74,1094.6959,1094.74,1094.6959,1774,,1640711095000000000,1094.7215959413757,42
1825,2021-12-28 12:05:00-05:00,1094.69,1094.5,1094.86,1094.5,3106,,1640711100000000000,1094.6958386349006,88
1826,2021-12-28 12:05:05-05:00,1094.505,1094.335,1094.53,1094.2,3510,,1640711105000000000,1094.393316723647,88
1827,2021-12-28 12:05:10-05:00,1094.342,1093.83,1094.342,1093.7241,5596,,1640711110000000000,1093.9103093102224,103
1828,2021-12-28 12:05:15-05:00,1093.8801,1094.3,1094.5786,1093.8801,3069,,1640711115000000000,1094.3377881720432,100
1829,2021-12-28 12:05:30-05:00,1094.254,1094.3902,1094.3902,1094.235,1918,,1640711130000000000,1094.259339468196,54
1830,2021-12-28 12:05:35-05:00,1094,1093.8401,1094.01,1093.8401,1711,,1640711135000000000,1094.0785683810636,88
1831,2021-12-28 12:05:40-05:00,1094.115,1094.43,1094.43,1094.1139,2567,,1640711140000000000,1094.2305895987533,58
1832,2021-12-28 12:05:45-05:00,1094.17,1094.39,1094.43,1094.17,4243,,1640711145000000000,1094.387439170398,85
1833,2021-12-28 12:05:50-05:00,1094.24,1094.095,1094.24,1094,2065,,1640711150000000000,1094.061804794189,45
1834,2021-12-28 12:05:55-05:00,1093.84,1094.09,1094.09,1093.75,2623,,1640711155000000000,1093.841755699581,49
1835,2021-12-28 12:06:00-05:00,1094.0799,1094.0043,1094.08,1094.0043,1158,,1640711160000000000,1094.0545709844564,39
1836,2021-12-28 12:06:05-05:00,1094.02,1093.97,1094.2099,1093.95,2499,,1640711165000000000,1094.1012535414168,64
1837,2021-12-28 12:06:15-05:00,1094.08,1093.5416,1094.08,1093.5416,1986,,1640711175000000000,1093.836500906344,57
1838,2021-12-28 12:06:20-05:00,1093.44,1093.28,1093.59,1093.11,4406,,1640711180000000000,1093.483854516568,76
1839,2021-12-28 12:06:25-05:00,1093.371,1093.14,1093.435,1093.14,3058,,1640711185000000000,1093.3628801504249,70
1840,2021-12-28 12:06:30-05:00,1093.06,1093.703,1093.703,1093.06,1321,,1640711190000000000,1093.55252331567,22
1841,2021-12-28 12:06:35-05:00,1093.0301,1093.0401,1093.1303,1093.0301,2014,,1640711195000000000,1093.0609524826214,25
1842,2021-12-28 12:06:40-05:00,1093.656,1093.83,1093.83,1093.656,1237,,1640711200000000000,1093.6423940177851,47
1843,2021-12-28 12:06:45-05:00,1093.88,1093.88,1093.88,1093.86,1902,,1640711205000000000,1093.8445478969504,73
1844,2021-12-28 12:06:50-05:00,1093.685,1093.69,1093.69,1093.57,2225,,1640711210000000000,1093.661771280898,39
1845,2021-12-28 12:06:55-05:00,1093.8,1093.8,1093.8,1093.8,1395,,1640711215000000000,1093.7216626523293,61
1846,2021-12-28 12:07:00-05:00,1093.65,1094.5336,1094.5336,1093.65,3156,,1640711220000000000,1093.9729371673004,78
1847,2021-12-28 12:07:05-05:00,1094.5599,1094.4997,1094.5599,1094.24,2364,,1640711225000000000,1094.4214736040608,59
1848,2021-12-28 12:07:10-05:00,1094.3004,1094.4735,1094.48,1094.3004,3526,,1640711230000000000,1094.4028506239363,82
1849,2021-12-28 12:07:15-05:00,1094.2,1094.3699,1094.3699,1094,2878,,1640711235000000000,1094.3242851980538,58
1850,2021-12-28 12:07:20-05:00,1093.95,1094.15,1094.15,1093.6401,2416,,1640711240000000000,1093.8218826986754,61
1851,2021-12-28 12:07:25-05:00,1094.01,1094.0021,1094.01,1093.73,1529,,1640711245000000000,1093.98654499673,56
1852,2021-12-28 12:07:30-05:00,1093.76,1093.44,1093.76,1093.44,2049,,1640711250000000000,1093.5763625183015,64
1853,2021-12-28 12:07:35-05:00,1093.47,1093.3269,1093.47,1093.3269,1205,,1640711255000000000,1093.4895413278007,55
1854,2021-12-28 12:07:40-05:00,1093.91,1093.89,1093.9799,1093.5889,2829,,1640711260000000000,1093.8605843054083,50
1855,2021-12-28 12:07:45-05:00,1093.755,1093.755,1093.755,1093.755,682,,1640711265000000000,1093.766060117302,34
1856,2021-12-28 12:07:50-05:00,1093.98,1094,1094.18,1093.98,3804,,1640711270000000000,1094.0123248159837,124
1857,2021-12-28 12:08:00-05:00,1093.4,1093.19,1093.4,1093.19,926,,1640711280000000000,1093.4224627429803,47
1858,2021-12-28 12:08:05-05:00,1093.0101,1093.23,1093.23,1093.0101,1572,,1640711285000000000,1093.1147454834609,20
1859,2021-12-28 12:08:10-05:00,1093.1,1093.1,1093.1,1093.1,1051,,1640711290000000000,1093.1414430066607,27
1860,2021-12-28 12:08:15-05:00,1093.01,1092.34,1093.01,1092.33,4395,,1640711295000000000,1092.7285375426625,159
1861,2021-12-28 12:08:20-05:00,1092.3763,1092.18,1092.8299,1092.18,1245,,1640711300000000000,1092.5322404016065,39
1862,2021-12-28 12:08:25-05:00,1092.7009,1092.9499,1092.9499,1092.7009,1518,,1640711305000000000,1092.8085957180501,24
1863,2021-12-28 12:08:30-05:00,1092.3819,1092.81,1092.81,1092.34,995,,1640711310000000000,1092.4629380904523,23
1864,2021-12-28 12:08:35-05:00,1092.9499,1093.42,1093.42,1092.55,4734,,1640711315000000000,1092.8968059991553,108
1865,2021-12-28 12:08:40-05:00,1093.36,1093.179,1093.4899,1092.91,2520,,1640711320000000000,1093.3134238095236,47
1866,2021-12-28 12:08:45-05:00,1093.24,1093.3679,1093.423,1093.1643,2617,,1640711325000000000,1093.356938288116,30
1867,2021-12-28 12:08:50-05:00,1093,1093,1093,1093,435,,1640711330000000000,1093.0284793103447,30
1868,2021-12-28 12:08:55-05:00,1093,1092.65,1093.1371,1092.65,1303,,1640711335000000000,1092.990713584037,27
1869,2021-12-28 12:09:00-05:00,1092.7,1092.6701,1092.7,1092.67,990,,1640711340000000000,1092.7413800000002,42
1870,2021-12-28 12:09:05-05:00,1093.05,1092.7204,1093.05,1092.7204,1216,,1640711345000000000,1092.8713978618416,25
1871,2021-12-28 12:09:10-05:00,1092.8694,1093.15,1093.15,1092.8694,2081,,1640711350000000000,1092.9623868813067,45
1872,2021-12-28 12:09:15-05:00,1093.2599,1093.26,1093.26,1093.2599,712,,1640711355000000000,1093.1846683988765,35
1873,2021-12-28 12:09:20-05:00,1093.169,1093.213,1093.213,1092.95,3118,,1640711360000000000,1093.0181447402183,45
1874,2021-12-28 12:09:25-05:00,1093.19,1093.19,1093.19,1093.19,986,,1640711365000000000,1093.1389840770794,42
1875,2021-12-28 12:09:30-05:00,1093.2,1093.4301,1093.4301,1093.2,923,,1640711370000000000,1093.2353830985915,35
1876,2021-12-28 12:09:35-05:00,1093.24,1093.63,1093.64,1093.24,1977,,1640711375000000000,1093.4542966616089,64
1877,2021-12-28 12:09:40-05:00,1093.1927,1093.475,1093.65,1093.1927,2836,,1640711380000000000,1093.533112905501,83
1878,2021-12-28 12:09:45-05:00,1093.475,1093.12,1093.475,1093.12,3580,,1640711385000000000,1093.444220391062,47
1879,2021-12-28 12:09:50-05:00,1092.9082,1092.765,1092.9082,1092.765,1846,,1640711390000000000,1092.877267334778,55
1880,2021-12-28 12:09:55-05:00,1092.4545,1092.3401,1092.4545,1092.3401,840,,1640711395000000000,1092.4620120238094,43
1881,2021-12-28 12:10:00-05:00,1092.4,1091.32,1092.4905,1091.15,12484,,1640711400000000000,1091.583213401153,389
1882,2021-12-28 12:10:05-05:00,1091.83,1091.6655,1091.86,1091.3901,1884,,1640711405000000000,1091.662389861995,65
1883,2021-12-28 12:10:10-05:00,1091.42,1091.53,1091.94,1091.42,3763,,1640711410000000000,1091.737857852777,46
1884,2021-12-28 12:10:15-05:00,1091.685,1092.4699,1092.4699,1091.685,7738,,1640711415000000000,1092.0138839493407,137
1885,2021-12-28 12:10:20-05:00,1092.47,1092.0601,1092.47,1092.0601,1355,,1640711420000000000,1092.2002273062728,40
1886,2021-12-28 12:10:25-05:00,1092.43,1092.46,1092.47,1092.43,1339,,1640711425000000000,1092.5091484690065,55
1887,2021-12-28 12:10:30-05:00,1093.02,1093.4933,1093.71,1092.76,11256,,1640711430000000000,1093.2959778518127,294
1888,2021-12-28 12:10:35-05:00,1093.3751,1093.955,1094,1093.3751,5853,,1640711435000000000,1093.8145347001534,128
1889,2021-12-28 12:10:40-05:00,1093.96,1096.14,1096.14,1093.96,13597,,1640711440000000000,1095.2163273589763,449
1890,2021-12-28 12:10:45-05:00,1096.03,1095.895,1096.1399,1095.855,2308,,1640711445000000000,1095.9112534662045,67
1891,2021-12-28 12:10:50-05:00,1095.65,1095.1822,1095.8287,1095.1822,4972,,1640711450000000000,1095.581286323411,153
1892,2021-12-28 12:10:55-05:00,1095.3784,1095.4687,1095.4827,1095.01,2440,,1640711455000000000,1095.3362162704925,46
1893,2021-12-28 12:11:00-05:00,1096.0399,1095.35,1096.0399,1095.3022,3395,,1640711460000000000,1095.567648689249,102
1894,2021-12-28 12:11:05-05:00,1095.54,1095.4299,1095.54,1094.7974,2644,,1640711465000000000,1095.0659152798792,91
1895,2021-12-28 12:11:10-05:00,1094.89,1095.04,1095.175,1094.89,1885,,1640711470000000000,1095.1165186206902,51
1896,2021-12-28 12:11:15-05:00,1095.07,1095.1401,1095.2599,1095.07,1911,,1640711475000000000,1095.197000523286,42
1897,2021-12-28 12:11:20-05:00,1095,1094.9052,1095.1099,1094.62,3086,,1640711480000000000,1094.8076213221,59
1898,2021-12-28 12:11:30-05:00,1094.51,1094.4784,1094.685,1094.4784,3236,,1640711490000000000,1094.6972292027194,85
1899,2021-12-28 12:11:35-05:00,1094.91,1094.44,1094.91,1094.44,1101,,1640711495000000000,1094.6881752043596,46
1900,2021-12-28 12:11:40-05:00,1094.635,1094.5,1094.645,1094.5,1479,,1640711500000000000,1094.6326286004053,33
1901,2021-12-28 12:11:45-05:00,1094.82,1095.15,1095.15,1094.82,4577,,1640711505000000000,1095.0245221542493,91
1902,2021-12-28 12:11:50-05:00,1094.6701,1094.893,1094.893,1094.6701,2067,,1640711510000000000,1094.8215179970973,38
1903,2021-12-28 12:11:55-05:00,1094.78,1094.7801,1094.94,1094.78,3387,,1640711515000000000,1094.8560251550045,74
1904,2021-12-28 12:12:00-05:00,1094.78,1094.04,1094.81,1094.04,2848,,1640711520000000000,1094.4938764044944,75
1905,2021-12-28 12:12:05-05:00,1094.2451,1093.57,1094.2451,1093.57,2854,,1640711525000000000,1093.7677716888584,101
1906,2021-12-28 12:12:10-05:00,1093.65,1093.72,1093.72,1093.57,604,,1640711530000000000,1093.6771781456953,33
1907,2021-12-28 12:12:15-05:00,1094,1094.3448,1094.3448,1094,1253,,1640711535000000000,1094.184801197127,48
1908,2021-12-28 12:12:20-05:00,1093.803,1093.803,1093.803,1093.803,315,,1640711540000000000,1093.9701003174605,25
1909,2021-12-28 12:12:25-05:00,1093.59,1093.93,1093.9767,1093.59,583,,1640711545000000000,1093.8509183533445,24
1910,2021-12-28 12:12:30-05:00,1093.75,1093.75,1093.75,1093.75,608,,1640711550000000000,1093.765435855263,53
1911,2021-12-28 12:12:35-05:00,1093.5001,1093.547,1093.547,1093.5001,749,,1640711555000000000,1093.537039519359,21
1912,2021-12-28 12:12:45-05:00,1093.31,1093.07,1093.31,1093.03,1614,,1640711565000000000,1093.280692007435,65
1913,2021-12-28 12:12:50-05:00,1093.35,1093.3965,1093.6899,1093.35,1736,,1640711570000000000,1093.422708640553,34
1914,2021-12-28 12:12:55-05:00,1093.02,1093.65,1093.65,1093.02,2669,,1640711575000000000,1093.3792838516306,60
1915,2021-12-28 12:13:00-05:00,1093.4854,1093.66,1093.67,1093.4854,3739,,1640711580000000000,1093.6907925381117,85
1916,2021-12-28 12:13:05-05:00,1093.4729,1093.4729,1093.4729,1093.4729,506,,1640711585000000000,1093.4475152173911,30
1917,2021-12-28 12:13:10-05:00,1093.14,1093,1093.15,1093,3074,,1640711590000000000,1093.0672488288872,61
1918,2021-12-28 12:13:15-05:00,1092.83,1092.79,1092.83,1092.79,1282,,1640711595000000000,1092.8772013260527,45
1919,2021-12-28 12:13:20-05:00,1092.91,1092.7001,1092.92,1092.7001,1526,,1640711600000000000,1092.9055462647445,30
1920,2021-12-28 12:13:25-05:00,1092.7426,1093.0799,1093.0799,1092.7426,726,,1640711605000000000,1092.8844451790635,31
1921,2021-12-28 12:13:30-05:00,1093,1093,1093,1093,1571,,1640711610000000000,1092.9823906429026,50
1922,2021-12-28 12:13:35-05:00,1093.1499,1093.13,1093.1499,1093.13,512,,1640711615000000000,1093.07821328125,33
1923,2021-12-28 12:13:40-05:00,1093,1093.0613,1093.15,1093,1825,,1640711620000000000,1093.05569030137,44
1924,2021-12-28 12:13:45-05:00,1093.001,1093.41,1093.41,1093.001,2803,,1640711625000000000,1093.1236327149484,54
1925,2021-12-28 12:13:50-05:00,1094.1241,1093.727,1094.1241,1093.727,3468,,1640711630000000000,1093.9257855824685,83
1926,2021-12-28 12:13:55-05:00,1093.73,1093.74,1093.7784,1093.73,1480,,1640711635000000000,1093.751618445946,23
1927,2021-12-28 12:14:00-05:00,1093.9558,1093.64,1093.9558,1093.42,2032,,1640711640000000000,1093.5823143208663,47
1928,2021-12-28 12:14:10-05:00,1093.5,1094.4,1094.4,1093.5,4389,,1640711650000000000,1093.9275878332196,82
1929,2021-12-28 12:14:15-05:00,1094.4857,1094.06,1094.5199,1094.06,1940,,1640711655000000000,1094.2698384536081,31
1930,2021-12-28 12:14:20-05:00,1094.06,1094.5,1094.5,1094.06,866,,1640711660000000000,1094.217277944573,32
1931,2021-12-28 12:14:25-05:00,1094.73,1094.95,1095.11,1094.65,9539,,1640711665000000000,1094.935128818534,140
1932,2021-12-28 12:14:30-05:00,1095.0969,1095.2799,1095.2799,1094.72,3867,,1640711670000000000,1094.973152081717,103
1933,2021-12-28 12:14:35-05:00,1095.24,1095.08,1095.28,1094.93,1516,,1640711675000000000,1095.1102398416888,62
1934,2021-12-28 12:14:40-05:00,1095.1502,1095.347,1095.4,1094.87,4138,,1640711680000000000,1095.2209937409377,84
1935,2021-12-28 12:14:45-05:00,1095.135,1095.0582,1095.24,1095,2374,,1640711685000000000,1095.112296082561,45
1936,2021-12-28 12:14:50-05:00,1095.245,1095.2,1095.245,1095,3450,,1640711690000000000,1095.1367809565213,85
1937,2021-12-28 12:14:55-05:00,1095.03,1095.29,1095.29,1095.02,2690,,1640711695000000000,1095.142784237918,79
1938,2021-12-28 12:15:00-05:00,1095.121,1095.15,1095.15,1095,1896,,1640711700000000000,1095.0908956751055,70
1939,2021-12-28 12:15:05-05:00,1095.3314,1095.25,1095.48,1095.25,2197,,1640711705000000000,1095.363438916705,74
1940,2021-12-28 12:15:10-05:00,1095.48,1096.1365,1096.37,1095.48,9064,,1640711710000000000,1095.9229026919677,230
1941,2021-12-28 12:15:15-05:00,1096.325,1096.4429,1096.96,1096.325,5917,,1640711715000000000,1096.6225287138757,148
1942,2021-12-28 12:15:20-05:00,1096.18,1096.21,1096.5599,1096.18,3704,,1640711720000000000,1096.264908477322,81
1943,2021-12-28 12:15:25-05:00,1096.2401,1096.0883,1096.335,1095.995,2359,,1640711725000000000,1096.2238057227637,81
1944,2021-12-28 12:15:30-05:00,1095.6313,1095.77,1095.9862,1095.61,3510,,1640711730000000000,1095.7574707692306,62
1945,2021-12-28 12:15:35-05:00,1095.705,1095.9772,1095.9772,1095.6929,2449,,1640711735000000000,1095.7298844834625,47
1946,2021-12-28 12:15:40-05:00,1095.96,1098.1941,1098.1941,1095.96,42969,,1640711740000000000,1097.3085302334234,901
1947,2021-12-28 12:15:45-05:00,1098.2166,1098.93,1098.9465,1098.0355,11817,,1640711745000000000,1098.5369537022932,332
1948,2021-12-28 12:15:50-05:00,1098.95,1099.425,1099.87,1098.95,23495,,1640711750000000000,1099.4292554586068,622
1949,2021-12-28 12:15:55-05:00,1099.1071,1099.16,1099.5999,1099.0154,8602,,1640711755000000000,1099.2424326551966,146
1950,2021-12-28 12:16:00-05:00,1099,1099.2,1099.5599,1098.95,8128,,1640711760000000000,1099.3130707185037,180
1951,2021-12-28 12:16:05-05:00,1099.04,1099,1099.4,1098.82,11944,,1640711765000000000,1099.0449408824525,238
1952,2021-12-28 12:16:10-05:00,1099.1598,1099.0452,1099.48,1099.01,3893,,1640711770000000000,1099.216477138454,110
1953,2021-12-28 12:16:15-05:00,1099.11,1099,1099.24,1098.67,5975,,1640711775000000000,1098.8294479497908,133
1954,2021-12-28 12:16:20-05:00,1099.1399,1099.14,1099.14,1098.8529,4046,,1640711780000000000,1099.0137926099856,108
1955,2021-12-28 12:16:25-05:00,1099.14,1099.174,1099.174,1099.02,3425,,1640711785000000000,1099.118521751825,92
1956,2021-12-28 12:16:30-05:00,1099.2591,1098.9319,1099.2598,1098.9319,3725,,1640711790000000000,1099.0870411275164,105
1957,2021-12-28 12:16:35-05:00,1099.135,1098.9,1099.2599,1098.89,3299,,1640711795000000000,1098.1685839951506,103
1958,2021-12-28 12:16:40-05:00,1098.76,1098.2701,1099.07,1098.2701,5523,,1640711800000000000,1098.6622370994023,140
1959,2021-12-28 12:16:45-05:00,1098.42,1097.9511,1098.5699,1097.74,5436,,1640711805000000000,1097.9909224613684,94
1960,2021-12-28 12:16:50-05:00,1097.956,1098.0201,1098.3,1097.78,4777,,1640711810000000000,1098.1204469960228,70
1961,2021-12-28 12:16:55-05:00,1098.265,1099.02,1099.19,1098.265,12646,,1640711815000000000,1098.6826782698088,179
1962,2021-12-28 12:17:00-05:00,1099,1098.871,1099,1098.871,2593,,1640711820000000000,1098.9177593521017,70
1963,2021-12-28 12:17:05-05:00,1098.73,1098.72,1098.73,1098.72,1669,,1640711825000000000,1098.7155982624326,71
1964,2021-12-28 12:17:10-05:00,1098.515,1098.8799,1098.8799,1098.2703,2724,,1640711830000000000,1098.4491627386196,54
1965,2021-12-28 12:17:15-05:00,1098.4001,1098.1941,1098.6755,1097.61,8483,,1640711835000000000,1098.1125038783455,158
1966,2021-12-28 12:17:20-05:00,1098,1098.2299,1098.5547,1097.6701,2346,,1640711840000000000,1098.0709278772374,74
1967,2021-12-28 12:17:25-05:00,1098.2242,1098.4099,1098.45,1098.09,1788,,1640711845000000000,1098.262991610738,56
1968,2021-12-28 12:17:30-05:00,1098.08,1098.1079,1098.19,1097.9706,1581,,1640711850000000000,1098.0918221378881,66
1969,2021-12-28 12:17:35-05:00,1098.1995,1098.215,1098.42,1098.117,4121,,1640711855000000000,1098.3171405726769,86
1970,2021-12-28 12:17:40-05:00,1098.18,1098.28,1098.5846,1098.18,1874,,1640711860000000000,1098.328835218783,59
1971,2021-12-28 12:17:45-05:00,1098.385,1098.2,1098.477,1098.2,1441,,1640711865000000000,1098.337285357391,47
1972,2021-12-28 12:17:50-05:00,1098.5465,1098.525,1098.69,1098.325,3241,,1640711870000000000,1098.5589833693302,86
1973,2021-12-28 12:17:55-05:00,1098.2501,1097.61,1098.6899,1097.61,4322,,1640711875000000000,1098.1509324386855,121
1974,2021-12-28 12:18:00-05:00,1098.16,1097.9066,1098.3599,1097.9066,1738,,1640711880000000000,1098.0398365937856,50
1975,2021-12-28 12:18:05-05:00,1098.1,1098.0745,1098.1,1098.0529,1277,,1640711885000000000,1098.044916836335,52
1976,2021-12-28 12:18:10-05:00,1097.895,1097.57,1098.11,1097.57,1705,,1640711890000000000,1097.8472660997063,63
1977,2021-12-28 12:18:15-05:00,1097.5378,1097.98,1097.98,1097.51,4482,,1640711895000000000,1097.637914926372,84
1978,2021-12-28 12:18:20-05:00,1097.9326,1097.88,1097.98,1097.59,1595,,1640711900000000000,1097.8697294670847,54
1979,2021-12-28 12:18:25-05:00,1098.0799,1098.01,1098.0799,1097.84,2659,,1640711905000000000,1097.9326795787888,72
1980,2021-12-28 12:18:30-05:00,1097.76,1097.76,1097.76,1097.76,692,,1640711910000000000,1097.7786846820811,21
1981,2021-12-28 12:18:35-05:00,1097.965,1097.86,1098.13,1097.8571,2706,,1640711915000000000,1098.012147708795,87
1982,2021-12-28 12:18:40-05:00,1098.1,1098.1,1098.1,1098.1,237,,1640711920000000000,1098.0571603375527,29
1983,2021-12-28 12:18:45-05:00,1098.12,1098.19,1098.25,1098.053,5050,,1640711925000000000,1098.179375623762,114
1984,2021-12-28 12:18:50-05:00,1097.94,1098,1098.2399,1097.88,4046,,1640711930000000000,1098.0640352694018,105
1985,2021-12-28 12:18:55-05:00,1097.99,1097.75,1098.2499,1097.75,1861,,1640711935000000000,1097.8428360558835,71
1986,2021-12-28 12:19:00-05:00,1097.6,1097.07,1097.6,1097.0201,4044,,1640711940000000000,1097.3497632789315,152
1987,2021-12-28 12:19:05-05:00,1097.3247,1097.315,1097.5999,1097.315,1362,,1640711945000000000,1097.3827813509547,54
1988,2021-12-28 12:19:10-05:00,1097.5399,1097.75,1097.75,1097.33,3833,,1640711950000000000,1097.6222127837204,73
1989,2021-12-28 12:19:15-05:00,1097.7068,1097.93,1097.9699,1097.4707,2328,,1640711955000000000,1097.7785522766324,74
1990,2021-12-28 12:19:20-05:00,1097.6767,1097.665,1097.71,1097.4961,2487,,1640711960000000000,1097.6581454764776,26
1991,2021-12-28 12:19:25-05:00,1097.4891,1097.8899,1097.8899,1097.4401,815,,1640711965000000000,1097.5935914110426,37
1992,2021-12-28 12:19:30-05:00,1097.59,1098.66,1098.76,1097.56,8461,,1640711970000000000,1098.172780569672,234
1993,2021-12-28 12:19:35-05:00,1098.85,1098.8201,1099.2,1098.5401,6740,,1640711975000000000,1098.9784436795258,189
1994,2021-12-28 12:19:40-05:00,1099,1099.51,1099.6864,1098.9601,13817,,1640711980000000000,1099.3416041977268,294
1995,2021-12-28 12:19:45-05:00,1099.04,1099.01,1099.3005,1099.01,3122,,1640711985000000000,1099.136054228059,81
1996,2021-12-28 12:19:50-05:00,1098.8901,1098.6087,1099.1328,1098.58,6003,,1640711990000000000,1098.834353290022,87
1997,2021-12-28 12:19:55-05:00,1098.78,1098.8562,1099,1098.5501,2854,,1640711995000000000,1098.8244971618783,65
1998,2021-12-28 12:20:00-05:00,1098.89,1098.0001,1098.89,1098.0001,4105,,1640712000000000000,1098.4069677466503,139
1999,2021-12-28 12:20:05-05:00,1098.0522,1098.2846,1098.29,1098.0361,1115,,1640712005000000000,1098.2079503139012,36
2000,2021-12-28 12:20:10-05:00,1098.02,1098.0554,1098.2809,1098.02,853,,1640712010000000000,1098.217367526377,23
2001,2021-12-28 12:20:15-05:00,1098.265,1098.2716,1098.2716,1098.265,1341,,1640712015000000000,1098.2752880686055,39
2002,2021-12-28 12:20:20-05:00,1098.275,1098.275,1098.275,1098.275,587,,1640712020000000000,1098.301315672913,39
2003,2021-12-28 12:20:25-05:00,1098.1404,1097.6107,1098.1404,1097.5201,7881,,1640712025000000000,1097.9701068392333,205
2004,2021-12-28 12:20:30-05:00,1097.66,1098.0311,1098.2086,1097.5294,4157,,1640712030000000000,1097.9317497955258,93
2005,2021-12-28 12:20:35-05:00,1097.69,1098.2705,1098.3617,1097.69,3241,,1640712035000000000,1098.0850486578215,42
2006,2021-12-28 12:20:40-05:00,1098.27,1098.27,1098.27,1098.27,641,,1640712040000000000,1098.3285045241812,28
2007,2021-12-28 12:20:45-05:00,1098.4799,1099.34,1099.34,1098.27,2082,,1640712045000000000,1098.8366681075888,94
2008,2021-12-28 12:20:50-05:00,1099.5092,1100.97,1101.22,1099.3599,51101,,1640712050000000000,1100.1786762255094,1838
2009,2021-12-28 12:20:55-05:00,1100.6601,1100.98,1101.6903,1100.6601,16200,,1640712055000000000,1101.132923925925,289
2010,2021-12-28 12:21:00-05:00,1100.9801,1101.8558,1102,1100.9801,10591,,1640712060000000000,1101.7471042772172,387
2011,2021-12-28 12:21:05-05:00,1101.4601,1101.21,1101.82,1101,10597,,1640712065000000000,1101.3420060488818,149
2012,2021-12-28 12:21:10-05:00,1101.34,1100.4144,1101.34,1100.4144,9227,,1640712070000000000,1100.804644738268,123
2013,2021-12-28 12:21:15-05:00,1100.5,1100.38,1100.7599,1100.38,2903,,1640712075000000000,1100.4907293489491,77
2014,2021-12-28 12:21:20-05:00,1100.47,1100.06,1100.47,1100,6544,,1640712080000000000,1100.208482136308,114
2015,2021-12-28 12:21:25-05:00,1100.3845,1100.37,1100.407,1100.01,6110,,1640712085000000000,1100.175641783961,66
2016,2021-12-28 12:21:30-05:00,1100.349,1100.2712,1100.39,1100.1436,3673,,1640712090000000000,1100.2462855159272,85
2017,2021-12-28 12:21:35-05:00,1100.41,1100.3264,1100.62,1099.84,8718,,1640712095000000000,1100.2490299380593,154
2018,2021-12-28 12:21:40-05:00,1100.189,1100.74,1100.74,1100.189,2791,,1640712100000000000,1100.509588498746,92
2019,2021-12-28 12:21:45-05:00,1100.7601,1100.9799,1100.9799,1100.43,2686,,1640712105000000000,1100.6839470960533,37
2020,2021-12-28 12:21:50-05:00,1100.8092,1099.7601,1100.8092,1099.7601,6224,,1640712110000000000,1100.0698422236503,108
2021,2021-12-28 12:21:55-05:00,1099.9299,1099.0327,1099.9299,1099.0327,3587,,1640712115000000000,1099.4027532478394,112
2022,2021-12-28 12:22:00-05:00,1098.92,1098.1362,1099.0365,1098.0901,7903,,1640712120000000000,1098.5816888649879,198
2023,2021-12-28 12:22:05-05:00,1098.12,1098.9899,1099.0046,1098.12,6150,,1640712125000000000,1098.6853697560973,148
2024,2021-12-28 12:22:10-05:00,1098.75,1098.802,1099.1399,1098.75,1043,,1640712130000000000,1098.9041044103549,49
2025,2021-12-28 12:22:15-05:00,1098.76,1098.25,1098.8962,1098.19,3024,,1640712135000000000,1098.5132029100523,84
2026,2021-12-28 12:22:20-05:00,1098.45,1098.601,1098.97,1098.4,4347,,1640712140000000000,1098.6266130434776,82
2027,2021-12-28 12:22:25-05:00,1098.785,1098.4,1098.785,1098.4,1790,,1640712145000000000,1098.643139497207,52
2028,2021-12-28 12:22:30-05:00,1098.6184,1098.9899,1098.9899,1098.6184,1112,,1640712150000000000,1098.6366014388486,51
2029,2021-12-28 12:22:35-05:00,1098.9484,1099.12,1099.12,1098.8452,3980,,1640712155000000000,1098.9959218090457,97
2030,2021-12-28 12:22:40-05:00,1099.1502,1099.3866,1099.46,1099.1502,4642,,1640712160000000000,1099.3389400258513,107
2031,2021-12-28 12:22:45-05:00,1099.701,1099.68,1099.8,1099.435,2219,,1640712165000000000,1099.6460715187018,57
2032,2021-12-28 12:22:50-05:00,1099.41,1099.86,1099.86,1099.41,964,,1640712170000000000,1099.6283302904565,39
2033,2021-12-28 12:22:55-05:00,1099.86,1099.4299,1099.86,1099.2,4157,,1640712175000000000,1099.4830562905943,90
2034,2021-12-28 12:23:00-05:00,1099.23,1099.4399,1099.4399,1099.11,2311,,1640712180000000000,1099.3020225010819,37
2035,2021-12-28 12:23:05-05:00,1099.66,1099.613,1099.76,1099.545,1759,,1640712185000000000,1099.632329903354,63
2036,2021-12-28 12:23:10-05:00,1099.1401,1099.1401,1099.1401,1099.1401,845,,1640712190000000000,1099.4061377514797,44
2037,2021-12-28 12:23:15-05:00,1099.31,1099.5997,1099.854,1099.31,1561,,1640712195000000000,1099.5877464445866,43
2038,2021-12-28 12:23:20-05:00,1099.39,1099.465,1099.565,1099.39,2575,,1640712200000000000,1099.495281475728,40
2039,2021-12-28 12:23:25-05:00,1099.5477,1099.41,1099.5477,1099.41,1412,,1640712205000000000,1099.5188796033995,26
2040,2021-12-28 12:23:30-05:00,1099.6999,1099.5523,1099.6999,1099.5523,1140,,1640712210000000000,1099.6309318421054,29
2041,2021-12-28 12:23:35-05:00,1099.5,1098.4204,1099.5,1098.1101,6848,,1640712215000000000,1098.8194995327103,215
2042,2021-12-28 12:23:40-05:00,1098.1401,1098.01,1098.365,1098.01,5014,,1640712220000000000,1098.2045676705218,92
2043,2021-12-28 12:23:45-05:00,1098.183,1098.3701,1098.55,1098.0771,1940,,1640712225000000000,1098.3432141237115,37
2044,2021-12-28 12:23:50-05:00,1098.52,1098.4161,1098.64,1098.4161,2463,,1640712230000000000,1098.519110678035,93
2045,2021-12-28 12:24:00-05:00,1098.75,1098.5,1098.75,1098.25,2592,,1640712240000000000,1098.5233028163582,85
2046,2021-12-28 12:24:05-05:00,1098.43,1098.266,1098.6751,1098.26,4858,,1640712245000000000,1098.4386105393164,54
2047,2021-12-28 12:24:15-05:00,1098.6594,1098.89,1098.89,1098.6594,901,,1640712255000000000,1098.7228968923423,54
2048,2021-12-28 12:24:20-05:00,1098.38,1098.545,1098.9699,1098.3083,5047,,1640712260000000000,1098.4511727362797,36
2049,2021-12-28 12:24:25-05:00,1098.643,1098.3001,1098.643,1098.3001,729,,1640712265000000000,1098.6259244170096,32
2050,2021-12-28 12:24:30-05:00,1098.79,1098.58,1098.79,1098.58,739,,1640712270000000000,1098.6721970230042,24
2051,2021-12-28 12:24:35-05:00,1098.78,1098.75,1098.78,1098.5936,1336,,1640712275000000000,1098.6889144461077,36
2052,2021-12-28 12:24:40-05:00,1098.6,1098.78,1098.78,1098.6,1793,,1640712280000000000,1098.7161873954267,57
2053,2021-12-28 12:24:45-05:00,1098.33,1098.3641,1098.3641,1098.2018,2539,,1640712285000000000,1098.3223343836157,75
2054,2021-12-28 12:24:50-05:00,1098.42,1098.43,1098.69,1098.42,1923,,1640712290000000000,1098.4455851794075,45
2055,2021-12-28 12:24:55-05:00,1098.59,1098.315,1098.59,1098.315,521,,1640712295000000000,1098.3881746641075,30
2056,2021-12-28 12:25:00-05:00,1098.3049,1098.47,1098.47,1098.2801,1474,,1640712300000000000,1098.3655657394845,38
2057,2021-12-28 12:25:05-05:00,1098.3155,1098.2,1098.475,1097.81,9743,,1640712305000000000,1098.0578706763833,216
2058,2021-12-28 12:25:10-05:00,1098.035,1097.75,1098.035,1097.7201,1878,,1640712310000000000,1097.8986941959533,43
2059,2021-12-28 12:25:15-05:00,1097.7722,1097.6747,1097.7722,1097.1891,5695,,1640712315000000000,1097.4252548902552,116
2060,2021-12-28 12:25:20-05:00,1097.68,1098,1098.25,1097.68,7793,,1640712320000000000,1097.974930527397,130
2061,2021-12-28 12:25:30-05:00,1097.915,1098.2501,1098.7099,1097.91,3228,,1640712330000000000,1098.2737362763323,98
2062,2021-12-28 12:25:35-05:00,1098.315,1098.17,1098.5999,1098.17,914,,1640712335000000000,1098.3402170678337,25
2063,2021-12-28 12:25:45-05:00,1098.0931,1098.23,1098.23,1097.97,2690,,1640712345000000000,1098.0418984386617,49
2064,2021-12-28 12:25:50-05:00,1098.38,1099,1099.04,1098.21,5853,,1640712350000000000,1098.8606948402528,141
2065,2021-12-28 12:25:55-05:00,1099.15,1099.705,1100,1099.095,6329,,1640712355000000000,1099.621170532469,198
2066,2021-12-28 12:26:00-05:00,1099.3201,1099.604,1099.99,1099.3201,2184,,1640712360000000000,1099.6938467948717,44
2067,2021-12-28 12:26:05-05:00,1099.9899,1100.24,1100.2417,1099.56,6541,,1640712365000000000,1100.07409049075,177
2068,2021-12-28 12:26:10-05:00,1100.4196,1100.29,1100.58,1100.29,5263,,1640712370000000000,1100.415947102413,102
2069,2021-12-28 12:26:15-05:00,1100.4086,1100.23,1100.5299,1099.9601,5567,,1640712375000000000,1100.172896407401,106
2070,2021-12-28 12:26:20-05:00,1100.2787,1099.7668,1100.43,1099.62,2582,,1640712380000000000,1099.9184406661504,84
2071,2021-12-28 12:26:25-05:00,1099.6401,1099.38,1099.8813,1099.38,2125,,1640712385000000000,1099.710576235294,84
2072,2021-12-28 12:26:30-05:00,1099.6596,1099.3201,1099.6596,1099.3201,1180,,1640712390000000000,1099.460197711864,34
2073,2021-12-28 12:26:35-05:00,1099.32,1099.24,1099.53,1099.24,1917,,1640712395000000000,1099.4203893583726,65
2074,2021-12-28 12:26:40-05:00,1099.6039,1099.5936,1099.63,1099.499,2122,,1640712400000000000,1099.5579237983031,36
2075,2021-12-28 12:26:45-05:00,1099.0701,1099.6206,1099.7002,1099.0701,2631,,1640712405000000000,1099.449679551501,42
2076,2021-12-28 12:26:50-05:00,1099.575,1099.3966,1099.575,1099.1123,2882,,1640712410000000000,1099.386985704372,78
2077,2021-12-28 12:26:55-05:00,1099.405,1098.66,1099.405,1098.66,2770,,1640712415000000000,1099.0030056317692,94
2078,2021-12-28 12:27:00-05:00,1098.6111,1098.1771,1098.6799,1098.1401,3358,,1640712420000000000,1098.4141109589043,53
2079,2021-12-28 12:27:05-05:00,1098.38,1098.14,1098.38,1097.74,2232,,1640712425000000000,1098.1215246863792,87
2080,2021-12-28 12:27:10-05:00,1098.3199,1098.26,1098.47,1097.941,2920,,1640712430000000000,1098.3402134246571,78
2081,2021-12-28 12:27:15-05:00,1098.23,1098.7139,1098.7139,1098.23,1327,,1640712435000000000,1098.385814920874,33
2082,2021-12-28 12:27:20-05:00,1098.481,1098.47,1098.85,1098.47,3045,,1640712440000000000,1098.5324233825945,48
2083,2021-12-28 12:27:25-05:00,1098.433,1098.85,1099,1098.37,3083,,1640712445000000000,1098.6288552708404,141
2084,2021-12-28 12:27:30-05:00,1099.3006,1099.25,1099.3751,1099.144,2128,,1640712450000000000,1099.2595893796988,55
2085,2021-12-28 12:27:35-05:00,1099.2,1099,1099.2,1099,981,,1640712455000000000,1099.1032930682975,57
2086,2021-12-28 12:27:40-05:00,1098.96,1098.94,1099.045,1098.94,673,,1640712460000000000,1098.9721335809809,38
2087,2021-12-28 12:27:45-05:00,1098.7553,1099.1645,1099.1645,1098.72,868,,1640712465000000000,1098.8509463133641,35
2088,2021-12-28 12:27:50-05:00,1099.045,1099.045,1099.045,1099.045,377,,1640712470000000000,1098.9825029177719,24
2089,2021-12-28 12:27:55-05:00,1099.0712,1099.16,1099.16,1099.0712,767,,1640712475000000000,1099.0896061277708,42
2090,2021-12-28 12:28:00-05:00,1099,1099.04,1099.0626,1099,2357,,1640712480000000000,1099.0574717013153,59
2091,2021-12-28 12:28:05-05:00,1098.759,1098.7742,1098.7742,1098.759,1742,,1640712485000000000,1098.8246088978185,51
2092,2021-12-28 12:28:10-05:00,1098.83,1098.76,1098.83,1098.76,1194,,1640712490000000000,1098.8625469011724,44
2093,2021-12-28 12:28:15-05:00,1098.76,1098.9899,1098.9899,1098.5,2293,,1640712495000000000,1098.6750599651111,88
2094,2021-12-28 12:28:20-05:00,1098.75,1098.425,1098.75,1098.3,1410,,1640712500000000000,1098.4788746808513,59
2095,2021-12-28 12:28:25-05:00,1098.31,1098.19,1098.31,1098.19,1051,,1640712505000000000,1098.2917524262602,44
2096,2021-12-28 12:28:30-05:00,1098.7399,1097.9301,1098.7399,1097.76,6424,,1640712510000000000,1097.9991821139479,131
2097,2021-12-28 12:28:35-05:00,1097.94,1097.66,1098.025,1097.66,2567,,1640712515000000000,1097.8450825477212,59
2098,2021-12-28 12:28:40-05:00,1097.8382,1097.72,1097.8382,1097.3401,4362,,1640712520000000000,1097.587987070151,69
2099,2021-12-28 12:28:45-05:00,1097.53,1096.67,1097.57,1096.5069,13781,,1640712525000000000,1097.038494463393,426
2100,2021-12-28 12:28:50-05:00,1096.795,1096.2077,1096.795,1095.83,9320,,1640712530000000000,1096.311775354077,354
2101,2021-12-28 12:28:55-05:00,1096.155,1096.155,1096.4299,1096,4251,,1640712535000000000,1096.184295130557,96
2102,2021-12-28 12:29:00-05:00,1096.41,1096.6,1096.6,1096.137,3042,,1640712540000000000,1096.3849533530572,100
2103,2021-12-28 12:29:05-05:00,1096.31,1096.77,1096.88,1096.31,4491,,1640712545000000000,1096.6273419505676,126
2104,2021-12-28 12:29:10-05:00,1096.62,1096.635,1096.77,1096.4304,3779,,1640712550000000000,1096.5602645408833,95
2105,2021-12-28 12:29:15-05:00,1096.42,1095.52,1096.42,1095.51,6540,,1640712555000000000,1095.897213027523,179
2106,2021-12-28 12:29:20-05:00,1095.6682,1095.12,1095.6682,1095.11,6956,,1640712560000000000,1095.2564184301316,186
2107,2021-12-28 12:29:25-05:00,1095.58,1096.1799,1096.1799,1095.325,4790,,1640712565000000000,1095.6851048643002,141
2108,2021-12-28 12:29:30-05:00,1095.61,1095.71,1095.71,1095.61,807,,1640712570000000000,1095.7410830235438,61
2109,2021-12-28 12:29:35-05:00,1095.7739,1096.06,1096.61,1095.61,8746,,1640712575000000000,1096.093244042991,233
2110,2021-12-28 12:29:40-05:00,1096.07,1096.18,1096.5499,1095.89,2039,,1640712580000000000,1096.110100294262,60
2111,2021-12-28 12:29:45-05:00,1096.687,1096.216,1096.687,1096.15,1451,,1640712585000000000,1096.3829469331495,52
2112,2021-12-28 12:29:50-05:00,1096.23,1096.3,1096.31,1096.23,1541,,1640712590000000000,1096.2243360155742,58
2113,2021-12-28 12:29:55-05:00,1096.6099,1096.5834,1096.6099,1096.01,1477,,1640712595000000000,1096.4724044008124,65
2114,2021-12-28 12:30:00-05:00,1096.789,1096.69,1096.89,1096.3731,3413,,1640712600000000000,1096.7247730735423,92
2115,2021-12-28 12:30:05-05:00,1096.62,1097.4499,1097.4499,1096.62,2792,,1640712605000000000,1096.8584006446995,103
2116,2021-12-28 12:30:10-05:00,1097.2304,1097.3566,1097.7299,1097.014,1449,,1640712610000000000,1097.4301899240857,45
2117,2021-12-28 12:30:15-05:00,1097.4901,1097.9999,1097.9999,1097.4901,3020,,1640712615000000000,1097.8206439072849,69
2118,2021-12-28 12:30:20-05:00,1097.7802,1097.485,1097.8712,1097.485,1323,,1640712620000000000,1097.6453410430838,52
2119,2021-12-28 12:30:25-05:00,1097.342,1097.135,1097.342,1097.0701,1595,,1640712625000000000,1097.1894766144203,51
2120,2021-12-28 12:30:30-05:00,1096.88,1097.1,1097.23,1096.88,1476,,1640712630000000000,1097.1603342140925,52
2121,2021-12-28 12:30:35-05:00,1097.48,1097.3099,1097.57,1097.1,4117,,1640712635000000000,1097.3906626184119,100
2122,2021-12-28 12:30:40-05:00,1097,1097.33,1097.33,1097,1027,,1640712640000000000,1097.0905424537486,37
2123,2021-12-28 12:30:45-05:00,1097.42,1097.71,1098,1097.38,8245,,1640712645000000000,1097.645577695573,208
2124,2021-12-28 12:30:50-05:00,1097.7179,1097.4001,1097.8316,1097.4001,1284,,1640712650000000000,1097.6260193146416,36
2125,2021-12-28 12:30:55-05:00,1097.31,1097.31,1097.31,1097.31,292,,1640712655000000000,1097.4211150684928,24
2126,2021-12-28 12:31:00-05:00,1097.72,1097.733,1097.85,1097.56,1206,,1640712660000000000,1097.6916633499172,41
2127,2021-12-28 12:31:05-05:00,1097.84,1098.3584,1098.3584,1097.84,4789,,1640712665000000000,1098.0683717895174,120
2128,2021-12-28 12:31:10-05:00,1098.4,1097.4228,1098.4,1097.4228,2061,,1640712670000000000,1097.8296080543425,95
2129,2021-12-28 12:31:15-05:00,1097.93,1097.5527,1097.93,1097.5527,1571,,1640712675000000000,1097.7992760661998,57
2130,2021-12-28 12:31:20-05:00,1097.82,1098.02,1098.02,1097.7229,1774,,1640712680000000000,1097.7852975197293,60
2131,2021-12-28 12:31:25-05:00,1098.1942,1097.7901,1098.4,1097.7901,3152,,1640712685000000000,1098.1276715418785,63
2132,2021-12-28 12:31:30-05:00,1097.84,1097.67,1097.84,1097.67,1281,,1640712690000000000,1097.7808314597974,41
2133,2021-12-28 12:31:35-05:00,1097.31,1096.77,1097.31,1096.56,4799,,1640712695000000000,1097.005271931653,114
2134,2021-12-28 12:31:40-05:00,1096.5746,1096.6701,1096.83,1096.42,3420,,1640712700000000000,1096.6698788596489,55
2135,2021-12-28 12:31:45-05:00,1096.625,1096.1001,1096.625,1096.1001,3473,,1640712705000000000,1096.371606276994,67
2136,2021-12-28 12:31:50-05:00,1096.1,1095.5,1096.1,1095.5,6250,,1640712710000000000,1095.8737075040005,137
2137,2021-12-28 12:31:55-05:00,1095.5783,1095.41,1095.7399,1095.3124,3723,,1640712715000000000,1095.4869030889067,68
2138,2021-12-28 12:32:00-05:00,1095.4,1094.05,1095.6499,1094.05,18464,,1640712720000000000,1094.5860261265168,471
2139,2021-12-28 12:32:05-05:00,1094.18,1094.26,1094.5,1094.07,4949,,1640712725000000000,1094.2776670640535,148
2140,2021-12-28 12:32:10-05:00,1094.3,1093.91,1094.47,1093.88,6367,,1640712730000000000,1094.1567182817648,210
2141,2021-12-28 12:32:15-05:00,1093.8833,1093.7,1094.4408,1093.58,5877,,1640712735000000000,1093.8636536668369,116
2142,2021-12-28 12:32:20-05:00,1093.8099,1093.4215,1093.8099,1093.381,2730,,1640712740000000000,1093.5352304761905,62
2143,2021-12-28 12:32:25-05:00,1093.4215,1093.765,1093.96,1093.4215,3988,,1640712745000000000,1093.7824328485456,102
2144,2021-12-28 12:32:30-05:00,1093.96,1093.79,1093.96,1093.5001,2079,,1640712750000000000,1093.7967794612794,81
2145,2021-12-28 12:32:35-05:00,1093.752,1093.8601,1094,1093.752,4797,,1640712755000000000,1093.9384540129251,108
2146,2021-12-28 12:32:40-05:00,1093.71,1093.77,1093.77,1093.52,2548,,1640712760000000000,1093.7272422291994,118
2147,2021-12-28 12:32:45-05:00,1093.8,1093.5,1093.85,1093.3502,5435,,1640712765000000000,1093.5690830910753,152
2148,2021-12-28 12:32:50-05:00,1093.52,1093.5,1093.52,1093.35,1079,,1640712770000000000,1093.5263188137167,43
2149,2021-12-28 12:32:55-05:00,1093.61,1093.6122,1094.3199,1093.61,3261,,1640712775000000000,1093.8167254829807,106
2150,2021-12-28 12:33:00-05:00,1093.77,1093.91,1093.91,1093.5571,1248,,1640712780000000000,1093.778490945513,66
2151,2021-12-28 12:33:05-05:00,1094.223,1094.62,1094.62,1093.9,2723,,1640712785000000000,1094.3737383033417,97
2152,2021-12-28 12:33:10-05:00,1094.6519,1094.16,1094.99,1094.16,4454,,1640712790000000000,1094.6737711495286,119
2153,2021-12-28 12:33:15-05:00,1094.5482,1094.465,1094.8499,1094.25,2599,,1640712795000000000,1094.4959126202386,72
2154,2021-12-28 12:33:20-05:00,1094.5,1094.32,1094.5,1094.1,2960,,1640712800000000000,1094.322335202703,79
2155,2021-12-28 12:33:25-05:00,1094.2972,1094.4771,1094.4771,1094.05,864,,1640712805000000000,1094.2793417824075,25
2156,2021-12-28 12:33:30-05:00,1094.4833,1094.35,1094.4833,1094.2767,1066,,1640712810000000000,1094.3733755159474,24
2157,2021-12-28 12:33:35-05:00,1094.2215,1093.4745,1094.25,1093.44,5824,,1640712815000000000,1093.8923265281592,121
2158,2021-12-28 12:33:40-05:00,1093.93,1093.7687,1094.2499,1093.7687,2591,,1640712820000000000,1093.9913045928213,84
2159,2021-12-28 12:33:45-05:00,1094.1001,1094.29,1094.29,1094.1,1681,,1640712825000000000,1094.161208804283,52
2160,2021-12-28 12:33:50-05:00,1094.1043,1094.08,1094.1043,1094.08,575,,1640712830000000000,1094.0872702608694,27
2161,2021-12-28 12:33:55-05:00,1094.0343,1093.45,1094.0343,1093.45,2115,,1640712835000000000,1093.7655903073287,65
2162,2021-12-28 12:34:00-05:00,1093.44,1092.74,1093.44,1092.6548,9778,,1640712840000000000,1092.9928524135817,253
2163,2021-12-28 12:34:05-05:00,1093.1299,1092.1379,1093.1299,1092.11,7799,,1640712845000000000,1092.5770480959095,113
2164,2021-12-28 12:34:10-05:00,1092.33,1092.473,1092.49,1092.0101,4040,,1640712850000000000,1092.25274269802,122
2165,2021-12-28 12:34:15-05:00,1092.6225,1092.7899,1092.79,1092.37,2359,,1640712855000000000,1092.6632943196264,91
2166,2021-12-28 12:34:20-05:00,1092.77,1092.49,1092.79,1092.26,3369,,1640712860000000000,1092.4851322944496,86
2167,2021-12-28 12:34:25-05:00,1092.3301,1092.01,1092.36,1092.01,3551,,1640712865000000000,1092.2419348915803,102
2168,2021-12-28 12:34:30-05:00,1092.3367,1091.83,1092.3367,1091.76,5034,,1640712870000000000,1091.973741418354,239
2169,2021-12-28 12:34:35-05:00,1092.51,1092.51,1092.51,1092.12,3920,,1640712875000000000,1092.4521880102038,89
2170,2021-12-28 12:34:40-05:00,1092.29,1092.3451,1092.45,1092.12,5099,,1640712880000000000,1092.2819520690332,73
2171,2021-12-28 12:34:45-05:00,1092.0468,1092.51,1092.51,1092.0468,5360,,1640712885000000000,1094.2733256716417,76
2172,2021-12-28 12:34:55-05:00,1092.19,1092.1107,1092.19,1092,1404,,1640712895000000000,1092.1032853276358,75
2173,2021-12-28 12:35:00-05:00,1092.2822,1092.57,1092.73,1092,5021,,1640712900000000000,1092.4822044413463,111
2174,2021-12-28 12:35:05-05:00,1092.98,1092.76,1093.39,1092.76,6235,,1640712905000000000,1093.062598107458,160
2175,2021-12-28 12:35:10-05:00,1092.9186,1093.13,1093.13,1092.9186,955,,1640712910000000000,1093.0496043979056,48
2176,2021-12-28 12:35:15-05:00,1093.3,1093.6599,1093.6599,1092.9701,5822,,1640712915000000000,1093.4670186362073,145
2177,2021-12-28 12:35:20-05:00,1093.64,1093.32,1093.64,1093.32,1110,,1640712920000000000,1093.5073159459464,45
2178,2021-12-28 12:35:25-05:00,1093.62,1093.9773,1094.27,1093.354,4883,,1640712925000000000,1093.980225066557,118
2179,2021-12-28 12:35:30-05:00,1094.1948,1093.7154,1094.2499,1093.7154,1485,,1640712930000000000,1094.1165472053874,42
2180,2021-12-28 12:35:35-05:00,1093.77,1093.7105,1093.7879,1093.7105,2715,,1640712935000000000,1093.790818563535,73
2181,2021-12-28 12:35:40-05:00,1093.68,1093.8778,1093.8778,1093.68,722,,1640712940000000000,1093.778680055402,40
2182,2021-12-28 12:35:45-05:00,1093.82,1093.5,1094.09,1093.31,3036,,1640712945000000000,1093.7226517127804,99
2183,2021-12-28 12:35:50-05:00,1093.3101,1093.326,1093.326,1093.3101,416,,1640712950000000000,1093.4951019230773,19
2184,2021-12-28 12:35:55-05:00,1093.3501,1093.67,1093.68,1093.3501,1624,,1640712955000000000,1093.594891071429,42
2185,2021-12-28 12:36:00-05:00,1093.92,1093.175,1093.92,1093.03,2358,,1640712960000000000,1093.3782611535198,77
2186,2021-12-28 12:36:05-05:00,1093.014,1093.3468,1093.3468,1093,26604,,1640712965000000000,1092.2741934445946,52
2187,2021-12-28 12:36:10-05:00,1093.22,1093.22,1093.22,1093.22,646,,1640712970000000000,1093.1609775541795,33
2188,2021-12-28 12:36:15-05:00,1093.35,1093.16,1093.52,1093.16,3915,,1640712975000000000,1093.266804955301,124
2189,2021-12-28 12:36:20-05:00,1093.0027,1093.2599,1093.2599,1093.0027,523,,1640712980000000000,1093.035775908222,27
2190,2021-12-28 12:36:25-05:00,1093,1092.7,1093,1092.53,3436,,1640712985000000000,1092.9605340803262,65
2191,2021-12-28 12:36:30-05:00,1092.9686,1092.9686,1092.9686,1092.9686,631,,1640712990000000000,1092.9124240887481,31
2192,2021-12-28 12:36:35-05:00,1092.98,1092.775,1092.98,1092.775,3384,,1640712995000000000,1092.7980836879433,59
2193,2021-12-28 12:36:45-05:00,1092.97,1092.9561,1093.15,1092.9561,2885,,1640713005000000000,1093.0949175389944,104
2194,2021-12-28 12:36:50-05:00,1093.1001,1093.0666,1093.11,1093.0666,1344,,1640713010000000000,1093.1290278273807,47
2195,2021-12-28 12:36:55-05:00,1093.2,1093.23,1093.23,1093,3282,,1640713015000000000,1093.1280612431444,57
2196,2021-12-28 12:37:00-05:00,1093.16,1093.2861,1093.2861,1093.16,1927,,1640713020000000000,1093.2104503373116,43
2197,2021-12-28 12:37:05-05:00,1093.1849,1093.5554,1093.7007,1093.1849,2255,,1640713025000000000,1093.4730480266082,78
2198,2021-12-28 12:37:10-05:00,1093.87,1094.7406,1094.7406,1093.87,6054,,1640713030000000000,1094.193164188966,134
2199,2021-12-28 12:37:15-05:00,1094.57,1094.0887,1094.7699,1093.935,3016,,1640713035000000000,1094.4139775198942,62
2200,2021-12-28 12:37:20-05:00,1094.0903,1094.07,1094.0903,1093.7434,1784,,1640713040000000000,1093.9456367152468,73
2201,2021-12-28 12:37:25-05:00,1094.48,1094.61,1094.61,1094.34,851,,1640713045000000000,1094.4070668625145,37
2202,2021-12-28 12:37:30-05:00,1094.71,1094.5306,1094.7348,1094.1801,2394,,1640713050000000000,1094.4735076858815,78
2203,2021-12-28 12:37:35-05:00,1094.34,1094.34,1094.34,1094.34,1604,,1640713055000000000,1094.2714228179552,52
2204,2021-12-28 12:37:40-05:00,1094.264,1094.1199,1094.264,1093.75,2568,,1640713060000000000,1093.8957230529597,56
2205,2021-12-28 12:37:45-05:00,1093.8822,1093.875,1094.0357,1093.85,1551,,1640713065000000000,1093.9524286266922,25
2206,2021-12-28 12:37:50-05:00,1094.2,1093.2063,1094.2,1093.2063,2902,,1640713070000000000,1093.8516003101308,89
2207,2021-12-28 12:37:55-05:00,1093.16,1093.16,1093.2615,1093.16,2455,,1640713075000000000,1093.2110146639511,54
2208,2021-12-28 12:38:00-05:00,1093.1904,1093.39,1093.4,1093.1904,1802,,1640713080000000000,1093.312997391787,37
2209,2021-12-28 12:38:05-05:00,1093.4,1093.1466,1093.5,1093.06,3526,,1640713085000000000,1093.3150883720928,76
2210,2021-12-28 12:38:10-05:00,1093.2904,1092.5001,1093.3822,1092.5001,5584,,1640713090000000000,1092.9954880372488,93
2211,2021-12-28 12:38:15-05:00,1092.5001,1092.5,1092.83,1092.45,3381,,1640713095000000000,1092.5594303460516,119
2212,2021-12-28 12:38:20-05:00,1092.7062,1092.5,1092.88,1092.5,1183,,1640713100000000000,1092.7199187658493,44
2213,2021-12-28 12:38:25-05:00,1092.725,1092.725,1092.725,1092.725,776,,1640713105000000000,1092.7008229381447,38
2214,2021-12-28 12:38:30-05:00,1092.9399,1093,1093,1092.766,4124,,1640713110000000000,1092.923289379243,76
2215,2021-12-28 12:38:35-05:00,1092.9773,1093.65,1093.65,1092.9773,2362,,1640713115000000000,1093.3095444538528,67
2216,2021-12-28 12:38:40-05:00,1093.64,1093.7941,1093.7973,1093.219,2801,,1640713120000000000,1093.6786815780079,50
2217,2021-12-28 12:38:45-05:00,1093.5,1093.3083,1093.5,1093.3083,1254,,1640713125000000000,1093.4767173046248,31
2218,2021-12-28 12:38:50-05:00,1093.36,1093.17,1093.36,1093.17,4263,,1640713130000000000,1093.249107506451,42
2219,2021-12-28 12:38:55-05:00,1093.315,1093.315,1093.315,1093.315,476,,1640713135000000000,1093.2468075630252,33
2220,2021-12-28 12:39:05-05:00,1092.78,1092.6444,1092.95,1092.6444,2118,,1640713145000000000,1092.882662983947,90
2221,2021-12-28 12:39:10-05:00,1092.62,1091.57,1092.7099,1091.57,9337,,1640713150000000000,1092.093219931456,232
2222,2021-12-28 12:39:15-05:00,1091.52,1092.1999,1092.1999,1091.5001,7087,,1640713155000000000,1091.7989514886408,77
2223,2021-12-28 12:39:20-05:00,1091.98,1091.9787,1091.98,1091.92,2435,,1640713160000000000,1091.8919111704313,48
2224,2021-12-28 12:39:25-05:00,1091.5101,1091.5201,1091.5652,1091.5101,938,,1640713165000000000,1091.6297053304907,41
2225,2021-12-28 12:39:30-05:00,1091.54,1091.9429,1091.9435,1091.54,975,,1640713170000000000,1091.6997047179484,38
2226,2021-12-28 12:39:35-05:00,1092.0177,1091.69,1092.06,1091.69,3045,,1640713175000000000,1091.8569857471268,72
2227,2021-12-28 12:39:40-05:00,1091.5,1091.59,1091.91,1091.45,3325,,1640713180000000000,1091.6100352781957,91
2228,2021-12-28 12:39:45-05:00,1091.6098,1091.8303,1091.86,1091.59,1560,,1640713185000000000,1091.7345737179485,33
2229,2021-12-28 12:39:50-05:00,1091.86,1091.6574,1092.03,1091.64,4322,,1640713190000000000,1091.8642552984727,105
2230,2021-12-28 12:39:55-05:00,1091.86,1091.86,1091.86,1091.86,435,,1640713195000000000,1091.8501703448273,43
2231,2021-12-28 12:40:00-05:00,1091.72,1091.7237,1091.7237,1091.59,2262,,1640713200000000000,1091.6773599911583,71
2232,2021-12-28 12:40:05-05:00,1091.83,1092.12,1092.23,1091.65,4322,,1640713205000000000,1092.0045033549286,135
2233,2021-12-28 12:40:10-05:00,1092.25,1092.18,1092.5293,1092,2913,,1640713210000000000,1092.2454086508753,70
2234,2021-12-28 12:40:15-05:00,1091.94,1091.8484,1092.015,1091.72,6685,,1640713215000000000,1091.9109976215411,101
2235,2021-12-28 12:40:20-05:00,1091.5951,1092.2844,1092.2844,1091.5951,3472,,1640713220000000000,1091.9930037442398,102
2236,2021-12-28 12:40:25-05:00,1092.26,1092.21,1092.26,1092.21,994,,1640713225000000000,1092.2657545271634,52
2237,2021-12-28 12:40:30-05:00,1092.272,1092.272,1092.272,1092.272,635,,1640713230000000000,1092.2697461417322,24
2238,2021-12-28 12:40:35-05:00,1092,1092,1092,1092,1657,,1640713235000000000,1092.0343706698854,62
2239,2021-12-28 12:40:40-05:00,1092.3299,1091.9,1092.3299,1091.9,1826,,1640713240000000000,1091.9836644030672,38
2240,2021-12-28 12:40:45-05:00,1091.9599,1091.8952,1091.9599,1091.8952,671,,1640713245000000000,1091.9127174366618,21
2241,2021-12-28 12:40:55-05:00,1091.89,1091.56,1092.04,1091.56,3686,,1640713255000000000,1091.8647586001084,92
2242,2021-12-28 12:41:00-05:00,1091.86,1091.9857,1091.9857,1091.86,945,,1640713260000000000,1091.9215971428569,28
2243,2021-12-28 12:41:05-05:00,1091.97,1091.97,1091.97,1091.97,316,,1640713265000000000,1092.037438607595,24
2244,2021-12-28 12:41:10-05:00,1092.165,1092.165,1092.165,1092.165,1118,,1640713270000000000,1092.1985868515208,59
2245,2021-12-28 12:41:15-05:00,1092.26,1092,1092.37,1092,4194,,1640713275000000000,1092.2246131378147,71
2246,2021-12-28 12:41:20-05:00,1092.2399,1092.19,1092.2399,1092.19,1151,,1640713280000000000,1092.2350034752387,27
2247,2021-12-28 12:41:25-05:00,1092.18,1092.15,1092.18,1092.15,806,,1640713285000000000,1092.151196277916,39
2248,2021-12-28 12:41:30-05:00,1092.28,1092.49,1092.49,1092.144,2608,,1640713290000000000,1092.3412907975458,48
2249,2021-12-28 12:41:35-05:00,1092.26,1092.65,1092.65,1092.26,2151,,1640713295000000000,1092.4468456531843,51
2250,2021-12-28 12:41:40-05:00,1092.4,1092.9099,1092.9099,1092.4,3549,,1640713300000000000,1092.6021692871232,59
2251,2021-12-28 12:41:45-05:00,1092.6401,1092.64,1092.858,1092.64,1581,,1640713305000000000,1092.7065201138525,49
2252,2021-12-28 12:41:50-05:00,1092.605,1092.4963,1092.9099,1092.4963,2309,,1640713310000000000,1092.671778562148,46
2253,2021-12-28 12:41:55-05:00,1092.62,1092.62,1092.62,1092.62,1317,,1640713315000000000,1092.6663839028095,23
2254,2021-12-28 12:42:00-05:00,1092.69,1092.69,1092.69,1092.69,540,,1640713320000000000,1092.704952962963,27
2255,2021-12-28 12:42:05-05:00,1092.76,1092.49,1092.76,1092.49,1298,,1640713325000000000,1092.6581301232666,50
2256,2021-12-28 12:42:10-05:00,1092.35,1092.57,1092.57,1092.17,4664,,1640713330000000000,1092.4325216766722,88
2257,2021-12-28 12:42:20-05:00,1092.3,1092.48,1092.48,1092.29,2099,,1640713340000000000,1092.420271367318,49
2258,2021-12-28 12:42:25-05:00,1092.66,1093.4131,1093.4131,1092.66,5227,,1640713345000000000,1093.0271617180026,126
2259,2021-12-28 12:42:30-05:00,1093.04,1092.78,1093.04,1092.77,1299,,1640713350000000000,1092.8113634334106,53
2260,2021-12-28 12:42:35-05:00,1092.3801,1092.79,1092.79,1092.3801,897,,1640713355000000000,1092.6870767001114,38
2261,2021-12-28 12:42:40-05:00,1092.553,1092.5338,1092.553,1092.45,1453,,1640713360000000000,1092.5283368891949,45
2262,2021-12-28 12:42:45-05:00,1092.53,1092.6,1092.6,1092.53,590,,1640713365000000000,1092.5794005084745,26
2263,2021-12-28 12:42:50-05:00,1092.32,1092.32,1092.32,1092.32,473,,1640713370000000000,1092.3248338266385,38
2264,2021-12-28 12:42:55-05:00,1092.06,1091.4,1092.26,1091.36,6675,,1640713375000000000,1091.713366861423,160
2265,2021-12-28 12:43:00-05:00,1091.3,1090.61,1091.4114,1090.28,14516,,1640713380000000000,1090.7747881923394,383
2266,2021-12-28 12:43:05-05:00,1090.3101,1090.7499,1090.7499,1090.3101,1651,,1640713385000000000,1090.406285221078,49
2267,2021-12-28 12:43:10-05:00,1090.5382,1090.5795,1090.74,1090.5115,3333,,1640713390000000000,1090.5994491749175,36
2268,2021-12-28 12:43:15-05:00,1090.7099,1090.54,1090.7099,1090.3201,2481,,1640713395000000000,1090.5405516324065,70
2269,2021-12-28 12:43:20-05:00,1090.32,1090.52,1090.54,1090.31,3757,,1640713400000000000,1090.3943615916958,84
2270,2021-12-28 12:43:25-05:00,1090.0441,1090.5,1090.71,1090.02,5065,,1640713405000000000,1090.4061221717668,107
2271,2021-12-28 12:43:30-05:00,1090.7,1090.53,1090.8799,1090.5201,1705,,1640713410000000000,1090.7065899706745,55
2272,2021-12-28 12:43:35-05:00,1090.87,1091.0209,1091.04,1090.85,4060,,1640713415000000000,1090.9626177093592,125
2273,2021-12-28 12:43:40-05:00,1091.236,1091.4193,1091.8707,1091.11,2676,,1640713420000000000,1091.3712868460389,73
2274,2021-12-28 12:43:45-05:00,1091.4776,1091.4776,1091.4776,1091.4776,703,,1640713425000000000,1091.4839472261735,40
2275,2021-12-28 12:43:50-05:00,1091.38,1091.33,1091.38,1091.14,2129,,1640713430000000000,1091.2134017848757,60
2276,2021-12-28 12:43:55-05:00,1091.35,1091.63,1091.63,1091.23,1308,,1640713435000000000,1091.350004357798,56
2277,2021-12-28 12:44:00-05:00,1091.395,1091.78,1091.78,1091.06,1053,,1640713440000000000,1091.4552025641028,45
2278,2021-12-28 12:44:05-05:00,1091.9012,1091.8879,1091.9199,1091.31,2962,,1640713445000000000,1091.6374177245107,49
2279,2021-12-28 12:44:10-05:00,1091.84,1091.74,1091.89,1091.68,1894,,1640713450000000000,1091.7755426082367,33
2280,2021-12-28 12:44:15-05:00,1091.91,1092.86,1092.86,1091.8784,5189,,1640713455000000000,1092.2327720562728,101
2281,2021-12-28 12:44:20-05:00,1092.86,1092.6231,1092.9999,1092.5811,2733,,1640713460000000000,1092.7712615806813,83
2282,2021-12-28 12:44:25-05:00,1092.67,1092.97,1092.97,1092.67,1179,,1640713465000000000,1092.7936395250215,39
2283,2021-12-28 12:44:30-05:00,1092.74,1092.74,1092.74,1092.74,343,,1640713470000000000,1092.6915206997085,33
2284,2021-12-28 12:44:35-05:00,1093,1093.0997,1093.2,1092.97,5458,,1640713475000000000,1093.035982887505,107
2285,2021-12-28 12:44:40-05:00,1092.9,1092.5,1092.9,1092.5,1494,,1640713480000000000,1092.8468876171353,58
2286,2021-12-28 12:44:45-05:00,1092.9504,1092.79,1092.9504,1092.79,489,,1640713485000000000,1092.7497167689164,38
2287,2021-12-28 12:44:50-05:00,1092.7599,1092.7599,1092.7599,1092.7599,580,,1640713490000000000,1092.7110170689657,40
2288,2021-12-28 12:44:55-05:00,1092.2001,1092.2001,1092.2001,1092.2001,1156,,1640713495000000000,1092.2730871107267,21
2289,2021-12-28 12:45:00-05:00,1092.5027,1092.6877,1092.6877,1092.2412,853,,1640713500000000000,1092.3448423212192,17
2290,2021-12-28 12:45:05-05:00,1092.22,1092.48,1092.48,1092.22,2282,,1640713505000000000,1092.3332915425065,21
2291,2021-12-28 12:45:10-05:00,1092.2,1092,1092.2,1091.75,3032,,1640713510000000000,1091.972003100264,79
2292,2021-12-28 12:45:15-05:00,1091.8754,1091.48,1091.8754,1091.12,4161,,1640713515000000000,1091.5289773612112,76
2293,2021-12-28 12:45:20-05:00,1091.2089,1091.23,1091.23,1091.2089,780,,1640713520000000000,1091.2031748717948,26
2294,2021-12-28 12:45:25-05:00,1091.11,1090.7906,1091.11,1090.5,3100,,1640713525000000000,1090.7653185483873,63
2295,2021-12-28 12:45:30-05:00,1090.5847,1091.0579,1091.0579,1090.5847,5689,,1640713530000000000,1090.7434821585512,148
2296,2021-12-28 12:45:35-05:00,1090.89,1090.89,1090.89,1090.89,777,,1640713535000000000,1091.1367900900902,46
2297,2021-12-28 12:45:40-05:00,1091.5899,1091.4898,1091.5899,1091.4898,797,,1640713540000000000,1091.4769564617318,27
2298,2021-12-28 12:45:45-05:00,1091.5719,1091.5073,1091.5719,1091.5073,1480,,1640713545000000000,1091.5189372972973,43
2299,2021-12-28 12:45:50-05:00,1091.41,1091.41,1091.41,1091.41,831,,1640713550000000000,1091.427582430806,47
2300,2021-12-28 12:45:55-05:00,1091.1,1091.1,1091.1,1091.1,473,,1640713555000000000,1091.2096281183933,29
2301,2021-12-28 12:46:00-05:00,1091.2,1090.81,1091.38,1090.81,3685,,1640713560000000000,1091.1192293622796,118
2302,2021-12-28 12:46:05-05:00,1090.8468,1090.86,1090.86,1090.8468,667,,1640713565000000000,1090.8982518740631,29
2303,2021-12-28 12:46:10-05:00,1091.05,1090.815,1091.1199,1090.815,574,,1640713570000000000,1090.965031358885,32
2304,2021-12-28 12:46:15-05:00,1090.72,1090.8959,1090.94,1090.72,1414,,1640713575000000000,1090.8352996463932,47
2305,2021-12-28 12:46:20-05:00,1090.51,1090.53,1090.705,1090.5,1692,,1640713580000000000,1090.5723332151297,70
2306,2021-12-28 12:46:25-05:00,1090.535,1090.5381,1090.78,1090.535,2004,,1640713585000000000,1090.6576584331335,29
2307,2021-12-28 12:46:30-05:00,1090.59,1090.54,1090.59,1090.54,993,,1640713590000000000,1090.6119672708962,44
2308,2021-12-28 12:46:35-05:00,1090.52,1089.0757,1090.645,1088.89,26227,,1640713595000000000,1089.8336160559716,861
2309,2021-12-28 12:46:40-05:00,1088.865,1088.6469,1089.1099,1088.6101,6574,,1640713600000000000,1088.8195697292358,204
2310,2021-12-28 12:46:45-05:00,1088.98,1089,1089.23,1088.815,8384,,1640713605000000000,1088.971305355439,196
2311,2021-12-28 12:46:50-05:00,1089,1089.2117,1089.32,1089,2853,,1640713610000000000,1089.1813774623204,72
2312,2021-12-28 12:46:55-05:00,1089.31,1089.1881,1089.31,1088.84,2985,,1640713615000000000,1089.1098560804014,104
2313,2021-12-28 12:47:00-05:00,1089.01,1089.0091,1089.19,1088.92,4265,,1640713620000000000,1089.0158127315356,121
2314,2021-12-28 12:47:05-05:00,1088.8829,1089,1089,1088.88,1903,,1640713625000000000,1088.910229689963,52
2315,2021-12-28 12:47:10-05:00,1089.005,1088.6959,1089.005,1088.61,3661,,1640713630000000000,1088.796864982245,97
2316,2021-12-28 12:47:15-05:00,1088.884,1088.8899,1088.8899,1088.66,1797,,1640713635000000000,1088.7313519755146,82
2317,2021-12-28 12:47:20-05:00,1088.5523,1088.4069,1088.8288,1088.28,3036,,1640713640000000000,1088.4934760540184,53
2318,2021-12-28 12:47:25-05:00,1088.37,1088.1021,1088.56,1088.1,4003,,1640713645000000000,1088.2895063202589,141
2319,2021-12-28 12:47:30-05:00,1088.31,1088.11,1088.332,1088.11,6567,,1640713650000000000,1088.2796281863864,55
2320,2021-12-28 12:47:35-05:00,1088.28,1088.0209,1088.43,1088.0209,4722,,1640713655000000000,1088.1647774248202,93
2321,2021-12-28 12:47:40-05:00,1088.4,1088.4284,1088.5385,1088.01,3987,,1640713660000000000,1088.2335784298973,133
2322,2021-12-28 12:47:45-05:00,1088.28,1088.66,1088.66,1088.01,7871,,1640713665000000000,1088.3770067589885,215
2323,2021-12-28 12:47:50-05:00,1088.7982,1089.44,1089.44,1088.7982,5176,,1640713670000000000,1089.0635821676972,148
2324,2021-12-28 12:47:55-05:00,1089.6131,1088.76,1089.6131,1088.5,5723,,1640713675000000000,1088.95638181024,144
2325,2021-12-28 12:48:00-05:00,1088.825,1089.15,1089.15,1088.79,3386,,1640713680000000000,1088.9855529238039,124
2326,2021-12-28 12:48:05-05:00,1089.295,1089.08,1089.6199,1089.02,2651,,1640713685000000000,1089.2612456808752,84
2327,2021-12-28 12:48:10-05:00,1088.8255,1088.2832,1088.8255,1088.25,2841,,1640713690000000000,1088.4534047518478,93
2328,2021-12-28 12:48:15-05:00,1088.353,1088.63,1088.64,1088.353,2216,,1640713695000000000,1088.4784058212997,47
2329,2021-12-28 12:48:20-05:00,1088.4,1088.41,1088.5295,1088.4,3546,,1640713700000000000,1088.4777011844335,62
2330,2021-12-28 12:48:25-05:00,1088.81,1089.2072,1089.5299,1088.81,2838,,1640713705000000000,1089.170395278365,70
2331,2021-12-28 12:48:30-05:00,1089.6099,1089.5626,1089.67,1089.33,3162,,1640713710000000000,1089.5733216635062,155
2332,2021-12-28 12:48:35-05:00,1089.81,1089.13,1089.9617,1089.13,4372,,1640713715000000000,1089.618666514181,153
2333,2021-12-28 12:48:40-05:00,1089.4246,1089.67,1089.67,1089.4,3642,,1640713720000000000,1089.558402114223,85
2334,2021-12-28 12:48:45-05:00,1089.9299,1089.53,1089.9299,1089.44,1126,,1640713725000000000,1089.6788770870335,57
2335,2021-12-28 12:48:50-05:00,1089.4597,1089.4597,1089.4597,1089.4597,189,,1640713730000000000,1089.5365767195765,27
2336,2021-12-28 12:48:55-05:00,1089.43,1089.2,1089.43,1089.2,934,,1640713735000000000,1089.4214762312633,51
2337,2021-12-28 12:49:00-05:00,1089.67,1089.5447,1089.7,1089.5447,1152,,1640713740000000000,1089.6131178819442,42
2338,2021-12-28 12:49:05-05:00,1089.5301,1089.4059,1089.74,1089.4059,2012,,1640713745000000000,1089.579464811133,80
2339,2021-12-28 12:49:15-05:00,1089.8255,1089.642,1089.8274,1089.642,1302,,1640713755000000000,1089.765403302611,75
2340,2021-12-28 12:49:25-05:00,1089.86,1089.58,1090.09,1089.58,7747,,1640713765000000000,1089.9049002581644,223
2341,2021-12-28 12:49:30-05:00,1089.5835,1089.5267,1089.5835,1089.42,1692,,1640713770000000000,1089.5181075650116,77
2342,2021-12-28 12:49:35-05:00,1089.57,1089.57,1089.57,1089.57,434,,1640713775000000000,1089.6593836405534,34
2343,2021-12-28 12:49:40-05:00,1089.8664,1089.8664,1089.8664,1089.8664,420,,1640713780000000000,1089.7308807142858,22
2344,2021-12-28 12:49:45-05:00,1089.87,1089.595,1089.87,1089.595,963,,1640713785000000000,1089.6633953271025,46
2345,2021-12-28 12:49:50-05:00,1089.5239,1089.98,1089.98,1089.5239,2320,,1640713790000000000,1089.7040269827587,73
2346,2021-12-28 12:49:55-05:00,1089.91,1090.72,1090.72,1089.51,8182,,1640713795000000000,1089.9303636274751,157
2347,2021-12-28 12:50:00-05:00,1090.4814,1090.405,1090.68,1090.14,3096,,1640713800000000000,1090.3801533591734,81
2348,2021-12-28 12:50:05-05:00,1089.883,1090.28,1090.28,1089.883,883,,1640713805000000000,1090.0865336353343,21
2349,2021-12-28 12:50:10-05:00,1090.573,1090.62,1090.62,1089.73,7920,,1640713810000000000,1090.2234320707078,208
2350,2021-12-28 12:50:15-05:00,1090.72,1090.31,1090.77,1089.94,3099,,1640713815000000000,1090.3592587286219,104
2351,2021-12-28 12:50:20-05:00,1090.4132,1090.4132,1090.4132,1090.4132,413,,1640713820000000000,1090.2036658595641,17
2352,2021-12-28 12:50:25-05:00,1090.5,1090.67,1090.94,1090.5,2645,,1640713825000000000,1090.6512545179583,71
2353,2021-12-28 12:50:30-05:00,1090.6308,1091.07,1091.07,1090.3601,6628,,1640713830000000000,1090.882102112251,86
2354,2021-12-28 12:50:35-05:00,1090.9201,1091.82,1091.82,1090.89,5053,,1640713835000000000,1091.11551151791,123
2355,2021-12-28 12:50:40-05:00,1091.39,1092.18,1092.37,1091.39,13648,,1640713840000000000,1091.9448902403276,244
2356,2021-12-28 12:50:45-05:00,1092.4,1091.6299,1092.4,1091.48,17470,,1640713845000000000,1092.0984589982822,282
2357,2021-12-28 12:50:50-05:00,1091.5937,1092.18,1092.18,1091.5937,2845,,1640713850000000000,1092.0147886467491,85
2358,2021-12-28 12:50:55-05:00,1092.345,1092.465,1092.6099,1092.3001,3128,,1640713855000000000,1092.401944629156,85
2359,2021-12-28 12:51:00-05:00,1092.0882,1092.5,1092.7399,1092.0882,4686,,1640713860000000000,1092.5042368971403,90
2360,2021-12-28 12:51:05-05:00,1092.74,1092.6001,1092.78,1092.5,2267,,1640713865000000000,1092.7276468019409,53
2361,2021-12-28 12:51:10-05:00,1092.93,1093.436,1093.79,1092.91,12238,,1640713870000000000,1093.2271657705496,310
2362,2021-12-28 12:51:15-05:00,1093.515,1094.1,1094.12,1093.26,12006,,1640713875000000000,1093.5715879476936,149
2363,2021-12-28 12:51:20-05:00,1094.11,1094.4099,1094.6499,1094,8764,,1640713880000000000,1094.3446187699685,215
2364,2021-12-28 12:51:25-05:00,1093.83,1093.96,1093.96,1093.22,9035,,1640713885000000000,1093.6365244382957,218
2365,2021-12-28 12:51:30-05:00,1093.7504,1093.14,1093.7504,1093.14,2646,,1640713890000000000,1093.4131941421015,64
2366,2021-12-28 12:51:35-05:00,1093.2579,1093.64,1093.64,1093.15,6196,,1640713895000000000,1093.3448325209815,112
2367,2021-12-28 12:51:40-05:00,1093.35,1093.57,1093.57,1093.35,1339,,1640713900000000000,1093.590880657207,39
2368,2021-12-28 12:51:45-05:00,1093.635,1092.55,1093.635,1092.4301,7857,,1640713905000000000,1092.8421544482624,157
2369,2021-12-28 12:51:50-05:00,1092.76,1093.1055,1093.37,1092.76,8218,,1640713910000000000,1093.1165729374545,91
2370,2021-12-28 12:51:55-05:00,1092.89,1093.6599,1093.6599,1092.87,2338,,1640713915000000000,1093.3048658254918,65
2371,2021-12-28 12:52:00-05:00,1093.37,1093.12,1093.565,1093.0201,2939,,1640713920000000000,1093.4131281388227,58
2372,2021-12-28 12:52:05-05:00,1093.39,1092.91,1093.39,1092.91,4651,,1640713925000000000,1093.1410459256072,56
2373,2021-12-28 12:52:10-05:00,1093.28,1093.35,1093.8208,1093.28,8382,,1640713930000000000,1093.5242525530898,201
2374,2021-12-28 12:52:15-05:00,1093.6616,1093.5,1093.6616,1093.39,2454,,1640713935000000000,1093.4871484107573,77
2375,2021-12-28 12:52:20-05:00,1093.22,1092.9841,1093.27,1092.9841,1238,,1640713940000000000,1093.2695938610661,45
2376,2021-12-28 12:52:25-05:00,1093.275,1093.13,1093.302,1093.13,2091,,1640713945000000000,1093.2954776183644,49
2377,2021-12-28 12:52:30-05:00,1092.92,1092.4484,1092.92,1092.36,5731,,1640713950000000000,1092.5088922875586,88
2378,2021-12-28 12:52:35-05:00,1092.51,1092.3,1092.95,1092.2301,4743,,1640713955000000000,1092.6978054606789,60
2379,2021-12-28 12:52:40-05:00,1092.47,1092.78,1092.78,1092.445,2708,,1640713960000000000,1092.6290485967509,77
2380,2021-12-28 12:52:45-05:00,1092.9,1092.7638,1092.9,1092.7638,1265,,1640713965000000000,1092.816442687747,90
2381,2021-12-28 12:52:50-05:00,1093.14,1093.14,1093.14,1093.14,1207,,1640713970000000000,1093.1307154929575,23
2382,2021-12-28 12:52:55-05:00,1093.0642,1093.2,1093.6,1093.0642,2119,,1640713975000000000,1093.3295621047662,71
2383,2021-12-28 12:53:00-05:00,1092.8001,1093.05,1093.05,1092.8,1422,,1640713980000000000,1092.9527331223626,58
2384,2021-12-28 12:53:05-05:00,1093.0163,1093.156,1093.22,1092.78,835,,1640713985000000000,1093.0082219161677,31
2385,2021-12-28 12:53:10-05:00,1093.0394,1093.085,1093.085,1093.0394,3110,,1640713990000000000,1093.0459874919618,39
2386,2021-12-28 12:53:15-05:00,1093.4,1093.22,1093.44,1093.22,1390,,1640713995000000000,1093.3341778417264,68
2387,2021-12-28 12:53:20-05:00,1093.5399,1093.5399,1093.5399,1093.5399,337,,1640714000000000000,1093.2763142433237,27
2388,2021-12-28 12:53:25-05:00,1093,1093.51,1093.51,1093,1816,,1640714005000000000,1093.197476211454,44
2389,2021-12-28 12:53:30-05:00,1092.9052,1093.13,1093.13,1092.9052,1335,,1640714010000000000,1093.0864492134833,33
2390,2021-12-28 12:53:35-05:00,1092.9,1091.44,1092.9,1091.39,6432,,1640714015000000000,1092.3991273476367,152
2391,2021-12-28 12:53:40-05:00,1091.4262,1091.28,1092.0499,1091.2401,5465,,1640714020000000000,1091.5435082342178,82
2392,2021-12-28 12:53:45-05:00,1091.28,1091.31,1091.31,1091.1201,1523,,1640714025000000000,1091.2658468154955,48
2393,2021-12-28 12:53:50-05:00,1091.53,1091.375,1091.55,1091.315,1656,,1640714030000000000,1091.4466689009666,59
2394,2021-12-28 12:53:55-05:00,1091.58,1092.05,1092.05,1091.58,2638,,1640714035000000000,1091.766584078848,78
2395,2021-12-28 12:54:00-05:00,1092,1092.15,1092.15,1092,1071,,1640714040000000000,1092.0554379084967,25
2396,2021-12-28 12:54:10-05:00,1092.22,1092.22,1092.22,1092.22,1866,,1640714050000000000,1092.2650152197214,29
2397,2021-12-28 12:54:15-05:00,1092.0401,1092.0401,1092.0401,1092.0401,350,,1640714055000000000,1092.2093477142857,19
2398,2021-12-28 12:54:20-05:00,1092.06,1091.79,1092.06,1091.79,1224,,1640714060000000000,1091.9254080065361,41
2399,2021-12-28 12:54:25-05:00,1091.35,1091.35,1091.35,1091.35,1065,,1640714065000000000,1091.4856161502346,39
2400,2021-12-28 12:54:30-05:00,1091.2301,1091.38,1091.86,1091.2301,1361,,1640714070000000000,1091.5530060249816,36
2401,2021-12-28 12:54:35-05:00,1091.6326,1091.38,1091.6326,1091.38,893,,1640714075000000000,1091.5016034714442,26
2402,2021-12-28 12:54:40-05:00,1091.7899,1091.599,1091.7899,1091.38,3276,,1640714080000000000,1091.532373778999,31
2403,2021-12-28 12:54:45-05:00,1091.6142,1091.73,1091.73,1091.56,1035,,1640714085000000000,1091.603813043478,35
2404,2021-12-28 12:54:50-05:00,1091.71,1091.46,1091.71,1091.46,670,,1640714090000000000,1091.6730520895526,36
2405,2021-12-28 12:54:55-05:00,1091.57,1091.835,1091.835,1091.57,2808,,1640714095000000000,1091.810985968661,45
2406,2021-12-28 12:55:00-05:00,1092.04,1092.04,1092.04,1092.04,1231,,1640714100000000000,1091.959766937449,69
2407,2021-12-28 12:55:05-05:00,1091.86,1091.68,1091.86,1091.68,925,,1640714105000000000,1091.8552225945948,38
2408,2021-12-28 12:55:10-05:00,1091.86,1091.74,1091.86,1091.32,1696,,1640714110000000000,1091.6507892688683,81
2409,2021-12-28 12:55:15-05:00,1091.8399,1091.23,1091.8399,1091.23,709,,1640714115000000000,1091.4428976022568,25
2410,2021-12-28 12:55:20-05:00,1091.18,1091.0761,1091.18,1091.0761,401,,1640714120000000000,1091.2218209476312,30
2411,2021-12-28 12:55:25-05:00,1091.3,1091.3,1091.3,1091.3,461,,1640714125000000000,1091.2817336225594,25
2412,2021-12-28 12:55:30-05:00,1091.545,1091.545,1091.545,1091.545,325,,1640714130000000000,1091.4501963076925,28
2413,2021-12-28 12:55:40-05:00,1091.0301,1091.0301,1091.0301,1091.0301,742,,1640714140000000000,1091.1679299191376,26
2414,2021-12-28 12:55:45-05:00,1091.03,1090.77,1091.038,1090.77,3278,,1640714145000000000,1090.9577589078708,107
2415,2021-12-28 12:55:50-05:00,1090.7681,1090.5812,1090.7681,1090.5812,1856,,1640714150000000000,1090.7034051185342,51
2416,2021-12-28 12:55:55-05:00,1090.705,1090.795,1091.07,1090.61,5222,,1640714155000000000,1090.8678541171962,122
2417,2021-12-28 12:56:00-05:00,1090.36,1090.3601,1090.7616,1090.36,5699,,1640714160000000000,1090.4204642217933,129
2418,2021-12-28 12:56:05-05:00,1090.625,1090.37,1090.625,1090.36,3425,,1640714165000000000,1090.4219657810222,59
2419,2021-12-28 12:56:10-05:00,1090.455,1090.7901,1091.01,1090.3601,3989,,1640714170000000000,1090.7157538480824,78
2420,2021-12-28 12:56:15-05:00,1090.75,1090.805,1090.805,1090.75,1179,,1640714175000000000,1090.8515900763355,55
2421,2021-12-28 12:56:20-05:00,1090.96,1091.17,1091.17,1090.96,1814,,1640714180000000000,1091.194015435502,83
2422,2021-12-28 12:56:25-05:00,1091.445,1091.615,1091.8299,1091.4001,1308,,1640714185000000000,1091.6660380733942,26
2423,2021-12-28 12:56:30-05:00,1091.4001,1091.615,1091.615,1091.4001,1151,,1640714190000000000,1091.62187324066,22
2424,2021-12-28 12:56:35-05:00,1091.5994,1091.5994,1091.5994,1091.5994,1148,,1640714195000000000,1091.6186768292682,18
2425,2021-12-28 12:56:40-05:00,1091.82,1091.95,1091.98,1091.715,2854,,1640714200000000000,1091.8486049404341,74
2426,2021-12-28 12:56:45-05:00,1091.96,1092.05,1092.09,1091.83,3763,,1640714205000000000,1091.9766060324214,84
2427,2021-12-28 12:56:50-05:00,1092.0601,1092.07,1092.07,1092.0601,1330,,1640714210000000000,1092.1456395488722,19
2428,2021-12-28 12:56:55-05:00,1092.25,1092.14,1092.4866,1092.14,2147,,1640714215000000000,1092.3438651141125,34
2429,2021-12-28 12:57:05-05:00,1092.3066,1092.18,1092.3066,1092.18,791,,1640714225000000000,1092.2589275600508,19
2430,2021-12-28 12:57:10-05:00,1092.2934,1092.05,1092.2934,1092.05,1018,,1640714230000000000,1092.1849345776034,63
2431,2021-12-28 12:57:15-05:00,1092.32,1092.16,1092.415,1092.16,921,,1640714235000000000,1092.2927339847993,38
2432,2021-12-28 12:57:20-05:00,1092.5322,1092.56,1092.56,1092.365,2251,,1640714240000000000,1092.5054625944022,64
2433,2021-12-28 12:57:25-05:00,1092.3377,1092.5284,1092.5284,1092.3377,539,,1640714245000000000,1092.438792949907,22
2434,2021-12-28 12:57:30-05:00,1092.475,1092.4615,1092.8099,1092.4615,1726,,1640714250000000000,1092.4981575318657,52
2435,2021-12-28 12:57:35-05:00,1092.4247,1092.43,1092.82,1092.4247,1974,,1640714255000000000,1092.5753290780142,77
2436,2021-12-28 12:57:40-05:00,1092.435,1092.5,1092.5,1092.435,928,,1640714260000000000,1092.4755104525861,49
2437,2021-12-28 12:57:45-05:00,1092.36,1092.2,1092.36,1092.2,2002,,1640714265000000000,1092.3227280219778,55
2438,2021-12-28 12:57:50-05:00,1091.83,1092.0275,1092.1878,1091.83,1464,,1640714270000000000,1092.0783762295075,42
2439,2021-12-28 12:57:55-05:00,1092.02,1092.02,1092.02,1092.02,502,,1640714275000000000,1092.0069019920322,32
2440,2021-12-28 12:58:00-05:00,1092.0151,1092.09,1092.09,1092.0151,832,,1640714280000000000,1092.0847152644228,28
2441,2021-12-28 12:58:05-05:00,1091.8339,1091.8339,1091.8339,1091.8339,1344,,1640714285000000000,1091.8366186011906,29
2442,2021-12-28 12:58:10-05:00,1091.7963,1092.0274,1092.2,1091.7963,1507,,1640714290000000000,1092.014506038487,70
2443,2021-12-28 12:58:15-05:00,1091.89,1091.8,1092.02,1091.8,1479,,1640714295000000000,1091.9062501690332,56
2444,2021-12-28 12:58:20-05:00,1091.9899,1091.4123,1091.9899,1091.4123,1220,,1640714300000000000,1091.619203278689,38
2445,2021-12-28 12:58:25-05:00,1091.6168,1091.6168,1091.6168,1091.6168,795,,1640714305000000000,1091.518103144654,23
2446,2021-12-28 12:58:30-05:00,1091.6499,1091.36,1091.65,1091.36,1588,,1640714310000000000,1091.5999493073043,53
2447,2021-12-28 12:58:35-05:00,1091.5,1091.5,1091.5,1091.5,317,,1640714315000000000,1091.4948063091479,22
2448,2021-12-28 12:58:45-05:00,1091.3601,1091.5768,1091.635,1091.3601,1526,,1640714325000000000,1091.4957571428574,26
2449,2021-12-28 12:58:50-05:00,1091.7718,1091.62,1091.7718,1091.62,1044,,1640714330000000000,1091.686941283525,22
2450,2021-12-28 12:58:55-05:00,1091.74,1091.8,1091.8,1091.74,1210,,1640714335000000000,1091.7450454545458,31
2451,2021-12-28 12:59:00-05:00,1091.47,1091.255,1091.47,1090.82,2685,,1640714340000000000,1091.1508918808195,84
2452,2021-12-28 12:59:05-05:00,1091.15,1090.82,1091.15,1090.82,952,,1640714345000000000,1091.0095346638655,25
2453,2021-12-28 12:59:10-05:00,1090.7,1090.805,1090.805,1090.5962,4363,,1640714350000000000,1090.7067343570932,38
2454,2021-12-28 12:59:15-05:00,1090.8219,1090.8219,1090.8219,1090.8219,209,,1640714355000000000,1090.8107669856456,16
2455,2021-12-28 12:59:20-05:00,1090.5978,1091.21,1091.21,1090.5978,3335,,1640714360000000000,1091.0291745727138,103
2456,2021-12-28 12:59:25-05:00,1090.75,1090.835,1090.835,1090.75,2830,,1640714365000000000,1090.8413805300354,32
2457,2021-12-28 12:59:30-05:00,1090.9299,1090.52,1090.94,1090.5101,2518,,1640714370000000000,1090.6359019062745,37
2458,2021-12-28 12:59:35-05:00,1090.845,1091.165,1091.33,1090.845,1881,,1640714375000000000,1091.116398617756,68
2459,2021-12-28 12:59:40-05:00,1091.33,1091.4162,1091.4181,1091.33,1143,,1640714380000000000,1091.3424101487315,42
2460,2021-12-28 12:59:50-05:00,1091.2532,1091,1091.2532,1091,1182,,1640714390000000000,1091.149717935702,39
2461,2021-12-28 13:00:00-05:00,1090.62,1090.62,1090.62,1090.62,1323,,1640714400000000000,1090.6798753590328,60
2462,2021-12-28 13:00:05-05:00,1090.6,1090.6,1090.6,1090.6,1195,,1640714405000000000,1090.6484435146442,69
2463,2021-12-28 13:00:10-05:00,1090.415,1089.26,1090.415,1089.26,20492,,1640714410000000000,1089.5252768934215,427
2464,2021-12-28 13:00:15-05:00,1089.26,1089.01,1089.27,1089.01,7153,,1640714415000000000,1089.228948273452,136
2465,2021-12-28 13:00:20-05:00,1089.01,1089.68,1089.68,1089.01,4436,,1640714420000000000,1089.373904215509,110
2466,2021-12-28 13:00:25-05:00,1089.83,1090.1397,1090.1397,1089.78,2538,,1640714425000000000,1089.8098746650908,33
2467,2021-12-28 13:00:30-05:00,1089.98,1089.86,1090.11,1089.86,1121,,1640714430000000000,1090.0274478144513,41
2468,2021-12-28 13:00:35-05:00,1090,1089.87,1090,1089.87,665,,1640714435000000000,1089.9676076691733,30
2469,2021-12-28 13:00:40-05:00,1089.85,1089.82,1089.85,1089.82,899,,1640714440000000000,1089.8270996662957,49
2470,2021-12-28 13:00:45-05:00,1089.63,1090.14,1090.14,1089.61,6517,,1640714445000000000,1089.8851429952426,182
2471,2021-12-28 13:00:50-05:00,1089.6725,1090.06,1090.06,1089.6725,465,,1640714450000000000,1090.0434150537635,21
2472,2021-12-28 13:00:55-05:00,1090.1,1089.8538,1090.1,1089.77,1670,,1640714455000000000,1090.0557028742514,46
2473,2021-12-28 13:01:00-05:00,1089.9999,1089.95,1089.9999,1089.95,1887,,1640714460000000000,1089.9876342872278,72
2474,2021-12-28 13:01:10-05:00,1090.5,1090.54,1090.65,1090.3401,5754,,1640714470000000000,1090.5032476885647,68
2475,2021-12-28 13:01:15-05:00,1090.5399,1090.241,1090.5399,1090,683,,1640714475000000000,1090.1762231332357,15
2476,2021-12-28 13:01:20-05:00,1090.323,1090.26,1090.323,1090.26,673,,1640714480000000000,1090.276953937593,16
2477,2021-12-28 13:01:25-05:00,1090.28,1090.1126,1090.28,1090.1126,513,,1640714485000000000,1090.2113553606237,17
2478,2021-12-28 13:01:30-05:00,1090.3,1090.14,1090.3,1090.14,1031,,1640714490000000000,1090.1746414161012,49
2479,2021-12-28 13:01:35-05:00,1090.0388,1090.0388,1090.0388,1090.0388,758,,1640714495000000000,1090.0529381266492,11
2480,2021-12-28 13:01:40-05:00,1090.13,1089.6496,1090.13,1089.6496,1512,,1640714500000000000,1089.9371908068786,64
2481,2021-12-28 13:01:45-05:00,1089.73,1089.73,1089.73,1089.73,444,,1640714505000000000,1089.9220200450447,34
2482,2021-12-28 13:01:50-05:00,1090,1090,1090,1090,1269,,1640714510000000000,1090.0375818754922,37
2483,2021-12-28 13:01:55-05:00,1090.27,1090.4,1090.46,1090.235,4151,,1640714515000000000,1090.3788919537458,154
2484,2021-12-28 13:02:00-05:00,1090.25,1090.7315,1090.8699,1090.25,2187,,1640714520000000000,1090.562048010974,58
2485,2021-12-28 13:02:05-05:00,1090.79,1090.7465,1090.8567,1090.7465,1892,,1640714525000000000,1090.6405497357293,28
2486,2021-12-28 13:02:10-05:00,1090.789,1090.9601,1091.22,1090.789,2754,,1640714530000000000,1090.9534623456786,68
2487,2021-12-28 13:02:15-05:00,1091.34,1091.81,1091.9527,1091.235,3510,,1640714535000000000,1091.5184445868945,81
2488,2021-12-28 13:02:20-05:00,1091.75,1091.625,1091.75,1091.51,2767,,1640714540000000000,1091.6152651246837,66
2489,2021-12-28 13:02:25-05:00,1091.71,1091.84,1091.87,1091.6883,3040,,1640714545000000000,1091.7884700657894,57
2490,2021-12-28 13:02:30-05:00,1092.14,1092.02,1092.14,1091.96,1268,,1640714550000000000,1092.0942659305995,40
2491,2021-12-28 13:02:35-05:00,1092.1999,1092,1092.3499,1092,3933,,1640714555000000000,1092.1811429697439,61
2492,2021-12-28 13:02:40-05:00,1092.101,1092.101,1092.101,1092.101,1315,,1640714560000000000,1092.1252948288973,31
2493,2021-12-28 13:02:45-05:00,1092.16,1092.02,1092.3405,1091.97,1322,,1640714565000000000,1092.0787444780633,62
2494,2021-12-28 13:02:50-05:00,1091.71,1092.08,1092.08,1091.6,1277,,1640714570000000000,1091.771554502741,37
2495,2021-12-28 13:02:55-05:00,1091.6801,1092.1,1092.1,1091.6801,1942,,1640714575000000000,1091.8924479402679,45
2496,2021-12-28 13:03:00-05:00,1092.08,1092.16,1092.16,1092.0784,2229,,1640714580000000000,1091.9839614625394,72
2497,2021-12-28 13:03:10-05:00,1091.34,1091.475,1091.475,1091.34,1765,,1640714590000000000,1091.44072776204,53
2498,2021-12-28 13:03:15-05:00,1091.6858,1091.6858,1091.6858,1091.6858,172,,1640714595000000000,1091.6047441860467,18
2499,2021-12-28 13:03:20-05:00,1091.42,1091.63,1091.63,1091.34,1057,,1640714600000000000,1091.492170577105,34
2500,2021-12-28 13:03:25-05:00,1091.455,1091.455,1091.455,1091.455,307,,1640714605000000000,1091.4420208469055,16
2501,2021-12-28 13:03:30-05:00,1091.675,1091.675,1091.675,1091.675,267,,1640714610000000000,1091.6642528089887,14
2502,2021-12-28 13:03:35-05:00,1091.82,1092.09,1092.09,1091.82,4386,,1640714615000000000,1091.899811035111,61
2503,2021-12-28 13:03:40-05:00,1092.09,1092.2,1092.24,1092.09,1962,,1640714620000000000,1092.1262275229358,47
2504,2021-12-28 13:03:45-05:00,1092.1,1092.23,1092.24,1092.0001,1658,,1640714625000000000,1092.1692004825088,55
2505,2021-12-28 13:03:50-05:00,1092,1092.17,1092.19,1091.96,3964,,1640714630000000000,1092.0714751513622,46
2506,2021-12-28 13:03:55-05:00,1092.11,1092.1756,1092.1756,1092.11,841,,1640714635000000000,1092.1294638525562,37
2507,2021-12-28 13:04:00-05:00,1092.03,1092.2238,1092.2238,1091.83,1702,,1640714640000000000,1092.0483962984727,47
2508,2021-12-28 13:04:05-05:00,1091.8901,1091.8901,1091.8901,1091.8901,285,,1640714645000000000,1091.945723508772,22
2509,2021-12-28 13:04:10-05:00,1092.17,1092.605,1092.6065,1092.16,5624,,1640714650000000000,1092.4237060099579,152
2510,2021-12-28 13:04:15-05:00,1092.7522,1092.9999,1092.9999,1092.6031,1675,,1640714655000000000,1092.7490946268654,55
2511,2021-12-28 13:04:25-05:00,1093,1093.2855,1093.3499,1093,6125,,1640714665000000000,1093.204374416327,126
2512,2021-12-28 13:04:30-05:00,1093.11,1092.9401,1093.11,1092.9401,987,,1640714670000000000,1093.1338491388044,48
2513,2021-12-28 13:04:35-05:00,1093.2,1093.26,1093.26,1093.1,1484,,1640714675000000000,1093.1682170485176,30
2514,2021-12-28 13:04:40-05:00,1093.18,1093.0191,1093.1801,1093,2978,,1640714680000000000,1093.106755137676,83
2515,2021-12-28 13:04:45-05:00,1092.8101,1093.82,1093.94,1092.7511,15560,,1640714685000000000,1093.3409032776335,377
2516,2021-12-28 13:04:50-05:00,1093.904,1093.754,1093.904,1093.754,1788,,1640714690000000000,1093.6459555928411,33
2517,2021-12-28 13:04:55-05:00,1093.9096,1093.71,1094,1093.71,4658,,1640714695000000000,1093.8950281451266,125
2518,2021-12-28 13:05:00-05:00,1093.61,1093.94,1093.94,1093.61,4364,,1640714700000000000,1093.7837575618698,155
2519,2021-12-28 13:05:05-05:00,1093.9399,1093.835,1093.9399,1093.74,1630,,1640714705000000000,1093.8158721472396,55
2520,2021-12-28 13:05:10-05:00,1093.8115,1093.9399,1093.9399,1093.8115,1491,,1640714710000000000,1093.8853921529176,32
2521,2021-12-28 13:05:15-05:00,1093.59,1093.27,1093.59,1093,4728,,1640714715000000000,1093.3760980329946,122
2522,2021-12-28 13:05:20-05:00,1093.0515,1093.115,1093.115,1093,3724,,1640714720000000000,1093.0431814983879,86
2523,2021-12-28 13:05:25-05:00,1093.0327,1093.29,1093.35,1093.0327,1625,,1640714725000000000,1093.2077905230767,56
2524,2021-12-28 13:05:30-05:00,1093.3304,1093.3304,1093.3304,1093.3304,332,,1640714730000000000,1093.2904810240964,18
2525,2021-12-28 13:05:35-05:00,1093.3599,1093.3599,1093.3599,1093.3599,233,,1640714735000000000,1093.2650090128755,20
2526,2021-12-28 13:05:40-05:00,1093.06,1092.93,1093.06,1092.93,1277,,1640714740000000000,1092.9993069694597,43
2527,2021-12-28 13:05:45-05:00,1092.8,1092.8451,1092.8451,1092.48,1707,,1640714745000000000,1092.637713532513,29
2528,2021-12-28 13:05:55-05:00,1092.6797,1092.6797,1092.6797,1092.6797,879,,1640714755000000000,1092.5831138794085,52
2529,2021-12-28 13:06:00-05:00,1092.85,1092.69,1092.85,1092.69,1842,,1640714760000000000,1092.8413206840391,96
2530,2021-12-28 13:06:05-05:00,1092.61,1091.5501,1092.61,1091.5501,4572,,1640714765000000000,1091.9918991469817,108
2531,2021-12-28 13:06:10-05:00,1092.1499,1091.76,1092.1499,1091.76,650,,1640714770000000000,1091.8729283076927,24
2532,2021-12-28 13:06:15-05:00,1091.7998,1091.7998,1091.7998,1091.7998,486,,1640714775000000000,1091.8733683127573,26
2533,2021-12-28 13:06:20-05:00,1091.7809,1091.7809,1091.7809,1091.7809,266,,1640714780000000000,1091.829895112782,15
2534,2021-12-28 13:06:25-05:00,1091.9,1092.1575,1092.1575,1091.7607,1325,,1640714785000000000,1091.9456361509435,28
2535,2021-12-28 13:06:30-05:00,1092.23,1092.23,1092.23,1092.23,652,,1640714790000000000,1092.1497708588959,36
2536,2021-12-28 13:06:35-05:00,1092.2134,1092.25,1092.25,1092.0001,1327,,1640714795000000000,1092.1551428786738,30
2537,2021-12-28 13:06:40-05:00,1092.1666,1092.38,1092.38,1092.1666,2866,,1640714800000000000,1092.3610754361491,93
2538,2021-12-28 13:06:45-05:00,1092.6173,1092.6173,1092.6173,1092.6173,481,,1640714805000000000,1092.5987877338878,19
2539,2021-12-28 13:06:50-05:00,1092.607,1092.27,1092.607,1092.25,1391,,1640714810000000000,1092.402955930985,40
2540,2021-12-28 13:06:55-05:00,1092.06,1091.98,1092.23,1091.98,831,,1640714815000000000,1092.0615499398316,47
2541,2021-12-28 13:07:00-05:00,1092.08,1091.7856,1092.08,1091.7856,392,,1640714820000000000,1091.8992216836732,22
2542,2021-12-28 13:07:05-05:00,1091.92,1091.5,1091.92,1091.5,2989,,1640714825000000000,1091.630014653731,98
2543,2021-12-28 13:07:15-05:00,1091.48,1091.49,1091.49,1091.48,443,,1640714835000000000,1091.4844977426637,26
2544,2021-12-28 13:07:20-05:00,1091,1090.38,1091,1090.38,2553,,1640714840000000000,1090.6922264786524,74
2545,2021-12-28 13:07:25-05:00,1090.78,1090.932,1090.932,1090.41,2587,,1640714845000000000,1090.6849601855438,48
2546,2021-12-28 13:07:30-05:00,1091.34,1091.98,1091.98,1091.34,1407,,1640714850000000000,1091.3872346837243,104
2547,2021-12-28 13:07:40-05:00,1091.97,1091.71,1091.97,1091.71,1132,,1640714860000000000,1091.8892985865725,49
2548,2021-12-28 13:07:45-05:00,1091.8633,1091.8633,1091.8633,1091.8633,188,,1640714865000000000,1091.9253287234044,10
2549,2021-12-28 13:07:50-05:00,1091.82,1091.3692,1091.83,1091.3692,1114,,1640714870000000000,1091.6786505385996,38
2550,2021-12-28 13:08:00-05:00,1091.7101,1091.7101,1091.7101,1091.7101,260,,1640714880000000000,1091.7097853846155,16
2551,2021-12-28 13:08:05-05:00,1091.9,1091.995,1092.1118,1091.69,1521,,1640714885000000000,1091.975904733728,60
2552,2021-12-28 13:08:10-05:00,1092,1092.8423,1092.8423,1092,3653,,1640714890000000000,1092.3522364905555,129
2553,2021-12-28 13:08:15-05:00,1092.9899,1092.6745,1092.9899,1092.24,2472,,1640714895000000000,1092.4916760113267,25
2554,2021-12-28 13:08:20-05:00,1092.59,1092.4,1092.59,1092.4,1024,,1640714900000000000,1092.536175488281,26
2555,2021-12-28 13:08:25-05:00,1092.503,1092.503,1092.503,1092.503,149,,1640714905000000000,1092.5585597315435,17
2556,2021-12-28 13:08:30-05:00,1092.5,1092.5,1092.5,1092.5,310,,1640714910000000000,1092.5613709677423,28
2557,2021-12-28 13:08:35-05:00,1092.35,1092.565,1092.565,1092.35,557,,1640714915000000000,1092.4957026929983,27
2558,2021-12-28 13:08:45-05:00,1092.6039,1092.76,1092.76,1092.6039,554,,1640714925000000000,1092.7696554151626,37
2559,2021-12-28 13:08:55-05:00,1092.9182,1093.29,1093.29,1092.6603,4483,,1640714935000000000,1092.911372830694,96
2560,2021-12-28 13:09:05-05:00,1093.1152,1092.8863,1093.205,1092.8863,2391,,1640714945000000000,1093.0745345043917,56
2561,2021-12-28 13:09:10-05:00,1093.2631,1093.22,1093.2631,1093.22,562,,1640714950000000000,1093.1449558718862,22
2562,2021-12-28 13:09:15-05:00,1093,1093.07,1093.07,1092.83,1216,,1640714955000000000,1092.984940625,34
2563,2021-12-28 13:09:20-05:00,1093.3,1093.12,1093.46,1093.105,4231,,1640714960000000000,1093.335537579768,125
2564,2021-12-28 13:09:25-05:00,1093.11,1092.8301,1093.2881,1092.8301,1450,,1640714965000000000,1093.0428076551723,56
2565,2021-12-28 13:09:35-05:00,1093.2,1093.2,1093.2,1093.2,357,,1640714975000000000,1093.0651215686273,21
2566,2021-12-28 13:09:40-05:00,1093.1,1092.8871,1093.1,1092.8871,600,,1640714980000000000,1093.0084126666666,30
2567,2021-12-28 13:09:45-05:00,1093.23,1092.983,1093.33,1092.983,1353,,1640714985000000000,1093.25772586844,31
2568,2021-12-28 13:09:50-05:00,1093,1093,1093,1093,520,,1640714990000000000,1093.0419624999997,29
2569,2021-12-28 13:09:55-05:00,1093.15,1092.9132,1093.15,1092.83,2631,,1640714995000000000,1092.993739034588,101
2570,2021-12-28 13:10:00-05:00,1093,1093.0799,1093.08,1093,1989,,1640715000000000000,1093.0274548014079,46
2571,2021-12-28 13:10:05-05:00,1092.81,1092.8,1092.81,1092.8,903,,1640715005000000000,1092.8377460686593,58
2572,2021-12-28 13:10:10-05:00,1092.895,1092.6655,1092.895,1092.6655,1323,,1640715010000000000,1092.8151436130008,39
2573,2021-12-28 13:10:15-05:00,1092.78,1092.778,1092.78,1092.6631,920,,1640715015000000000,1092.7920973913044,30
2574,2021-12-28 13:10:20-05:00,1092.96,1092.98,1093.23,1092.89,5699,,1640715020000000000,1093.027661589752,150
2575,2021-12-28 13:10:30-05:00,1092.84,1092.93,1092.93,1092.84,1350,,1640715030000000000,1092.9112799999998,35
2576,2021-12-28 13:10:35-05:00,1092.945,1092.945,1092.945,1092.945,1049,,1640715035000000000,1092.9316559580552,19
2577,2021-12-28 13:10:45-05:00,1092.65,1092.51,1092.6887,1092.5,1953,,1640715045000000000,1092.5744783922173,48
2578,2021-12-28 13:10:55-05:00,1092.52,1092.68,1092.8499,1092.52,2526,,1640715055000000000,1092.6201784639745,41
2579,2021-12-28 13:11:00-05:00,1092.6083,1092.5,1092.6083,1092.5,2502,,1640715060000000000,1092.5127512789768,44
2580,2021-12-28 13:11:05-05:00,1092.395,1092.395,1092.395,1092.395,484,,1640715065000000000,1092.3915000000002,20
2581,2021-12-28 13:11:10-05:00,1092.26,1092.2606,1092.4999,1092.26,1476,,1640715070000000000,1092.257993766938,67
2582,2021-12-28 13:11:15-05:00,1092.21,1092.21,1092.21,1092.21,853,,1640715075000000000,1092.2062262602578,14
2583,2021-12-28 13:11:20-05:00,1092.21,1092.37,1092.37,1092.21,4254,,1640715080000000000,1092.2697054536904,83
2584,2021-12-28 13:11:25-05:00,1092.04,1092,1092.04,1092,2069,,1640715085000000000,1092.0143387626877,62
2585,2021-12-28 13:11:30-05:00,1092.01,1092.0199,1092.0225,1092.01,1114,,1640715090000000000,1092.0268051166966,39
2586,2021-12-28 13:11:35-05:00,1091.875,1091.875,1091.875,1091.875,316,,1640715095000000000,1091.88610221519,19
2587,2021-12-28 13:11:40-05:00,1092.2,1092.35,1092.35,1092.0276,2583,,1640715100000000000,1092.2157850174215,75
2588,2021-12-28 13:11:45-05:00,1092.22,1092.4186,1092.5,1092.22,2801,,1640715105000000000,1092.414385398072,76
2589,2021-12-28 13:11:50-05:00,1092.6148,1092.63,1092.635,1092.6148,1723,,1640715110000000000,1092.6202709228087,17
2590,2021-12-28 13:12:00-05:00,1092.88,1093.7,1093.7,1092.88,11246,,1640715120000000000,1093.366667339499,159
2591,2021-12-28 13:12:05-05:00,1093.7276,1094.29,1094.49,1093.7276,5430,,1640715125000000000,1094.1903382688763,197
2592,2021-12-28 13:12:10-05:00,1094.49,1094.24,1094.49,1094.09,6755,,1640715130000000000,1094.2719437897852,97
2593,2021-12-28 13:12:15-05:00,1094.37,1096.16,1096.95,1094.275,33657,,1640715135000000000,1095.534953552009,1244
2594,2021-12-28 13:12:20-05:00,1095.91,1095.23,1095.91,1095.23,6037,,1640715140000000000,1095.6511975153217,203
2595,2021-12-28 13:12:25-05:00,1095.4428,1095.4087,1095.5,1095.23,2131,,1640715145000000000,1095.326535288597,56
2596,2021-12-28 13:12:30-05:00,1095.42,1095.555,1095.82,1095.291,3444,,1640715150000000000,1095.5268754936121,79
2597,2021-12-28 13:12:35-05:00,1095.44,1095.25,1095.7775,1094.9801,4077,,1640715155000000000,1095.325510963944,123
2598,2021-12-28 13:12:40-05:00,1095.425,1095.45,1095.64,1095.255,2490,,1640715160000000000,1095.4304463052208,61
2599,2021-12-28 13:12:45-05:00,1095.37,1095.835,1095.835,1095.37,3886,,1640715165000000000,1095.6305787956765,85
2600,2021-12-28 13:12:50-05:00,1095.67,1095.7,1095.74,1095.3201,4607,,1640715170000000000,1095.569782200998,124
2601,2021-12-28 13:12:55-05:00,1095.46,1095.8,1095.81,1095.35,3922,,1640715175000000000,1095.6690299337072,96
2602,2021-12-28 13:13:00-05:00,1095.77,1095.73,1095.9533,1095.73,2340,,1640715180000000000,1095.81491025641,36
2603,2021-12-28 13:13:05-05:00,1095.74,1095.7558,1095.94,1095.38,5971,,1640715185000000000,1095.7119460391896,104
2604,2021-12-28 13:13:10-05:00,1095.99,1096.13,1096.13,1095.9612,8334,,1640715190000000000,1096.017173266138,162
2605,2021-12-28 13:13:15-05:00,1096.35,1096.14,1097.22,1096.14,24143,,1640715195000000000,1096.665032796256,335
2606,2021-12-28 13:13:20-05:00,1096.3925,1096.495,1096.9799,1096.35,2406,,1640715200000000000,1096.5589620116375,73
2607,2021-12-28 13:13:25-05:00,1096.5,1096.69,1096.69,1096.13,3902,,1640715205000000000,1096.3531576883647,115
2608,2021-12-28 13:13:30-05:00,1096.59,1096.355,1096.59,1096.28,5357,,1640715210000000000,1096.3791736232968,91
2609,2021-12-28 13:13:35-05:00,1096.357,1095.64,1096.357,1095.48,6050,,1640715215000000000,1095.9527587438015,112
2610,2021-12-28 13:13:40-05:00,1095.675,1095.49,1095.705,1095.1872,5294,,1640715220000000000,1095.4465859463542,85
2611,2021-12-28 13:13:45-05:00,1095.2101,1095.53,1095.8299,1095.2101,2720,,1640715225000000000,1095.406797977941,46
2612,2021-12-28 13:13:50-05:00,1095.27,1095.52,1095.535,1095.2301,1842,,1640715230000000000,1095.4715615092293,75
2613,2021-12-28 13:13:55-05:00,1095.23,1094.58,1095.5017,1094.58,6076,,1640715235000000000,1094.8812200131665,123
2614,2021-12-28 13:14:00-05:00,1094.3201,1094.505,1094.64,1094.32,2697,,1640715240000000000,1094.421126955876,53
2615,2021-12-28 13:14:05-05:00,1094.425,1094.32,1094.66,1094.32,4372,,1640715245000000000,1094.3915163998174,138
2616,2021-12-28 13:14:10-05:00,1094.8,1095.3199,1095.3199,1094.8,7479,,1640715250000000000,1093.8999930204575,94
2617,2021-12-28 13:14:15-05:00,1094.67,1094.49,1094.6999,1094.49,1673,,1640715255000000000,1094.6047030484162,41
2618,2021-12-28 13:14:20-05:00,1094.55,1094.45,1094.55,1094.45,3393,,1640715260000000000,1094.473520011789,64
2619,2021-12-28 13:14:25-05:00,1094.684,1094.684,1094.684,1094.684,306,,1640715265000000000,1094.5950807189543,24
2620,2021-12-28 13:14:30-05:00,1094.5,1094.8299,1094.8299,1094.5,764,,1640715270000000000,1094.5574011780109,42
2621,2021-12-28 13:14:35-05:00,1094.76,1094.85,1094.85,1094.76,2015,,1640715275000000000,1094.773231761787,88
2622,2021-12-28 13:14:40-05:00,1094.675,1094.655,1094.675,1094.5,1520,,1640715280000000000,1094.6186526973681,26
2623,2021-12-28 13:14:45-05:00,1094.6935,1094.17,1094.77,1094.17,1705,,1640715285000000000,1094.5184753665687,53
2624,2021-12-28 13:14:50-05:00,1094.4313,1094.74,1094.74,1094.43,1421,,1640715290000000000,1094.4983587614354,56
2625,2021-12-28 13:14:55-05:00,1094.7082,1094.7082,1094.7082,1094.7082,825,,1640715295000000000,1094.473919878788,27
2626,2021-12-28 13:15:00-05:00,1094.49,1094.38,1094.49,1094.38,2570,,1640715300000000000,1094.395808521401,29
2627,2021-12-28 13:15:05-05:00,1094.56,1094.64,1094.74,1094.56,1568,,1640715305000000000,1094.6727424744897,57
2628,2021-12-28 13:15:10-05:00,1094.7999,1094.7183,1094.89,1094.61,4671,,1640715310000000000,1094.7776397345328,114
2629,2021-12-28 13:15:25-05:00,1094.65,1094.5,1094.65,1094.5,1601,,1640715325000000000,1094.5593257339165,59
2630,2021-12-28 13:15:35-05:00,1094.9699,1095.06,1095.1,1094.95,2153,,1640715335000000000,1094.992824198792,54
2631,2021-12-28 13:15:40-05:00,1094.7009,1095.1,1095.11,1094.7009,1139,,1640715340000000000,1094.8963122036876,33
2632,2021-12-28 13:15:45-05:00,1095,1094.8,1095,1094.77,2541,,1640715345000000000,1094.8256267217628,103
2633,2021-12-28 13:15:50-05:00,1094.69,1094.69,1094.69,1094.69,368,,1640715350000000000,1094.74106875,21
2634,2021-12-28 13:15:55-05:00,1094.53,1094.5,1095.1399,1094.2,6276,,1640715355000000000,1094.473113639261,117
2635,2021-12-28 13:16:00-05:00,1094.2301,1094.51,1094.51,1094.2301,1279,,1640715360000000000,1094.291913291634,20
2636,2021-12-28 13:16:05-05:00,1094.605,1094.7104,1094.713,1094.605,1047,,1640715365000000000,1094.6344550143267,39
2637,2021-12-28 13:16:10-05:00,1094.513,1094.33,1094.513,1094.33,1599,,1640715370000000000,1094.4333259537211,60
2638,2021-12-28 13:16:15-05:00,1094.184,1093.58,1094.184,1093.5,5897,,1640715375000000000,1093.7182074783782,168
2639,2021-12-28 13:16:20-05:00,1094.35,1094.35,1094.35,1094.1225,1612,,1640715380000000000,1094.236479776675,40
2640,2021-12-28 13:16:25-05:00,1094.13,1094,1094.13,1093.9942,1700,,1640715385000000000,1094.0861588823527,28
2641,2021-12-28 13:16:30-05:00,1093.9321,1093.91,1093.9321,1093.91,1864,,1640715390000000000,1093.922916577253,43
2642,2021-12-28 13:16:35-05:00,1093.725,1093.725,1093.725,1093.725,339,,1640715395000000000,1093.7475430678467,17
2643,2021-12-28 13:16:40-05:00,1093.5437,1093.81,1093.91,1093.54,2020,,1640715400000000000,1093.8420992574254,63
2644,2021-12-28 13:16:45-05:00,1094.048,1094.15,1094.15,1094.048,1892,,1640715405000000000,1094.104503382664,62
2645,2021-12-28 13:16:50-05:00,1093.99,1093.82,1093.99,1093.82,1258,,1640715410000000000,1093.9067248012723,43
2646,2021-12-28 13:16:55-05:00,1093.75,1093.895,1093.895,1093.75,482,,1640715415000000000,1093.8792651452284,21
2647,2021-12-28 13:17:00-05:00,1093.93,1093.84,1094.1099,1093.84,1039,,1640715420000000000,1093.9021964388833,34
2648,2021-12-28 13:17:05-05:00,1093.78,1093.9,1093.9,1093.5,2347,,1640715425000000000,1093.6737964635702,86
2649,2021-12-28 13:17:10-05:00,1093.8315,1093.5001,1093.8315,1093.5001,932,,1640715430000000000,1093.6526815450643,36
2650,2021-12-28 13:17:15-05:00,1093.5437,1093.5437,1093.5437,1093.5437,418,,1640715435000000000,1093.5958306220093,19
2651,2021-12-28 13:17:20-05:00,1093.9699,1093.9699,1093.9699,1093.9699,567,,1640715440000000000,1093.8444417989417,16
2652,2021-12-28 13:17:25-05:00,1093.9399,1093.9399,1093.9399,1093.9399,370,,1640715445000000000,1093.8803043243242,19
2653,2021-12-28 13:17:30-05:00,1093.96,1093.79,1093.96,1093.79,621,,1640715450000000000,1093.8168669887277,28
2654,2021-12-28 13:17:35-05:00,1093.79,1093.79,1093.79,1093.79,416,,1640715455000000000,1093.8148903846154,29
2655,2021-12-28 13:17:40-05:00,1093.97,1093.9616,1093.97,1093.9616,1680,,1640715460000000000,1093.944135,37
2656,2021-12-28 13:17:45-05:00,1093.75,1093.75,1093.75,1093.75,680,,1640715465000000000,1093.7592952941177,31
2657,2021-12-28 13:17:50-05:00,1093.6,1093.6899,1093.6899,1093.5,1782,,1640715470000000000,1093.6052837822672,47
2658,2021-12-28 13:17:55-05:00,1093.5791,1092.8317,1093.5791,1092.7801,4806,,1640715475000000000,1093.0646036620894,120
2659,2021-12-28 13:18:00-05:00,1093.2154,1093.2154,1093.2154,1093.2154,812,,1640715480000000000,1093.0597162561576,44
2660,2021-12-28 13:18:10-05:00,1092.745,1092.38,1092.745,1092.38,1263,,1640715490000000000,1092.6304190023752,49
2661,2021-12-28 13:18:15-05:00,1092.37,1092.65,1092.7499,1092.37,1257,,1640715495000000000,1092.5518632458231,33
2662,2021-12-28 13:18:20-05:00,1092.4939,1092.4,1092.4939,1092.09,6434,,1640715500000000000,1092.3910283493942,119
2663,2021-12-28 13:18:25-05:00,1092.03,1091.555,1092.2939,1091.35,6491,,1640715505000000000,1091.8174916807889,189
2664,2021-12-28 13:18:30-05:00,1091.5717,1092.03,1092.03,1091.55,3464,,1640715510000000000,1091.8257489318707,115
2665,2021-12-28 13:18:35-05:00,1092.03,1091.88,1092.0818,1091.88,1266,,1640715515000000000,1092.0077081358613,50
2666,2021-12-28 13:18:45-05:00,1091.8801,1092.24,1092.24,1091.8801,1099,,1640715525000000000,1092.1107353048226,29
2667,2021-12-28 13:18:50-05:00,1092.43,1092.248,1092.43,1092.248,1247,,1640715530000000000,1092.2270990376906,45
2668,2021-12-28 13:19:00-05:00,1092.27,1092.17,1092.27,1092.17,882,,1640715540000000000,1092.259497165533,22
2669,2021-12-28 13:19:05-05:00,1092.04,1091.9001,1092.04,1091.9,1857,,1640715545000000000,1091.9993051696285,80
2670,2021-12-28 13:19:10-05:00,1091.8659,1092.21,1092.21,1091.8659,1124,,1640715550000000000,1092.1375564946622,43
2671,2021-12-28 13:19:15-05:00,1092.03,1092.22,1092.22,1092.03,642,,1640715555000000000,1092.101847507788,21
2672,2021-12-28 13:19:20-05:00,1092.23,1092.23,1092.23,1092.23,444,,1640715560000000000,1092.2072986486487,27
2673,2021-12-28 13:19:25-05:00,1092.3,1092.57,1092.57,1092.3,1713,,1640715565000000000,1092.4316831873907,56
2674,2021-12-28 13:19:30-05:00,1092.56,1092.3301,1092.56,1092.3301,1175,,1640715570000000000,1092.3419785531912,37
2675,2021-12-28 13:19:35-05:00,1092,1091.5,1092.26,1091.5,8506,,1640715575000000000,1091.7519731366094,143
2676,2021-12-28 13:19:40-05:00,1091.68,1091.68,1091.68,1091.68,817,,1640715580000000000,1091.5234099143208,57
2677,2021-12-28 13:19:45-05:00,1091.6281,1091.6281,1091.6281,1091.6281,227,,1640715585000000000,1091.6161519823788,21
2678,2021-12-28 13:19:50-05:00,1091.65,1091.8599,1091.8599,1091.65,1461,,1640715590000000000,1091.643279055441,16
2679,2021-12-28 13:19:55-05:00,1091.64,1091.79,1091.79,1091.3501,756,,1640715595000000000,1091.5880055555554,38
2680,2021-12-28 13:20:00-05:00,1092,1091.7722,1092,1091.7402,3463,,1640715600000000000,1091.9093653479647,136
2681,2021-12-28 13:20:05-05:00,1092.1327,1092.1327,1092.1327,1092.1327,1151,,1640715605000000000,1092.131425629887,27
2682,2021-12-28 13:20:10-05:00,1092.2878,1092.45,1092.45,1092.2809,3005,,1640715610000000000,1092.4113573710479,50
2683,2021-12-28 13:20:15-05:00,1092.8899,1092.8518,1092.9547,1092.76,1609,,1640715615000000000,1092.855703542573,56
2684,2021-12-28 13:20:20-05:00,1092.5601,1092.5601,1092.5601,1092.5601,847,,1640715620000000000,1092.82060377804,45
2685,2021-12-28 13:20:25-05:00,1092.8986,1092.8069,1092.8986,1092.7639,3430,,1640715625000000000,1092.7805062973762,24
2686,2021-12-28 13:20:30-05:00,1093,1092.675,1093,1092.64,2079,,1640715630000000000,1092.7469623376626,75
2687,2021-12-28 13:20:35-05:00,1092.52,1092.45,1092.52,1092.45,667,,1640715635000000000,1092.4965586206895,31
2688,2021-12-28 13:20:45-05:00,1092.3001,1092.1283,1092.3001,1092.1,2795,,1640715645000000000,1092.2403977101972,55
2689,2021-12-28 13:20:50-05:00,1092.4899,1092.4899,1092.4899,1092.4899,607,,1640715650000000000,1092.464866886326,26
2690,2021-12-28 13:20:55-05:00,1092.64,1092.64,1092.64,1092.64,1259,,1640715655000000000,1092.5736454328828,38
2691,2021-12-28 13:21:00-05:00,1092.3,1092.3,1092.3,1092.3,562,,1640715660000000000,1092.3573628113882,39
2692,2021-12-28 13:21:05-05:00,1092.1,1092.1,1092.1,1092.1,592,,1640715665000000000,1092.1676236486485,47
2693,2021-12-28 13:21:10-05:00,1092.26,1092,1092.26,1092,794,,1640715670000000000,1092.0826916876574,38
2694,2021-12-28 13:21:15-05:00,1091.5,1091.5,1091.5,1091.5,474,,1640715675000000000,1091.6600687763714,22
2695,2021-12-28 13:21:20-05:00,1092.0309,1091.795,1092.0309,1091.795,1448,,1640715680000000000,1091.809414019337,24
2696,2021-12-28 13:21:25-05:00,1091.6001,1091.8126,1091.8126,1091.6001,428,,1640715685000000000,1091.7810894859815,22
2697,2021-12-28 13:21:30-05:00,1092.0499,1092.0499,1092.0499,1092.0499,673,,1640715690000000000,1091.9970295690937,21
2698,2021-12-28 13:21:45-05:00,1092.03,1092.176,1092.176,1091.795,1758,,1640715705000000000,1091.9018267918088,71
2699,2021-12-28 13:21:50-05:00,1091.7801,1092.31,1092.31,1091.7801,3866,,1640715710000000000,1092.1092129849978,94
2700,2021-12-28 13:21:55-05:00,1091.8706,1092.3,1092.3,1091.8706,890,,1640715715000000000,1092.0900280898877,22
2701,2021-12-28 13:22:05-05:00,1091.9071,1092.2899,1092.2899,1091.9071,742,,1640715725000000000,1092.2065342318058,21
2702,2021-12-28 13:22:10-05:00,1092.1,1092.06,1092.1,1092.06,531,,1640715730000000000,1092.0810828625235,30
2703,2021-12-28 13:22:15-05:00,1092.29,1091.99,1092.29,1091.9601,1201,,1640715735000000000,1092.0406272273103,36
2704,2021-12-28 13:22:20-05:00,1092.17,1092.27,1092.27,1092.17,710,,1640715740000000000,1092.1985087323944,59
2705,2021-12-28 13:22:25-05:00,1092.04,1092.04,1092.04,1092.04,160,,1640715745000000000,1092.0406743749998,16
2706,2021-12-28 13:22:35-05:00,1091.75,1091.4701,1091.75,1091.4701,677,,1640715755000000000,1091.6667112259968,49
2707,2021-12-28 13:22:40-05:00,1091.9106,1091.9106,1091.9106,1091.9106,472,,1640715760000000000,1091.6091319915256,44
2708,2021-12-28 13:22:45-05:00,1091.65,1091.65,1091.65,1091.65,559,,1640715765000000000,1091.6348082289803,46
2709,2021-12-28 13:22:50-05:00,1091.655,1091.475,1091.655,1091.45,1778,,1640715770000000000,1091.55235511811,40
2710,2021-12-28 13:22:55-05:00,1091.275,1091.1,1091.28,1091.1,1161,,1640715775000000000,1091.2274725236864,60
2711,2021-12-28 13:23:00-05:00,1091.11,1090.783,1091.11,1090.783,3476,,1640715780000000000,1090.9953386651327,135
2712,2021-12-28 13:23:05-05:00,1091.005,1091.0687,1091.2799,1091.005,1199,,1640715785000000000,1091.0769325271053,38
2713,2021-12-28 13:23:10-05:00,1091.026,1090.9212,1091.026,1090.9212,1522,,1640715790000000000,1090.9263804862028,59
2714,2021-12-28 13:23:15-05:00,1091.1299,1090.6601,1091.2199,1090.6601,1253,,1640715795000000000,1090.7811072625698,36
2715,2021-12-28 13:23:20-05:00,1090.6501,1090.85,1090.99,1090.6501,4144,,1640715800000000000,1090.8672873793437,63
2716,2021-12-28 13:23:25-05:00,1090.73,1090.86,1090.86,1090.73,721,,1640715805000000000,1090.798449930652,31
2717,2021-12-28 13:23:30-05:00,1090.6775,1091.14,1091.14,1090.6775,3838,,1640715810000000000,1090.979403309015,98
2718,2021-12-28 13:23:35-05:00,1091.0113,1090.84,1091.0113,1090.84,747,,1640715815000000000,1091.0010746987953,32
2719,2021-12-28 13:23:40-05:00,1091.0946,1090.9438,1091.0946,1090.68,4034,,1640715820000000000,1090.9028490084286,59
2720,2021-12-28 13:23:45-05:00,1090.7399,1090.68,1090.9466,1090.68,1551,,1640715825000000000,1090.7447123791105,70
2721,2021-12-28 13:23:50-05:00,1090.8792,1090.72,1090.8792,1090.3643,3678,,1640715830000000000,1090.5420039151718,115
2722,2021-12-28 13:24:00-05:00,1090.93,1090.63,1090.93,1090.63,1321,,1640715840000000000,1090.8170757002274,51
2723,2021-12-28 13:24:05-05:00,1090.834,1090.63,1090.834,1090.63,2201,,1640715845000000000,1090.7383421172194,29
2724,2021-12-28 13:24:10-05:00,1090.6629,1090.8,1090.82,1090.6629,1165,,1640715850000000000,1090.7915636909872,46
2725,2021-12-28 13:24:15-05:00,1090.92,1090.805,1090.92,1090.805,453,,1640715855000000000,1090.8127222958058,17
2726,2021-12-28 13:24:20-05:00,1090.4601,1091.0199,1091.0199,1090.4601,2666,,1640715860000000000,1090.9062999999999,39
2727,2021-12-28 13:24:25-05:00,1090.785,1091.11,1091.11,1090.785,2769,,1640715865000000000,1090.949896785843,62
2728,2021-12-28 13:24:30-05:00,1091.005,1091.36,1091.36,1091.005,2690,,1640715870000000000,1091.1568506691456,57
2729,2021-12-28 13:24:35-05:00,1091.69,1092,1092,1091.54,4037,,1640715875000000000,1091.8713687143918,95
2730,2021-12-28 13:24:40-05:00,1091.8629,1091.9912,1092.1,1091.86,2781,,1640715880000000000,1091.994249011147,51
2731,2021-12-28 13:24:45-05:00,1091.9755,1091.8553,1091.9755,1091.5934,3302,,1640715885000000000,1091.8215835251362,52
2732,2021-12-28 13:24:55-05:00,1091.3245,1091.3245,1091.3245,1091.3245,425,,1640715895000000000,1091.3858094117645,28
2733,2021-12-28 13:25:00-05:00,1091.58,1091.81,1091.81,1091.58,927,,1640715900000000000,1091.6107629989212,40
2734,2021-12-28 13:25:10-05:00,1091.82,1092.01,1092.01,1091.7172,1506,,1640715910000000000,1091.8936187250995,95
2735,2021-12-28 13:25:15-05:00,1091.6,1091.745,1091.8999,1091.59,1051,,1640715915000000000,1091.7518791627022,20
2736,2021-12-28 13:25:20-05:00,1091.25,1091.25,1091.25,1091.25,401,,1640715920000000000,1091.5206259351621,28
2737,2021-12-28 13:25:25-05:00,1091.17,1091.2,1091.2,1091.17,662,,1640715925000000000,1091.1992634441087,33
2738,2021-12-28 13:25:35-05:00,1091.62,1091.31,1091.62,1091.31,562,,1640715935000000000,1091.4451037366546,43
2739,2021-12-28 13:25:40-05:00,1091.12,1091,1091.12,1091,1384,,1640715940000000000,1091.167070447977,50
2740,2021-12-28 13:25:45-05:00,1091,1091,1091,1091,2454,,1640715945000000000,1091.0016096169522,54
2741,2021-12-28 13:25:50-05:00,1091.225,1091.225,1091.225,1091.225,363,,1640715950000000000,1091.1832066115699,24
2742,2021-12-28 13:25:55-05:00,1091,1091,1091,1091,493,,1640715955000000000,1091.1012381338742,28
2743,2021-12-28 13:26:00-05:00,1090.9,1090.69,1090.9,1090.65,2609,,1640715960000000000,1090.7282865465693,49
2744,2021-12-28 13:26:05-05:00,1090.5613,1090.725,1090.725,1090.5613,1333,,1640715965000000000,1090.6687625656414,37
2745,2021-12-28 13:26:10-05:00,1090.5,1090.4,1090.5,1090.4,1539,,1640715970000000000,1090.4920400259912,41
2746,2021-12-28 13:26:15-05:00,1090.5369,1089.765,1090.5369,1089.58,10965,,1640715975000000000,1090.0140267943448,379
2747,2021-12-28 13:26:20-05:00,1089.765,1089.8654,1089.9854,1089.57,1616,,1640715980000000000,1089.8277991955447,41
2748,2021-12-28 13:26:25-05:00,1090,1089.84,1090.15,1089.84,2511,,1640715985000000000,1090.0347141776188,99
2749,2021-12-28 13:26:30-05:00,1089.6001,1089.795,1089.795,1089.6001,2001,,1640715990000000000,1089.7702899050475,67
2750,2021-12-28 13:26:35-05:00,1089.9667,1089.61,1090.01,1089.61,612,,1640715995000000000,1089.7995155228757,22
2751,2021-12-28 13:26:40-05:00,1089.95,1089.767,1089.95,1089.24,6014,,1640716000000000000,1089.772755314932,116
2752,2021-12-28 13:26:45-05:00,1089.1201,1089.4399,1089.4399,1089.12,775,,1640716005000000000,1089.2753301935481,42
2753,2021-12-28 13:26:50-05:00,1089.43,1089.3265,1089.43,1089.235,4727,,1640716010000000000,1089.2893697059444,62
2754,2021-12-28 13:26:55-05:00,1089.33,1089.24,1089.52,1089.19,2036,,1640716015000000000,1089.3729081041256,81
2755,2021-12-28 13:27:00-05:00,1089.57,1089.415,1089.57,1089.1601,2764,,1640716020000000000,1089.384579052099,86
2756,2021-12-28 13:27:05-05:00,1089.345,1089.45,1089.59,1089.1914,4930,,1640716025000000000,1089.4996655578086,200
2757,2021-12-28 13:27:10-05:00,1089.59,1089.4,1089.63,1089.13,8987,,1640716030000000000,1089.3384885835108,203
2758,2021-12-28 13:27:15-05:00,1089.4,1089.52,1089.52,1089.183,3078,,1640716035000000000,1089.4059349902532,71
2759,2021-12-28 13:27:20-05:00,1089.25,1089.25,1089.25,1089.25,391,,1640716040000000000,1089.2664074168797,27
2760,2021-12-28 13:27:25-05:00,1089.3798,1089.3798,1089.3798,1089.3798,1279,,1640716045000000000,1089.3818601250975,24
2761,2021-12-28 13:27:30-05:00,1089.29,1089.71,1089.71,1089.29,976,,1640716050000000000,1089.6476803278683,48
2762,2021-12-28 13:27:35-05:00,1089.6104,1089.6104,1089.6104,1089.6104,1106,,1640716055000000000,1089.7769165461123,82
2763,2021-12-28 13:27:40-05:00,1089.8101,1090.1719,1090.2002,1089.8101,1249,,1640716060000000000,1090.120959727782,34
2764,2021-12-28 13:27:45-05:00,1090.1813,1090.045,1090.1813,1090.045,901,,1640716065000000000,1090.1059302974475,26
2765,2021-12-28 13:27:50-05:00,1089.9,1089.97,1089.97,1089.88,1475,,1640716070000000000,1089.9847486101692,81
2766,2021-12-28 13:27:55-05:00,1089.75,1089.8843,1089.8843,1089.57,1702,,1640716075000000000,1089.769740188014,47
2767,2021-12-28 13:28:00-05:00,1089.835,1089.9096,1089.9096,1089.835,494,,1640716080000000000,1089.8826451417006,20
2768,2021-12-28 13:28:05-05:00,1090.0521,1090.04,1090.0521,1089.9,804,,1640716085000000000,1089.9948720149255,33
2769,2021-12-28 13:28:10-05:00,1090.25,1090.32,1090.32,1090.0476,1100,,1640716090000000000,1090.179125909091,49
2770,2021-12-28 13:28:15-05:00,1090.2023,1090.3001,1090.47,1090.1324,2017,,1640716095000000000,1090.3539657412002,58
2771,2021-12-28 13:28:20-05:00,1090.42,1090.41,1090.47,1090.41,1479,,1640716100000000000,1090.4176647734957,40
2772,2021-12-28 13:28:25-05:00,1090.46,1090.46,1090.46,1090.46,498,,1640716105000000000,1090.4736787148595,20
2773,2021-12-28 13:28:30-05:00,1090.485,1090.485,1090.485,1090.485,313,,1640716110000000000,1090.4696067092646,26
2774,2021-12-28 13:28:35-05:00,1090.62,1090.5555,1090.62,1090.5555,1244,,1640716115000000000,1090.5089954180062,55
2775,2021-12-28 13:28:40-05:00,1090.5899,1090.77,1090.77,1090.5899,2537,,1640716120000000000,1090.6326690973585,58
2776,2021-12-28 13:28:45-05:00,1091.25,1091.2934,1091.38,1091.25,1995,,1640716125000000000,1091.116550990476,94
2777,2021-12-28 13:28:50-05:00,1091.5,1090.669,1091.5,1090.6601,4896,,1640716130000000000,1090.971666401144,90
2778,2021-12-28 13:28:55-05:00,1091.1799,1090.749,1091.1799,1090.749,827,,1640716135000000000,1091.032237726723,25
2779,2021-12-28 13:29:00-05:00,1090.8671,1091.02,1091.12,1090.8671,1174,,1640716140000000000,1091.0257348381604,38
2780,2021-12-28 13:29:05-05:00,1091,1091.18,1091.35,1091,2313,,1640716145000000000,1091.1380626026805,63
2781,2021-12-28 13:29:10-05:00,1091.21,1091.28,1091.28,1091.21,630,,1640716150000000000,1091.2821833333333,41
2782,2021-12-28 13:29:15-05:00,1091.21,1091.1352,1091.35,1091.1352,3890,,1640716155000000000,1091.2051797686377,62
2783,2021-12-28 13:29:20-05:00,1091.2423,1091.21,1091.505,1091.21,1048,,1640716160000000000,1091.3321800572514,43
2784,2021-12-28 13:29:25-05:00,1091.0579,1091.0579,1091.0579,1091.0579,330,,1640716165000000000,1091.146148787879,32
2785,2021-12-28 13:29:35-05:00,1091.29,1091.3225,1091.3225,1091.29,682,,1640716175000000000,1091.362305278593,48
2786,2021-12-28 13:29:40-05:00,1091.51,1091.3934,1091.51,1091.3934,1261,,1640716180000000000,1091.4214196669307,58
2787,2021-12-28 13:29:45-05:00,1091.4699,1091.5,1091.5,1091.365,2507,,1640716185000000000,1091.4850619066613,43
2788,2021-12-28 13:29:50-05:00,1091.64,1091.855,1092.15,1091.6,5666,,1640716190000000000,1091.8408617966818,98
2789,2021-12-28 13:29:55-05:00,1091.9999,1091.675,1091.9999,1091.675,2362,,1640716195000000000,1091.749420152413,28
2790,2021-12-28 13:30:00-05:00,1091.5704,1091.5704,1091.5704,1091.5704,952,,1640716200000000000,1091.412845483193,42
2791,2021-12-28 13:30:05-05:00,1091.8199,1091.49,1091.8199,1091.49,438,,1640716205000000000,1091.5717732876712,24
2792,2021-12-28 13:30:10-05:00,1091.5,1091.33,1091.6499,1091.18,3624,,1640716210000000000,1091.3758774834441,59
2793,2021-12-28 13:30:15-05:00,1091,1091.22,1091.22,1091,1096,,1640716215000000000,1091.046725638686,52
2794,2021-12-28 13:30:20-05:00,1091.39,1091.4708,1091.4708,1091.39,959,,1640716220000000000,1091.2748175182476,75
2795,2021-12-28 13:30:25-05:00,1091.2,1091.2,1091.2,1091.2,1051,,1640716225000000000,1091.1981978116078,13
2796,2021-12-28 13:30:30-05:00,1091.18,1091.12,1091.4299,1091.12,2561,,1640716230000000000,1091.2577125341666,42
2797,2021-12-28 13:30:35-05:00,1091.46,1091.6094,1091.66,1091.385,3486,,1640716235000000000,1091.5707544463567,83
2798,2021-12-28 13:30:40-05:00,1091.3,1091.397,1091.5899,1091.3,949,,1640716240000000000,1091.4315308746052,27
2799,2021-12-28 13:30:55-05:00,1091.135,1091.26,1091.26,1091,1867,,1640716255000000000,1091.1226844670591,66
2800,2021-12-28 13:31:05-05:00,1091.2167,1091.2167,1091.2167,1091.2167,435,,1640716265000000000,1091.3143873563217,34
2801,2021-12-28 13:31:10-05:00,1091.0787,1090.78,1091.3531,1090.72,4425,,1640716270000000000,1090.9755457853105,83
2802,2021-12-28 13:31:15-05:00,1090.6,1090.67,1090.67,1090.2801,6993,,1640716275000000000,1090.3421114114112,59
2803,2021-12-28 13:31:20-05:00,1090.47,1090.1801,1090.6167,1090.1801,1602,,1640716280000000000,1090.4020207865167,37
2804,2021-12-28 13:31:25-05:00,1090.6499,1090.58,1090.78,1090.24,2141,,1640716285000000000,1090.6628442783742,63
2805,2021-12-28 13:31:30-05:00,1090.9,1090.9,1090.9,1090.9,922,,1640716290000000000,1090.7641129067244,41
2806,2021-12-28 13:31:35-05:00,1091.35,1091.1467,1091.35,1091.1467,1855,,1640716295000000000,1091.1578382749324,45
2807,2021-12-28 13:31:40-05:00,1090.9501,1090.9501,1090.9501,1090.9501,384,,1640716300000000000,1090.9437861979166,30
2808,2021-12-28 13:31:45-05:00,1090.95,1091.0182,1091.0352,1090.95,926,,1640716305000000000,1090.9621224622033,24
2809,2021-12-28 13:31:50-05:00,1090.857,1091.065,1091.065,1090.857,251,,1640716310000000000,1090.9651235059762,18
2810,2021-12-28 13:31:55-05:00,1091.2,1091.21,1091.21,1091.2,1087,,1640716315000000000,1091.0952225390984,44
2811,2021-12-28 13:32:00-05:00,1090.675,1090.8155,1090.8155,1090.675,769,,1640716320000000000,1090.7290507152145,61
2812,2021-12-28 13:32:05-05:00,1090.3,1090.34,1090.34,1090.3,795,,1640716325000000000,1090.4054207547172,49
2813,2021-12-28 13:32:10-05:00,1090.2124,1090.2124,1090.2124,1090.2124,503,,1640716330000000000,1090.2814626242543,32
2814,2021-12-28 13:32:15-05:00,1090.3999,1090.73,1090.8742,1090.3999,753,,1640716335000000000,1090.6027560424966,27
2815,2021-12-28 13:32:20-05:00,1090.7366,1090.7366,1090.7366,1090.7366,243,,1640716340000000000,1090.7025510288063,26
2816,2021-12-28 13:32:25-05:00,1090.83,1090.87,1090.87,1090.83,290,,1640716345000000000,1090.809232068966,23
2817,2021-12-28 13:32:30-05:00,1090.88,1090.605,1090.88,1090.605,1380,,1640716350000000000,1090.776107826087,32
2818,2021-12-28 13:32:40-05:00,1090.455,1090.561,1090.561,1090.19,1538,,1640716360000000000,1090.4825135890767,14
2819,2021-12-28 13:32:50-05:00,1090.62,1090.62,1090.62,1090.62,141,,1640716370000000000,1090.5666333333331,16
2820,2021-12-28 13:32:55-05:00,1090.6,1090.6003,1090.6003,1090.4542,891,,1640716375000000000,1090.5516252525251,35
2821,2021-12-28 13:33:00-05:00,1090.8199,1091.25,1091.39,1090.75,8760,,1640716380000000000,1091.0068945363018,208
2822,2021-12-28 13:33:05-05:00,1091.12,1090.81,1091.12,1090.81,713,,1640716385000000000,1091.0171698457225,26
2823,2021-12-28 13:33:10-05:00,1090.8,1090.8,1090.8,1090.8,843,,1640716390000000000,1090.5960467378413,42
2824,2021-12-28 13:33:20-05:00,1090.1392,1090.4425,1090.4425,1090.1392,731,,1640716400000000000,1090.2616671682629,20
2825,2021-12-28 13:33:25-05:00,1090.22,1089.03,1090.22,1089,14670,,1640716405000000000,1089.414379325155,630
2826,2021-12-28 13:33:30-05:00,1089.23,1089.32,1089.44,1089.23,2478,,1640716410000000000,1089.363740556901,88
2827,2021-12-28 13:33:35-05:00,1089.46,1089.6,1089.6,1089.46,1420,,1640716415000000000,1089.5948168309862,80
2828,2021-12-28 13:33:40-05:00,1089.44,1089.2729,1089.44,1089.0677,2020,,1640716420000000000,1089.2353451980198,52
2829,2021-12-28 13:33:45-05:00,1089.52,1089.58,1089.58,1089.3761,2034,,1640716425000000000,1089.478819764012,48
2830,2021-12-28 13:33:50-05:00,1089.342,1089.17,1089.4199,1089.17,991,,1640716430000000000,1089.2566985872857,44
2831,2021-12-28 13:33:55-05:00,1089.1,1089.5119,1089.5119,1089.1,3766,,1640716435000000000,1089.2703369357412,91
2832,2021-12-28 13:34:00-05:00,1089.25,1089.3,1089.3,1089.0416,1430,,1640716440000000000,1089.1853950349655,52
2833,2021-12-28 13:34:05-05:00,1089.5799,1089.5799,1089.5799,1089.5799,1066,,1640716445000000000,1089.5246990619137,30
2834,2021-12-28 13:34:10-05:00,1089.3169,1089.795,1089.795,1089.3169,1938,,1640716450000000000,1089.5832167698657,65
2835,2021-12-28 13:34:15-05:00,1089.97,1089.85,1089.97,1089.6001,1966,,1640716455000000000,1089.7815502543235,59
2836,2021-12-28 13:34:25-05:00,1089.44,1089.44,1089.44,1089.44,742,,1640716465000000000,1089.3911919137465,36
2837,2021-12-28 13:34:30-05:00,1089.49,1089.49,1089.49,1089.49,332,,1640716470000000000,1089.5033743975905,20
2838,2021-12-28 13:34:35-05:00,1089.2301,1089.2301,1089.2301,1089.2301,1278,,1640716475000000000,1089.2536331768388,19
2839,2021-12-28 13:34:40-05:00,1089.59,1089.25,1089.59,1089.25,1009,,1640716480000000000,1089.4996747274527,15
2840,2021-12-28 13:34:45-05:00,1089.49,1089.74,1089.74,1089.435,1784,,1640716485000000000,1089.5784087443953,72
2841,2021-12-28 13:34:50-05:00,1089.58,1089.58,1089.58,1089.58,305,,1640716490000000000,1089.6010268852458,27
2842,2021-12-28 13:34:55-05:00,1089.64,1089.8862,1089.8862,1089.5391,1031,,1640716495000000000,1089.6830642095051,31
2843,2021-12-28 13:35:00-05:00,1089.6655,1089.4934,1089.89,1089.4934,1517,,1640716500000000000,1089.765717534608,49
2844,2021-12-28 13:35:05-05:00,1089.84,1089.969,1089.9999,1089.8376,2966,,1640716505000000000,1089.833004888739,86
2845,2021-12-28 13:35:10-05:00,1089.8599,1089.8599,1089.8599,1089.8599,1432,,1640716510000000000,1089.9251483240223,32
2846,2021-12-28 13:35:20-05:00,1089.8019,1089.8019,1089.8019,1089.8019,464,,1640716520000000000,1089.7577469827584,11
2847,2021-12-28 13:35:25-05:00,1089.5105,1089.5105,1089.5105,1089.5105,354,,1640716525000000000,1089.5590449152546,17
2848,2021-12-28 13:35:30-05:00,1089.75,1089.7877,1089.7877,1089.75,364,,1640716530000000000,1089.760237087912,21
2849,2021-12-28 13:35:35-05:00,1090,1090.0948,1090.13,1089.92,3677,,1640716535000000000,1090.028468561327,79
2850,2021-12-28 13:35:40-05:00,1089.95,1090.1199,1090.1199,1089.95,527,,1640716540000000000,1089.960092220114,23
2851,2021-12-28 13:35:45-05:00,1089.99,1089.9899,1089.99,1089.9,837,,1640716545000000000,1089.9382995221026,19
2852,2021-12-28 13:36:00-05:00,1089.48,1089.48,1089.48,1089.48,1465,,1640716560000000000,1089.5524959726965,60
2853,2021-12-28 13:36:10-05:00,1089.7701,1089.85,1089.93,1089.7701,2505,,1640716570000000000,1089.8054861477042,27
2854,2021-12-28 13:36:15-05:00,1089.89,1089.89,1089.89,1089.89,132,,1640716575000000000,1089.8836613636365,13
2855,2021-12-28 13:36:20-05:00,1089.98,1089.83,1089.98,1089.83,1017,,1640716580000000000,1089.8401700098327,34
2856,2021-12-28 13:36:25-05:00,1089.56,1089.5,1089.7381,1089.4956,3136,,1640716585000000000,1089.5713221301019,75
2857,2021-12-28 13:36:30-05:00,1089.6199,1088.89,1089.6199,1088.6501,4712,,1640716590000000000,1089.0179205645159,144
2858,2021-12-28 13:36:35-05:00,1088.6501,1088.848,1089.06,1088.6501,3772,,1640716595000000000,1088.8697407211032,71
2859,2021-12-28 13:36:40-05:00,1088.6806,1088.6806,1088.6806,1088.6806,957,,1640716600000000000,1088.8810494252873,23
2860,2021-12-28 13:36:45-05:00,1088.8,1088.535,1088.8,1088.3301,2333,,1640716605000000000,1088.5896773253319,72
2861,2021-12-28 13:36:50-05:00,1088.425,1088.49,1088.92,1088.425,7647,,1640716610000000000,1088.7188154701191,146
2862,2021-12-28 13:36:55-05:00,1088.81,1088.6209,1088.81,1088.6209,1541,,1640716615000000000,1088.6896689811808,71
2863,2021-12-28 13:37:00-05:00,1088.5101,1088.95,1088.95,1088.5101,2069,,1640716620000000000,1088.808089656839,60
2864,2021-12-28 13:37:05-05:00,1089.265,1089.26,1089.265,1089.26,799,,1640716625000000000,1089.1953416770962,41
2865,2021-12-28 13:37:10-05:00,1089.065,1089.065,1089.065,1089.065,418,,1640716630000000000,1089.065044019139,17
2866,2021-12-28 13:37:15-05:00,1088.5401,1088.5001,1088.83,1088.5001,2790,,1640716635000000000,1088.6499121505378,97
2867,2021-12-28 13:37:20-05:00,1088.53,1088.6399,1088.6399,1088.5,1021,,1640716640000000000,1088.5818943192946,39
2868,2021-12-28 13:37:25-05:00,1088.63,1088.62,1088.64,1088.62,1151,,1640716645000000000,1088.6408469157254,45
2869,2021-12-28 13:37:30-05:00,1088.65,1088.54,1088.76,1088.54,1101,,1640716650000000000,1088.6269920072662,30
2870,2021-12-28 13:37:35-05:00,1088.89,1089.03,1089.03,1088.89,2640,,1640716655000000000,1088.9699207575757,72
2871,2021-12-28 13:37:55-05:00,1089.37,1089.31,1089.455,1089.1,3421,,1640716675000000000,1089.2972155217772,73
2872,2021-12-28 13:38:00-05:00,1089.3662,1089.3438,1089.3662,1089.3438,587,,1640716680000000000,1089.2981584327083,28
2873,2021-12-28 13:38:05-05:00,1089.15,1089.62,1089.62,1089.15,654,,1640716685000000000,1089.4700944954127,45
2874,2021-12-28 13:38:10-05:00,1089.6396,1089.3201,1089.6396,1089.3201,573,,1640716690000000000,1089.5156197207668,32
2875,2021-12-28 13:38:15-05:00,1089.27,1089.27,1089.27,1089.27,565,,1640716695000000000,1089.3182610619472,34
2876,2021-12-28 13:38:25-05:00,1089.3786,1089.48,1089.48,1089.3786,373,,1640716705000000000,1089.4521758713136,21
2877,2021-12-28 13:38:30-05:00,1089.39,1089.39,1089.39,1089.39,1470,,1640716710000000000,1089.396743265306,38
2878,2021-12-28 13:38:35-05:00,1089.4734,1089.41,1089.4734,1089.41,629,,1640716715000000000,1089.3985812400633,28
2879,2021-12-28 13:38:40-05:00,1089.415,1089.22,1089.415,1089.22,710,,1640716720000000000,1089.2805971830985,16
2880,2021-12-28 13:38:45-05:00,1089.4661,1089.4391,1089.4661,1089.4391,329,,1640716725000000000,1089.4797516717326,23
2881,2021-12-28 13:38:50-05:00,1089.49,1089.51,1089.51,1089.49,548,,1640716730000000000,1089.446170985401,39
2882,2021-12-28 13:38:55-05:00,1089.55,1089.4139,1089.55,1089.4139,679,,1640716735000000000,1089.5103427098677,28
2883,2021-12-28 13:39:00-05:00,1089.405,1089.56,1089.56,1089.405,1463,,1640716740000000000,1089.4219834586468,24
2884,2021-12-28 13:39:05-05:00,1089.27,1089.0001,1089.368,1089.0001,971,,1640716745000000000,1089.128306179197,34
2885,2021-12-28 13:39:10-05:00,1089.215,1089.215,1089.215,1089.215,388,,1640716750000000000,1089.152205412371,28
2886,2021-12-28 13:39:15-05:00,1089.27,1089.28,1089.28,1089.27,914,,1640716755000000000,1089.2663189277898,35
2887,2021-12-28 13:39:20-05:00,1089.42,1089.42,1089.42,1089.26,2255,,1640716760000000000,1089.470041419069,52
2888,2021-12-28 13:39:25-05:00,1089.42,1089.42,1089.42,1089.42,1235,,1640716765000000000,1089.4592837246967,49
2889,2021-12-28 13:39:30-05:00,1089.58,1089.41,1089.58,1089.41,599,,1640716770000000000,1089.4786958263774,25
2890,2021-12-28 13:39:35-05:00,1089.2458,1089.48,1089.48,1089.2458,1155,,1640716775000000000,1089.2933008658008,15
2891,2021-12-28 13:39:40-05:00,1089.5448,1089.4,1089.5448,1089.4,1752,,1640716780000000000,1089.411273116438,15
2892,2021-12-28 13:39:50-05:00,1089.2,1089.2,1089.2,1089.2,558,,1640716790000000000,1089.2637225806452,31
2893,2021-12-28 13:39:55-05:00,1089.33,1089.33,1089.33,1089.33,405,,1640716795000000000,1089.3314377777774,26
2894,2021-12-28 13:40:05-05:00,1089.19,1089.29,1089.6,1089.11,4905,,1640716805000000000,1089.4051904587154,131
2895,2021-12-28 13:40:10-05:00,1089.3516,1088.89,1089.3516,1088.89,2220,,1640716810000000000,1089.1265967567565,52
2896,2021-12-28 13:40:15-05:00,1088.9004,1088.78,1089.03,1088.78,1933,,1640716815000000000,1088.9118708742885,55
2897,2021-12-28 13:40:20-05:00,1088.69,1088.75,1088.75,1088.69,448,,1640716820000000000,1088.7463165178572,21
2898,2021-12-28 13:40:25-05:00,1088.8101,1088.8101,1088.8101,1088.8101,677,,1640716825000000000,1088.8632347119644,30
2899,2021-12-28 13:40:30-05:00,1089.0759,1089.0759,1089.0759,1089.0759,346,,1640716830000000000,1089.006627745665,14
2900,2021-12-28 13:40:35-05:00,1089.07,1089.07,1089.07,1089.07,736,,1640716835000000000,1089.0593813858698,38
2901,2021-12-28 13:40:40-05:00,1089.0662,1089.15,1089.15,1089.0662,1335,,1640716840000000000,1089.1228469662917,60
2902,2021-12-28 13:40:50-05:00,1089.01,1088.8135,1089.01,1088.8135,836,,1640716850000000000,1088.953844617225,35
2903,2021-12-28 13:40:55-05:00,1088.77,1088.77,1088.77,1088.77,796,,1640716855000000000,1088.775909924623,55
2904,2021-12-28 13:41:00-05:00,1088.77,1088.0663,1088.77,1088.0663,2986,,1640716860000000000,1088.3604582049566,86
2905,2021-12-28 13:41:05-05:00,1088.0462,1088.28,1088.28,1088.0301,2046,,1640716865000000000,1088.1799212121216,67
2906,2021-12-28 13:41:10-05:00,1088.225,1086.45,1088.225,1086.45,30912,,1640716870000000000,1087.3540445846284,1031
2907,2021-12-28 13:41:15-05:00,1086.46,1087.252,1087.252,1085.79,12190,,1640716875000000000,1086.3241353732574,433
2908,2021-12-28 13:41:20-05:00,1087.207,1086.985,1087.4299,1086.8453,5312,,1640716880000000000,1087.1552048569274,113
2909,2021-12-28 13:41:25-05:00,1086.99,1086.8668,1087.38,1086.8668,1168,,1640716885000000000,1087.0882674657532,56
2910,2021-12-28 13:41:30-05:00,1087.26,1087.115,1087.2999,1086.8801,2309,,1640716890000000000,1087.0373298830664,55
2911,2021-12-28 13:41:35-05:00,1087.12,1087.0205,1087.21,1087.0205,1270,,1640716895000000000,1087.0354302362207,57
2912,2021-12-28 13:41:40-05:00,1086.885,1086.885,1086.885,1086.885,637,,1640716900000000000,1086.8809175824176,54
2913,2021-12-28 13:41:45-05:00,1086.76,1086.84,1086.84,1086.76,1491,,1640716905000000000,1086.7356425888668,57
2914,2021-12-28 13:41:50-05:00,1086.73,1086.73,1086.73,1086.73,908,,1640716910000000000,1086.7983102422909,47
2915,2021-12-28 13:41:55-05:00,1086.99,1086.96,1086.99,1086.8368,4011,,1640716915000000000,1086.9587469209669,154
2916,2021-12-28 13:42:00-05:00,1087.12,1087.59,1087.59,1087.12,4338,,1640716920000000000,1087.3398842323652,131
2917,2021-12-28 13:42:05-05:00,1087.51,1087.685,1087.9699,1087.51,2066,,1640716925000000000,1087.681357357212,47
2918,2021-12-28 13:42:10-05:00,1087.7458,1088.255,1088.255,1087.7458,4561,,1640716930000000000,1087.9604380618289,69
2919,2021-12-28 13:42:15-05:00,1088.26,1088.01,1088.26,1088.01,1666,,1640716935000000000,1088.0841481992798,65
2920,2021-12-28 13:42:20-05:00,1088.2038,1088.2038,1088.2038,1088.2038,828,,1640716940000000000,1088.156597342995,50
2921,2021-12-28 13:42:25-05:00,1087.9276,1088.275,1088.5,1087.8215,7582,,1640716945000000000,1088.1723975731995,125
2922,2021-12-28 13:42:30-05:00,1088.27,1088.63,1088.63,1088.27,979,,1640716950000000000,1088.4544035750766,40
2923,2021-12-28 13:42:35-05:00,1088.82,1089.14,1089.14,1088.7767,3838,,1640716955000000000,1088.8954344450237,64
2924,2021-12-28 13:42:40-05:00,1088.92,1088.7827,1088.92,1088.7827,913,,1640716960000000000,1088.904978532311,52
2925,2021-12-28 13:42:45-05:00,1088.995,1088.995,1088.995,1088.995,383,,1640716965000000000,1088.9922798955615,29
2926,2021-12-28 13:42:50-05:00,1088.7901,1088.8401,1089.015,1088.7901,1925,,1640716970000000000,1088.9831472727271,25
2927,2021-12-28 13:43:00-05:00,1089.06,1088.8721,1089.09,1088.8721,2259,,1640716980000000000,1088.8954787073928,58
2928,2021-12-28 13:43:05-05:00,1089.06,1089.06,1089.06,1089.06,3170,,1640716985000000000,1089.0034766246058,16
2929,2021-12-28 13:43:10-05:00,1088.5615,1088.3,1088.59,1088.3,1920,,1640716990000000000,1088.535903541667,60
2930,2021-12-28 13:43:20-05:00,1088.3607,1088.56,1088.56,1088.3607,844,,1640717000000000000,1088.4639534360192,45
2931,2021-12-28 13:43:25-05:00,1088.48,1088.56,1088.56,1088.4715,2283,,1640717005000000000,1088.5363397722294,40
2932,2021-12-28 13:43:30-05:00,1088.53,1088.45,1088.53,1088.42,1118,,1640717010000000000,1088.4764831842576,51
2933,2021-12-28 13:43:35-05:00,1088.43,1088.5599,1088.5599,1088.43,1523,,1640717015000000000,1088.4356537097833,35
2934,2021-12-28 13:43:40-05:00,1087.8842,1087.9899,1087.9899,1087.8842,1027,,1640717020000000000,1087.9770394352488,64
2935,2021-12-28 13:43:45-05:00,1087.7484,1087.61,1087.92,1087.61,2492,,1640717025000000000,1087.7477797351528,54
2936,2021-12-28 13:43:50-05:00,1087.62,1087.5,1087.62,1087.5,2143,,1640717030000000000,1087.543311759216,49
2937,2021-12-28 13:43:55-05:00,1087.31,1087.46,1087.46,1087.31,551,,1640717035000000000,1087.3645460980033,20
2938,2021-12-28 13:44:00-05:00,1087.63,1087.2701,1087.63,1087.2701,4317,,1640717040000000000,1087.4908313875376,101
2939,2021-12-28 13:44:05-05:00,1087.3701,1087.3701,1087.3701,1087.3701,1430,,1640717045000000000,1087.609470769231,30
2940,2021-12-28 13:44:10-05:00,1087.7,1087,1087.74,1087,4498,,1640717050000000000,1087.3198751222767,112
2941,2021-12-28 13:44:15-05:00,1086.9556,1086.9556,1086.9556,1086.9556,627,,1640717055000000000,1086.940096969697,23
2942,2021-12-28 13:44:20-05:00,1087.13,1086.93,1087.28,1086.93,2240,,1640717060000000000,1087.1408885714281,57
2943,2021-12-28 13:44:25-05:00,1086.98,1087.3907,1087.49,1086.98,3062,,1640717065000000000,1087.2558757021552,61
2944,2021-12-28 13:44:30-05:00,1087.6125,1087.6125,1087.6125,1087.6125,442,,1640717070000000000,1087.5240823529412,23
2945,2021-12-28 13:44:35-05:00,1087.47,1087.47,1087.47,1087.47,237,,1640717075000000000,1087.4691320675104,19
2946,2021-12-28 13:44:40-05:00,1087.53,1087.52,1087.53,1087.52,1523,,1640717080000000000,1087.5292438608014,45
2947,2021-12-28 13:44:45-05:00,1087.5401,1087.54,1087.55,1087.54,1236,,1640717085000000000,1087.5656288834953,31
2948,2021-12-28 13:44:55-05:00,1087.32,1087.31,1087.32,1087.31,748,,1640717095000000000,1087.3512669786096,40
2949,2021-12-28 13:45:00-05:00,1087.3,1087.3,1087.3,1087.3,531,,1640717100000000000,1087.2807382297551,29
2950,2021-12-28 13:45:05-05:00,1087.1,1087.1,1087.1,1087.1,595,,1640717105000000000,1087.132022352941,51
2951,2021-12-28 13:45:10-05:00,1087.13,1087.03,1087.35,1087.03,574,,1640717110000000000,1087.1733428571429,31
2952,2021-12-28 13:45:15-05:00,1087.02,1086.8523,1087.2267,1086.68,2122,,1640717115000000000,1086.8149532516493,34
2953,2021-12-28 13:45:20-05:00,1086.7678,1086.795,1086.8362,1086.6344,1763,,1640717120000000000,1086.777746738514,42
2954,2021-12-28 13:45:25-05:00,1087,1086.7801,1087,1086.7801,1078,,1640717125000000000,1086.9603544526901,34
2955,2021-12-28 13:45:30-05:00,1086.7701,1086.935,1086.935,1086.7701,451,,1640717130000000000,1086.8508086474496,17
2956,2021-12-28 13:45:35-05:00,1086.8965,1086.7004,1086.8965,1086.7004,1120,,1640717135000000000,1086.8297963392856,46
2957,2021-12-28 13:45:40-05:00,1086.545,1086.5,1086.6141,1086.39,4039,,1640717140000000000,1086.5229854914587,87
2958,2021-12-28 13:45:45-05:00,1086.8299,1086.88,1086.88,1086.62,1262,,1640717145000000000,1086.7705560221882,107
2959,2021-12-28 13:45:50-05:00,1086.9,1087,1087,1086.8311,2399,,1640717150000000000,1086.9498513964154,58
2960,2021-12-28 13:45:55-05:00,1086.98,1087.2342,1087.2342,1086.98,3334,,1640717155000000000,1087.1929838932213,60
2961,2021-12-28 13:46:00-05:00,1087.15,1087.345,1087.6099,1087.15,1425,,1640717160000000000,1087.271552491228,53
2962,2021-12-28 13:46:05-05:00,1087.305,1087.7399,1087.7399,1087.305,3531,,1640717165000000000,1087.5000646275846,64
2963,2021-12-28 13:46:10-05:00,1087.74,1087.4,1087.89,1087.24,7830,,1640717170000000000,1087.7213349425292,190
2964,2021-12-28 13:46:15-05:00,1087.65,1087.79,1087.79,1087.65,813,,1640717175000000000,1087.6579076260764,21
2965,2021-12-28 13:46:20-05:00,1087.79,1087.4569,1087.79,1087.4569,1864,,1640717180000000000,1087.6479605150214,66
2966,2021-12-28 13:46:25-05:00,1087.18,1087.18,1087.18,1087.18,465,,1640717185000000000,1087.3113374193551,32
2967,2021-12-28 13:46:30-05:00,1087.548,1087.2,1087.548,1087.2,1604,,1640717190000000000,1087.4187769950124,47
2968,2021-12-28 13:46:35-05:00,1087.295,1087.295,1087.295,1087.295,377,,1640717195000000000,1087.2890177718832,19
2969,2021-12-28 13:46:40-05:00,1087.29,1087.29,1087.29,1087.29,120,,1640717200000000000,1087.28436,12
2970,2021-12-28 13:46:50-05:00,1087.431,1087.19,1087.431,1087.19,939,,1640717210000000000,1087.2818998935043,43
2971,2021-12-28 13:46:55-05:00,1087.335,1087.325,1087.335,1087.325,439,,1640717215000000000,1087.3336236902048,18
2972,2021-12-28 13:47:00-05:00,1087.01,1087.01,1087.01,1087.01,885,,1640717220000000000,1087.0939167231643,59
2973,2021-12-28 13:47:15-05:00,1087.11,1087.11,1087.11,1087.11,347,,1640717235000000000,1087.1218342939485,30
2974,2021-12-28 13:47:25-05:00,1087.185,1087.18,1087.185,1087.18,826,,1640717245000000000,1087.1260106537534,47
2975,2021-12-28 13:47:30-05:00,1086.935,1086.841,1086.935,1086.841,910,,1640717250000000000,1086.934273076923,33
2976,2021-12-28 13:47:35-05:00,1086.77,1086.5001,1086.9899,1086.5,2726,,1640717255000000000,1086.6412148936174,42
2977,2021-12-28 13:47:40-05:00,1086.5001,1086.7,1086.7,1086.5,802,,1640717260000000000,1086.478232543641,50
2978,2021-12-28 13:47:45-05:00,1086.26,1086.2315,1086.325,1086.2315,1084,,1640717265000000000,1086.3114718634688,49
2979,2021-12-28 13:47:50-05:00,1086.1646,1086.1738,1086.49,1086.1646,2926,,1640717270000000000,1086.2660520505808,98
2980,2021-12-28 13:47:55-05:00,1086.1677,1086.15,1086.1677,1086.15,2360,,1640717275000000000,1086.1725935593217,45
2981,2021-12-28 13:48:00-05:00,1086.15,1086.2,1086.3,1086.1,2935,,1640717280000000000,1086.171201056218,47
2982,2021-12-28 13:48:10-05:00,1086.42,1086.4,1086.45,1086.4,1540,,1640717290000000000,1086.43311025974,76
2983,2021-12-28 13:48:20-05:00,1086.54,1086.54,1086.54,1086.54,873,,1640717300000000000,1086.529899427262,39
2984,2021-12-28 13:48:25-05:00,1086.52,1086.98,1086.98,1086.52,3167,,1640717305000000000,1086.738533501737,122
2985,2021-12-28 13:48:30-05:00,1086.855,1087,1087,1086.855,696,,1640717310000000000,1086.9241583333333,28
2986,2021-12-28 13:48:35-05:00,1087.11,1086.9891,1087.11,1086.9891,1577,,1640717315000000000,1087.019208687381,19
2987,2021-12-28 13:48:40-05:00,1086.73,1086.7,1086.73,1086.36,3092,,1640717320000000000,1086.6801482535573,87
2988,2021-12-28 13:48:45-05:00,1086.89,1086.89,1086.89,1086.89,715,,1640717325000000000,1086.817144055944,45
2989,2021-12-28 13:48:50-05:00,1087.04,1087.0029,1087.04,1087.0029,1581,,1640717330000000000,1086.987431815307,31
2990,2021-12-28 13:48:55-05:00,1087.055,1087.0249,1087.055,1087.0249,1765,,1640717335000000000,1087.0639901983004,38
2991,2021-12-28 13:49:00-05:00,1086.95,1086.875,1087.1346,1086.875,853,,1640717340000000000,1087.0193701055102,21
2992,2021-12-28 13:49:10-05:00,1087.15,1088.363,1088.56,1087.15,6488,,1640717350000000000,1087.496480749075,176
2993,2021-12-28 13:49:15-05:00,1088.12,1087.8647,1088.12,1087.8647,1130,,1640717355000000000,1088.0970797345133,47
2994,2021-12-28 13:49:20-05:00,1087.97,1087.6701,1087.97,1087.6701,764,,1640717360000000000,1087.96897447644,40
2995,2021-12-28 13:49:30-05:00,1087.8348,1088.24,1088.3348,1087.8301,2303,,1640717370000000000,1088.0623692140684,38
2996,2021-12-28 13:49:35-05:00,1088.1802,1088,1088.3072,1088,5539,,1640717375000000000,1088.1566997472473,109
2997,2021-12-28 13:49:45-05:00,1088.16,1088.05,1088.32,1088.05,1147,,1640717385000000000,1088.1529693984305,53
2998,2021-12-28 13:49:50-05:00,1088.1699,1088.1699,1088.1699,1088.1699,1190,,1640717390000000000,1088.1640996638657,21
2999,2021-12-28 13:49:55-05:00,1088,1087.96,1088,1087.96,830,,1640717395000000000,1087.9659707228916,35
3000,2021-12-28 13:50:00-05:00,1088.1132,1088.1132,1088.1132,1088.1132,664,,1640717400000000000,1087.9858483433736,37
3001,2021-12-28 13:50:05-05:00,1088.1111,1088.1111,1088.1111,1088.1111,651,,1640717405000000000,1088.075805376344,53
3002,2021-12-28 13:50:10-05:00,1087.72,1087.9759,1087.9759,1087.72,660,,1640717410000000000,1087.8754268181815,40
3003,2021-12-28 13:50:15-05:00,1087.856,1087.74,1087.856,1087.71,1256,,1640717415000000000,1087.6933869426753,52
3004,2021-12-28 13:50:20-05:00,1087.1801,1087.1801,1087.1801,1087.1801,1714,,1640717420000000000,1087.2391896149356,27
3005,2021-12-28 13:50:25-05:00,1087.3155,1088.03,1088.03,1087.3155,3216,,1640717425000000000,1087.787782835821,111
3006,2021-12-28 13:50:30-05:00,1087.91,1088.17,1088.17,1087.81,2112,,1640717430000000000,1087.9577020359852,68
3007,2021-12-28 13:50:40-05:00,1088.14,1088.218,1088.218,1088.14,895,,1640717440000000000,1088.2005226815647,28
3008,2021-12-28 13:50:50-05:00,1088.05,1088.05,1088.05,1088.05,340,,1640717450000000000,1088.0862132352943,17
3009,2021-12-28 13:50:55-05:00,1088.1184,1088.1184,1088.1184,1088.1184,1241,,1640717455000000000,1088.13977727639,30
3010,2021-12-28 13:51:05-05:00,1088.1431,1088.1988,1088.1988,1087.8401,1804,,1640717465000000000,1088.0634594235032,56
3011,2021-12-28 13:51:10-05:00,1088.2199,1088.0536,1088.3191,1087.95,1725,,1640717470000000000,1088.0508748985505,47
3012,2021-12-28 13:51:15-05:00,1087.6082,1087.6082,1087.6082,1087.6082,432,,1640717475000000000,1087.8757435185182,28
3013,2021-12-28 13:51:20-05:00,1087.7409,1088.1334,1088.1334,1087.7409,520,,1640717480000000000,1087.8751134615388,35
3014,2021-12-28 13:51:25-05:00,1087.71,1087.7337,1087.9319,1087.71,1199,,1640717485000000000,1087.8881278565473,22
3015,2021-12-28 13:51:30-05:00,1087.86,1087.86,1087.86,1087.86,419,,1640717490000000000,1087.8627694510742,35
3016,2021-12-28 13:51:35-05:00,1087.9441,1087.9441,1087.9441,1087.9441,510,,1640717495000000000,1087.9209705882354,18
3017,2021-12-28 13:51:45-05:00,1087.82,1087.82,1087.82,1087.82,252,,1640717505000000000,1087.755855952381,26
3018,2021-12-28 13:51:55-05:00,1087.6201,1087.6201,1087.6201,1087.6201,203,,1640717515000000000,1087.6591674876847,17
3019,2021-12-28 13:52:00-05:00,1087.815,1087.99,1087.99,1087.815,1367,,1640717520000000000,1087.974225457205,60
3020,2021-12-28 13:52:10-05:00,1087.92,1088.14,1088.14,1087.92,2168,,1640717530000000000,1087.9804564575647,93
3021,2021-12-28 13:52:20-05:00,1088.25,1088.034,1088.29,1088.034,2065,,1640717540000000000,1088.19656251816,63
3022,2021-12-28 13:52:25-05:00,1088.0101,1088.405,1088.5,1088.0101,3548,,1640717545000000000,1088.3883432074401,91
3023,2021-12-28 13:52:30-05:00,1088.5,1088.3552,1088.56,1088.3552,1051,,1640717550000000000,1088.5111027592766,40
3024,2021-12-28 13:52:35-05:00,1088.5,1088.5,1088.5,1088.5,657,,1640717555000000000,1088.5273216133942,25
3025,2021-12-28 13:52:40-05:00,1088.33,1088.455,1088.455,1088.33,1491,,1640717560000000000,1088.417647887324,28
3026,2021-12-28 13:52:45-05:00,1088.695,1088.485,1088.695,1088.485,1560,,1640717565000000000,1088.5265171794872,39
3027,2021-12-28 13:52:50-05:00,1088.56,1088.88,1088.88,1088.56,660,,1640717570000000000,1088.7233030303025,46
3028,2021-12-28 13:52:55-05:00,1088.8782,1088.8642,1088.8782,1088.5288,3559,,1640717575000000000,1088.7077864568698,33
3029,2021-12-28 13:53:00-05:00,1088.51,1088.572,1088.572,1088.5,1504,,1640717580000000000,1088.5575156914895,51
3030,2021-12-28 13:53:05-05:00,1088.59,1088.77,1088.778,1088.59,841,,1640717585000000000,1088.643110820452,26
3031,2021-12-28 13:53:10-05:00,1088.72,1088.87,1088.88,1088.72,1036,,1640717590000000000,1088.7950842664093,33
3032,2021-12-28 13:53:15-05:00,1088.725,1089.03,1089.03,1088.725,3518,,1640717595000000000,1088.9450199260941,98
3033,2021-12-28 13:53:20-05:00,1088.75,1089.03,1089.03,1088.75,3645,,1640717600000000000,1088.9338617832648,103
3034,2021-12-28 13:53:25-05:00,1089.03,1088.865,1089.26,1088.865,2757,,1640717605000000000,1089.1279344940153,90
3035,2021-12-28 13:53:30-05:00,1088.9999,1089.15,1089.15,1088.9722,1748,,1640717610000000000,1088.9836856979407,38
3036,2021-12-28 13:53:35-05:00,1089.08,1089.08,1089.08,1089.08,303,,1640717615000000000,1089.1595514851485,21
3037,2021-12-28 13:53:40-05:00,1089.0088,1089.0088,1089.0088,1089.0088,567,,1640717620000000000,1088.9964917107586,33
3038,2021-12-28 13:53:45-05:00,1089.015,1088.9645,1089.015,1088.9645,396,,1640717625000000000,1088.9913755050504,27
3039,2021-12-28 13:53:50-05:00,1088.8701,1088.95,1088.98,1088.78,3447,,1640717630000000000,1088.8596145053666,77
3040,2021-12-28 13:53:55-05:00,1088.87,1088.9748,1089.02,1088.87,1452,,1640717635000000000,1088.9891598484849,36
3041,2021-12-28 13:54:00-05:00,1088.9326,1088.82,1088.9326,1088.72,2224,,1640717640000000000,1088.7956290467623,44
3042,2021-12-28 13:54:05-05:00,1088.86,1088.86,1088.86,1088.86,4224,,1640717645000000000,1088.855076870265,25
3043,2021-12-28 13:54:10-05:00,1088.7545,1088.84,1088.84,1088.75,2101,,1640717650000000000,1088.7853604474058,38
3044,2021-12-28 13:54:15-05:00,1088.804,1088.804,1088.804,1088.804,421,,1640717655000000000,1088.8063985748217,26
3045,2021-12-28 13:54:20-05:00,1088.7426,1088.8949,1088.8949,1088.7426,925,,1640717660000000000,1088.8635503783782,38
3046,2021-12-28 13:54:25-05:00,1088.8,1088.6601,1088.8311,1088.6601,2125,,1640717665000000000,1088.7887479058822,63
3047,2021-12-28 13:54:30-05:00,1088.68,1088.6874,1088.8999,1088.65,4053,,1640717670000000000,1088.6877397730084,76
3048,2021-12-28 13:54:35-05:00,1088.71,1088.57,1088.71,1088.57,2007,,1640717675000000000,1088.617543996014,58
3049,2021-12-28 13:54:40-05:00,1088.54,1088.18,1088.57,1088.18,3477,,1640717680000000000,1088.4116847857347,121
3050,2021-12-28 13:54:45-05:00,1088.324,1088.5599,1088.5599,1088.1155,2065,,1640717685000000000,1088.311856174334,39
3051,2021-12-28 13:54:50-05:00,1088.3021,1088.3021,1088.3021,1088.3021,508,,1640717690000000000,1088.311989370079,21
3052,2021-12-28 13:55:00-05:00,1088.35,1088.35,1088.35,1088.35,749,,1640717700000000000,1088.2594421895865,44
3053,2021-12-28 13:55:05-05:00,1088.24,1088.24,1088.24,1088.24,730,,1640717705000000000,1088.1878057534245,30
3054,2021-12-28 13:55:10-05:00,1088.32,1088.4199,1088.4199,1088.32,541,,1640717710000000000,1088.3186341959336,18
3055,2021-12-28 13:55:15-05:00,1088.28,1088.06,1088.28,1087.8,4165,,1640717715000000000,1087.997495246098,147
3056,2021-12-28 13:55:20-05:00,1087.8386,1087.32,1087.8386,1087.32,3207,,1640717720000000000,1087.581083598379,177
3057,2021-12-28 13:55:25-05:00,1087.38,1087.3717,1087.62,1087.3717,1691,,1640717725000000000,1087.469729804849,57
3058,2021-12-28 13:55:30-05:00,1087.1301,1087.55,1087.55,1087.1301,1842,,1640717730000000000,1087.44780548317,47
3059,2021-12-28 13:55:35-05:00,1087.54,1087.306,1087.55,1087.306,2852,,1640717735000000000,1087.4427221949509,87
3060,2021-12-28 13:55:40-05:00,1087.16,1086.995,1087.16,1086.89,5687,,1640717740000000000,1087.020426252858,106
3061,2021-12-28 13:55:45-05:00,1086.9919,1087.1,1087.1,1086.9919,1543,,1640717745000000000,1087.0501384964355,38
3062,2021-12-28 13:55:50-05:00,1086.97,1087,1087.0749,1086.97,456,,1640717750000000000,1087.0385951754386,25
3063,2021-12-28 13:55:55-05:00,1086.9546,1086.8901,1086.9546,1086.8901,468,,1640717755000000000,1086.955868376068,22
3064,2021-12-28 13:56:05-05:00,1087,1086.9699,1087,1086.9699,1498,,1640717765000000000,1086.9762759679575,35
3065,2021-12-28 13:56:10-05:00,1086.97,1086.94,1086.97,1086.94,679,,1640717770000000000,1086.9542918998525,22
3066,2021-12-28 13:56:15-05:00,1086.88,1086.92,1086.92,1086.88,956,,1640717775000000000,1086.893780334728,40
3067,2021-12-28 13:56:20-05:00,1086.73,1086.86,1086.86,1086.73,1516,,1640717780000000000,1086.746338126649,44
3068,2021-12-28 13:56:25-05:00,1086.86,1087.12,1087.12,1086.86,2968,,1640717785000000000,1086.9719918463613,89
3069,2021-12-28 13:56:30-05:00,1087.13,1086.78,1087.13,1086.78,577,,1640717790000000000,1087.0341136915076,21
3070,2021-12-28 13:56:35-05:00,1087.2499,1086.7987,1087.2499,1086.7987,904,,1640717795000000000,1087.0781740044247,29
3071,2021-12-28 13:56:40-05:00,1087.27,1086.96,1087.28,1086.96,4406,,1640717800000000000,1087.1213019291881,115
3072,2021-12-28 13:56:50-05:00,1087.01,1087.21,1087.21,1087.01,550,,1640717810000000000,1087.075943090909,28
3073,2021-12-28 13:56:55-05:00,1087.12,1087.42,1087.42,1087.12,3762,,1640717815000000000,1087.1849309941526,70
3074,2021-12-28 13:57:00-05:00,1087.43,1087.43,1087.43,1087.43,1395,,1640717820000000000,1087.4141463082442,52
3075,2021-12-28 13:57:05-05:00,1087.475,1087.475,1087.475,1087.475,431,,1640717825000000000,1087.490652668213,23
3076,2021-12-28 13:57:10-05:00,1087.2001,1087.4112,1087.4112,1087.2001,476,,1640717830000000000,1087.3563985294118,28
3077,2021-12-28 13:57:20-05:00,1087.55,1087.76,1087.76,1087.55,1596,,1640717840000000000,1087.6571686090224,66
3078,2021-12-28 13:57:25-05:00,1087.57,1087.54,1087.57,1087.51,791,,1640717845000000000,1087.5341844500633,31
3079,2021-12-28 13:57:30-05:00,1087.513,1087.6595,1087.6595,1087.45,2914,,1640717850000000000,1087.634682944406,37
3080,2021-12-28 13:57:35-05:00,1087.685,1087.685,1087.685,1087.685,454,,1640717855000000000,1087.6531050660794,40
3081,2021-12-28 13:57:45-05:00,1087.97,1088,1088,1087.815,2894,,1640717865000000000,1087.942315065653,107
3082,2021-12-28 13:57:50-05:00,1088,1087.9012,1088,1087.805,2892,,1640717870000000000,1087.8761951590598,51
3083,2021-12-28 13:57:55-05:00,1087.89,1087.806,1087.89,1087.806,823,,1640717875000000000,1087.8345399756988,34
3084,2021-12-28 13:58:00-05:00,1087.59,1087.66,1087.66,1087.59,1660,,1640717880000000000,1087.618693915663,79
3085,2021-12-28 13:58:05-05:00,1087.99,1088,1088,1087.99,1653,,1640717885000000000,1087.9447294010884,53
3086,2021-12-28 13:58:15-05:00,1088,1088.2857,1088.2857,1088,2792,,1640717895000000000,1088.1634720988536,86
3087,2021-12-28 13:58:20-05:00,1088.4229,1088.9999,1088.9999,1088.4229,6435,,1640717900000000000,1088.7984264957265,98
3088,2021-12-28 13:58:25-05:00,1088.98,1089.76,1089.763,1088.95,8136,,1640717905000000000,1089.3878775073756,239
3089,2021-12-28 13:58:30-05:00,1089.94,1090.365,1090.54,1089.94,12510,,1640717910000000000,1090.3383882973626,399
3090,2021-12-28 13:58:35-05:00,1090.18,1090.09,1090.305,1090,2292,,1640717915000000000,1090.0895017015707,55
3091,2021-12-28 13:58:40-05:00,1090.22,1090.0301,1090.4,1090.0194,6669,,1640717920000000000,1090.1390159694106,88
3092,2021-12-28 13:58:45-05:00,1090.28,1090.35,1090.35,1089.9851,2636,,1640717925000000000,1090.1452140743552,49
3093,2021-12-28 13:58:50-05:00,1089.9762,1090.08,1090.22,1089.9762,894,,1640717930000000000,1090.1549860178973,38
3094,2021-12-28 13:58:55-05:00,1090.08,1090.08,1090.405,1090.08,1823,,1640717935000000000,1090.1154900164565,65
3095,2021-12-28 13:59:00-05:00,1089.73,1089.736,1089.87,1089.655,3616,,1640717940000000000,1089.7200942477878,83
3096,2021-12-28 13:59:05-05:00,1089.4201,1089.88,1089.88,1089.4201,737,,1640717945000000000,1089.6578196743556,23
3097,2021-12-28 13:59:10-05:00,1089.665,1089.665,1089.665,1089.665,322,,1640717950000000000,1089.85324689441,16
3098,2021-12-28 13:59:15-05:00,1089.8086,1089.98,1089.9855,1089.8086,2530,,1640717955000000000,1089.6822305533597,20
3099,2021-12-28 13:59:20-05:00,1089.9,1090.21,1090.21,1089.9,2660,,1640717960000000000,1090.0730989473686,61
3100,2021-12-28 13:59:25-05:00,1090.1888,1090.38,1090.38,1090,4755,,1640717965000000000,1090.227316046267,115
3101,2021-12-28 13:59:30-05:00,1090.83,1090.84,1091,1090.5601,4678,,1640717970000000000,1090.875096601112,125
3102,2021-12-28 13:59:35-05:00,1090.5946,1090.9507,1091,1090.5601,3206,,1640717975000000000,1090.796627698066,39
3103,2021-12-28 13:59:40-05:00,1090.6,1090.4931,1090.6,1090.48,2998,,1640717980000000000,1090.5510682788533,80
3104,2021-12-28 13:59:45-05:00,1090.58,1090.45,1090.7599,1090.45,1097,,1640717985000000000,1090.6535287146762,44
3105,2021-12-28 13:59:50-05:00,1090.7273,1090.735,1090.735,1090.7273,1712,,1640717990000000000,1090.7162606308407,48
3106,2021-12-28 13:59:55-05:00,1090.89,1090.72,1090.89,1090.72,1412,,1640717995000000000,1090.8128963881018,64
3107,2021-12-28 14:00:00-05:00,1090.6,1090.298,1090.65,1090.1,3975,,1640718000000000000,1090.287115798742,116
3108,2021-12-28 14:00:05-05:00,1090.1363,1090.18,1090.255,1090.1363,3420,,1640718005000000000,1090.2195723391808,103
3109,2021-12-28 14:00:10-05:00,1090.05,1089.8022,1090.05,1089.59,3085,,1640718010000000000,1090.0776495948135,59
3110,2021-12-28 14:00:15-05:00,1089.95,1089.82,1089.95,1089.79,1385,,1640718015000000000,1089.870693790614,35
3111,2021-12-28 14:00:20-05:00,1089.59,1088.0601,1089.7,1088.0601,3984,,1640718020000000000,1088.941457906626,145
3112,2021-12-28 14:00:25-05:00,1088.625,1088.11,1088.6599,1088.06,2224,,1640718025000000000,1088.2865888938848,67
3113,2021-12-28 14:00:30-05:00,1088.1982,1087.89,1088.66,1087.89,3224,,1640718030000000000,1088.318661166253,124
3114,2021-12-28 14:00:35-05:00,1088.07,1087.43,1088.07,1087.43,3026,,1640718035000000000,1087.585006278916,96
3115,2021-12-28 14:00:40-05:00,1087.76,1087.96,1088.1999,1087.7426,2883,,1640718040000000000,1087.9257305584463,87
3116,2021-12-28 14:00:45-05:00,1087.96,1088.22,1088.22,1087.96,2818,,1640718045000000000,1088.1868884669977,83
3117,2021-12-28 14:00:50-05:00,1088.283,1088.5,1088.5,1088.283,789,,1640718050000000000,1088.3922017743978,24
3118,2021-12-28 14:00:55-05:00,1088.25,1087.3399,1088.25,1087.0001,10188,,1640718055000000000,1087.6658167353748,262
3119,2021-12-28 14:01:00-05:00,1087,1087.925,1088.2799,1087,9975,,1640718060000000000,1087.3903092531336,260
3120,2021-12-28 14:01:05-05:00,1088.11,1087.595,1088.11,1087.595,3186,,1640718065000000000,1087.92801698054,61
3121,2021-12-28 14:01:10-05:00,1087.43,1087.02,1087.43,1087.02,2388,,1640718070000000000,1087.1980641959804,43
3122,2021-12-28 14:01:15-05:00,1087.62,1087.8252,1087.8252,1087.48,1655,,1640718075000000000,1087.599479516616,82
3123,2021-12-28 14:01:20-05:00,1087.52,1087.64,1087.64,1087.48,1316,,1640718080000000000,1087.58308275076,57
3124,2021-12-28 14:01:25-05:00,1087.76,1087.8531,1088.01,1087.7,1725,,1640718085000000000,1087.8796136811593,41
3125,2021-12-28 14:01:30-05:00,1088.025,1088.025,1088.025,1088.025,524,,1640718090000000000,1087.9048022900763,22
3126,2021-12-28 14:01:35-05:00,1088.3518,1088.35,1088.5,1088.35,2174,,1640718095000000000,1088.3536329806807,74
3127,2021-12-28 14:01:40-05:00,1088.57,1088.15,1088.57,1088.15,1268,,1640718100000000000,1088.2256814668767,56
3128,2021-12-28 14:01:45-05:00,1088.32,1088.32,1088.32,1088.32,672,,1640718105000000000,1088.061659077381,38
3129,2021-12-28 14:01:50-05:00,1087.64,1087.64,1087.64,1087.64,378,,1640718110000000000,1087.7805116402114,30
3130,2021-12-28 14:01:55-05:00,1087.918,1087.5,1087.918,1087.12,1812,,1640718115000000000,1087.4408424392936,62
3131,2021-12-28 14:02:00-05:00,1087.18,1087.16,1087.49,1087.1201,2866,,1640718120000000000,1087.2035804256805,70
3132,2021-12-28 14:02:05-05:00,1087.3556,1087.3556,1087.3556,1087.3556,282,,1640718125000000000,1087.2158776595745,18
3133,2021-12-28 14:02:10-05:00,1087.44,1087.44,1087.44,1087.44,544,,1640718130000000000,1087.4396924632356,35
3134,2021-12-28 14:02:15-05:00,1087.06,1086.65,1087.325,1086.65,5323,,1640718135000000000,1086.948800920534,137
3135,2021-12-28 14:02:20-05:00,1086.6497,1086.87,1086.87,1086.6349,1834,,1640718140000000000,1086.767873118866,39
3136,2021-12-28 14:02:25-05:00,1086.6,1086,1086.6,1086,7069,,1640718145000000000,1086.222615348705,238
3137,2021-12-28 14:02:30-05:00,1086.235,1086.0101,1086.235,1086.0101,603,,1640718150000000000,1086.1702927031506,39
3138,2021-12-28 14:02:35-05:00,1086.3,1086.175,1086.3,1086.0416,768,,1640718155000000000,1086.17398984375,32
3139,2021-12-28 14:02:40-05:00,1086.1473,1086.5,1086.5,1086.1473,2511,,1640718160000000000,1086.4152011549183,78
3140,2021-12-28 14:02:45-05:00,1086.0101,1086.0101,1086.0101,1086.0101,536,,1640718165000000000,1086.1779317164182,29
3141,2021-12-28 14:02:50-05:00,1086.4499,1086.4499,1086.4499,1086.4499,888,,1640718170000000000,1086.3539025900902,33
3142,2021-12-28 14:02:55-05:00,1086.01,1086.29,1086.29,1085.82,6036,,1640718175000000000,1086.0178111663347,198
3143,2021-12-28 14:03:00-05:00,1086.16,1086.5,1086.5,1086.16,5172,,1640718180000000000,1086.3228631477184,80
3144,2021-12-28 14:03:05-05:00,1086.4618,1086.5452,1086.5452,1086.4618,3023,,1640718185000000000,1086.4873603043336,82
3145,2021-12-28 14:03:10-05:00,1086.15,1086.19,1086.23,1086,3158,,1640718190000000000,1086.150012349589,85
3146,2021-12-28 14:03:15-05:00,1086,1086,1086.0779,1086,3021,,1640718195000000000,1086.1175234690497,60
3147,2021-12-28 14:03:20-05:00,1086.03,1085.17,1086.22,1085.0512,10724,,1640718200000000000,1085.4429234520696,323
3148,2021-12-28 14:03:25-05:00,1085.05,1084.72,1085.1,1084.3001,41143,,1640718205000000000,1084.9220508154478,775
3149,2021-12-28 14:03:30-05:00,1085.2733,1085.3,1085.4,1084.87,4435,,1640718210000000000,1085.098588365276,94
3150,2021-12-28 14:03:35-05:00,1085.2599,1084.69,1085.2599,1084.69,2196,,1640718215000000000,1084.9649535519127,44
3151,2021-12-28 14:03:40-05:00,1085.21,1084.61,1085.24,1084.61,3473,,1640718220000000000,1084.9731117765623,108
3152,2021-12-28 14:03:45-05:00,1085.068,1084.7,1085.068,1084.65,1579,,1640718225000000000,1084.708860861305,52
3153,2021-12-28 14:03:50-05:00,1084.92,1085.1333,1085.427,1084.92,2942,,1640718230000000000,1085.2308591434403,57
3154,2021-12-28 14:03:55-05:00,1085.14,1085.2749,1085.2749,1085.14,732,,1640718235000000000,1085.2536525956284,32
3155,2021-12-28 14:04:00-05:00,1085.1874,1085.6,1085.6,1084.93,3505,,1640718240000000000,1085.2945193723249,109
3156,2021-12-28 14:04:05-05:00,1085.555,1085.7278,1085.7278,1085.3501,1698,,1640718245000000000,1085.5070224381625,43
3157,2021-12-28 14:04:10-05:00,1085.4475,1086.14,1086.14,1085.38,2992,,1640718250000000000,1085.804463736631,76
3158,2021-12-28 14:04:15-05:00,1086.005,1086.15,1086.6,1085.9695,8649,,1640718255000000000,1086.334453509076,188
3159,2021-12-28 14:04:20-05:00,1085.9179,1085.7501,1085.9179,1085.7501,2737,,1640718260000000000,1085.8901061381075,32
3160,2021-12-28 14:04:25-05:00,1085.84,1086.077,1086.077,1085.8,971,,1640718265000000000,1085.9901936148299,29
3161,2021-12-28 14:04:30-05:00,1085.76,1085.75,1085.9999,1085.75,4338,,1640718270000000000,1085.8645754264633,149
3162,2021-12-28 14:04:35-05:00,1085.51,1086,1086.1836,1085.51,3815,,1640718275000000000,1085.9560704325036,74
3163,2021-12-28 14:04:45-05:00,1085.485,1085.485,1085.5153,1085.485,1781,,1640718285000000000,1085.4708952835488,40
3164,2021-12-28 14:04:50-05:00,1085.7199,1085.7199,1085.7199,1085.7199,937,,1640718290000000000,1085.4347287086443,62
3165,2021-12-28 14:04:55-05:00,1085.47,1085.62,1085.62,1085.435,2232,,1640718295000000000,1085.5334971326163,72
3166,2021-12-28 14:05:00-05:00,1085.62,1085.3,1085.7299,1085.2901,1269,,1640718300000000000,1085.4963226950354,37
3167,2021-12-28 14:05:05-05:00,1085.52,1085.9868,1086.17,1085.52,4599,,1640718305000000000,1085.9109712328766,99
3168,2021-12-28 14:05:10-05:00,1085.765,1085.52,1085.765,1085.52,1733,,1640718310000000000,1085.7208457010963,38
3169,2021-12-28 14:05:15-05:00,1085.97,1085.97,1085.97,1085.97,427,,1640718315000000000,1085.8360627634659,24
3170,2021-12-28 14:05:20-05:00,1085.8,1085.8,1085.8,1085.8,399,,1640718320000000000,1085.7401280701756,29
3171,2021-12-28 14:05:25-05:00,1085.815,1086,1086,1085.815,1662,,1640718325000000000,1086.0081732851982,77
3172,2021-12-28 14:05:30-05:00,1085.9501,1085.9501,1085.9501,1085.9501,331,,1640718330000000000,1085.9787320241692,16
3173,2021-12-28 14:05:35-05:00,1086.135,1086.32,1086.63,1086.0143,2080,,1640718335000000000,1086.3840019711536,72
3174,2021-12-28 14:05:40-05:00,1086.3774,1086.2601,1086.5018,1086.1701,867,,1640718340000000000,1086.3675705882351,32
3175,2021-12-28 14:05:45-05:00,1086.69,1086.37,1086.69,1086.37,1887,,1640718345000000000,1086.5454112347643,53
3176,2021-12-28 14:05:50-05:00,1086.4,1086.02,1086.55,1086.02,4194,,1640718350000000000,1086.367564401526,96
3177,2021-12-28 14:05:55-05:00,1086.2894,1086.03,1086.2894,1086.03,552,,1640718355000000000,1086.1574248188404,27
3178,2021-12-28 14:06:00-05:00,1086.3,1086.5699,1086.5899,1086.0641,2095,,1640718360000000000,1086.3716584725537,44
3179,2021-12-28 14:06:05-05:00,1086.4658,1087.28,1087.28,1086.4658,3864,,1640718365000000000,1086.828776889234,134
3180,2021-12-28 14:06:10-05:00,1087.19,1087.045,1087.19,1086.95,966,,1640718370000000000,1087.097500310559,45
3181,2021-12-28 14:06:15-05:00,1087.2926,1087.125,1087.2926,1086.98,558,,1640718375000000000,1087.1673324372762,34
3182,2021-12-28 14:06:20-05:00,1087.24,1087,1087.24,1086.7863,900,,1640718380000000000,1087.0416132222224,40
3183,2021-12-28 14:06:25-05:00,1087.0999,1086.63,1087.0999,1086.63,968,,1640718385000000000,1086.7412476239676,34
3184,2021-12-28 14:06:30-05:00,1086.8,1087.5,1087.5,1086.8,2759,,1640718390000000000,1087.2103505255525,86
3185,2021-12-28 14:06:35-05:00,1087.49,1086.8801,1087.68,1086.8801,2414,,1640718395000000000,1087.4148961060484,67
3186,2021-12-28 14:06:40-05:00,1087.1,1086.9601,1087.25,1086.9601,640,,1640718400000000000,1087.119728125,34
3187,2021-12-28 14:06:45-05:00,1086.99,1087.015,1087.015,1086.99,675,,1640718405000000000,1087.0300124444443,31
3188,2021-12-28 14:06:50-05:00,1087.1472,1086.92,1087.1472,1086.92,881,,1640718410000000000,1086.9810758229285,22
3189,2021-12-28 14:06:55-05:00,1087.15,1087.2681,1087.3,1087.095,1461,,1640718415000000000,1087.2055677618068,32
3190,2021-12-28 14:07:00-05:00,1087.3,1087.31,1087.31,1087.3,1877,,1640718420000000000,1087.2937068193926,55
3191,2021-12-28 14:07:05-05:00,1087.315,1087.52,1087.57,1087.1,1860,,1640718425000000000,1087.3485816129034,52
3192,2021-12-28 14:07:10-05:00,1087.57,1087.57,1087.57,1087.431,984,,1640718430000000000,1087.5009955284554,26
3193,2021-12-28 14:07:15-05:00,1087.4501,1087.09,1087.4501,1087.09,1718,,1640718435000000000,1087.3248311990683,56
3194,2021-12-28 14:07:20-05:00,1087.1401,1086.97,1087.21,1086.97,3623,,1640718440000000000,1087.1289153739995,53
3195,2021-12-28 14:07:25-05:00,1087,1087.0085,1087.0085,1087,1044,,1640718445000000000,1087.0109017241382,26
3196,2021-12-28 14:07:30-05:00,1087.17,1086.7,1087.17,1086.7,1804,,1640718450000000000,1086.9933584257205,53
3197,2021-12-28 14:07:35-05:00,1086.9267,1086.7801,1086.9267,1086.7801,443,,1640718455000000000,1086.7695738148984,21
3198,2021-12-28 14:07:40-05:00,1086.9087,1086.6242,1086.9087,1086.53,1510,,1640718460000000000,1086.633982847682,47
3199,2021-12-28 14:07:45-05:00,1086.41,1086.36,1086.41,1086.36,1121,,1640718465000000000,1086.4038044603028,31
3200,2021-12-28 14:07:50-05:00,1086.19,1086.19,1086.31,1086.19,1231,,1640718470000000000,1086.235520552396,41
3201,2021-12-28 14:07:55-05:00,1086.355,1086.09,1086.355,1086.09,1416,,1640718475000000000,1086.1873182203387,37
3202,2021-12-28 14:08:00-05:00,1086.2,1086.08,1086.28,1086.08,1375,,1640718480000000000,1086.1859072,50
3203,2021-12-28 14:08:05-05:00,1086.2,1086.2,1086.2,1086.2,504,,1640718485000000000,1086.2262115079366,30
3204,2021-12-28 14:08:10-05:00,1086.22,1086.22,1086.22,1086.22,657,,1640718490000000000,1086.2104894977167,43
3205,2021-12-28 14:08:15-05:00,1086.3499,1086.3499,1086.3499,1086.3499,291,,1640718495000000000,1086.3154529209623,18
3206,2021-12-28 14:08:20-05:00,1086.3199,1086,1086.3199,1086,1807,,1640718500000000000,1086.036824460432,67
3207,2021-12-28 14:08:25-05:00,1085.86,1085.86,1085.86,1085.86,295,,1640718505000000000,1086.036260338983,26
3208,2021-12-28 14:08:30-05:00,1085.995,1085.86,1085.995,1085.86,2394,,1640718510000000000,1085.903061027569,79
3209,2021-12-28 14:08:35-05:00,1085.76,1085.8154,1085.8154,1085.76,1309,,1640718515000000000,1085.8011470588235,27
3210,2021-12-28 14:08:40-05:00,1086.02,1085.9434,1086.02,1085.94,1848,,1640718520000000000,1086.009255627706,69
3211,2021-12-28 14:08:45-05:00,1085.94,1085.94,1085.94,1085.94,512,,1640718525000000000,1086.1111199218751,18
3212,2021-12-28 14:08:50-05:00,1086.11,1086.3601,1086.395,1086.11,4675,,1640718530000000000,1086.269239679144,129
3213,2021-12-28 14:08:55-05:00,1086.78,1086.36,1086.78,1086.36,863,,1640718535000000000,1086.5009373117032,40
3214,2021-12-28 14:09:05-05:00,1086.3635,1086.83,1086.83,1086.36,3343,,1640718545000000000,1086.6146687107391,90
3215,2021-12-28 14:09:10-05:00,1086.82,1086.21,1086.82,1086.21,1780,,1640718550000000000,1086.4319228651689,31
3216,2021-12-28 14:09:15-05:00,1086.445,1086.445,1086.445,1086.445,706,,1640718555000000000,1086.4876426345609,30
3217,2021-12-28 14:09:20-05:00,1086.4102,1086.4102,1086.4102,1086.4102,328,,1640718560000000000,1086.4201356707317,23
3218,2021-12-28 14:09:35-05:00,1086.3554,1086.3,1086.3554,1086.3,1364,,1640718575000000000,1086.3386151026393,42
3219,2021-12-28 14:09:40-05:00,1086.22,1085.51,1086.35,1085.33,9536,,1640718580000000000,1085.6936439492451,211
3220,2021-12-28 14:09:45-05:00,1085.73,1086.0112,1086.0112,1085.53,1930,,1640718585000000000,1085.7160619170984,24
3221,2021-12-28 14:09:50-05:00,1085.74,1085.99,1085.99,1085.71,1425,,1640718590000000000,1085.8062216140352,45
3222,2021-12-28 14:09:55-05:00,1085.6045,1085.6045,1085.6045,1085.6045,216,,1640718595000000000,1085.6856314814813,19
3223,2021-12-28 14:10:00-05:00,1085.7127,1085.84,1085.84,1085.52,2866,,1640718600000000000,1085.674700558269,92
3224,2021-12-28 14:10:05-05:00,1085.9899,1086,1086.03,1085.96,2941,,1640718605000000000,1085.9673635838149,53
3225,2021-12-28 14:10:10-05:00,1085.89,1085.89,1085.89,1085.89,1739,,1640718610000000000,1085.9035788384128,35
3226,2021-12-28 14:10:20-05:00,1085.79,1085.81,1085.81,1085.71,1229,,1640718620000000000,1085.795099918633,41
3227,2021-12-28 14:10:25-05:00,1085.77,1085.8491,1085.8491,1085.77,536,,1640718625000000000,1085.7304617537313,24
3228,2021-12-28 14:10:30-05:00,1085.71,1085.695,1085.71,1085.695,1136,,1640718630000000000,1085.6860685739437,33
3229,2021-12-28 14:10:35-05:00,1085.89,1085.8935,1086.04,1085.89,2126,,1640718635000000000,1085.8847928974606,78
3230,2021-12-28 14:10:40-05:00,1085.9076,1085.833,1086.04,1085.833,2330,,1640718640000000000,1085.9638887982833,44
3231,2021-12-28 14:10:45-05:00,1085.6001,1085.7192,1085.7192,1085.6001,1160,,1640718645000000000,1085.7063406896552,27
3232,2021-12-28 14:10:50-05:00,1085.5,1085.6,1085.6,1085.5,1187,,1640718650000000000,1085.5541706823929,27
3233,2021-12-28 14:10:55-05:00,1085.8,1086.1299,1086.1299,1085.77,1498,,1640718655000000000,1085.8623779706272,49
3234,2021-12-28 14:11:00-05:00,1085.97,1086.6507,1086.7,1085.8794,7080,,1640718660000000000,1086.283300141243,144
3235,2021-12-28 14:11:05-05:00,1086.4129,1086.275,1086.635,1086.275,2531,,1640718665000000000,1086.438519043856,67
3236,2021-12-28 14:11:10-05:00,1086.1064,1086.4699,1086.4699,1086.1064,727,,1640718670000000000,1086.3044573590098,22
3237,2021-12-28 14:11:15-05:00,1086.155,1086.155,1086.155,1086.155,311,,1640718675000000000,1086.2008755627012,24
3238,2021-12-28 14:11:20-05:00,1085.92,1085.925,1085.925,1085.75,2299,,1640718680000000000,1085.811581905176,61
3239,2021-12-28 14:11:25-05:00,1085.8556,1085.6892,1086.08,1085.6892,853,,1640718685000000000,1085.8681539273155,28
3240,2021-12-28 14:11:30-05:00,1085.81,1085.52,1085.81,1085.5,1823,,1640718690000000000,1085.6349353263847,77
3241,2021-12-28 14:11:35-05:00,1085.5278,1085.7,1085.7,1085.5278,4489,,1640718695000000000,1085.6648291601696,34
3242,2021-12-28 14:11:40-05:00,1085.53,1085.5,1085.53,1085.38,1640,,1640718700000000000,1085.5239095121951,62
3243,2021-12-28 14:11:45-05:00,1085.63,1085.71,1085.71,1085.63,607,,1640718705000000000,1085.6602955518947,40
3244,2021-12-28 14:12:00-05:00,1085.59,1085.5401,1085.92,1085.51,5558,,1640718720000000000,1085.6456037243606,117
3245,2021-12-28 14:12:05-05:00,1085.76,1085.745,1085.76,1085.71,662,,1640718725000000000,1085.7371031722055,27
3246,2021-12-28 14:12:10-05:00,1085.6598,1085.6598,1085.6598,1085.6598,351,,1640718730000000000,1085.6540905982904,22
3247,2021-12-28 14:12:15-05:00,1085.6076,1085.7393,1085.92,1085.6076,1898,,1640718735000000000,1085.8495060590094,51
3248,2021-12-28 14:12:25-05:00,1086,1086.027,1086.21,1086,2359,,1640718745000000000,1086.0700966087322,70
3249,2021-12-28 14:12:30-05:00,1086.21,1086.1733,1086.28,1086.015,1589,,1640718750000000000,1086.1765688483322,41
3250,2021-12-28 14:12:45-05:00,1086.055,1085.8655,1086.055,1085.8655,1071,,1640718765000000000,1085.9887647058822,40
3251,2021-12-28 14:12:55-05:00,1086.04,1086.04,1086.04,1086.04,653,,1640718775000000000,1086.0280813169982,29
3252,2021-12-28 14:13:00-05:00,1086.115,1086.115,1086.115,1086.115,561,,1640718780000000000,1086.1082540106952,12
3253,2021-12-28 14:13:05-05:00,1086.115,1086.4593,1086.5,1086,6219,,1640718785000000000,1086.4134373854317,116
3254,2021-12-28 14:13:10-05:00,1086.45,1086.7901,1087.15,1086.41,6567,,1640718790000000000,1086.782772605452,114
3255,2021-12-28 14:13:15-05:00,1086.8101,1086.22,1087.0399,1086.22,2246,,1640718795000000000,1086.6790743544077,77
3256,2021-12-28 14:13:20-05:00,1086.69,1086.495,1086.74,1086.4937,942,,1640718800000000000,1086.646394692144,37
3257,2021-12-28 14:13:25-05:00,1086.7,1086.49,1086.75,1086.49,1395,,1640718805000000000,1086.6207550537636,31
3258,2021-12-28 14:13:30-05:00,1086.31,1086.66,1086.6854,1086.31,1196,,1640718810000000000,1086.4675240802676,33
3259,2021-12-28 14:13:35-05:00,1086.45,1086.12,1086.45,1086.12,1451,,1640718815000000000,1086.264908959338,41
3260,2021-12-28 14:13:50-05:00,1086.2,1086.41,1086.41,1086.2,405,,1640718830000000000,1086.38078345679,24
3261,2021-12-28 14:14:00-05:00,1086.405,1086.59,1086.59,1086.405,1927,,1640718840000000000,1086.4808047223662,44
3262,2021-12-28 14:14:05-05:00,1086.65,1086.71,1086.71,1086.4342,3044,,1640718845000000000,1086.6651309132715,107
3263,2021-12-28 14:14:10-05:00,1086.77,1086.56,1086.79,1086.56,2391,,1640718850000000000,1086.7635985361774,62
3264,2021-12-28 14:14:15-05:00,1086.6601,1086.6601,1086.6601,1086.6601,271,,1640718855000000000,1086.8337121771217,25
3265,2021-12-28 14:14:20-05:00,1086.9617,1087,1087,1086.9617,713,,1640718860000000000,1086.9568781206171,24
3266,2021-12-28 14:14:25-05:00,1086.73,1086.3501,1086.73,1086.3501,2840,,1640718865000000000,1086.675757183098,67
3267,2021-12-28 14:14:35-05:00,1086.34,1086.41,1086.41,1086.34,561,,1640718875000000000,1086.3690160427805,38
3268,2021-12-28 14:14:40-05:00,1086.3739,1086.49,1086.49,1086.3739,680,,1640718880000000000,1086.4064195588232,39
3269,2021-12-28 14:14:45-05:00,1086.22,1086.715,1086.715,1086.22,1900,,1640718885000000000,1086.5464390526315,48
3270,2021-12-28 14:14:50-05:00,1086.64,1086.64,1086.64,1086.64,236,,1640718890000000000,1086.5786974576274,26
3271,2021-12-28 14:14:55-05:00,1086.435,1086.435,1086.435,1086.435,1230,,1640718895000000000,1086.414892601626,38
3272,2021-12-28 14:15:00-05:00,1086.55,1086.82,1086.82,1086.55,2520,,1640718900000000000,1086.7527499206344,74
3273,2021-12-28 14:15:05-05:00,1086.9999,1086.851,1087.15,1086.7327,2280,,1640718905000000000,1086.9444791228068,62
3274,2021-12-28 14:15:10-05:00,1087.26,1088.0253,1088.27,1087.2293,9389,,1640718910000000000,1087.9024594738532,210
3275,2021-12-28 14:15:15-05:00,1088,1087.5882,1088,1087.36,2447,,1640718915000000000,1087.6859835717205,51
3276,2021-12-28 14:15:20-05:00,1087.42,1087.42,1087.42,1087.42,386,,1640718920000000000,1087.6378839378237,30
3277,2021-12-28 14:15:25-05:00,1087.91,1087.785,1087.91,1087.735,828,,1640718925000000000,1087.7862175120772,30
3278,2021-12-28 14:15:30-05:00,1087.5501,1087.54,1087.9199,1087.2748,3261,,1640718930000000000,1087.5280452315242,73
3279,2021-12-28 14:15:35-05:00,1087.66,1088,1088.03,1087.66,2287,,1640718935000000000,1087.88161836467,85
3280,2021-12-28 14:15:40-05:00,1088.0939,1088.29,1088.29,1088.0939,1107,,1640718940000000000,1088.1816453477866,40
3281,2021-12-28 14:15:45-05:00,1088.064,1088.3444,1088.3444,1088.0334,1930,,1640718945000000000,1088.148567357513,21
3282,2021-12-28 14:15:50-05:00,1088.11,1088.13,1088.2317,1088.11,1026,,1640718950000000000,1088.2074182261213,51
3283,2021-12-28 14:15:55-05:00,1088.225,1088.225,1088.225,1088.225,624,,1640718955000000000,1088.2212733974363,36
3284,2021-12-28 14:16:00-05:00,1088.35,1088.37,1088.53,1088.3212,4014,,1640718960000000000,1088.3858382162437,149
3285,2021-12-28 14:16:10-05:00,1088.11,1088.2367,1088.2367,1088.0666,1585,,1640718970000000000,1088.1427374132495,68
3286,2021-12-28 14:16:15-05:00,1088.263,1088.3,1088.42,1088.1,2245,,1640718975000000000,1088.202654610245,89
3287,2021-12-28 14:16:20-05:00,1088.42,1088.52,1088.52,1088.3,1994,,1640718980000000000,1088.357627632899,64
3288,2021-12-28 14:16:25-05:00,1088.265,1088.275,1088.295,1088.25,1557,,1640718985000000000,1088.2690290944124,36
3289,2021-12-28 14:16:30-05:00,1088.145,1088.13,1088.145,1088.0001,2396,,1640718990000000000,1088.091262437395,107
3290,2021-12-28 14:16:35-05:00,1088,1088.0599,1088.0599,1087.72,3703,,1640718995000000000,1087.9215068863082,66
3291,2021-12-28 14:16:45-05:00,1087.72,1087.7811,1087.7811,1087.57,1355,,1640719005000000000,1087.7113176383764,41
3292,2021-12-28 14:16:50-05:00,1087.79,1087.79,1087.79,1087.79,343,,1640719010000000000,1087.7333201166182,22
3293,2021-12-28 14:16:55-05:00,1087.68,1088.26,1088.26,1087.68,4051,,1640719015000000000,1088.1231739076766,84
3294,2021-12-28 14:17:00-05:00,1088.105,1088.55,1088.55,1088.105,1934,,1640719020000000000,1088.4996458634955,65
3295,2021-12-28 14:17:05-05:00,1088.71,1088.6266,1088.7999,1088.55,2373,,1640719025000000000,1088.6960356932152,49
3296,2021-12-28 14:17:10-05:00,1088.7999,1088.525,1088.7999,1088.525,1660,,1640719030000000000,1088.6493810843374,37
3297,2021-12-28 14:17:15-05:00,1088.72,1089.4,1089.4,1088.72,7748,,1640719035000000000,1088.9821050206504,122
3298,2021-12-28 14:17:20-05:00,1089.275,1089.13,1089.285,1089.0701,2568,,1640719040000000000,1089.2318472352026,55
3299,2021-12-28 14:17:25-05:00,1089.13,1089,1089.13,1088.8701,2811,,1640719045000000000,1089.0107239416575,38
3300,2021-12-28 14:17:30-05:00,1088.995,1088.94,1089.11,1088.88,2475,,1640719050000000000,1089.0107105858588,34
3301,2021-12-28 14:17:35-05:00,1089.01,1088.7392,1089.01,1088.52,3162,,1640719055000000000,1088.793542504744,77
3302,2021-12-28 14:17:40-05:00,1088.92,1088.92,1088.92,1088.92,462,,1640719060000000000,1088.7704417748917,31
3303,2021-12-28 14:17:45-05:00,1088.9099,1088.875,1088.9099,1088.78,810,,1640719065000000000,1088.8273009876543,28
3304,2021-12-28 14:17:50-05:00,1088.8741,1088.9722,1088.9722,1088.8741,306,,1640719070000000000,1088.9074107843137,16
3305,2021-12-28 14:17:55-05:00,1088.745,1088.745,1088.745,1088.745,1099,,1640719075000000000,1088.7870505914466,40
3306,2021-12-28 14:18:00-05:00,1088.6833,1088.82,1089,1088.6833,1884,,1640719080000000000,1088.9027432059445,58
3307,2021-12-28 14:18:05-05:00,1088.84,1088.73,1088.9999,1088.73,923,,1640719085000000000,1088.8211985915493,32
3308,2021-12-28 14:18:10-05:00,1088.9999,1088.81,1088.9999,1088.81,691,,1640719090000000000,1088.839911577424,17
3309,2021-12-28 14:18:15-05:00,1088.99,1088.97,1089.06,1088.8813,4155,,1640719095000000000,1089.008576197352,55
3310,2021-12-28 14:18:20-05:00,1089.08,1089.335,1089.58,1089.08,4120,,1640719100000000000,1089.2976840048543,105
3311,2021-12-28 14:18:25-05:00,1089.54,1089.76,1089.76,1089.16,5484,,1640719105000000000,1089.4067325674691,113
3312,2021-12-28 14:18:30-05:00,1089.75,1090,1090,1089.56,4676,,1640719110000000000,1089.8187755560311,120
3313,2021-12-28 14:18:35-05:00,1089.845,1089.82,1090.2199,1089.78,2884,,1640719115000000000,1089.9442709084608,75
3314,2021-12-28 14:18:40-05:00,1089.92,1090.43,1090.43,1089.86,4642,,1640719120000000000,1090.1154760448078,142
3315,2021-12-28 14:18:45-05:00,1090.36,1090.62,1090.7562,1090.2491,4827,,1640719125000000000,1090.486023368552,89
3316,2021-12-28 14:18:50-05:00,1090.57,1090.525,1090.7899,1090.29,5378,,1640719130000000000,1090.3276718296765,99
3317,2021-12-28 14:18:55-05:00,1090.34,1090.68,1090.99,1090.34,8500,,1640719135000000000,1090.7033134352941,101
3318,2021-12-28 14:19:00-05:00,1090.68,1090.72,1090.72,1090.2401,3002,,1640719140000000000,1090.4816649566944,98
3319,2021-12-28 14:19:05-05:00,1090.35,1090.57,1090.76,1090.35,2694,,1640719145000000000,1090.5566395694143,64
3320,2021-12-28 14:19:10-05:00,1090.4,1090.46,1090.58,1090.4,488,,1640719150000000000,1090.490806352459,21
3321,2021-12-28 14:19:15-05:00,1090.58,1090.4419,1090.58,1090.2401,2193,,1640719155000000000,1090.4927925216598,61
3322,2021-12-28 14:19:20-05:00,1090.55,1090.1419,1090.55,1090.1419,3452,,1640719160000000000,1090.274380533024,76
3323,2021-12-28 14:19:25-05:00,1090.11,1089.6998,1090.1432,1089.6998,3817,,1640719165000000000,1089.9860059470782,82
3324,2021-12-28 14:19:30-05:00,1089.78,1089.85,1090,1089.6686,3096,,1640719170000000000,1089.9081022932812,67
3325,2021-12-28 14:19:35-05:00,1089.86,1089.8651,1089.8651,1089.68,958,,1640719175000000000,1089.8484611691022,41
3326,2021-12-28 14:19:40-05:00,1089.6801,1089.835,1089.835,1089.6801,1301,,1640719180000000000,1089.7758376633358,26
3327,2021-12-28 14:19:45-05:00,1089.895,1089.68,1089.895,1089.68,1076,,1640719185000000000,1089.8316326208178,26
3328,2021-12-28 14:19:50-05:00,1089.902,1089.902,1089.902,1089.902,467,,1640719190000000000,1089.8739528907925,27
3329,2021-12-28 14:19:55-05:00,1089.8614,1089.3931,1089.8614,1089.28,2450,,1640719195000000000,1089.6118384489796,67
3330,2021-12-28 14:20:00-05:00,1089.5568,1089.9399,1089.94,1089.5568,3628,,1640719200000000000,1089.8581496692398,81
3331,2021-12-28 14:20:05-05:00,1089.795,1089.795,1089.795,1089.795,875,,1640719205000000000,1089.7992830857147,29
3332,2021-12-28 14:20:10-05:00,1089.67,1090.01,1090.01,1089.67,3904,,1640719210000000000,1089.949853227459,100
3333,2021-12-28 14:20:15-05:00,1090.085,1090.085,1090.085,1090.085,653,,1640719215000000000,1090.1902646248086,22
3334,2021-12-28 14:20:20-05:00,1090.1316,1090.335,1090.3387,1090.1316,2192,,1640719220000000000,1090.342195574817,50
3335,2021-12-28 14:20:25-05:00,1090.64,1090.48,1090.7171,1090.42,4654,,1640719225000000000,1090.5791553287493,83
3336,2021-12-28 14:20:30-05:00,1090.36,1090.3299,1090.36,1090.21,1683,,1640719230000000000,1090.3119120617944,61
3337,2021-12-28 14:20:35-05:00,1090.1486,1090.12,1090.1486,1090.02,1101,,1640719235000000000,1090.1095522252494,24
3338,2021-12-28 14:20:40-05:00,1090.3924,1090.2301,1090.49,1090.15,2083,,1640719240000000000,1090.2482514642343,68
3339,2021-12-28 14:20:45-05:00,1090.25,1090.2787,1090.3707,1090.21,2134,,1640719245000000000,1090.3156529990624,53
3340,2021-12-28 14:20:50-05:00,1090.1232,1089.88,1090.1232,1089.82,2142,,1640719250000000000,1089.9801893090569,48
3341,2021-12-28 14:20:55-05:00,1089.9209,1089.835,1089.9209,1089.69,1366,,1640719255000000000,1089.785677452416,35
3342,2021-12-28 14:21:00-05:00,1089.955,1089.9755,1089.9994,1089.69,1197,,1640719260000000000,1089.8719950710108,24
3343,2021-12-28 14:21:05-05:00,1089.9642,1090.15,1090.15,1089.9642,2547,,1640719265000000000,1090.0932768354933,70
3344,2021-12-28 14:21:10-05:00,1090.25,1090.364,1090.4999,1090.25,2288,,1640719270000000000,1090.3597178321681,49
3345,2021-12-28 14:21:15-05:00,1090.1501,1090.1501,1090.1501,1090.1501,256,,1640719275000000000,1090.17772578125,18
3346,2021-12-28 14:21:20-05:00,1090.5,1090.5,1090.58,1090.5,3220,,1640719280000000000,1090.5285383540374,80
3347,2021-12-28 14:21:25-05:00,1090.5,1090.4302,1090.5699,1090.2,3196,,1640719285000000000,1090.3707027221524,76
3348,2021-12-28 14:21:30-05:00,1090.29,1090,1090.345,1090,2876,,1640719290000000000,1090.1010042072326,45
3349,2021-12-28 14:21:35-05:00,1090.03,1090.28,1090.3499,1090.0004,1458,,1640719295000000000,1090.17868127572,21
3350,2021-12-28 14:21:40-05:00,1090.2226,1090.0001,1090.2226,1090,1977,,1640719300000000000,1090.061147749115,69
3351,2021-12-28 14:21:45-05:00,1090.32,1090.4999,1090.4999,1090.32,1845,,1640719305000000000,1090.4267656368563,38
3352,2021-12-28 14:21:50-05:00,1090.49,1090.8734,1090.89,1090.36,5900,,1640719310000000000,1090.706498067797,103
3353,2021-12-28 14:21:55-05:00,1090.9,1091.8772,1092,1090.9,26396,,1640719315000000000,1091.6898124867403,483
3354,2021-12-28 14:22:00-05:00,1091.8699,1091.869,1091.8699,1091.4407,5484,,1640719320000000000,1091.6767476294672,84
3355,2021-12-28 14:22:05-05:00,1091.55,1091.03,1091.58,1091.03,4220,,1640719325000000000,1091.367744739336,132
3356,2021-12-28 14:22:10-05:00,1091.12,1091,1091.3499,1090.9001,4350,,1640719330000000000,1091.1917711494257,96
3357,2021-12-28 14:22:15-05:00,1091.16,1090.87,1091.16,1090.75,4052,,1640719335000000000,1090.911494965449,105
3358,2021-12-28 14:22:20-05:00,1090.66,1090.79,1090.9134,1090.58,1654,,1640719340000000000,1090.7377894800481,34
3359,2021-12-28 14:22:25-05:00,1090.785,1090.6122,1090.785,1090.2301,3380,,1640719345000000000,1090.602919674556,66
3360,2021-12-28 14:22:30-05:00,1090.55,1090.5,1090.9199,1090.309,4206,,1640719350000000000,1090.5208262957676,118
3361,2021-12-28 14:22:35-05:00,1090.2455,1090.17,1090.38,1090,5396,,1640719355000000000,1090.1425563194957,89
3362,2021-12-28 14:22:40-05:00,1090.3,1090.44,1090.45,1090.2582,1916,,1640719360000000000,1090.365101670146,47
3363,2021-12-28 14:22:45-05:00,1090.45,1090.3639,1090.45,1090.3639,1306,,1640719365000000000,1090.4321387442574,49
3364,2021-12-28 14:22:50-05:00,1090.35,1090.4809,1090.5,1090.35,2027,,1640719370000000000,1090.4669561914159,33
3365,2021-12-28 14:22:55-05:00,1090.5,1090.4813,1090.5,1090.395,3581,,1640719375000000000,1090.4884712091593,82
3366,2021-12-28 14:23:00-05:00,1090.6,1090.56,1090.6,1090.56,610,,1640719380000000000,1090.5401909836064,29
3367,2021-12-28 14:23:05-05:00,1090.465,1090.3,1090.465,1090.3,4496,,1640719385000000000,1090.3359850088968,101
3368,2021-12-28 14:23:10-05:00,1090.445,1090.57,1090.57,1090.445,1165,,1640719390000000000,1090.4528749356223,14
3369,2021-12-28 14:23:15-05:00,1090.59,1091.7262,1091.87,1090.5,11565,,1640719395000000000,1091.2484170860353,320
3370,2021-12-28 14:23:20-05:00,1091.9799,1091.2846,1091.9799,1091.24,4588,,1640719400000000000,1091.4193816259808,104
3371,2021-12-28 14:23:25-05:00,1091.49,1091.68,1091.74,1091.49,2503,,1640719405000000000,1091.5870199760282,34
3372,2021-12-28 14:23:30-05:00,1091.48,1091.42,1091.59,1091.42,2964,,1640719410000000000,1091.4767276315788,61
3373,2021-12-28 14:23:35-05:00,1091.24,1091.3283,1091.42,1091.24,1875,,1640719415000000000,1091.3545076266666,59
3374,2021-12-28 14:23:40-05:00,1091.6969,1091.7206,1091.89,1091.6969,2155,,1640719420000000000,1091.7978305336426,45
3375,2021-12-28 14:23:45-05:00,1091.71,1091.4138,1091.8566,1091.3401,4604,,1640719425000000000,1091.579922589053,65
3376,2021-12-28 14:23:50-05:00,1091.52,1091.45,1091.52,1091.24,1049,,1640719430000000000,1091.3475062917062,44
3377,2021-12-28 14:23:55-05:00,1091.1201,1091.1201,1091.1201,1091.1201,494,,1640719435000000000,1091.3285423076923,27
3378,2021-12-28 14:24:05-05:00,1091.1778,1091.1304,1091.298,1091.1,1312,,1640719445000000000,1091.2263785060975,40
3379,2021-12-28 14:24:10-05:00,1091.2383,1091.2383,1091.2383,1091.2383,1112,,1640719450000000000,1091.1913818345324,33
3380,2021-12-28 14:24:15-05:00,1091,1091,1091,1091,1288,,1640719455000000000,1090.986105357143,35
3381,2021-12-28 14:24:20-05:00,1090.89,1090.79,1090.99,1090.76,2391,,1640719460000000000,1090.852668088666,57
3382,2021-12-28 14:24:25-05:00,1091,1090.9225,1091,1090.9225,754,,1640719465000000000,1090.9721473474801,35
3383,2021-12-28 14:24:30-05:00,1090.7837,1090.76,1090.7837,1090.73,2879,,1640719470000000000,1090.770635984717,34
3384,2021-12-28 14:24:35-05:00,1090.59,1090.3995,1090.59,1090.3995,3581,,1640719475000000000,1090.5102737782745,89
3385,2021-12-28 14:24:40-05:00,1090.74,1090.89,1090.9,1090.74,1669,,1640719480000000000,1090.7907194128222,51
3386,2021-12-28 14:24:45-05:00,1090.7025,1090.6784,1090.7025,1090.6784,717,,1640719485000000000,1090.7196442119946,19
3387,2021-12-28 14:24:50-05:00,1090.8616,1090.8616,1090.8616,1090.8616,199,,1640719490000000000,1090.7523708542717,13
3388,2021-12-28 14:24:55-05:00,1090.59,1090.18,1090.59,1090,7374,,1640719495000000000,1090.2047546514782,177
3389,2021-12-28 14:25:00-05:00,1090.32,1090.5866,1090.78,1090.02,4032,,1640719500000000000,1090.4809982142858,66
3390,2021-12-28 14:25:05-05:00,1090.28,1090.332,1090.332,1090.28,838,,1640719505000000000,1090.325732577566,32
3391,2021-12-28 14:25:10-05:00,1090.21,1089.1,1090.21,1089.1,5658,,1640719510000000000,1089.7540744255923,129
3392,2021-12-28 14:25:15-05:00,1089.1223,1089.18,1089.78,1088.78,11817,,1640719515000000000,1089.272321012101,223
3393,2021-12-28 14:25:20-05:00,1089.2855,1089.2855,1089.2855,1089.2855,695,,1640719520000000000,1089.2044376978417,32
3394,2021-12-28 14:25:25-05:00,1089.58,1090.05,1090.2,1089.52,5990,,1640719525000000000,1089.7777443071782,168
3395,2021-12-28 14:25:30-05:00,1089.61,1089.7,1089.7272,1089.4801,1961,,1640719530000000000,1089.6353485976538,70
3396,2021-12-28 14:25:35-05:00,1089.614,1089.614,1089.614,1089.614,745,,1640719535000000000,1089.6901104697986,38
3397,2021-12-28 14:25:40-05:00,1089.6502,1089.6197,1089.8411,1089.6197,1738,,1640719540000000000,1089.7358532220942,44
3398,2021-12-28 14:25:45-05:00,1089.66,1089.66,1089.66,1089.66,445,,1640719545000000000,1089.670919325843,15
3399,2021-12-28 14:25:50-05:00,1089.79,1090.185,1090.185,1089.79,3587,,1640719550000000000,1089.9338538054083,83
3400,2021-12-28 14:25:55-05:00,1090.3099,1090.065,1090.3099,1090.065,3119,,1640719555000000000,1090.2872623917924,21
3401,2021-12-28 14:26:00-05:00,1090.247,1090.212,1090.247,1090.05,1294,,1640719560000000000,1090.1393502318392,26
3402,2021-12-28 14:26:05-05:00,1090.21,1090.3299,1090.3299,1090.21,669,,1640719565000000000,1090.282701046338,14
3403,2021-12-28 14:26:10-05:00,1090.3299,1090.272,1090.4,1090.1401,5760,,1640719570000000000,1090.3005190451388,89
3404,2021-12-28 14:26:20-05:00,1090.2,1090,1090.2,1090,6079,,1640719580000000000,1090.053021763448,100
3405,2021-12-28 14:26:25-05:00,1090.06,1089.8701,1090.06,1089.8701,1309,,1640719585000000000,1090.0031170359057,38
3406,2021-12-28 14:26:35-05:00,1089.82,1089.59,1089.975,1089.59,1158,,1640719595000000000,1089.7754062176168,36
3407,2021-12-28 14:26:40-05:00,1089.5801,1089.5801,1089.5801,1089.5801,1221,,1640719600000000000,1089.6036783783786,25
3408,2021-12-28 14:26:45-05:00,1090.15,1090.15,1090.15,1090.15,1411,,1640719605000000000,1090.1263007795887,36
3409,2021-12-28 14:26:50-05:00,1090.17,1091,1091,1090.17,5469,,1640719610000000000,1090.6407750045707,105
3410,2021-12-28 14:26:55-05:00,1091.1499,1091.7135,1091.74,1091.1499,5135,,1640719615000000000,1091.411460311587,73
3411,2021-12-28 14:27:00-05:00,1091.53,1091.7492,1092,1091.31,8427,,1640719620000000000,1091.7069651358727,181
3412,2021-12-28 14:27:05-05:00,1092.0361,1092.085,1092.14,1091.5501,8301,,1640719625000000000,1091.7539579689192,91
3413,2021-12-28 14:27:10-05:00,1091.99,1091.92,1092.1299,1091.52,4994,,1640719630000000000,1091.8098492390864,85
3414,2021-12-28 14:27:15-05:00,1091.89,1092.07,1092.07,1091.89,4615,,1640719635000000000,1091.9715985915498,117
3415,2021-12-28 14:27:20-05:00,1091.9366,1091.6719,1091.97,1091.6719,4645,,1640719640000000000,1091.8579695156081,83
3416,2021-12-28 14:27:25-05:00,1091.5,1091.71,1091.71,1091.5,3529,,1640719645000000000,1091.581630348541,68
3417,2021-12-28 14:27:30-05:00,1091.6184,1091.5301,1091.6184,1091.5301,448,,1640719650000000000,1091.6351082589288,17
3418,2021-12-28 14:27:35-05:00,1091.5801,1091.6301,1092,1091.5801,5238,,1640719655000000000,1091.7189566628488,93
3419,2021-12-28 14:27:40-05:00,1091.95,1091.8669,1091.95,1091.8669,1824,,1640719660000000000,1091.8661931469294,67
3420,2021-12-28 14:27:45-05:00,1091.9699,1091.58,1091.9699,1091.58,1723,,1640719665000000000,1091.7459083575154,41
3421,2021-12-28 14:27:50-05:00,1091.47,1091.585,1091.585,1091.28,3656,,1640719670000000000,1091.3770176695843,62
3422,2021-12-28 14:27:55-05:00,1091.69,1091.58,1091.69,1091.58,1977,,1640719675000000000,1091.4592664643403,74
3423,2021-12-28 14:28:00-05:00,1090.8901,1090.3601,1090.8901,1090.3601,1865,,1640719680000000000,1090.8029574798925,44
3424,2021-12-28 14:28:05-05:00,1090.42,1091.1199,1091.1199,1090.42,4138,,1640719685000000000,1090.7782613098116,53
3425,2021-12-28 14:28:10-05:00,1091.11,1091.11,1091.11,1091.11,703,,1640719690000000000,1091.040644381223,30
3426,2021-12-28 14:28:15-05:00,1090.9293,1091.05,1091.12,1090.9293,2651,,1640719695000000000,1091.0772700113166,79
3427,2021-12-28 14:28:25-05:00,1091.13,1090.91,1091.13,1090.91,416,,1640719705000000000,1090.934423798077,29
3428,2021-12-28 14:28:30-05:00,1090.91,1090.91,1091.1,1090.91,1480,,1640719710000000000,1090.9513733108106,27
3429,2021-12-28 14:28:35-05:00,1090.77,1090.7,1090.77,1090.62,1017,,1640719715000000000,1090.7503425762045,43
3430,2021-12-28 14:28:40-05:00,1090.71,1090.7,1090.71,1090.7,668,,1640719720000000000,1090.6328079341317,25
3431,2021-12-28 14:28:45-05:00,1090.5,1090.5,1090.5,1090.5,1110,,1640719725000000000,1090.517752972973,22
3432,2021-12-28 14:28:50-05:00,1090.65,1090.92,1090.92,1090.65,676,,1640719730000000000,1090.8260186390532,25
3433,2021-12-28 14:28:55-05:00,1090.732,1090.92,1090.92,1090.732,1619,,1640719735000000000,1090.8070927115502,59
3434,2021-12-28 14:29:00-05:00,1090.83,1090.57,1091.06,1090.57,1440,,1640719740000000000,1090.9098450000001,47
3435,2021-12-28 14:29:05-05:00,1090.7601,1090.72,1090.7601,1090.7149,1347,,1640719745000000000,1090.748820712695,51
3436,2021-12-28 14:29:10-05:00,1090.78,1090.78,1090.78,1090.78,366,,1640719750000000000,1090.7594887978141,20
3437,2021-12-28 14:29:15-05:00,1090.64,1090.64,1090.64,1090.64,336,,1640719755000000000,1090.6515511904763,15
3438,2021-12-28 14:29:20-05:00,1090.847,1090.847,1090.847,1090.847,182,,1640719760000000000,1090.831860989011,13
3439,2021-12-28 14:29:25-05:00,1090.94,1090.95,1091,1090.94,1915,,1640719765000000000,1090.9737698172319,63
3440,2021-12-28 14:29:30-05:00,1090.83,1090.83,1090.83,1090.83,328,,1640719770000000000,1090.9130542682924,25
3441,2021-12-28 14:29:35-05:00,1091.07,1090.66,1091.07,1090.66,2129,,1640719775000000000,1090.7997216533581,39
3442,2021-12-28 14:29:40-05:00,1090.63,1090.725,1090.725,1090.63,933,,1640719780000000000,1090.6360594855305,44
3443,2021-12-28 14:29:45-05:00,1090.5,1090.5899,1090.5899,1090.5,2591,,1640719785000000000,1090.5075744886144,44
3444,2021-12-28 14:29:50-05:00,1090.41,1090.12,1090.41,1090.12,1368,,1640719790000000000,1090.1458140350876,17
3445,2021-12-28 14:29:55-05:00,1090.2839,1090.03,1090.2839,1089.97,3056,,1640719795000000000,1090.0980505562827,63
3446,2021-12-28 14:30:00-05:00,1090.06,1089.8,1090.12,1089.8,3304,,1640719800000000000,1089.99809651937,107
3447,2021-12-28 14:30:05-05:00,1089.6401,1089.6401,1089.6401,1089.64,1126,,1640719805000000000,1089.7101341918292,29
3448,2021-12-28 14:30:10-05:00,1089.8148,1089.8148,1089.8148,1089.8148,916,,1640719810000000000,1089.7824206331877,40
3449,2021-12-28 14:30:15-05:00,1089.8,1089.8,1089.8,1089.8,1667,,1640719815000000000,1089.6283154769046,50
3450,2021-12-28 14:30:20-05:00,1089.6369,1089.3701,1089.6369,1089.3701,1402,,1640719820000000000,1089.586077532097,52
3451,2021-12-28 14:30:25-05:00,1089.695,1089.7074,1089.7074,1089.49,2444,,1640719825000000000,1089.637348486089,55
3452,2021-12-28 14:30:30-05:00,1089.2901,1089.5,1090.04,1089.2801,10453,,1640719830000000000,1089.805828728594,202
3453,2021-12-28 14:30:35-05:00,1090.03,1089.815,1090.03,1089.815,802,,1640719835000000000,1089.830029301746,27
3454,2021-12-28 14:30:40-05:00,1089.82,1090.3,1090.3,1089.82,3319,,1640719840000000000,1090.1521984935223,83
3455,2021-12-28 14:30:45-05:00,1090.6984,1090.86,1091.07,1090.66,6975,,1640719845000000000,1090.9017246021504,94
3456,2021-12-28 14:30:50-05:00,1090.9886,1090.8881,1090.9886,1090.85,1004,,1640719850000000000,1090.869200697211,37
3457,2021-12-28 14:30:55-05:00,1091.07,1091.07,1091.07,1091.07,234,,1640719855000000000,1091.0611700854702,17
3458,2021-12-28 14:31:00-05:00,1090.75,1090.6301,1090.9967,1090.6301,929,,1640719860000000000,1090.737861141012,22
3459,2021-12-28 14:31:05-05:00,1090.68,1090.14,1090.68,1090.14,2906,,1640719865000000000,1090.519570061941,94
3460,2021-12-28 14:31:15-05:00,1090.22,1090.22,1090.22,1090.22,1145,,1640719875000000000,1090.2493876855895,16
3461,2021-12-28 14:31:20-05:00,1090.22,1090.22,1090.22,1090.22,542,,1640719880000000000,1090.2308516605167,10
3462,2021-12-28 14:31:25-05:00,1090.21,1090.21,1090.21,1090.21,320,,1640719885000000000,1090.2343053125005,15
3463,2021-12-28 14:31:35-05:00,1090.4,1089.91,1090.49,1089.9001,3196,,1640719895000000000,1090.0850625469338,61
3464,2021-12-28 14:31:40-05:00,1089.9,1089.8123,1089.99,1089.6058,664,,1640719900000000000,1089.8490694277111,24
3465,2021-12-28 14:31:50-05:00,1089.8131,1089.96,1089.96,1089.8131,299,,1640719910000000000,1089.874010367893,11
3466,2021-12-28 14:31:55-05:00,1089.98,1089.88,1089.98,1089.88,1129,,1640719915000000000,1089.8712179805138,53
3467,2021-12-28 14:32:00-05:00,1089.9,1089.79,1089.9,1089.79,754,,1640719920000000000,1089.871854774536,33
3468,2021-12-28 14:32:05-05:00,1089.93,1090.0799,1090.08,1089.93,2274,,1640719925000000000,1090.008462313105,70
3469,2021-12-28 14:32:10-05:00,1089.76,1089.9286,1090.08,1089.65,2409,,1640719930000000000,1089.8549817766707,94
3470,2021-12-28 14:32:15-05:00,1090.08,1090.08,1090.08,1090.08,526,,1640719935000000000,1090.0688336501898,36
3471,2021-12-28 14:32:20-05:00,1090.21,1090.115,1090.21,1089.8701,3134,,1640719940000000000,1090.1453585194638,42
3472,2021-12-28 14:32:25-05:00,1090.3,1089.745,1090.31,1089.66,2895,,1640719945000000000,1089.9978733678756,71
3473,2021-12-28 14:32:30-05:00,1089.77,1089.77,1089.77,1089.77,1188,,1640719950000000000,1089.7704460437712,39
3474,2021-12-28 14:32:35-05:00,1090.08,1089.8639,1090.1599,1089.8639,1572,,1640719955000000000,1090.0819552162848,18
3475,2021-12-28 14:32:40-05:00,1090.445,1090.445,1090.445,1090.445,1689,,1640719960000000000,1090.3175930728241,57
3476,2021-12-28 14:32:45-05:00,1090.19,1090.1999,1090.1999,1090,1634,,1640719965000000000,1090.1096295593638,45
3477,2021-12-28 14:32:55-05:00,1090.1699,1090.1699,1090.1699,1090.1699,623,,1640719975000000000,1089.9498457463878,51
3478,2021-12-28 14:33:00-05:00,1090.12,1089.9575,1090.13,1089.75,2557,,1640719980000000000,1089.9181509190457,80
3479,2021-12-28 14:33:05-05:00,1089.955,1090.09,1090.2,1089.955,2021,,1640719985000000000,1090.0688087580406,55
3480,2021-12-28 14:33:20-05:00,1090.01,1089.88,1090.01,1089.88,782,,1640720000000000000,1090.0786332480818,42
3481,2021-12-28 14:33:25-05:00,1090.04,1090.2308,1090.2308,1090.04,1113,,1640720005000000000,1090.0589989218329,12
3482,2021-12-28 14:33:30-05:00,1090.3199,1089.85,1090.3199,1089.85,1068,,1640720010000000000,1089.9524401685399,47
3483,2021-12-28 14:33:35-05:00,1089.795,1089.795,1089.795,1089.795,366,,1640720015000000000,1089.809699453552,7
3484,2021-12-28 14:33:40-05:00,1089.8821,1089.8821,1089.8821,1089.8821,484,,1640720020000000000,1089.894749380165,24
3485,2021-12-28 14:33:45-05:00,1089.56,1089.175,1089.56,1089.08,4107,,1640720025000000000,1089.2919960068175,104
3486,2021-12-28 14:33:50-05:00,1089.35,1089.4696,1089.4696,1089.319,1816,,1640720030000000000,1089.3342751101322,37
3487,2021-12-28 14:33:55-05:00,1089.51,1089.3216,1089.51,1089.3216,729,,1640720035000000000,1089.3867555555553,19
3488,2021-12-28 14:34:00-05:00,1089.1927,1089.03,1089.326,1088.9,4203,,1640720040000000000,1089.0756988341657,156
3489,2021-12-28 14:34:05-05:00,1089.02,1088.995,1089.02,1088.995,2146,,1640720045000000000,1089.0066176141659,51
3490,2021-12-28 14:34:10-05:00,1088.9083,1088.88,1088.93,1088.39,3566,,1640720050000000000,1088.6570091699384,85
3491,2021-12-28 14:34:15-05:00,1088.4,1088.5,1088.5,1088.4,843,,1640720055000000000,1088.5123602609729,35
3492,2021-12-28 14:34:20-05:00,1088.78,1088.66,1088.92,1088.66,3023,,1640720060000000000,1088.7860619913993,96
3493,2021-12-28 14:34:25-05:00,1088.9778,1088.87,1089.03,1088.865,2633,,1640720065000000000,1088.9252296619825,65
3494,2021-12-28 14:34:30-05:00,1088.7404,1089.02,1089.02,1088.72,769,,1640720070000000000,1088.803444603381,27
3495,2021-12-28 14:34:35-05:00,1088.72,1088.72,1088.72,1088.72,426,,1640720075000000000,1088.7555438967133,35
3496,2021-12-28 14:34:45-05:00,1088.7442,1088.7442,1088.7442,1088.7442,146,,1640720085000000000,1088.766010958904,15
3497,2021-12-28 14:34:50-05:00,1088.51,1088.5,1088.51,1088.5,2605,,1640720090000000000,1088.513127293666,93
3498,2021-12-28 14:34:55-05:00,1088.0741,1088.13,1088.5,1088.0741,3341,,1640720095000000000,1088.3821825202028,90
3499,2021-12-28 14:35:00-05:00,1088.49,1088.3175,1088.5,1088.3175,1174,,1640720100000000000,1088.3807903747872,34
3500,2021-12-28 14:35:05-05:00,1088.02,1088.02,1088.02,1088.02,1139,,1640720105000000000,1088.1698047410011,68
3501,2021-12-28 14:35:10-05:00,1088.245,1088.2596,1088.2596,1088.245,271,,1640720110000000000,1088.262249815498,25
3502,2021-12-28 14:35:15-05:00,1088.09,1088.363,1088.61,1088.09,2917,,1640720115000000000,1088.3205225574222,51
3503,2021-12-28 14:35:20-05:00,1088.6146,1089.3708,1089.3708,1088.6146,3778,,1640720120000000000,1088.7444861302279,103
3504,2021-12-28 14:35:25-05:00,1089.41,1089.2285,1089.41,1089.1473,3384,,1640720125000000000,1089.2436896867612,66
3505,2021-12-28 14:35:30-05:00,1089.04,1088.9601,1089.04,1088.9601,1285,,1640720130000000000,1089.0323396108952,47
3506,2021-12-28 14:35:35-05:00,1088.97,1089.3758,1089.3758,1088.97,708,,1640720135000000000,1089.283378107345,17
3507,2021-12-28 14:35:40-05:00,1089.1562,1089.1562,1089.1562,1089.1562,496,,1640720140000000000,1089.1655669354836,13
3508,2021-12-28 14:35:45-05:00,1089.34,1089.0612,1089.498,1089.0612,1233,,1640720145000000000,1089.3456243309001,26
3509,2021-12-28 14:35:50-05:00,1089.3,1089.305,1089.305,1089.3,341,,1640720150000000000,1089.2696199413494,14
3510,2021-12-28 14:35:55-05:00,1089.1,1088.96,1089.1,1088.96,1701,,1640720155000000000,1089.0277072310403,42
3511,2021-12-28 14:36:00-05:00,1089.37,1089.65,1089.65,1089.37,3253,,1640720160000000000,1089.502640454964,113
3512,2021-12-28 14:36:05-05:00,1089.68,1089.335,1089.68,1089.335,4524,,1640720165000000000,1089.4657212864722,57
3513,2021-12-28 14:36:10-05:00,1089.845,1089.8003,1090.14,1089.8003,3083,,1640720170000000000,1089.9765151475838,87
3514,2021-12-28 14:36:15-05:00,1089.786,1090.1061,1090.1061,1089.7701,1797,,1640720175000000000,1089.928139899833,27
3515,2021-12-28 14:36:20-05:00,1089.7976,1089.7976,1089.7976,1089.7976,361,,1640720180000000000,1089.8470819944596,18
3516,2021-12-28 14:36:25-05:00,1089.83,1089.76,1089.83,1089.76,1484,,1640720185000000000,1089.834914083558,44
3517,2021-12-28 14:36:30-05:00,1090.1199,1089.925,1090.1199,1089.73,1857,,1640720190000000000,1089.8525918686055,16
3518,2021-12-28 14:36:35-05:00,1089.4901,1089.88,1089.88,1089.4901,1239,,1640720195000000000,1089.6779018563357,75
3519,2021-12-28 14:36:40-05:00,1089.95,1090.15,1090.15,1089.95,2425,,1640720200000000000,1090.0700993402063,84
3520,2021-12-28 14:36:45-05:00,1090.48,1090.6936,1090.6936,1090.39,6249,,1640720205000000000,1090.5027812610022,68
3521,2021-12-28 14:36:50-05:00,1090.495,1090.73,1090.9,1090.3,3744,,1640720210000000000,1090.6102376068368,113
3522,2021-12-28 14:36:55-05:00,1090.72,1090.2706,1090.9,1090.2706,2718,,1640720215000000000,1090.693120125092,83
3523,2021-12-28 14:37:00-05:00,1090.41,1090.44,1090.66,1090.41,1372,,1640720220000000000,1090.5982527696794,19
3524,2021-12-28 14:37:10-05:00,1090.496,1089.81,1090.59,1089.75,7692,,1640720230000000000,1090.3130292121687,233
3525,2021-12-28 14:37:15-05:00,1090.17,1090.09,1090.2843,1089.87,1793,,1640720235000000000,1090.1108379810375,49
3526,2021-12-28 14:37:20-05:00,1090,1090,1090,1090,480,,1640720240000000000,1090.0313258333333,14
3527,2021-12-28 14:37:25-05:00,1090,1089.685,1090,1089.685,4317,,1640720245000000000,1089.8799243919389,89
3528,2021-12-28 14:37:30-05:00,1089.5136,1089.5136,1089.5136,1089.5136,179,,1640720250000000000,1089.6307608938546,19
3529,2021-12-28 14:37:35-05:00,1089.48,1089.46,1089.48,1089.03,2731,,1640720255000000000,1089.3515188209449,139
3530,2021-12-28 14:37:40-05:00,1089.6399,1089.87,1089.87,1089.0508,2178,,1640720260000000000,1089.5433845270888,62
3531,2021-12-28 14:37:45-05:00,1089.88,1090.375,1090.51,1089.84,7788,,1640720265000000000,1090.1156077041608,214
3532,2021-12-28 14:37:50-05:00,1090.14,1090.3899,1090.3899,1090.14,722,,1640720270000000000,1090.1498290858729,37
3533,2021-12-28 14:37:55-05:00,1090,1089.8,1090,1089.8,1595,,1640720275000000000,1089.9525278369904,77
3534,2021-12-28 14:38:00-05:00,1089.6,1089.6,1089.6,1089.6,418,,1640720280000000000,1089.627425119617,32
3535,2021-12-28 14:38:05-05:00,1089.5101,1089.5101,1089.5101,1089.5101,324,,1640720285000000000,1089.6526049382717,22
3536,2021-12-28 14:38:10-05:00,1089.75,1089.75,1089.75,1089.75,283,,1640720290000000000,1089.6800621908126,18
3537,2021-12-28 14:38:15-05:00,1089.9558,1089.9558,1089.9558,1089.9558,180,,1640720295000000000,1089.8957177777777,14
3538,2021-12-28 14:38:25-05:00,1089.7666,1089.7666,1089.7666,1089.7666,474,,1640720305000000000,1089.7552257383966,20
3539,2021-12-28 14:38:30-05:00,1090,1090,1090,1090,28811,,1640720310000000000,1089.999190402972,97
3540,2021-12-28 14:38:40-05:00,1089.92,1089.92,1089.92,1089.92,679,,1640720320000000000,1089.7768360824746,37
3541,2021-12-28 14:38:55-05:00,1089.92,1090.13,1090.13,1089.92,3511,,1640720335000000000,1090.0059336086586,61
3542,2021-12-28 14:39:00-05:00,1089.99,1089.99,1089.99,1089.99,820,,1640720340000000000,1089.9294679268294,22
3543,2021-12-28 14:39:05-05:00,1089.86,1089.62,1089.9578,1089.62,1819,,1640720345000000000,1089.8595683342496,81
3544,2021-12-28 14:39:10-05:00,1089.9491,1089.9491,1089.9491,1089.9491,236,,1640720350000000000,1089.9341504237289,14
3545,2021-12-28 14:39:15-05:00,1089.92,1089.92,1089.92,1089.92,170,,1640720355000000000,1089.874941764706,15
3546,2021-12-28 14:39:20-05:00,1089.775,1089.89,1089.89,1089.755,811,,1640720360000000000,1089.8578345252781,39
3547,2021-12-28 14:39:25-05:00,1090.11,1089.88,1090.11,1089.88,1715,,1640720365000000000,1090.0690086880466,11
3548,2021-12-28 14:39:30-05:00,1089.9991,1089.86,1089.9991,1089.86,237,,1640720370000000000,1089.9320236286917,18
3549,2021-12-28 14:39:40-05:00,1089.9999,1089.925,1090.15,1089.925,2084,,1640720380000000000,1090.0399441938578,41
3550,2021-12-28 14:39:45-05:00,1089.8116,1089.805,1089.8116,1089.805,1469,,1640720385000000000,1089.8085545268893,14
3551,2021-12-28 14:39:50-05:00,1089.805,1089.6522,1089.805,1089.6522,979,,1640720390000000000,1089.7613721144028,23
3552,2021-12-28 14:39:55-05:00,1089.8563,1089.5499,1089.8563,1089.43,1640,,1640720395000000000,1089.571041036585,69
3553,2021-12-28 14:40:00-05:00,1089.483,1089.345,1089.483,1089.345,1171,,1640720400000000000,1089.3406056362082,54
3554,2021-12-28 14:40:05-05:00,1089.13,1089.24,1089.24,1089.13,1265,,1640720405000000000,1089.1346267984193,77
3555,2021-12-28 14:40:10-05:00,1089.12,1089.08,1089.12,1089.08,1271,,1640720410000000000,1089.1521210070812,63
3556,2021-12-28 14:40:15-05:00,1089.4401,1089.4401,1089.4401,1089.4401,142,,1640720415000000000,1089.3985014084508,14
3557,2021-12-28 14:40:25-05:00,1089.05,1089.2893,1089.44,1089.05,887,,1640720425000000000,1089.2985608793688,27
3558,2021-12-28 14:40:30-05:00,1089.0851,1089.0705,1089.45,1089.0705,1249,,1640720430000000000,1089.208376781425,35
3559,2021-12-28 14:40:35-05:00,1089.44,1089.45,1089.45,1089.44,2325,,1640720435000000000,1089.449230322581,100
3560,2021-12-28 14:40:45-05:00,1089.45,1089.45,1089.45,1089.45,657,,1640720445000000000,1089.4525942161342,27
3561,2021-12-28 14:41:00-05:00,1089.28,1089.27,1089.28,1089.27,972,,1640720460000000000,1089.2789738683127,38
3562,2021-12-28 14:41:05-05:00,1089.093,1089.0001,1089.093,1089.0001,543,,1640720465000000000,1089.2454467771638,19
3563,2021-12-28 14:41:10-05:00,1089.38,1089.43,1089.44,1089.38,2556,,1640720470000000000,1089.396998161189,102
3564,2021-12-28 14:41:15-05:00,1089,1088.35,1089,1088.35,13198,,1640720475000000000,1088.6022807546597,161
3565,2021-12-28 14:41:20-05:00,1088.535,1088.6917,1088.6917,1088.535,930,,1640720480000000000,1088.5622122580644,25
3566,2021-12-28 14:41:25-05:00,1088.61,1088.56,1088.61,1088.56,729,,1640720485000000000,1088.5810801097393,24
3567,2021-12-28 14:41:30-05:00,1088.49,1088.59,1088.59,1088.436,2195,,1640720490000000000,1088.5547161275624,46
3568,2021-12-28 14:41:40-05:00,1088.4001,1088.74,1088.74,1088.4001,896,,1640720500000000000,1088.6382008928572,53
3569,2021-12-28 14:41:45-05:00,1088.4001,1088.44,1088.66,1088.4001,1189,,1640720505000000000,1088.5164737594619,38
3570,2021-12-28 14:41:50-05:00,1088.57,1088.57,1088.57,1088.57,574,,1640720510000000000,1088.601043554007,21
3571,2021-12-28 14:41:55-05:00,1088.74,1088.76,1088.76,1088.74,1987,,1640720515000000000,1088.7214808756921,72
3572,2021-12-28 14:42:00-05:00,1088.68,1088.87,1088.89,1088.68,2459,,1640720520000000000,1088.836122082147,81
3573,2021-12-28 14:42:05-05:00,1088.77,1088.77,1088.77,1088.77,1588,,1640720525000000000,1088.7767156171283,20
3574,2021-12-28 14:42:15-05:00,1089.38,1089.38,1089.38,1089.38,742,,1640720535000000000,1089.2259982479786,41
3575,2021-12-28 14:42:20-05:00,1088.9261,1089.05,1089.05,1088.9261,718,,1640720540000000000,1089.0281341225625,11
3576,2021-12-28 14:42:25-05:00,1089.065,1089.1364,1089.1364,1089.065,1130,,1640720545000000000,1089.1286354867254,15
3577,2021-12-28 14:42:30-05:00,1089.03,1089.03,1089.03,1089.03,309,,1640720550000000000,1089.056744012945,19
3578,2021-12-28 14:42:35-05:00,1089.02,1089.02,1089.02,1089.02,551,,1640720555000000000,1089.0634306715065,26
3579,2021-12-28 14:42:40-05:00,1088.83,1088.4,1088.83,1088.24,5013,,1640720560000000000,1088.588489467384,149
3580,2021-12-28 14:42:45-05:00,1088.5,1088.63,1088.63,1088.5,1107,,1640720565000000000,1088.5807937669376,28
3581,2021-12-28 14:42:50-05:00,1088.71,1089.0041,1089.02,1088.7,2300,,1640720570000000000,1088.8087140434777,75
3582,2021-12-28 14:43:15-05:00,1088.72,1088.8961,1088.8961,1088.72,1589,,1640720595000000000,1088.804138011328,23
3583,2021-12-28 14:43:30-05:00,1088.9609,1088.95,1088.9609,1088.6022,1457,,1640720610000000000,1088.9244791352096,32
3584,2021-12-28 14:43:35-05:00,1088.9275,1088.9275,1088.9275,1088.9275,352,,1640720615000000000,1088.8729877840906,16
3585,2021-12-28 14:43:40-05:00,1088.695,1088.03,1088.695,1087.89,20463,,1640720620000000000,1088.0947253335282,454
3586,2021-12-28 14:43:50-05:00,1088.06,1087.9483,1088.06,1087.89,1491,,1640720630000000000,1087.9488965124076,67
3587,2021-12-28 14:44:00-05:00,1087.68,1087.68,1087.68,1087.68,193,,1640720640000000000,1087.7243968911916,17
3588,2021-12-28 14:44:05-05:00,1088.0899,1087.682,1088.0899,1087.68,2611,,1640720645000000000,1087.721916200688,122
3589,2021-12-28 14:44:10-05:00,1087.82,1087.9,1087.9,1087.82,758,,1640720650000000000,1087.8298300791555,54
3590,2021-12-28 14:44:15-05:00,1087.75,1087.93,1087.93,1087.75,953,,1640720655000000000,1087.8819399790139,47
3591,2021-12-28 14:44:20-05:00,1087.71,1087.8907,1087.8907,1087.71,774,,1640720660000000000,1087.7703999999997,49
3592,2021-12-28 14:44:25-05:00,1087.66,1087.82,1087.9299,1087.66,2167,,1640720665000000000,1087.757519796954,42
3593,2021-12-28 14:44:30-05:00,1087.68,1087.81,1087.81,1087.67,1289,,1640720670000000000,1087.7071163692783,72
3594,2021-12-28 14:44:35-05:00,1087.73,1088.04,1088.04,1087.73,2712,,1640720675000000000,1087.8952240781707,80
3595,2021-12-28 14:44:40-05:00,1087.7943,1087.7943,1087.7943,1087.7943,358,,1640720680000000000,1087.8976835195529,30
3596,2021-12-28 14:44:45-05:00,1088.04,1088.04,1088.04,1088.04,661,,1640720685000000000,1087.9980012102876,29
3597,2021-12-28 14:44:50-05:00,1088.03,1088.03,1088.03,1088.03,719,,1640720690000000000,1087.9759674547988,65
3598,2021-12-28 14:44:55-05:00,1087.8,1087.6401,1087.8,1087.6401,943,,1640720695000000000,1087.7848482502657,75
3599,2021-12-28 14:45:00-05:00,1088.01,1088.31,1088.31,1087.8901,5726,,1640720700000000000,1088.1123011177085,118
3600,2021-12-28 14:45:05-05:00,1088.25,1088.25,1088.25,1088.25,514,,1640720705000000000,1088.1426807392995,29
3601,2021-12-28 14:45:10-05:00,1088.065,1087.8201,1088.065,1087.8201,885,,1640720710000000000,1087.9043675706214,20
3602,2021-12-28 14:45:20-05:00,1088.2121,1088.0701,1088.2121,1088.0701,541,,1640720720000000000,1088.2357876155268,22
3603,2021-12-28 14:45:25-05:00,1088.06,1087.6892,1088.06,1087.24,5588,,1640720725000000000,1087.6482076771656,175
3604,2021-12-28 14:45:30-05:00,1087.24,1087.4,1087.4,1087.22,1185,,1640720730000000000,1087.2921883544302,57
3605,2021-12-28 14:45:35-05:00,1087.21,1087.42,1087.525,1087.21,1594,,1640720735000000000,1087.3356675658724,57
3606,2021-12-28 14:45:40-05:00,1087.22,1086.5457,1087.84,1086.5457,9074,,1640720740000000000,1086.93387785982,379
3607,2021-12-28 14:45:45-05:00,1086.55,1086.73,1086.73,1086.55,1089,,1640720745000000000,1086.6572135904503,56
3608,2021-12-28 14:45:50-05:00,1086.94,1086.7701,1087.1899,1086.7701,1963,,1640720750000000000,1086.9114299541518,68
3609,2021-12-28 14:45:55-05:00,1086.61,1086.59,1086.61,1086.59,1253,,1640720755000000000,1086.6894688747007,74
3610,2021-12-28 14:46:00-05:00,1086.6,1086.77,1086.77,1086.6,800,,1640720760000000000,1086.7171563749998,40
3611,2021-12-28 14:46:05-05:00,1086.725,1086.8999,1086.8999,1086.52,1704,,1640720765000000000,1086.7884822769952,40
3612,2021-12-28 14:46:10-05:00,1086.92,1086.86,1086.94,1086.59,5240,,1640720770000000000,1086.8360828244274,105
3613,2021-12-28 14:46:15-05:00,1086.72,1087.07,1087.07,1086.72,4082,,1640720775000000000,1086.917844047036,116
3614,2021-12-28 14:46:20-05:00,1087.4877,1087.28,1087.54,1087.02,1088,,1640720780000000000,1087.3619805147057,32
3615,2021-12-28 14:46:25-05:00,1087.02,1087.4999,1087.4999,1087.02,2708,,1640720785000000000,1087.2659439438698,36
3616,2021-12-28 14:46:30-05:00,1087.27,1087.52,1087.52,1087.27,792,,1640720790000000000,1087.464487878788,39
3617,2021-12-28 14:46:35-05:00,1087.69,1087.7622,1087.7622,1087.53,978,,1640720795000000000,1087.6446091002044,37
3618,2021-12-28 14:46:40-05:00,1087.76,1087.9899,1087.99,1087.76,1537,,1640720800000000000,1087.7872970722187,23
3619,2021-12-28 14:46:45-05:00,1087.76,1087.76,1087.76,1087.76,521,,1640720805000000000,1087.7590809980807,18
3620,2021-12-28 14:46:50-05:00,1087.733,1087.775,1087.775,1087.63,1311,,1640720810000000000,1087.6847587337913,43
3621,2021-12-28 14:46:55-05:00,1087.63,1087.63,1087.63,1087.63,465,,1640720815000000000,1087.6121836559141,21
3622,2021-12-28 14:47:05-05:00,1087.6999,1087.52,1087.6999,1087.52,663,,1640720825000000000,1087.6227378582205,20
3623,2021-12-28 14:47:10-05:00,1087.7,1087.85,1087.85,1087.7,1778,,1640720830000000000,1087.797768785152,97
3624,2021-12-28 14:47:15-05:00,1087.8399,1087.83,1087.8399,1087.83,657,,1640720835000000000,1087.748313850837,29
3625,2021-12-28 14:47:20-05:00,1087.83,1087.78,1087.85,1087.78,1183,,1640720840000000000,1087.8096399830938,38
3626,2021-12-28 14:47:25-05:00,1087.99,1088.6179,1088.6179,1087.94,2912,,1640720845000000000,1088.1876269917577,84
3627,2021-12-28 14:47:30-05:00,1088.44,1088.65,1088.65,1088.2455,3035,,1640720850000000000,1088.4953301812186,67
3628,2021-12-28 14:47:35-05:00,1088.53,1088.4466,1088.53,1088.21,1531,,1640720855000000000,1088.4375618549968,45
3629,2021-12-28 14:47:40-05:00,1088.5,1088.425,1088.5,1088.425,632,,1640720860000000000,1088.499495886076,19
3630,2021-12-28 14:47:45-05:00,1088.2029,1088.12,1088.46,1088.12,1472,,1640720865000000000,1088.2803186820652,57
3631,2021-12-28 14:47:55-05:00,1088.09,1088.4899,1088.4899,1088.09,659,,1640720875000000000,1088.4002115326252,25
3632,2021-12-28 14:48:00-05:00,1088.48,1088.584,1088.59,1088.4,2267,,1640720880000000000,1088.4840537273924,73
3633,2021-12-28 14:48:05-05:00,1088.38,1088.4,1088.59,1088.38,942,,1640720885000000000,1088.4789900212315,29
3634,2021-12-28 14:48:10-05:00,1088.6399,1088.64,1088.64,1088.5208,1651,,1640720890000000000,1088.653000181708,60
3635,2021-12-28 14:48:15-05:00,1088.7634,1088.7634,1088.96,1088.7634,838,,1640720895000000000,1088.8843247016707,26
3636,2021-12-28 14:48:20-05:00,1088.5701,1088.9999,1089,1088.5701,1108,,1640720900000000000,1088.8378239169674,50
3637,2021-12-28 14:48:25-05:00,1089,1089,1089.07,1088.9578,983,,1640720905000000000,1088.9814379450663,38
3638,2021-12-28 14:48:30-05:00,1089.15,1088.8,1089.15,1088.8,1487,,1640720910000000000,1088.9106149293884,49
3639,2021-12-28 14:48:35-05:00,1088.975,1088.48,1088.975,1088.48,1449,,1640720915000000000,1088.831013250518,44
3640,2021-12-28 14:48:45-05:00,1088.666,1088.76,1088.76,1088.666,911,,1640720925000000000,1088.7368967069153,37
3641,2021-12-28 14:49:00-05:00,1088.4,1088.6099,1088.6099,1088.4,1044,,1640720940000000000,1088.4361752873563,50
3642,2021-12-28 14:49:05-05:00,1088.16,1088.42,1088.42,1088.03,3743,,1640720945000000000,1088.1121677531398,132
3643,2021-12-28 14:49:10-05:00,1088.1879,1088.42,1088.575,1088.1801,2305,,1640720950000000000,1088.417232711497,34
3644,2021-12-28 14:49:15-05:00,1088.6399,1088.6399,1088.6399,1088.6399,348,,1640720955000000000,1088.5777264367814,24
3645,2021-12-28 14:49:20-05:00,1088.38,1088.38,1088.38,1088.38,476,,1640720960000000000,1088.4553773109246,28
3646,2021-12-28 14:49:30-05:00,1088.71,1088.73,1088.76,1088.71,915,,1640720970000000000,1088.69887431694,28
3647,2021-12-28 14:49:35-05:00,1088.5,1088.7538,1088.7538,1088.5,503,,1640720975000000000,1088.6305701789265,23
3648,2021-12-28 14:49:40-05:00,1088.58,1088.58,1088.58,1088.58,566,,1640720980000000000,1088.5261925795057,31
3649,2021-12-28 14:49:45-05:00,1088.15,1088.0015,1088.36,1088.0015,3536,,1640720985000000000,1088.1228688065612,71
3650,2021-12-28 14:49:50-05:00,1088,1088.03,1088.03,1087.85,2070,,1640720990000000000,1087.9801470048308,59
3651,2021-12-28 14:50:00-05:00,1088.0899,1088.0568,1088.09,1088,1327,,1640721000000000000,1088.0280978146193,48
3652,2021-12-28 14:50:05-05:00,1087.7096,1088,1088,1087.7096,1080,,1640721005000000000,1087.8693416666667,35
3653,2021-12-28 14:50:10-05:00,1088.19,1088.04,1088.19,1088.04,2327,,1640721010000000000,1088.1273458960036,45
3654,2021-12-28 14:50:15-05:00,1087.99,1088,1088,1087.99,1751,,1640721015000000000,1087.9940431182183,71
3655,2021-12-28 14:50:20-05:00,1088.08,1088.17,1088.17,1088.08,784,,1640721020000000000,1088.1009419642858,37
3656,2021-12-28 14:50:25-05:00,1087.88,1087.989,1087.989,1087.88,876,,1640721025000000000,1087.938713584475,24
3657,2021-12-28 14:50:30-05:00,1087.895,1087.62,1087.895,1087.62,1585,,1640721030000000000,1087.70942511041,68
3658,2021-12-28 14:50:35-05:00,1087.57,1087.57,1087.57,1087.57,573,,1640721035000000000,1087.6400630017454,31
3659,2021-12-28 14:50:40-05:00,1087.2901,1087.281,1087.504,1087.06,3918,,1640721040000000000,1087.3573368810617,91
3660,2021-12-28 14:50:45-05:00,1087.4459,1087.4459,1087.4459,1087.4459,556,,1640721045000000000,1087.230009352518,32
3661,2021-12-28 14:50:50-05:00,1087.22,1087.2,1087.368,1087.2,766,,1640721050000000000,1087.2732938642298,25
3662,2021-12-28 14:50:55-05:00,1087,1086.88,1087,1086.69,2198,,1640721055000000000,1086.9421740673338,70
3663,2021-12-28 14:51:00-05:00,1087.18,1087.2239,1087.25,1087.18,2531,,1640721060000000000,1087.2366946266304,71
3664,2021-12-28 14:51:05-05:00,1087.1203,1086.95,1087.1203,1086.905,2204,,1640721065000000000,1087.014234664247,102
3665,2021-12-28 14:51:10-05:00,1086.95,1086.74,1086.95,1086.74,898,,1640721070000000000,1087.3627582405343,15
3666,2021-12-28 14:51:20-05:00,1087.23,1087.1281,1087.33,1087.1281,2392,,1640721080000000000,1087.2167083193985,71
3667,2021-12-28 14:51:25-05:00,1087.3999,1087.3999,1087.3999,1087.3999,195,,1640721085000000000,1087.3552451282053,25
3668,2021-12-28 14:51:30-05:00,1087.27,1087.4,1087.4,1087.27,919,,1640721090000000000,1087.334856039173,31
3669,2021-12-28 14:51:35-05:00,1087.32,1087.32,1087.32,1087.32,1354,,1640721095000000000,1087.3410076809453,28
3670,2021-12-28 14:51:45-05:00,1087.3625,1087.3625,1087.3625,1087.3625,438,,1640721105000000000,1087.3970815068492,30
3671,2021-12-28 14:51:55-05:00,1087.55,1087.55,1087.55,1087.55,1127,,1640721115000000000,1087.622398935226,68
3672,2021-12-28 14:52:00-05:00,1087.44,1087.47,1087.47,1087.44,344,,1640721120000000000,1087.4581005813955,17
3673,2021-12-28 14:52:05-05:00,1087.5,1087.5,1087.5,1087.5,331,,1640721125000000000,1087.539535347432,20
3674,2021-12-28 14:52:10-05:00,1087.58,1087.79,1087.79,1087.58,2972,,1640721130000000000,1087.703405013459,77
3675,2021-12-28 14:52:15-05:00,1087.93,1088,1088,1087.93,2871,,1640721135000000000,1087.9412787182168,77
3676,2021-12-28 14:52:20-05:00,1088.12,1088.12,1088.12,1088.12,959,,1640721140000000000,1088.1289113660062,44
3677,2021-12-28 14:52:25-05:00,1088.33,1088.2566,1088.33,1088.15,1710,,1640721145000000000,1088.2186012280702,49
3678,2021-12-28 14:52:30-05:00,1088.1345,1088.51,1088.6199,1088.1345,1065,,1640721150000000000,1088.2850970892018,31
3679,2021-12-28 14:52:35-05:00,1088.55,1088.99,1089,1088.533,8252,,1640721155000000000,1088.9004209524956,131
3680,2021-12-28 14:52:40-05:00,1089.1928,1089.9,1090.1355,1089.1928,16494,,1640721160000000000,1089.727969170608,459
3681,2021-12-28 14:52:45-05:00,1090.1,1090.7275,1091.22,1090.1,15139,,1640721165000000000,1090.7806561661928,434
3682,2021-12-28 14:52:50-05:00,1090.4567,1091.04,1091.04,1090.4567,3016,,1640721170000000000,1090.6524728116708,115
3683,2021-12-28 14:52:55-05:00,1090.6601,1091.025,1091.2,1090.44,3337,,1640721175000000000,1090.9645183697933,73
3684,2021-12-28 14:53:00-05:00,1091.09,1091.1599,1091.2799,1090.5901,3987,,1640721180000000000,1090.9240539503382,117
3685,2021-12-28 14:53:05-05:00,1090.71,1090.89,1090.89,1090.71,1783,,1640721185000000000,1090.7843038698827,73
3686,2021-12-28 14:53:10-05:00,1090.67,1092,1092.29,1090.61,17522,,1640721190000000000,1091.2857157116762,319
3687,2021-12-28 14:53:15-05:00,1092.3099,1091.8601,1092.3099,1091.8001,6227,,1640721195000000000,1092.0448952786246,75
3688,2021-12-28 14:53:20-05:00,1091.84,1092.1025,1092.34,1091.84,4588,,1640721200000000000,1092.1427512859636,118
3689,2021-12-28 14:53:25-05:00,1092.11,1091.2901,1092.3199,1091.23,11745,,1640721205000000000,1091.7468017028523,258
3690,2021-12-28 14:53:30-05:00,1091.8345,1091.645,1091.8345,1091.63,1555,,1640721210000000000,1091.662279807074,48
3691,2021-12-28 14:53:35-05:00,1091.7471,1091.7471,1091.7471,1091.7471,971,,1640721215000000000,1091.6758618949536,36
3692,2021-12-28 14:53:40-05:00,1091.3001,1091.5,1091.51,1091.3001,1937,,1640721220000000000,1091.4060931337121,49
3693,2021-12-28 14:53:45-05:00,1091.68,1091.8299,1091.8299,1091.54,1336,,1640721225000000000,1091.607881811377,41
3694,2021-12-28 14:53:50-05:00,1091.61,1091.8,1091.8,1091.39,2113,,1640721230000000000,1091.5528547562706,43
3695,2021-12-28 14:53:55-05:00,1091.4376,1091.7199,1091.7199,1091.21,4533,,1640721235000000000,1091.4608004853303,162
3696,2021-12-28 14:54:00-05:00,1091.19,1090.895,1091.19,1090.895,5027,,1640721240000000000,1091.018824109807,97
3697,2021-12-28 14:54:05-05:00,1090.8527,1090.62,1091.1999,1090.62,3837,,1640721245000000000,1090.8565324211625,88
3698,2021-12-28 14:54:10-05:00,1091,1091.69,1091.69,1090.71,9753,,1640721250000000000,1091.2230089510922,227
3699,2021-12-28 14:54:15-05:00,1091.25,1090.6306,1091.25,1090.6306,2931,,1640721255000000000,1091.088637188673,87
3700,2021-12-28 14:54:20-05:00,1091.1937,1091.2157,1091.6199,1091.0089,1428,,1640721260000000000,1091.2370415966384,60
3701,2021-12-28 14:54:25-05:00,1091.5028,1091.1862,1091.5028,1091.152,1718,,1640721265000000000,1091.2347108847498,22
3702,2021-12-28 14:54:30-05:00,1091,1091,1091,1091,905,,1640721270000000000,1091.0663668508287,33
3703,2021-12-28 14:54:35-05:00,1091.0015,1091,1091.03,1090.86,2770,,1640721275000000000,1090.9814287003603,78
3704,2021-12-28 14:54:45-05:00,1090.83,1091,1091,1090.83,1428,,1640721285000000000,1090.9490731792719,40
3705,2021-12-28 14:54:50-05:00,1090.8007,1090.78,1091,1090.78,1807,,1640721290000000000,1090.918683231876,23
3706,2021-12-28 14:54:55-05:00,1090.86,1090.86,1090.86,1090.86,249,,1640721295000000000,1090.9415224899597,27
3707,2021-12-28 14:55:05-05:00,1090.9897,1090.78,1090.9897,1090.78,823,,1640721305000000000,1090.8607133657345,57
3708,2021-12-28 14:55:10-05:00,1090.7,1091.0037,1091.18,1090.56,6495,,1640721310000000000,1090.7237316397222,200
3709,2021-12-28 14:55:15-05:00,1091.25,1091.7953,1091.87,1091.1518,6069,,1640721315000000000,1091.4629918602734,133
3710,2021-12-28 14:55:20-05:00,1091.745,1092.8,1093.2999,1091.745,22704,,1640721320000000000,1092.5487424198384,487
3711,2021-12-28 14:55:25-05:00,1093.115,1092.59,1093.2323,1092.59,5243,,1640721325000000000,1092.9338829677667,130
3712,2021-12-28 14:55:30-05:00,1092.5028,1092.5564,1092.665,1092.29,4507,,1640721330000000000,1092.5354963834034,91
3713,2021-12-28 14:55:35-05:00,1092.805,1092.66,1092.805,1092.48,2002,,1640721335000000000,1092.6117794705292,51
3714,2021-12-28 14:55:40-05:00,1092.66,1092.3509,1092.66,1092.09,2627,,1640721340000000000,1092.3607267224975,75
3715,2021-12-28 14:55:45-05:00,1092.1801,1092.17,1092.412,1092.17,2361,,1640721345000000000,1092.261325031766,71
3716,2021-12-28 14:55:50-05:00,1092.3836,1092.3501,1092.58,1092.3501,3319,,1640721350000000000,1092.4475665863215,54
3717,2021-12-28 14:55:55-05:00,1092.3501,1092.49,1092.63,1092.3501,1365,,1640721355000000000,1092.4900029304026,33
3718,2021-12-28 14:56:00-05:00,1092.5,1092.5,1092.54,1092.3329,2724,,1640721360000000000,1092.430833406755,58
3719,2021-12-28 14:56:05-05:00,1092.44,1091.5001,1092.44,1091.5001,5284,,1640721365000000000,1091.9784432059055,143
3720,2021-12-28 14:56:10-05:00,1091.58,1091.6816,1091.9,1091.3101,5359,,1640721370000000000,1091.6689205635382,130
3721,2021-12-28 14:56:15-05:00,1091.8971,1092.18,1092.18,1091.85,1662,,1640721375000000000,1092.1058409145605,52
3722,2021-12-28 14:56:20-05:00,1092.35,1092.5,1092.5,1092.1571,4718,,1640721380000000000,1092.409896969055,92
3723,2021-12-28 14:56:25-05:00,1092.55,1092.2601,1092.8066,1092.2601,2836,,1640721385000000000,1092.507481664316,21
3724,2021-12-28 14:56:30-05:00,1092.26,1092.26,1092.26,1092.22,859,,1640721390000000000,1092.2506940628643,34
3725,2021-12-28 14:56:35-05:00,1092,1091.92,1092,1091.9101,1860,,1640721395000000000,1092.0001513978493,47
3726,2021-12-28 14:56:40-05:00,1091.933,1092,1092.15,1091.933,1599,,1640721400000000000,1092.087766916823,38
3727,2021-12-28 14:56:45-05:00,1092.26,1091.83,1092.29,1091.83,1878,,1640721405000000000,1091.988763258786,81
3728,2021-12-28 14:56:50-05:00,1091.86,1091.79,1091.9699,1091.6375,1850,,1640721410000000000,1091.7380277837838,46
3729,2021-12-28 14:56:55-05:00,1091.765,1091.78,1091.78,1091.765,650,,1640721415000000000,1091.778428769231,13
3730,2021-12-28 14:57:00-05:00,1091.58,1091.39,1091.78,1091.26,5264,,1640721420000000000,1091.5132085866267,106
3731,2021-12-28 14:57:05-05:00,1091.1476,1091,1091.2693,1091,4856,,1640721425000000000,1091.0580003088965,104
3732,2021-12-28 14:57:10-05:00,1090.81,1091.14,1091.15,1090.81,2926,,1640721430000000000,1091.0380596719076,66
3733,2021-12-28 14:57:15-05:00,1090.9775,1091.1166,1091.1166,1090.9775,742,,1640721435000000000,1090.9938137466306,22
3734,2021-12-28 14:57:20-05:00,1091.15,1091.15,1091.15,1091.15,988,,1640721440000000000,1091.2014079959515,34
3735,2021-12-28 14:57:30-05:00,1091.2,1091,1091.2,1091,1093,,1640721450000000000,1091.1138926806952,44
3736,2021-12-28 14:57:35-05:00,1091.24,1090.92,1091.24,1090.92,1708,,1640721455000000000,1090.9988009953163,45
3737,2021-12-28 14:57:40-05:00,1091.0152,1091,1091.0152,1091,1132,,1640721460000000000,1091.0207424028267,25
3738,2021-12-28 14:57:45-05:00,1091.105,1091.075,1091.105,1091.075,895,,1640721465000000000,1091.1734569832406,38
3739,2021-12-28 14:57:50-05:00,1091.2541,1091.25,1091.29,1091.25,1135,,1640721470000000000,1091.2450898678412,26
3740,2021-12-28 14:57:55-05:00,1091.075,1091,1091.075,1090.87,2719,,1640721475000000000,1090.9785941522618,102
3741,2021-12-28 14:58:00-05:00,1090.98,1091.2896,1091.29,1090.98,1985,,1640721480000000000,1091.1187385390424,46
3742,2021-12-28 14:58:10-05:00,1091.2181,1090.96,1091.2181,1090.96,2799,,1640721490000000000,1091.107244087174,44
3743,2021-12-28 14:58:15-05:00,1090.985,1091.015,1091.015,1090.985,353,,1640721495000000000,1091.0173266288948,19
3744,2021-12-28 14:58:25-05:00,1091.03,1090.85,1091.045,1090.85,800,,1640721505000000000,1091.0131597500003,34
3745,2021-12-28 14:58:30-05:00,1090.87,1091.2,1091.2,1090.87,761,,1640721510000000000,1091.1166461235216,17
3746,2021-12-28 14:58:35-05:00,1091.26,1091.26,1091.26,1091.26,221,,1640721515000000000,1091.1794561085974,16
3747,2021-12-28 14:58:40-05:00,1091.04,1091.1081,1091.26,1091.04,2122,,1640721520000000000,1091.1735275683316,63
3748,2021-12-28 14:58:45-05:00,1090.93,1090.86,1091,1090.79,1937,,1640721525000000000,1090.877059008776,62
3749,2021-12-28 14:58:50-05:00,1090.8967,1090.61,1090.8967,1090.6,2851,,1640721530000000000,1090.6408618730266,60
3750,2021-12-28 14:58:55-05:00,1090.8,1090.83,1090.83,1090.66,2667,,1640721535000000000,1090.8019089988752,64
3751,2021-12-28 14:59:00-05:00,1090.81,1090.81,1090.81,1090.81,1665,,1640721540000000000,1090.8218645645645,23
3752,2021-12-28 14:59:05-05:00,1090.81,1090.73,1091.08,1090.73,6851,,1640721545000000000,1090.87282703255,154
3753,2021-12-28 14:59:10-05:00,1090.9303,1090.7579,1090.9303,1090.7301,1608,,1640721550000000000,1090.864034017413,29
3754,2021-12-28 14:59:15-05:00,1091.01,1091.08,1091.08,1091.01,313,,1640721555000000000,1091.0049869009586,22
3755,2021-12-28 14:59:20-05:00,1090.76,1091.4423,1091.4423,1090.73,8422,,1640721560000000000,1091.0824637971973,201
3756,2021-12-28 14:59:25-05:00,1091.3207,1091.3207,1091.3207,1091.3207,307,,1640721565000000000,1091.4384563517915,16
3757,2021-12-28 14:59:30-05:00,1091.545,1091.7458,1091.7458,1091.545,756,,1640721570000000000,1091.6642097883591,30
3758,2021-12-28 14:59:35-05:00,1091.6,1091.27,1091.6,1091.27,3549,,1640721575000000000,1091.4294856015774,87
3759,2021-12-28 14:59:40-05:00,1091.3899,1091.24,1091.435,1091.24,1303,,1640721580000000000,1091.429062394474,44
3760,2021-12-28 14:59:45-05:00,1091.23,1091.62,1091.62,1091.23,822,,1640721585000000000,1091.4175244525543,30
3761,2021-12-28 14:59:50-05:00,1091.23,1091.04,1091.6299,1091.04,2739,,1640721590000000000,1091.5193315078498,45
3762,2021-12-28 14:59:55-05:00,1091.29,1091.37,1091.37,1091.29,445,,1640721595000000000,1091.3072788764043,33
3763,2021-12-28 15:00:00-05:00,1091.52,1090.6,1091.52,1090.6,4873,,1640721600000000000,1091.065360414529,139
3764,2021-12-28 15:00:05-05:00,1090.79,1090.98,1090.98,1090.79,686,,1640721605000000000,1090.8981887755103,35
3765,2021-12-28 15:00:15-05:00,1091.1199,1091.1199,1091.1199,1091.1199,768,,1640721615000000000,1090.8023941406252,41
3766,2021-12-28 15:00:20-05:00,1090.66,1090.61,1090.66,1090.61,1153,,1640721620000000000,1090.6477882046834,61
3767,2021-12-28 15:00:25-05:00,1090.5301,1090.3495,1090.5819,1090.33,3612,,1640721625000000000,1090.4482617386486,81
3768,2021-12-28 15:00:30-05:00,1090.33,1090.01,1090.33,1089.39,9333,,1640721630000000000,1089.809487678131,306
3769,2021-12-28 15:00:35-05:00,1089.956,1090.01,1090.01,1089.91,2811,,1640721635000000000,1089.964033475632,83
3770,2021-12-28 15:00:40-05:00,1089.905,1089.905,1089.905,1089.905,308,,1640721640000000000,1089.9815094155845,15
3771,2021-12-28 15:00:45-05:00,1089.75,1089.98,1089.98,1089.71,1102,,1640721645000000000,1089.7742002722323,46
3772,2021-12-28 15:00:50-05:00,1090,1090.39,1090.39,1090,3631,,1640721650000000000,1090.1898006058939,79
3773,2021-12-28 15:00:55-05:00,1090.39,1090.45,1090.46,1090.26,1216,,1640721655000000000,1090.3575627467105,28
3774,2021-12-28 15:01:00-05:00,1090.245,1090.0001,1090.245,1090.0001,538,,1640721660000000000,1090.1308685873605,22
3775,2021-12-28 15:01:05-05:00,1090.2626,1090.4,1090.4,1090.2626,353,,1640721665000000000,1090.282383569405,17
3776,2021-12-28 15:01:15-05:00,1090.3166,1090.52,1090.52,1090.3166,1071,,1640721675000000000,1090.412793837535,36
3777,2021-12-28 15:01:20-05:00,1090.52,1090.7536,1090.7536,1090.52,2351,,1640721680000000000,1090.686085197788,58
3778,2021-12-28 15:01:25-05:00,1090.7846,1090.515,1090.7846,1090.515,921,,1640721685000000000,1090.6065434310533,46
3779,2021-12-28 15:01:30-05:00,1090.01,1090.6199,1090.6199,1089.88,3341,,1640721690000000000,1090.0198899131994,56
3780,2021-12-28 15:01:35-05:00,1090.08,1090.11,1090.11,1090.06,1849,,1640721695000000000,1090.1828595997836,37
3781,2021-12-28 15:01:45-05:00,1090.02,1089.79,1090.02,1089.79,1388,,1640721705000000000,1089.952419020173,43
3782,2021-12-28 15:01:50-05:00,1089.5899,1089.51,1089.5899,1089.51,2128,,1640721710000000000,1089.5403846334584,47
3783,2021-12-28 15:01:55-05:00,1089.43,1089.24,1089.565,1089.24,2660,,1640721715000000000,1089.3991237593984,72
3784,2021-12-28 15:02:00-05:00,1089.2121,1089.8401,1089.8401,1089.02,3250,,1640721720000000000,1089.2431145230764,97
3785,2021-12-28 15:02:05-05:00,1089.61,1089.585,1089.61,1089.585,2619,,1640721725000000000,1089.5849224131343,20
3786,2021-12-28 15:02:10-05:00,1089.64,1089.64,1089.64,1089.64,169,,1640721730000000000,1089.6440396449702,15
3787,2021-12-28 15:02:15-05:00,1089.69,1089.8699,1089.8699,1089.69,1672,,1640721735000000000,1089.7188745215312,18
3788,2021-12-28 15:02:20-05:00,1089.5185,1089.3801,1089.6338,1089.3801,857,,1640721740000000000,1089.6143389731621,26
3789,2021-12-28 15:02:25-05:00,1089.7599,1089.7599,1089.7599,1089.7599,387,,1640721745000000000,1089.538488630491,27
3790,2021-12-28 15:02:30-05:00,1089.74,1089.625,1089.78,1089.58,3673,,1640721750000000000,1089.6925433160905,67
3791,2021-12-28 15:02:35-05:00,1089.8599,1089.87,1089.87,1089.78,1448,,1640721755000000000,1089.815161740331,46
3792,2021-12-28 15:02:40-05:00,1090,1090.49,1090.49,1090,4238,,1640721760000000000,1090.181414723926,54
3793,2021-12-28 15:02:45-05:00,1090.3452,1090.3452,1090.3452,1090.3452,466,,1640721765000000000,1090.3342596566524,12
3794,2021-12-28 15:02:50-05:00,1090.0301,1090.0999,1090.2064,1090.0301,1435,,1640721770000000000,1090.0924265505228,38
3795,2021-12-28 15:02:55-05:00,1089.965,1089.965,1089.965,1089.965,373,,1640721775000000000,1090.0284083109918,16
3796,2021-12-28 15:03:00-05:00,1090.079,1089.68,1090.079,1089.68,450,,1640721780000000000,1089.9481728888893,25
3797,2021-12-28 15:03:05-05:00,1090.125,1090.125,1090.125,1090.125,535,,1640721785000000000,1090.1299119626167,25
3798,2021-12-28 15:03:10-05:00,1090.13,1089.68,1090.13,1089.68,2303,,1640721790000000000,1089.8919796352586,53
3799,2021-12-28 15:03:15-05:00,1089.68,1089.516,1089.82,1089.21,1881,,1640721795000000000,1089.6069056353008,28
3800,2021-12-28 15:03:20-05:00,1089.91,1089.58,1089.91,1089.58,960,,1640721800000000000,1089.8058329166668,34
3801,2021-12-28 15:03:25-05:00,1089.74,1089.74,1089.74,1089.74,1401,,1640721805000000000,1089.746468593862,18
3802,2021-12-28 15:03:30-05:00,1089.5316,1089.5316,1089.5316,1089.5316,657,,1640721810000000000,1089.5915488584478,24
3803,2021-12-28 15:03:35-05:00,1089.52,1089.5406,1089.5406,1089.52,918,,1640721815000000000,1089.566194335512,34
3804,2021-12-28 15:03:40-05:00,1089.5,1089.5,1089.5,1089.5,2150,,1640721820000000000,1089.5064200930233,35
3805,2021-12-28 15:03:45-05:00,1089.22,1089.2482,1089.44,1089.22,1510,,1640721825000000000,1089.34606794702,30
3806,2021-12-28 15:04:10-05:00,1089.41,1089.2961,1089.41,1089.18,2534,,1640721850000000000,1089.2862090765586,69
3807,2021-12-28 15:04:20-05:00,1089.29,1089.35,1089.67,1089.29,3457,,1640721860000000000,1089.5175776395722,141
3808,2021-12-28 15:04:25-05:00,1089.59,1089.607,1089.607,1089.59,354,,1640721865000000000,1089.5737223163842,16
3809,2021-12-28 15:04:30-05:00,1089.1301,1089.63,1089.67,1089.1301,777,,1640721870000000000,1089.5382138996144,40
3810,2021-12-28 15:04:35-05:00,1089.46,1089.46,1089.46,1089.46,537,,1640721875000000000,1089.47693575419,35
3811,2021-12-28 15:04:40-05:00,1089.4399,1089.28,1089.4399,1089.28,446,,1640721880000000000,1089.361906278027,23
3812,2021-12-28 15:04:45-05:00,1089.28,1089.21,1089.28,1089.13,1863,,1640721885000000000,1089.1860373590976,73
3813,2021-12-28 15:04:50-05:00,1089,1088.69,1089,1088.378,4467,,1640721890000000000,1088.7108652339377,234
3814,2021-12-28 15:04:55-05:00,1088.7001,1089.1899,1089.1899,1088.7001,1958,,1640721895000000000,1088.773014555669,25
3815,2021-12-28 15:05:00-05:00,1088.837,1089,1089,1088.837,910,,1640721900000000000,1088.7971367032967,37
3816,2021-12-28 15:05:05-05:00,1089,1089,1089,1089,759,,1640721905000000000,1088.962560737813,39
3817,2021-12-28 15:05:10-05:00,1089.1448,1089.16,1089.2099,1089.1448,1923,,1640721910000000000,1089.1585830473218,25
3818,2021-12-28 15:05:20-05:00,1088.65,1088.5708,1088.7,1088.5708,883,,1640721920000000000,1088.9511140430347,32
3819,2021-12-28 15:05:25-05:00,1088.42,1088.42,1088.42,1088.42,833,,1640721925000000000,1088.4664224489795,56
3820,2021-12-28 15:05:30-05:00,1088.38,1088.249,1088.445,1088.24,4108,,1640721930000000000,1088.338730160662,83
3821,2021-12-28 15:05:35-05:00,1088.2232,1088.2232,1088.2232,1088.2232,1474,,1640721935000000000,1088.206483582089,26
3822,2021-12-28 15:05:40-05:00,1088.38,1088.28,1088.61,1088.28,4160,,1640721940000000000,1088.5182070673081,105
3823,2021-12-28 15:05:45-05:00,1088.31,1087.894,1088.31,1087.7138,6309,,1640721945000000000,1088.0377467902983,169
3824,2021-12-28 15:05:50-05:00,1088.21,1088.21,1088.21,1088.21,585,,1640721950000000000,1088.184971111111,42
3825,2021-12-28 15:05:55-05:00,1088.36,1088.37,1088.54,1088.36,1846,,1640721955000000000,1088.3551177139761,44
3826,2021-12-28 15:06:00-05:00,1088.285,1088.5383,1088.5383,1088.285,3038,,1640721960000000000,1088.4205649769583,42
3827,2021-12-28 15:06:05-05:00,1088.15,1088.59,1088.67,1088.15,2363,,1640721965000000000,1088.5371574693188,49
3828,2021-12-28 15:06:10-05:00,1088.97,1088.97,1088.97,1088.97,753,,1640721970000000000,1088.8978806108894,48
3829,2021-12-28 15:06:15-05:00,1089.4016,1089.28,1089.4016,1089.267,1145,,1640721975000000000,1089.2888542358075,28
3830,2021-12-28 15:06:20-05:00,1089.4284,1089.1903,1089.4284,1089.1903,1147,,1640721980000000000,1089.2374470793375,20
3831,2021-12-28 15:06:25-05:00,1089.044,1089.21,1089.21,1088.97,3613,,1640721985000000000,1089.114793025187,63
3832,2021-12-28 15:06:30-05:00,1089.3994,1089.0056,1089.3994,1089.0056,601,,1640721990000000000,1089.2738610648921,15
3833,2021-12-28 15:06:35-05:00,1089.28,1089.61,1089.61,1089.0001,1742,,1640721995000000000,1089.4092958668202,63
3834,2021-12-28 15:06:40-05:00,1089.3161,1089.42,1089.58,1089.3161,4123,,1640722000000000000,1089.5005501333978,25
3835,2021-12-28 15:06:45-05:00,1089.4212,1089.9773,1089.9773,1089.37,4096,,1640722005000000000,1089.6590508300783,86
3836,2021-12-28 15:06:50-05:00,1089.948,1090.102,1090.13,1089.805,2548,,1640722010000000000,1089.9853110675035,93
3837,2021-12-28 15:06:55-05:00,1089.8162,1090,1090.2261,1089.8162,5357,,1640722015000000000,1090.0239062721676,68
3838,2021-12-28 15:07:00-05:00,1090.02,1089.63,1090.0971,1089.6101,2078,,1640722020000000000,1089.8667323869104,72
3839,2021-12-28 15:07:05-05:00,1089.94,1089.63,1089.94,1089.61,1564,,1640722025000000000,1089.6977425831205,63
3840,2021-12-28 15:07:10-05:00,1089.84,1090,1090,1089.84,1017,,1640722030000000000,1089.921799803343,32
3841,2021-12-28 15:07:15-05:00,1089.9703,1089.83,1089.9703,1089.75,2729,,1640722035000000000,1089.831503517772,52
3842,2021-12-28 15:07:20-05:00,1089.64,1089.9218,1089.9218,1089.42,1218,,1640722040000000000,1089.7068252873562,44
3843,2021-12-28 15:07:30-05:00,1089.94,1089.94,1089.94,1089.94,417,,1640722050000000000,1090.0281776978416,26
3844,2021-12-28 15:07:35-05:00,1089.97,1089.97,1089.97,1089.97,606,,1640722055000000000,1089.9781978547853,20
3845,2021-12-28 15:07:40-05:00,1090.25,1090.166,1090.25,1090.166,326,,1640722060000000000,1090.1562717791412,18
3846,2021-12-28 15:07:45-05:00,1090.02,1089.79,1090.1441,1089.52,4751,,1640722065000000000,1089.8172330456748,161
3847,2021-12-28 15:07:50-05:00,1089.75,1089.75,1089.75,1089.75,897,,1640722070000000000,1089.7505942028984,41
3848,2021-12-28 15:07:55-05:00,1089.8487,1089.67,1089.8487,1089.67,1576,,1640722075000000000,1089.815605393401,37
3849,2021-12-28 15:08:00-05:00,1090,1090,1090,1090,299,,1640722080000000000,1089.8763695652171,17
3850,2021-12-28 15:08:10-05:00,1090.0089,1090.0089,1090.0089,1090.0089,618,,1640722090000000000,1089.9978768608414,26
3851,2021-12-28 15:08:15-05:00,1089.72,1089.28,1089.72,1089.28,2588,,1640722095000000000,1089.512550656878,73
3852,2021-12-28 15:08:20-05:00,1089.41,1089.3793,1089.41,1089.08,613,,1640722100000000000,1089.2502848287115,17
3853,2021-12-28 15:08:30-05:00,1089.9,1089.9,1089.9,1089.9,2461,,1640722110000000000,1089.865601097115,99
3854,2021-12-28 15:08:35-05:00,1090.19,1090.985,1091.1699,1090.19,6418,,1640722115000000000,1090.7787042848236,175
3855,2021-12-28 15:08:40-05:00,1090.8895,1091.09,1091.1099,1090.65,3942,,1640722120000000000,1090.890449746322,77
3856,2021-12-28 15:08:45-05:00,1090.895,1090.26,1091.0061,1090.26,5229,,1640722125000000000,1090.6452806655193,94
3857,2021-12-28 15:08:50-05:00,1090.51,1090.3674,1090.6982,1090.3674,2247,,1640722130000000000,1090.4863951935918,45
3858,2021-12-28 15:08:55-05:00,1090.8499,1090.8499,1090.8499,1090.8499,1341,,1640722135000000000,1090.826917300522,15
3859,2021-12-28 15:09:05-05:00,1090.9,1091.07,1091.07,1090.9,2061,,1640722145000000000,1090.9509580300821,71
3860,2021-12-28 15:09:10-05:00,1091.11,1091.4299,1091.4299,1091.11,2250,,1640722150000000000,1091.2197807111108,64
3861,2021-12-28 15:09:15-05:00,1091.237,1090.8101,1091.237,1090.8101,1316,,1640722155000000000,1091.0759332066875,60
3862,2021-12-28 15:09:20-05:00,1090.97,1090.97,1090.97,1090.97,860,,1640722160000000000,1091.0042096511622,31
3863,2021-12-28 15:09:25-05:00,1090.98,1090.76,1090.98,1090.76,2416,,1640722165000000000,1090.8307404387415,70
3864,2021-12-28 15:09:30-05:00,1090.8498,1090.8267,1090.99,1090.8267,1272,,1640722170000000000,1090.9205994496856,14
3865,2021-12-28 15:09:40-05:00,1090.945,1090.945,1090.945,1090.945,1124,,1640722180000000000,1090.961990925267,21
3866,2021-12-28 15:09:45-05:00,1090.9741,1091.0001,1091.12,1090.965,1246,,1640722185000000000,1091.0124060192616,33
3867,2021-12-28 15:09:50-05:00,1090.975,1090.9,1090.975,1090.9,919,,1640722190000000000,1090.8981562568008,38
3868,2021-12-28 15:09:55-05:00,1090.94,1090.3501,1090.94,1090.3501,2579,,1640722195000000000,1090.773166188445,86
3869,2021-12-28 15:10:00-05:00,1090.38,1089.91,1090.38,1089.5001,8486,,1640722200000000000,1089.7403772213054,277
3870,2021-12-28 15:10:05-05:00,1089.9327,1090.23,1090.23,1089.9327,2168,,1640722205000000000,1090.1122269833952,55
3871,2021-12-28 15:10:10-05:00,1090.23,1090.0831,1090.25,1090.0831,2161,,1640722210000000000,1090.186055529847,52
3872,2021-12-28 15:10:15-05:00,1089.96,1089.91,1090.01,1089.87,1201,,1640722215000000000,1089.9377335553706,40
3873,2021-12-28 15:10:20-05:00,1090.1048,1090.1048,1090.1048,1090.1048,323,,1640722220000000000,1090.008984520124,30
3874,2021-12-28 15:10:25-05:00,1090.0159,1090.0159,1090.0159,1090.0159,474,,1640722225000000000,1089.9904016877638,22
3875,2021-12-28 15:10:35-05:00,1090.13,1090.7745,1091,1090.13,9014,,1640722235000000000,1090.5557846793874,205
3876,2021-12-28 15:10:40-05:00,1091.0899,1090.755,1091.0899,1090.755,648,,1640722240000000000,1090.8129365740738,27
3877,2021-12-28 15:10:45-05:00,1090.6336,1090.76,1090.76,1090.6336,3294,,1640722245000000000,1090.652144262295,98
3878,2021-12-28 15:10:50-05:00,1090.665,1090.665,1090.665,1090.665,451,,1640722250000000000,1090.788915521064,27
3879,2021-12-28 15:10:55-05:00,1090.7781,1090.7401,1090.87,1090.7401,1343,,1640722255000000000,1090.826677736411,31
3880,2021-12-28 15:11:00-05:00,1091,1091.72,1091.72,1090.985,10286,,1640722260000000000,1091.4117959653893,179
3881,2021-12-28 15:11:05-05:00,1091.6148,1092.1,1092.28,1091.54,10460,,1640722265000000000,1091.984481500956,189
3882,2021-12-28 15:11:10-05:00,1092.3899,1092.165,1092.3899,1091.97,3273,,1640722270000000000,1092.116867461045,90
3883,2021-12-28 15:11:15-05:00,1092,1091.305,1092.01,1090.87,7659,,1640722275000000000,1091.5050371066725,246
3884,2021-12-28 15:11:20-05:00,1091.72,1091.9599,1091.9599,1091.3501,1091,,1640722280000000000,1091.73738487626,46
3885,2021-12-28 15:11:25-05:00,1091.7452,1091.745,1091.7452,1091.745,975,,1640722285000000000,1091.7589364102564,30
3886,2021-12-28 15:11:30-05:00,1091.745,1091.53,1091.93,1091.53,2822,,1640722290000000000,1091.7305652019845,70
3887,2021-12-28 15:11:35-05:00,1091.5773,1090.79,1091.5773,1090.72,5862,,1640722295000000000,1090.9914071477315,117
3888,2021-12-28 15:11:40-05:00,1091,1090.99,1091.11,1090.6784,2642,,1640722300000000000,1090.9805436033307,50
3889,2021-12-28 15:11:45-05:00,1091.11,1091.205,1092,1090.8889,8305,,1640722305000000000,1091.4725881878383,228
3890,2021-12-28 15:11:50-05:00,1091.535,1091.535,1091.8461,1091.2815,1457,,1640722310000000000,1091.575996636925,39
3891,2021-12-28 15:11:55-05:00,1091.6699,1091.72,1091.72,1091.4958,1443,,1640722315000000000,1091.6311811503808,25
3892,2021-12-28 15:12:00-05:00,1091.35,1091.34,1091.35,1091.34,1205,,1640722320000000000,1091.3607399999994,64
3893,2021-12-28 15:12:05-05:00,1091.2235,1091.24,1091.24,1091.1,1672,,1640722325000000000,1091.2010443181814,48
3894,2021-12-28 15:12:10-05:00,1091.135,1091.13,1091.16,1091.122,1592,,1640722330000000000,1091.1607551507532,124
3895,2021-12-28 15:12:15-05:00,1091.1204,1091.04,1091.3469,1091.04,2099,,1640722335000000000,1091.1032030490717,109
3896,2021-12-28 15:12:20-05:00,1091.39,1091.175,1091.39,1091.175,2730,,1640722340000000000,1091.2711943223444,79
3897,2021-12-28 15:12:25-05:00,1091.35,1091.3522,1091.3522,1091.2009,1136,,1640722345000000000,1091.2693868838026,36
3898,2021-12-28 15:12:30-05:00,1091.35,1091.1201,1091.35,1091.1201,1095,,1640722350000000000,1091.1479432876715,33
3899,2021-12-28 15:12:35-05:00,1091.2202,1091.19,1091.33,1091.19,2233,,1640722355000000000,1091.2273468428125,43
3900,2021-12-28 15:12:40-05:00,1091.3,1091.24,1091.38,1091.24,986,,1640722360000000000,1091.2868045638947,33
3901,2021-12-28 15:12:45-05:00,1091.376,1091.3,1091.52,1091.3,2086,,1640722365000000000,1091.4507683604986,54
3902,2021-12-28 15:13:00-05:00,1091.4278,1091.56,1091.56,1091.4278,1101,,1640722380000000000,1091.511873660309,42
3903,2021-12-28 15:13:05-05:00,1091.495,1091.44,1091.68,1091.36,4165,,1640722385000000000,1091.496611188476,144
3904,2021-12-28 15:13:10-05:00,1091.47,1091.42,1091.47,1091.33,2281,,1640722390000000000,1091.4303861025865,91
3905,2021-12-28 15:13:15-05:00,1091.46,1091.4616,1091.5937,1091.46,906,,1640722395000000000,1091.4895555187636,25
3906,2021-12-28 15:13:20-05:00,1091.69,1091.9496,1091.95,1091.68,4134,,1640722400000000000,1091.8098889211415,84
3907,2021-12-28 15:13:25-05:00,1091.93,1092.15,1092.15,1091.75,7971,,1640722405000000000,1091.9847359678827,195
3908,2021-12-28 15:13:30-05:00,1092.15,1092.23,1092.38,1091.87,4923,,1640722410000000000,1092.1010877310584,117
3909,2021-12-28 15:13:35-05:00,1091.775,1091.8194,1091.8194,1091.775,1972,,1640722415000000000,1091.7342175963486,72
3910,2021-12-28 15:13:40-05:00,1091.6146,1091.31,1091.6146,1091.31,3119,,1640722420000000000,1091.4735915036865,40
3911,2021-12-28 15:13:45-05:00,1091.31,1091.185,1091.31,1091.06,2590,,1640722425000000000,1091.1480675289572,48
3912,2021-12-28 15:13:50-05:00,1091.31,1091.1975,1091.31,1091.1975,645,,1640722430000000000,1091.2491150387593,34
3913,2021-12-28 15:13:55-05:00,1091.46,1091.4478,1091.46,1091.4478,501,,1640722435000000000,1091.4331758483033,26
3914,2021-12-28 15:14:00-05:00,1091.49,1090.97,1091.49,1090.97,6642,,1640722440000000000,1091.013746236073,119
3915,2021-12-28 15:14:05-05:00,1091,1091,1091,1091,1215,,1640722445000000000,1091.1821027160493,53
3916,2021-12-28 15:14:10-05:00,1091.46,1091.19,1091.61,1091.19,1724,,1640722450000000000,1091.3063363109052,72
3917,2021-12-28 15:14:15-05:00,1091.4,1091.68,1091.68,1091.085,888,,1640722455000000000,1091.2960777027029,33
3918,2021-12-28 15:14:20-05:00,1091.5,1091.5,1091.5,1091.5,621,,1640722460000000000,1091.4527763285028,31
3919,2021-12-28 15:14:25-05:00,1091.63,1092.46,1092.9885,1091.59,16277,,1640722465000000000,1092.2595633900576,571
3920,2021-12-28 15:14:30-05:00,1092.5794,1092.6631,1092.93,1092.26,4487,,1640722470000000000,1092.5180647871632,46
3921,2021-12-28 15:14:35-05:00,1092.5905,1092.63,1092.88,1092.5905,4514,,1640722475000000000,1092.6818131590605,66
3922,2021-12-28 15:14:40-05:00,1092.64,1092.435,1092.848,1092.38,2757,,1640722480000000000,1092.566808922742,61
3923,2021-12-28 15:14:45-05:00,1092.3,1091.9181,1092.3,1091.86,1882,,1640722485000000000,1092.0603949521785,70
3924,2021-12-28 15:14:50-05:00,1092.4042,1092.45,1092.45,1092.4042,1299,,1640722490000000000,1092.4605110084678,27
3925,2021-12-28 15:14:55-05:00,1092.46,1092.49,1092.65,1092.455,836,,1640722495000000000,1092.5024708133972,34
3926,2021-12-28 15:15:00-05:00,1092.2,1092.26,1092.26,1092.2,1190,,1640722500000000000,1092.2073976470595,83
3927,2021-12-28 15:15:05-05:00,1092.4599,1092.205,1092.4599,1092.0001,1550,,1640722505000000000,1092.3255482580644,21
3928,2021-12-28 15:15:10-05:00,1092.335,1092.1166,1092.335,1092.0001,842,,1640722510000000000,1092.2081720902613,36
3929,2021-12-28 15:15:15-05:00,1092.01,1092.205,1092.25,1092.01,2574,,1640722515000000000,1092.195679292929,81
3930,2021-12-28 15:15:20-05:00,1092.0001,1092.32,1092.3996,1092.0001,921,,1640722520000000000,1092.2984010857765,36
3931,2021-12-28 15:15:25-05:00,1092.2992,1092.5,1092.5,1092.2,4184,,1640722525000000000,1092.3415958413,104
3932,2021-12-28 15:15:30-05:00,1092.2701,1092.48,1092.6278,1092.2701,1465,,1640722530000000000,1092.4297384300337,45
3933,2021-12-28 15:15:35-05:00,1092.69,1092.82,1092.82,1092.69,2859,,1640722535000000000,1092.724610877929,103
3934,2021-12-28 15:15:40-05:00,1092.93,1093.3801,1093.9,1092.755,21064,,1640722540000000000,1093.4045182111663,460
3935,2021-12-28 15:15:45-05:00,1093.8799,1093.1401,1093.8799,1093.14,8744,,1640722545000000000,1093.5664674748398,156
3936,2021-12-28 15:15:50-05:00,1093.46,1093.64,1093.64,1093.38,5688,,1640722550000000000,1093.5144211849508,118
3937,2021-12-28 15:15:55-05:00,1093.79,1093.47,1093.79,1093.1601,7992,,1640722555000000000,1093.5265851601603,127
3938,2021-12-28 15:16:00-05:00,1093.35,1093.4,1093.8,1093.35,6114,,1640722560000000000,1093.579472718352,205
3939,2021-12-28 15:16:05-05:00,1093.4687,1093.28,1093.8,1093.2,8242,,1640722565000000000,1093.4454254064542,214
3940,2021-12-28 15:16:10-05:00,1093.52,1093.0001,1093.7,1093,10531,,1640722570000000000,1093.4234554648183,210
3941,2021-12-28 15:16:15-05:00,1093.38,1093.45,1093.7494,1093.1816,5723,,1640722575000000000,1093.4356857766925,140
3942,2021-12-28 15:16:20-05:00,1093.46,1093.2301,1093.7199,1093.2301,4287,,1640722580000000000,1093.390246885934,50
3943,2021-12-28 15:16:25-05:00,1093.2401,1093.5,1093.5,1093.2401,1784,,1640722585000000000,1093.3823966367713,34
3944,2021-12-28 15:16:30-05:00,1093.48,1093.4726,1093.5,1093.2401,1680,,1640722590000000000,1093.4110121428573,45
3945,2021-12-28 15:16:35-05:00,1093.5,1093.72,1093.72,1093.33,4403,,1640722595000000000,1093.5815363842835,71
3946,2021-12-28 15:16:40-05:00,1093.4601,1093.684,1093.684,1093.46,3887,,1640722600000000000,1093.5675618986365,81
3947,2021-12-28 15:16:45-05:00,1093.5001,1093.26,1093.68,1093.26,3203,,1640722605000000000,1093.4069467998745,69
3948,2021-12-28 15:16:50-05:00,1093.4115,1093.0419,1093.4115,1092.9871,5557,,1640722610000000000,1093.1093425769307,98
3949,2021-12-28 15:16:55-05:00,1093.05,1092.1,1093.05,1092.1,3845,,1640722615000000000,1092.519792795839,143
3950,2021-12-28 15:17:00-05:00,1092.37,1092.9092,1092.9515,1092.37,1640,,1640722620000000000,1092.711977804878,65
3951,2021-12-28 15:17:05-05:00,1093,1092.895,1093,1092.84,2062,,1640722625000000000,1092.911214936955,63
3952,2021-12-28 15:17:15-05:00,1092.8973,1092.9,1093.15,1092.8101,1901,,1640722635000000000,1092.9698558127307,56
3953,2021-12-28 15:17:20-05:00,1093.15,1093.1498,1093.15,1093.015,1956,,1640722640000000000,1093.1147036298566,60
3954,2021-12-28 15:17:25-05:00,1093.155,1093.1239,1093.155,1093.1238,1022,,1640722645000000000,1093.123727690802,39
3955,2021-12-28 15:17:30-05:00,1093.22,1093.22,1093.22,1093.0818,1356,,1640722650000000000,1093.0380737463126,53
3956,2021-12-28 15:17:35-05:00,1093.1934,1093.1934,1093.1934,1093.1934,610,,1640722655000000000,1093.188190327869,58
3957,2021-12-28 15:17:40-05:00,1093.191,1092.93,1093.191,1092.81,2327,,1640722660000000000,1092.96716390202,68
3958,2021-12-28 15:17:45-05:00,1092.95,1092.95,1092.95,1092.95,357,,1640722665000000000,1092.9078100840338,25
3959,2021-12-28 15:17:50-05:00,1093,1093,1093,1093,509,,1640722670000000000,1092.9772457760316,30
3960,2021-12-28 15:17:55-05:00,1093.06,1093.18,1093.19,1093.06,2439,,1640722675000000000,1093.1430824518247,45
3961,2021-12-28 15:18:00-05:00,1092.99,1093.1198,1093.19,1092.99,4342,,1640722680000000000,1093.0606883924459,79
3962,2021-12-28 15:18:05-05:00,1093,1092.575,1093,1092.481,2475,,1640722685000000000,1092.7292835151518,81
3963,2021-12-28 15:18:10-05:00,1092.3901,1092.0414,1092.3901,1092.0001,4314,,1640722690000000000,1092.2539187760774,111
3964,2021-12-28 15:18:15-05:00,1092.25,1092.25,1092.25,1092.25,406,,1640722695000000000,1092.2804761083746,25
3965,2021-12-28 15:18:20-05:00,1092.2656,1092.29,1092.7,1092.2656,5470,,1640722700000000000,1092.3478665813527,40
3966,2021-12-28 15:18:25-05:00,1092.32,1091.5001,1092.32,1091.5001,7289,,1640722705000000000,1091.8536633008641,163
3967,2021-12-28 15:18:30-05:00,1091.92,1092.04,1092.04,1091.73,3976,,1640722710000000000,1091.8980712273644,96
3968,2021-12-28 15:18:35-05:00,1091.94,1091.6033,1091.94,1091.6033,1130,,1640722715000000000,1091.7699367256641,33
3969,2021-12-28 15:18:40-05:00,1091.99,1092.2,1092.2,1091.97,2642,,1640722720000000000,1092.0280799772893,75
3970,2021-12-28 15:18:45-05:00,1092.36,1092.1,1092.36,1092.1,752,,1640722725000000000,1092.2227340425532,26
3971,2021-12-28 15:18:50-05:00,1092.0601,1092.58,1092.58,1092.0601,1942,,1640722730000000000,1092.2733264675594,36
3972,2021-12-28 15:18:55-05:00,1092.1356,1092.14,1092.5,1092.11,705,,1640722735000000000,1092.2321910638298,26
3973,2021-12-28 15:19:00-05:00,1092.09,1092.09,1092.09,1092.09,400,,1640722740000000000,1092.2208245,26
3974,2021-12-28 15:19:05-05:00,1092.36,1092.53,1092.53,1092.35,6103,,1640722745000000000,1092.4610215795515,92
3975,2021-12-28 15:19:15-05:00,1092.61,1093.01,1093.02,1092.61,3427,,1640722755000000000,1092.945933119347,107
3976,2021-12-28 15:19:25-05:00,1092.72,1092.7687,1092.92,1092.6888,1527,,1640722765000000000,1092.8191449901767,37
3977,2021-12-28 15:19:35-05:00,1092.92,1093.035,1093.035,1092.92,700,,1640722775000000000,1092.9440795714283,29
3978,2021-12-28 15:19:40-05:00,1092.8758,1092.8858,1093.07,1092.7431,2412,,1640722780000000000,1092.9894953565508,95
3979,2021-12-28 15:19:45-05:00,1092.7,1092.7,1092.7,1092.7,1092,,1640722785000000000,1092.7340744505495,48
3980,2021-12-28 15:19:55-05:00,1092.98,1093.13,1093.13,1092.98,1913,,1640722795000000000,1093.024782174595,51
3981,2021-12-28 15:20:00-05:00,1093.01,1092.8955,1093.01,1092.88,1737,,1640722800000000000,1092.9220514680483,61
3982,2021-12-28 15:20:05-05:00,1092.9,1093.28,1093.28,1092.8801,3033,,1640722805000000000,1093.1215169469174,90
3983,2021-12-28 15:20:10-05:00,1093.2799,1093.2799,1093.2799,1093.2799,778,,1640722810000000000,1093.2477915167094,28
3984,2021-12-28 15:20:15-05:00,1093.2,1093.4599,1093.47,1093.2,4665,,1640722815000000000,1093.3063540836013,116
3985,2021-12-28 15:20:20-05:00,1093.13,1093.1903,1093.1903,1092.8801,3633,,1640722820000000000,1093.13133765483,109
3986,2021-12-28 15:20:25-05:00,1093.384,1093.6699,1093.6699,1093.384,2777,,1640722825000000000,1093.5056848757652,91
3987,2021-12-28 15:20:30-05:00,1093.67,1093.6184,1093.67,1093.6184,1718,,1640722830000000000,1093.6401824214206,51
3988,2021-12-28 15:20:35-05:00,1093.4,1093.7199,1093.7199,1093.4,1467,,1640722835000000000,1093.5003132924337,74
3989,2021-12-28 15:20:40-05:00,1093.52,1093.5966,1093.72,1093.49,1935,,1640722840000000000,1093.6500017054266,51
3990,2021-12-28 15:20:45-05:00,1093.5966,1093.4155,1093.5966,1093.4155,3072,,1640722845000000000,1093.503007454427,74
3991,2021-12-28 15:20:50-05:00,1093.34,1093.53,1093.6999,1093.34,1640,,1640722850000000000,1093.5865622560977,23
3992,2021-12-28 15:20:55-05:00,1093.66,1093.7,1093.7,1093.46,1515,,1640722855000000000,1093.6394589438944,72
3993,2021-12-28 15:21:00-05:00,1093.5727,1093.5727,1093.5727,1093.5727,985,,1640722860000000000,1093.6536928934015,58
3994,2021-12-28 15:21:05-05:00,1093.7,1093.325,1093.7,1093.26,3779,,1640722865000000000,1093.3988413336856,100
3995,2021-12-28 15:21:10-05:00,1093.0801,1093.0468,1093.2855,1092.9212,4779,,1640722870000000000,1093.1206706842438,105
3996,2021-12-28 15:21:15-05:00,1092.9215,1093.03,1093.03,1092.8901,1954,,1640722875000000000,1092.984488229273,62
3997,2021-12-28 15:21:20-05:00,1093.1899,1092.74,1093.19,1092.74,3382,,1640722880000000000,1092.9735875517445,80
3998,2021-12-28 15:21:25-05:00,1092.59,1092.89,1092.89,1092.51,1950,,1640722885000000000,1092.6759513846152,87
3999,2021-12-28 15:21:30-05:00,1092.99,1092.99,1092.99,1092.99,244,,1640722890000000000,1092.9235860655735,13
4000,2021-12-28 15:21:35-05:00,1092.771,1092.78,1093.05,1092.771,1457,,1640722895000000000,1092.9840107069322,47
4001,2021-12-28 15:21:40-05:00,1092.9697,1093.18,1093.18,1092.9697,1692,,1640722900000000000,1093.1437018321517,84
4002,2021-12-28 15:21:45-05:00,1093.18,1093,1093.18,1093,1450,,1640722905000000000,1093.1029162068962,68
4003,2021-12-28 15:21:50-05:00,1093.05,1093.0214,1093.17,1093.0002,1222,,1640722910000000000,1093.0665220949263,33
4004,2021-12-28 15:21:55-05:00,1093.01,1093.15,1093.15,1092.88,851,,1640722915000000000,1093.0008285546414,30
4005,2021-12-28 15:22:00-05:00,1092.86,1093.18,1093.2,1092.86,1648,,1640722920000000000,1093.153454975729,100
4006,2021-12-28 15:22:05-05:00,1093.2435,1093.34,1093.35,1093.1735,3776,,1640722925000000000,1093.2593810646188,50
4007,2021-12-28 15:22:10-05:00,1093.35,1094.5856,1094.5856,1093.2934,13368,,1640722930000000000,1093.8652771319562,388
4008,2021-12-28 15:22:15-05:00,1094.3731,1094.528,1094.6699,1094.1201,8723,,1640722935000000000,1094.3625722916431,166
4009,2021-12-28 15:22:20-05:00,1094.4,1094.7952,1094.9896,1094.1801,8098,,1640722940000000000,1094.5842944307235,166
4010,2021-12-28 15:22:25-05:00,1094.96,1095.425,1096,1094.9568,38884,,1640722945000000000,1095.2885260544178,684
4011,2021-12-28 15:22:30-05:00,1095.72,1095.36,1095.72,1095.29,5682,,1640722950000000000,1095.4138656107007,72
4012,2021-12-28 15:22:35-05:00,1095.55,1095.76,1096.2,1095.1726,8401,,1640722955000000000,1095.6244101892617,267
4013,2021-12-28 15:22:40-05:00,1096.15,1095.805,1096.15,1095.4101,7134,,1640722960000000000,1095.8158005887306,116
4014,2021-12-28 15:22:45-05:00,1095.8818,1096.465,1096.72,1095.8818,8125,,1640722965000000000,1096.2439888738465,226
4015,2021-12-28 15:22:50-05:00,1096.4595,1096.4799,1096.4799,1096.07,6292,,1640722970000000000,1096.2637383661793,131
4016,2021-12-28 15:22:55-05:00,1096.285,1096.07,1096.3338,1096.07,7056,,1640722975000000000,1096.2234435374153,118
4017,2021-12-28 15:23:00-05:00,1096.165,1095.25,1096.31,1095.25,8818,,1640722980000000000,1095.9079175436598,211
4018,2021-12-28 15:23:05-05:00,1095.3735,1095.65,1095.65,1095.2601,3256,,1640722985000000000,1095.4328045761672,121
4019,2021-12-28 15:23:10-05:00,1095.57,1095.9299,1095.9299,1095.3852,1957,,1640722990000000000,1095.6146122636687,67
4020,2021-12-28 15:23:15-05:00,1095.93,1096.07,1096.07,1095.65,3323,,1640722995000000000,1095.8054957267534,82
4021,2021-12-28 15:23:20-05:00,1096.1043,1096.49,1096.64,1096.0637,7497,,1640723000000000000,1096.3647163131911,156
4022,2021-12-28 15:23:25-05:00,1096.6399,1096.845,1097.2991,1096.48,10003,,1640723005000000000,1096.8684114965524,276
4023,2021-12-28 15:23:30-05:00,1097.29,1097.2194,1097.65,1097.0757,13573,,1640723010000000000,1097.4164219995575,310
4024,2021-12-28 15:23:35-05:00,1097.3518,1097.3,1097.5299,1097.05,8414,,1640723015000000000,1097.2410826123134,240
4025,2021-12-28 15:23:40-05:00,1097.175,1097.63,1097.8199,1097.05,5563,,1640723020000000000,1097.449785960813,162
4026,2021-12-28 15:23:45-05:00,1097.82,1097.78,1097.83,1097.5609,8346,,1640723025000000000,1097.6762015456504,160
4027,2021-12-28 15:23:50-05:00,1097.4987,1098.1099,1098.15,1097.4987,13632,,1640723030000000000,1097.9396219703633,328
4028,2021-12-28 15:23:55-05:00,1097.77,1098,1098.1899,1097.7501,5512,,1640723035000000000,1097.9613044448474,143
4029,2021-12-28 15:24:00-05:00,1098.0896,1097.9501,1098.2699,1097.9201,13544,,1640723040000000000,1098.0589827894269,282
4030,2021-12-28 15:24:05-05:00,1098.2376,1098.3126,1098.46,1098.177,10310,,1640723045000000000,1098.2946540543164,146
4031,2021-12-28 15:24:10-05:00,1098.46,1098.76,1098.79,1098.4566,8759,,1640723050000000000,1098.6208079004439,231
4032,2021-12-28 15:24:15-05:00,1098.6745,1098.5541,1098.6745,1098.48,5139,,1640723055000000000,1098.5522061490558,128
4033,2021-12-28 15:24:20-05:00,1098.39,1097.705,1098.6899,1097.3201,14151,,1640723060000000000,1097.8674478694088,369
4034,2021-12-28 15:24:25-05:00,1097.83,1097.57,1097.9083,1097.57,2499,,1640723065000000000,1097.7817979991996,96
4035,2021-12-28 15:24:30-05:00,1097.715,1097.59,1097.8499,1097.59,2178,,1640723070000000000,1097.704335812672,49
4036,2021-12-28 15:24:35-05:00,1097.57,1097.1702,1097.5899,1097.02,5549,,1640723075000000000,1097.2273835826272,123
4037,2021-12-28 15:24:40-05:00,1097.2081,1097.035,1097.44,1096.89,4932,,1640723080000000000,1097.105550486618,117
4038,2021-12-28 15:24:45-05:00,1097.0576,1097.1236,1097.24,1097.02,2989,,1640723085000000000,1097.1588100033457,46
4039,2021-12-28 15:24:50-05:00,1097.2513,1097.32,1097.4499,1097.2202,2322,,1640723090000000000,1097.2739640826874,57
4040,2021-12-28 15:24:55-05:00,1097.02,1096.57,1097.02,1096.57,3622,,1640723095000000000,1096.848816427388,138
4041,2021-12-28 15:25:00-05:00,1096.82,1097.3229,1097.3229,1096.6573,7734,,1640723100000000000,1097.0932905611564,209
4042,2021-12-28 15:25:05-05:00,1097.36,1097.439,1097.439,1097,2280,,1640723105000000000,1097.1780741666666,77
4043,2021-12-28 15:25:10-05:00,1097.2099,1097.31,1097.31,1096.8972,3030,,1640723110000000000,1097.1193298349838,127
4044,2021-12-28 15:25:15-05:00,1097.36,1097.41,1097.71,1097.26,7552,,1640723115000000000,1097.4581123411006,210
4045,2021-12-28 15:25:20-05:00,1097.466,1097.5,1097.67,1097.2801,2574,,1640723120000000000,1097.471382439782,52
4046,2021-12-28 15:25:25-05:00,1097.56,1097.56,1097.56,1097.56,692,,1640723125000000000,1097.5514657514448,36
4047,2021-12-28 15:25:30-05:00,1097.5,1097.5,1097.65,1097.29,3518,,1640723130000000000,1097.5419879192727,84
4048,2021-12-28 15:25:35-05:00,1097.575,1097.57,1097.575,1097.57,560,,1640723135000000000,1097.5297387500002,47
4049,2021-12-28 15:25:40-05:00,1097.69,1097.2922,1097.69,1097.2922,1952,,1640723140000000000,1097.352246875,40
4050,2021-12-28 15:25:45-05:00,1097.61,1097.6292,1097.6292,1097.4818,1574,,1640723145000000000,1097.5564696315118,30
4051,2021-12-28 15:25:50-05:00,1097.29,1097.334,1097.334,1097.03,5715,,1640723150000000000,1097.2073382327212,159
4052,2021-12-28 15:25:55-05:00,1097.079,1097.2699,1097.29,1097.05,1216,,1640723155000000000,1097.1806277960527,30
4053,2021-12-28 15:26:00-05:00,1097.04,1096.64,1097.105,1096.64,8532,,1640723160000000000,1096.8799238865447,123
4054,2021-12-28 15:26:05-05:00,1096.52,1096.589,1096.73,1096.52,3119,,1640723165000000000,1096.6306877845464,82
4055,2021-12-28 15:26:10-05:00,1096.5006,1096.4899,1097,1096.4899,6687,,1640723170000000000,1096.6989656946314,158
4056,2021-12-28 15:26:15-05:00,1096.355,1097.34,1097.7,1096.305,11798,,1640723175000000000,1096.9461651805389,307
4057,2021-12-28 15:26:20-05:00,1097.3457,1097.37,1097.54,1097.2,2769,,1640723180000000000,1097.3958719754426,54
4058,2021-12-28 15:26:25-05:00,1097.19,1096.91,1097.19,1096.86,2397,,1640723185000000000,1097.0570409261575,91
4059,2021-12-28 15:26:30-05:00,1097.04,1096.9904,1097.16,1096.7801,4375,,1640723190000000000,1097.0145028114284,88
4060,2021-12-28 15:26:35-05:00,1097.0611,1096.7,1097.16,1096.7,4035,,1640723195000000000,1096.8319096654275,55
4061,2021-12-28 15:26:40-05:00,1096.7,1096.74,1096.98,1096.55,3452,,1640723200000000000,1096.709564745075,52
4062,2021-12-28 15:26:45-05:00,1096.815,1096.88,1096.88,1096.6,3119,,1640723205000000000,1096.7418658223787,65
4063,2021-12-28 15:26:50-05:00,1096.89,1097.255,1097.5,1096.8343,4808,,1640723210000000000,1097.0884719841924,89
4064,2021-12-28 15:26:55-05:00,1097.435,1097.4927,1097.5999,1097.4,3529,,1640723215000000000,1097.478864947577,114
4065,2021-12-28 15:27:00-05:00,1097.38,1096.3,1097.6,1096.3,12728,,1640723220000000000,1097.0939209223766,342
4066,2021-12-28 15:27:05-05:00,1097.5999,1097.525,1097.5999,1097.12,5051,,1640723225000000000,1097.3184999802024,129
4067,2021-12-28 15:27:10-05:00,1097.53,1097.5,1097.6,1097.5,3548,,1640723230000000000,1097.5107618376553,113
4068,2021-12-28 15:27:15-05:00,1097.55,1097,1097.55,1097,1889,,1640723235000000000,1097.365511911064,61
4069,2021-12-28 15:27:20-05:00,1097.1012,1096.8592,1097.14,1096.8592,2618,,1640723240000000000,1097.0287100840333,75
4070,2021-12-28 15:27:25-05:00,1096.89,1096.8661,1096.89,1096.72,3215,,1640723245000000000,1096.8430243545877,70
4071,2021-12-28 15:27:30-05:00,1096.855,1097.13,1097.15,1096.855,2046,,1640723250000000000,1097.0450260997068,57
4072,2021-12-28 15:27:35-05:00,1096.97,1096.97,1096.97,1096.97,1476,,1640723255000000000,1096.704663482385,42
4073,2021-12-28 15:27:40-05:00,1096.898,1096.97,1097.15,1096.8293,1436,,1640723260000000000,1096.9562431754875,26
4074,2021-12-28 15:27:45-05:00,1096.9958,1096.9958,1096.9958,1096.9958,266,,1640723265000000000,1097.0090507518796,34
4075,2021-12-28 15:27:50-05:00,1097.0068,1096.99,1097.15,1096.99,1403,,1640723270000000000,1097.0913358517464,65
4076,2021-12-28 15:27:55-05:00,1096.992,1097.15,1097.15,1096.992,1365,,1640723275000000000,1097.0628626373627,69
4077,2021-12-28 15:28:00-05:00,1097.2699,1096.8852,1097.2699,1096.8852,2420,,1640723280000000000,1097.0218898760327,56
4078,2021-12-28 15:28:05-05:00,1097.07,1096.7789,1097.07,1096.65,2898,,1640723285000000000,1096.841540476191,87
4079,2021-12-28 15:28:10-05:00,1096.6317,1096.125,1096.6317,1096,12468,,1640723290000000000,1096.2014174125752,310
4080,2021-12-28 15:28:15-05:00,1095.9358,1095.7903,1096.0595,1095.73,4198,,1640723295000000000,1095.8797637446403,147
4081,2021-12-28 15:28:20-05:00,1096.0099,1096.01,1096.13,1095.99,3026,,1640723300000000000,1096.003278222076,120
4082,2021-12-28 15:28:25-05:00,1095.8601,1095.91,1096.03,1095.8601,1078,,1640723305000000000,1095.9452682745823,34
4083,2021-12-28 15:28:30-05:00,1095.66,1095.9477,1095.9477,1095.66,919,,1640723310000000000,1095.761936343852,53
4084,2021-12-28 15:28:35-05:00,1095.44,1095.4139,1095.99,1095.4139,2423,,1640723315000000000,1095.6854614114725,65
4085,2021-12-28 15:28:40-05:00,1095.4,1095.01,1095.43,1094.92,5584,,1640723320000000000,1095.1312983166183,296
4086,2021-12-28 15:28:45-05:00,1095.01,1095.4199,1095.4199,1095.01,2601,,1640723325000000000,1095.1421328719725,101
4087,2021-12-28 15:28:50-05:00,1095.0101,1095.42,1095.43,1095.0101,4070,,1640723330000000000,1095.343186879607,135
4088,2021-12-28 15:28:55-05:00,1095.42,1095.2501,1095.54,1095.2501,2783,,1640723335000000000,1095.4244998562706,49
4089,2021-12-28 15:29:00-05:00,1095.5,1095.315,1095.6799,1095.315,2897,,1640723340000000000,1095.4848093545045,62
4090,2021-12-28 15:29:05-05:00,1095.495,1095.51,1095.6799,1095.3297,3677,,1640723345000000000,1095.5478893935276,77
4091,2021-12-28 15:29:10-05:00,1095.39,1095.46,1095.6478,1095.38,3190,,1640723350000000000,1095.4532050470218,60
4092,2021-12-28 15:29:15-05:00,1095.7,1095.52,1095.7,1095.4,2305,,1640723355000000000,1095.5652157049894,104
4093,2021-12-28 15:29:20-05:00,1095.4958,1095.23,1095.4958,1095.23,1346,,1640723360000000000,1095.383312630015,56
4094,2021-12-28 15:29:25-05:00,1095.21,1095.26,1095.3618,1095.13,2313,,1640723365000000000,1095.2182574578471,76
4095,2021-12-28 15:29:30-05:00,1095.2556,1095.14,1095.36,1095.14,1968,,1640723370000000000,1095.2546275914633,74
4096,2021-12-28 15:29:35-05:00,1095.1268,1095.225,1095.225,1095.1268,342,,1640723375000000000,1095.1757105263157,20
4097,2021-12-28 15:29:40-05:00,1095.1001,1095.01,1095.2975,1095.01,2827,,1640723380000000000,1095.0867966041742,86
4098,2021-12-28 15:29:45-05:00,1095,1094.6501,1095.0499,1094.6501,5931,,1640723385000000000,1094.856252621818,122
4099,2021-12-28 15:29:50-05:00,1094.8,1094.6901,1094.845,1094.6901,1402,,1640723390000000000,1094.789758987161,52
4100,2021-12-28 15:29:55-05:00,1094.98,1095.04,1095.1,1094.98,2036,,1640723395000000000,1095.0153928781922,81
4101,2021-12-28 15:30:00-05:00,1095.18,1096.09,1096.1,1095.074,10453,,1640723400000000000,1095.4577840619913,363
4102,2021-12-28 15:30:05-05:00,1096.03,1096.64,1096.64,1095.87,6109,,1640723405000000000,1096.1554938615157,168
4103,2021-12-28 15:30:10-05:00,1096.38,1096.57,1096.7599,1096.31,6548,,1640723410000000000,1096.5166204642635,171
4104,2021-12-28 15:30:15-05:00,1096.76,1096.75,1096.8,1096.533,2933,,1640723415000000000,1096.6364258438462,87
4105,2021-12-28 15:30:20-05:00,1096.28,1096.5,1096.56,1096.05,3167,,1640723420000000000,1096.310676034101,74
4106,2021-12-28 15:30:25-05:00,1096.1448,1096,1096.1448,1096,1171,,1640723425000000000,1096.1236470538,62
4107,2021-12-28 15:30:30-05:00,1096.075,1095.99,1096.125,1095.88,2688,,1640723430000000000,1095.9787971354165,89
4108,2021-12-28 15:30:35-05:00,1095.5045,1095.94,1095.94,1095.5,1361,,1640723435000000000,1095.8003510653928,46
4109,2021-12-28 15:30:40-05:00,1096,1096.2799,1096.2799,1095.9601,2607,,1640723440000000000,1096.0770386267734,61
4110,2021-12-28 15:30:45-05:00,1095.99,1096.0408,1096.0408,1095.89,1464,,1640723445000000000,1095.9762357240438,58
4111,2021-12-28 15:30:50-05:00,1096.225,1096.315,1096.389,1096.225,1266,,1640723450000000000,1096.2996302527645,49
4112,2021-12-28 15:30:55-05:00,1096.4599,1096.4557,1096.4599,1096.04,1932,,1640723455000000000,1096.206003726708,53
4113,2021-12-28 15:31:00-05:00,1096.46,1096.55,1096.55,1096.355,3139,,1640723460000000000,1096.458154029946,97
4114,2021-12-28 15:31:05-05:00,1096.5499,1096.53,1096.71,1096.42,4089,,1640723465000000000,1096.5458180973337,97
4115,2021-12-28 15:31:10-05:00,1096.18,1095.8301,1096.2403,1095.8301,2630,,1640723470000000000,1096.180063688213,75
4116,2021-12-28 15:31:15-05:00,1096.015,1095.83,1096.015,1095.83,1342,,1640723475000000000,1095.9017727272728,69
4117,2021-12-28 15:31:20-05:00,1096.22,1096.35,1096.35,1096.05,3040,,1640723480000000000,1096.179194868421,130
4118,2021-12-28 15:31:25-05:00,1096.4084,1096.4499,1096.4499,1096,1470,,1640723485000000000,1096.1334949659868,57
4119,2021-12-28 15:31:30-05:00,1095.935,1095.935,1095.935,1095.935,394,,1640723490000000000,1095.9334043147207,22
4120,2021-12-28 15:31:35-05:00,1096.212,1096,1096.212,1096,525,,1640723495000000000,1096.104708,33
4121,2021-12-28 15:31:40-05:00,1096.24,1096.2709,1096.4,1096.1404,2137,,1640723500000000000,1096.3047840898455,55
4122,2021-12-28 15:31:45-05:00,1096.228,1096.265,1096.41,1096.15,2571,,1640723505000000000,1096.2985408401403,74
4123,2021-12-28 15:31:50-05:00,1096.5,1096.515,1096.515,1096.5,2156,,1640723510000000000,1096.5103043135437,78
4124,2021-12-28 15:31:55-05:00,1096.52,1096.4195,1096.52,1096.4195,986,,1640723515000000000,1096.5082836713996,37
4125,2021-12-28 15:32:00-05:00,1096.65,1096.48,1096.65,1096.48,1189,,1640723520000000000,1096.534910513036,59
4126,2021-12-28 15:32:05-05:00,1096.23,1096.116,1096.23,1096.116,678,,1640723525000000000,1096.2623790560467,48
4127,2021-12-28 15:32:10-05:00,1096.4,1096.425,1096.425,1096.3001,1004,,1640723530000000000,1096.3778034860559,44
4128,2021-12-28 15:32:15-05:00,1096.365,1096.365,1096.365,1096.365,496,,1640723535000000000,1096.3583231854839,33
4129,2021-12-28 15:32:20-05:00,1096.65,1096.6999,1096.7,1096.4301,3921,,1640723540000000000,1096.544752537618,88
4130,2021-12-28 15:32:25-05:00,1096.7,1096.52,1097,1096.48,11875,,1640723545000000000,1096.9209619789474,218
4131,2021-12-28 15:32:30-05:00,1096.27,1096.1292,1096.27,1096,3910,,1640723550000000000,1096.087864680307,129
4132,2021-12-28 15:32:35-05:00,1095.69,1095.62,1095.98,1095.2,2279,,1640723555000000000,1095.5242756472137,116
4133,2021-12-28 15:32:40-05:00,1095.698,1095.515,1095.698,1095.515,2161,,1640723560000000000,1095.4787892642287,69
4134,2021-12-28 15:32:45-05:00,1095.15,1094.71,1095.15,1094.68,6554,,1640723565000000000,1094.8393999389687,187
4135,2021-12-28 15:32:50-05:00,1094.6825,1094.7455,1094.7699,1094.54,2359,,1640723570000000000,1094.6411270877486,84
4136,2021-12-28 15:32:55-05:00,1094.7368,1094.72,1094.7368,1094.72,768,,1640723575000000000,1094.7295751302088,44
4137,2021-12-28 15:33:00-05:00,1094.79,1094.3669,1094.79,1094.3669,1890,,1640723580000000000,1094.5474256613752,102
4138,2021-12-28 15:33:05-05:00,1094.02,1094.13,1094.13,1094.02,1916,,1640723585000000000,1094.1753699895617,111
4139,2021-12-28 15:33:10-05:00,1094.0101,1094.0101,1094.205,1094.0101,856,,1640723590000000000,1094.1181455607473,48
4140,2021-12-28 15:33:15-05:00,1094.01,1093.05,1094.01,1093.01,10735,,1640723595000000000,1093.4518785933863,461
4141,2021-12-28 15:33:20-05:00,1093.03,1092.64,1093.1999,1092.64,6147,,1640723600000000000,1092.8749107369451,276
4142,2021-12-28 15:33:25-05:00,1092.23,1092.07,1092.64,1091.66,12279,,1640723605000000000,1092.0906174525621,409
4143,2021-12-28 15:33:30-05:00,1092.04,1092.0548,1092.32,1091.81,5970,,1640723610000000000,1092.0399067671692,146
4144,2021-12-28 15:33:35-05:00,1092.152,1092.2257,1092.4706,1092.152,5786,,1640723615000000000,1092.3607783615637,163
4145,2021-12-28 15:33:40-05:00,1092.4599,1092.4608,1092.66,1092.1368,5332,,1640723620000000000,1092.4277836271572,121
4146,2021-12-28 15:33:45-05:00,1092.3286,1092.4166,1092.51,1092.3286,1471,,1640723625000000000,1092.4901400407884,43
4147,2021-12-28 15:33:50-05:00,1092.5001,1092.7,1092.7,1092.5,1567,,1640723630000000000,1092.6177188895979,56
4148,2021-12-28 15:33:55-05:00,1092.55,1092.6301,1092.89,1092.55,2702,,1640723635000000000,1092.7479894522576,69
4149,2021-12-28 15:34:00-05:00,1093,1092.78,1093.13,1092.78,4734,,1640723640000000000,1092.9414113012253,110
4150,2021-12-28 15:34:05-05:00,1092.63,1092.8,1092.8599,1092.6101,1258,,1640723645000000000,1092.7564329888712,42
4151,2021-12-28 15:34:10-05:00,1092.65,1092.95,1093.1099,1092.65,3252,,1640723650000000000,1092.9402249077493,86
4152,2021-12-28 15:34:15-05:00,1093.11,1092.8782,1093.11,1092.87,1962,,1640723655000000000,1093.0025693170235,33
4153,2021-12-28 15:34:20-05:00,1093.11,1093.162,1093.3,1092.985,2049,,1640723660000000000,1093.1222195217183,74
4154,2021-12-28 15:34:25-05:00,1093.0001,1093.27,1093.27,1093.0001,467,,1640723665000000000,1093.1807164882223,32
4155,2021-12-28 15:34:30-05:00,1093.27,1093.3373,1093.3373,1093.0313,5300,,1640723670000000000,1093.1802577924527,54
4156,2021-12-28 15:34:45-05:00,1093.3164,1093.2957,1093.44,1093.21,3207,,1640723685000000000,1093.348205768631,80
4157,2021-12-28 15:34:50-05:00,1093.44,1093.72,1094.04,1093.26,6497,,1640723690000000000,1093.7082587655837,322
4158,2021-12-28 15:34:55-05:00,1093.62,1093.6,1093.8,1093.5801,1753,,1640723695000000000,1093.6749071306333,104
4159,2021-12-28 15:35:00-05:00,1093.4801,1093.735,1093.8,1093.4801,1289,,1640723700000000000,1093.6686386345998,42
4160,2021-12-28 15:35:05-05:00,1093.75,1094.14,1094.14,1093.75,1454,,1640723705000000000,1093.9353546079776,99
4161,2021-12-28 15:35:10-05:00,1094.0716,1094.3,1094.3,1093.96,4256,,1640723710000000000,1094.1145294407902,100
4162,2021-12-28 15:35:15-05:00,1094.3,1094.194,1094.3,1094.0501,3869,,1640723715000000000,1094.1889197467049,79
4163,2021-12-28 15:35:20-05:00,1094.29,1094.01,1094.29,1093.9,2340,,1640723720000000000,1094.0305314529915,109
4164,2021-12-28 15:35:25-05:00,1094,1093.745,1094.1899,1093.745,2155,,1640723725000000000,1093.9038675638044,82
4165,2021-12-28 15:35:30-05:00,1093.525,1093.7125,1093.785,1093.525,890,,1640723730000000000,1093.6728570786518,50
4166,2021-12-28 15:35:35-05:00,1093.75,1093.65,1093.75,1093.65,670,,1640723735000000000,1093.7045885074629,36
4167,2021-12-28 15:35:40-05:00,1093.5,1093.1897,1093.5,1093.0101,3541,,1640723740000000000,1093.249144111833,97
4168,2021-12-28 15:35:45-05:00,1093.1745,1092.85,1093.2459,1092.57,5396,,1640723745000000000,1092.8749278910302,160
4169,2021-12-28 15:35:50-05:00,1093.23,1093.0155,1093.23,1093.0155,1186,,1640723750000000000,1093.1198817875213,52
4170,2021-12-28 15:35:55-05:00,1093.0424,1093.173,1093.34,1092.9251,1625,,1640723755000000000,1093.0859187076928,45
4171,2021-12-28 15:36:00-05:00,1093.35,1093.29,1093.405,1093.29,1784,,1640723760000000000,1093.3407691704033,67
4172,2021-12-28 15:36:05-05:00,1093.48,1092.9451,1093.48,1092.9451,1170,,1640723765000000000,1093.2132341025647,38
4173,2021-12-28 15:36:10-05:00,1092.91,1092.91,1092.91,1092.91,1127,,1640723770000000000,1092.932915439219,35
4174,2021-12-28 15:36:15-05:00,1093.16,1093.0071,1093.2764,1093.0071,720,,1640723775000000000,1093.1491693055557,39
4175,2021-12-28 15:36:20-05:00,1093.04,1093.16,1093.1735,1093.04,1340,,1640723780000000000,1093.1696952985073,44
4176,2021-12-28 15:36:25-05:00,1093.23,1093.0778,1093.32,1093.0778,1501,,1640723785000000000,1093.2441474350433,71
4177,2021-12-28 15:36:30-05:00,1093.2865,1092.9,1093.2865,1092.9,1418,,1640723790000000000,1092.995619534556,76
4178,2021-12-28 15:36:35-05:00,1093,1093,1093,1093,551,,1640723795000000000,1093.0287119782215,38
4179,2021-12-28 15:36:40-05:00,1093.1092,1093.1099,1093.1099,1092.82,1011,,1640723800000000000,1093.0174078140456,44
4180,2021-12-28 15:36:45-05:00,1093.22,1093.38,1093.38,1093.22,3307,,1640723805000000000,1093.3363325068035,100
4181,2021-12-28 15:36:50-05:00,1093.66,1093.575,1093.73,1093.575,1522,,1640723810000000000,1093.7134758869909,47
4182,2021-12-28 15:36:55-05:00,1093.88,1093.9998,1094,1093.88,1733,,1640723815000000000,1093.9403754760535,80
4183,2021-12-28 15:37:00-05:00,1093.8671,1093.9001,1094.35,1093.8671,3294,,1640723820000000000,1094.053534517304,100
4184,2021-12-28 15:37:05-05:00,1094.031,1094.1777,1094.38,1094.031,2787,,1640723825000000000,1094.1865091855038,65
4185,2021-12-28 15:37:10-05:00,1094.23,1094.23,1094.3699,1093.96,1903,,1640723830000000000,1094.2179106673675,41
4186,2021-12-28 15:37:15-05:00,1093.86,1094.345,1094.5,1093.86,4655,,1640723835000000000,1094.4409970784097,99
4187,2021-12-28 15:37:20-05:00,1094.47,1094.57,1094.57,1094.47,2024,,1640723840000000000,1094.49676951581,69
4188,2021-12-28 15:37:25-05:00,1094.6,1094.34,1094.65,1094.34,1927,,1640723845000000000,1094.48471743643,76
4189,2021-12-28 15:37:30-05:00,1094.4,1094.11,1094.4999,1094.11,1892,,1640723850000000000,1094.284210993658,59
4190,2021-12-28 15:37:35-05:00,1094.5,1094.5,1094.5,1094.5,1591,,1640723855000000000,1094.4903605279696,97
4191,2021-12-28 15:37:40-05:00,1094.6499,1094.6499,1094.6499,1094.47,1497,,1640723860000000000,1094.519953239813,47
4192,2021-12-28 15:37:45-05:00,1094.5499,1094.5019,1094.5499,1094.42,2010,,1640723865000000000,1094.3952539800996,67
4193,2021-12-28 15:37:50-05:00,1094.3641,1094.2652,1094.53,1094.2652,3361,,1640723870000000000,1094.4152556084498,86
4194,2021-12-28 15:38:00-05:00,1094.3999,1094.26,1094.42,1094.26,1867,,1640723880000000000,1094.3681881628283,61
4195,2021-12-28 15:38:05-05:00,1094.32,1094.255,1094.41,1094.0901,3525,,1640723885000000000,1094.297872113475,33
4196,2021-12-28 15:38:10-05:00,1094.2706,1094.04,1094.2856,1094.04,3627,,1640723890000000000,1094.1399278467052,73
4197,2021-12-28 15:38:15-05:00,1094.36,1094.48,1094.48,1094.23,1740,,1640723895000000000,1094.340522011494,52
4198,2021-12-28 15:38:20-05:00,1094.49,1094.6,1094.63,1094.39,3575,,1640723900000000000,1094.4936957202801,66
4199,2021-12-28 15:38:25-05:00,1094.21,1094.2101,1094.2101,1094.21,1199,,1640723905000000000,1094.2576660550458,28
4200,2021-12-28 15:38:30-05:00,1094.35,1094,1094.35,1094,4645,,1640723910000000000,1094.0750692357374,91
4201,2021-12-28 15:38:35-05:00,1093.72,1093.828,1093.9,1093.72,846,,1640723915000000000,1093.8630281323876,24
4202,2021-12-28 15:38:40-05:00,1093.9435,1094.1,1094.1,1093.9435,2702,,1640723920000000000,1094.011866025166,54
4203,2021-12-28 15:38:45-05:00,1094.08,1094.2,1094.21,1094.02,1460,,1640723925000000000,1094.1062345890412,52
4204,2021-12-28 15:38:50-05:00,1094.055,1094.17,1094.4,1094.055,2325,,1640723930000000000,1094.2632936774191,83
4205,2021-12-28 15:38:55-05:00,1094.3999,1094.1162,1094.4,1094.1162,1436,,1640723935000000000,1094.3252508356545,43
4206,2021-12-28 15:39:00-05:00,1094.4,1094.8739,1094.8739,1094.4,4660,,1640723940000000000,1094.534215708154,161
4207,2021-12-28 15:39:05-05:00,1094.8799,1094.6,1094.8799,1094.6,1924,,1640723945000000000,1094.6553699064448,101
4208,2021-12-28 15:39:10-05:00,1094.695,1094.695,1094.695,1094.695,725,,1640723950000000000,1094.7040354482758,27
4209,2021-12-28 15:39:15-05:00,1094.6983,1094.645,1094.9,1094.6,2249,,1640723955000000000,1094.6984348154738,62
4210,2021-12-28 15:39:20-05:00,1094.6402,1094.709,1094.709,1094.6402,1203,,1640723960000000000,1094.6773305901913,54
4211,2021-12-28 15:39:25-05:00,1094.71,1094.7178,1094.7424,1094.71,1242,,1640723965000000000,1094.7311493558777,62
4212,2021-12-28 15:39:30-05:00,1094.7531,1094.72,1094.79,1094.51,3691,,1640723970000000000,1094.6672494175025,105
4213,2021-12-28 15:39:35-05:00,1094.7,1094.71,1094.71,1094.45,2286,,1640723975000000000,1094.5884676727912,56
4214,2021-12-28 15:39:40-05:00,1094.62,1094.44,1094.62,1094.44,406,,1640723980000000000,1094.5710578817739,22
4215,2021-12-28 15:39:45-05:00,1094.43,1093.92,1094.43,1093.805,4832,,1640723985000000000,1094.0708340024833,154
4216,2021-12-28 15:39:50-05:00,1093.663,1093.94,1093.96,1093.6401,2749,,1640723990000000000,1093.8423991997088,87
4217,2021-12-28 15:39:55-05:00,1093.805,1093.63,1093.875,1093.63,1425,,1640723995000000000,1093.7475367017546,61
4218,2021-12-28 15:40:00-05:00,1093.54,1093.73,1093.73,1093.53,1980,,1640724000000000000,1093.618851818182,56
4219,2021-12-28 15:40:05-05:00,1093.6,1093.58,1093.6,1093.5,2938,,1640724005000000000,1093.5851688904017,98
4220,2021-12-28 15:40:10-05:00,1093.4345,1093.16,1093.455,1093.01,4281,,1640724010000000000,1093.322667063771,115
4221,2021-12-28 15:40:15-05:00,1093.12,1093.4,1093.4,1092.5,8961,,1640724015000000000,1092.8367105345376,295
4222,2021-12-28 15:40:20-05:00,1093.1902,1093.0301,1093.21,1093.0301,804,,1640724020000000000,1093.20999079602,31
4223,2021-12-28 15:40:25-05:00,1093.13,1093.58,1093.58,1093.13,908,,1640724025000000000,1093.4297459251106,52
4224,2021-12-28 15:40:30-05:00,1093.21,1093.57,1093.58,1093.21,3031,,1640724030000000000,1093.4751474760806,120
4225,2021-12-28 15:40:35-05:00,1093.47,1093.47,1093.47,1093.47,672,,1640724035000000000,1093.4104068452377,46
4226,2021-12-28 15:40:40-05:00,1093.58,1093.73,1093.73,1093.58,2558,,1640724040000000000,1093.5897568021892,83
4227,2021-12-28 15:40:45-05:00,1093.58,1093.6787,1093.8,1093.58,2587,,1640724045000000000,1093.715008890606,71
4228,2021-12-28 15:40:50-05:00,1093.77,1093.66,1093.77,1093.66,986,,1640724050000000000,1093.6929716024342,29
4229,2021-12-28 15:40:55-05:00,1093.6753,1093.94,1093.94,1093.57,2638,,1640724055000000000,1093.7663898786968,67
4230,2021-12-28 15:41:00-05:00,1093.8784,1093.9482,1093.9999,1093.86,2192,,1640724060000000000,1093.9492852189776,65
4231,2021-12-28 15:41:05-05:00,1093.72,1093.72,1093.72,1093.72,944,,1640724065000000000,1093.7868855932206,55
4232,2021-12-28 15:41:10-05:00,1094.07,1094.07,1094.07,1094.07,831,,1640724070000000000,1093.9874931407942,36
4233,2021-12-28 15:41:15-05:00,1093.86,1093.73,1093.86,1093.73,1124,,1640724075000000000,1093.8582049822064,57
4234,2021-12-28 15:41:20-05:00,1093.87,1093.87,1093.87,1093.87,345,,1640724080000000000,1093.8640597101448,40
4235,2021-12-28 15:41:25-05:00,1093.96,1093.99,1094.15,1093.9,2360,,1640724085000000000,1093.9816195762714,61
4236,2021-12-28 15:41:30-05:00,1093.8201,1093.82,1093.8201,1093.82,1061,,1640724090000000000,1093.9376403393026,52
4237,2021-12-28 15:41:35-05:00,1093.72,1093.4,1093.72,1093.4,3496,,1640724095000000000,1093.5258034038902,83
4238,2021-12-28 15:41:40-05:00,1093.7099,1093.71,1093.71,1093.7099,1818,,1640724100000000000,1093.6293246974697,67
4239,2021-12-28 15:41:45-05:00,1093.8,1093.78,1093.8,1093.78,859,,1640724105000000000,1093.717630500582,40
4240,2021-12-28 15:41:50-05:00,1093.5601,1093.5601,1093.5601,1093.5601,664,,1640724110000000000,1093.5925365963856,25
4241,2021-12-28 15:41:55-05:00,1093.56,1093.5,1093.56,1093.41,1821,,1640724115000000000,1093.5204127951677,55
4242,2021-12-28 15:42:00-05:00,1093.5919,1093.79,1093.79,1093.5,4803,,1640724120000000000,1093.6499075785964,98
4243,2021-12-28 15:42:05-05:00,1093.5412,1093.5201,1093.79,1093.5201,2374,,1640724125000000000,1093.666562342039,56
4244,2021-12-28 15:42:10-05:00,1093.5458,1093.3696,1093.55,1093.3696,2724,,1640724130000000000,1093.469923604993,103
4245,2021-12-28 15:42:15-05:00,1093.415,1093.415,1093.415,1093.415,321,,1640724135000000000,1093.4390591900315,28
4246,2021-12-28 15:42:20-05:00,1093.56,1094.0073,1094.15,1093.56,8423,,1640724140000000000,1093.7937354980409,138
4247,2021-12-28 15:42:25-05:00,1094.12,1094.4003,1094.4003,1094.11,2323,,1640724145000000000,1094.190990055962,62
4248,2021-12-28 15:42:30-05:00,1094.2743,1094.7,1094.78,1094.2743,5533,,1640724150000000000,1094.5913875474425,112
4249,2021-12-28 15:42:35-05:00,1094.73,1095,1095,1094.69,12003,,1640724155000000000,1094.9502708072976,242
4250,2021-12-28 15:42:40-05:00,1094.8919,1095.1371,1095.3,1094.6401,6707,,1640724160000000000,1095.0194326971828,164
4251,2021-12-28 15:42:45-05:00,1095.31,1095.245,1095.31,1095.08,2107,,1640724165000000000,1095.2061207878496,83
4252,2021-12-28 15:42:50-05:00,1095.13,1095.45,1095.45,1094.99,9475,,1640724170000000000,1095.2128510184696,180
4253,2021-12-28 15:42:55-05:00,1095.2401,1095.75,1095.76,1095.2401,5107,,1640724175000000000,1095.5432225376935,156
4254,2021-12-28 15:43:00-05:00,1095.5001,1095.4391,1095.72,1095.35,4972,,1640724180000000000,1095.5294556114238,120
4255,2021-12-28 15:43:05-05:00,1095.31,1094.895,1095.56,1094.68,3972,,1640724185000000000,1095.1653815458208,128
4256,2021-12-28 15:43:10-05:00,1094.71,1094.54,1094.71,1094.54,4431,,1640724190000000000,1094.614836131799,141
4257,2021-12-28 15:43:15-05:00,1094.3851,1094.605,1094.605,1094.38,1706,,1640724195000000000,1094.5301319460725,50
4258,2021-12-28 15:43:20-05:00,1094.6397,1094.795,1094.96,1094.6397,1660,,1640724200000000000,1094.711581566265,36
4259,2021-12-28 15:43:25-05:00,1094.97,1094.9144,1095,1094.9144,1992,,1640724205000000000,1094.876317369478,94
4260,2021-12-28 15:43:30-05:00,1094.82,1094.9899,1095.12,1094.82,3307,,1640724210000000000,1094.900689597823,59
4261,2021-12-28 15:43:35-05:00,1094.89,1095.46,1095.46,1094.89,1650,,1640724215000000000,1095.2314740000002,66
4262,2021-12-28 15:43:40-05:00,1095.5776,1095.48,1095.5776,1095.44,2322,,1640724220000000000,1095.4739358742463,71
4263,2021-12-28 15:43:45-05:00,1095.2801,1095.4751,1095.4751,1095.2801,1629,,1640724225000000000,1095.3742457335788,61
4264,2021-12-28 15:43:50-05:00,1095.35,1095.15,1095.35,1095.15,832,,1640724230000000000,1095.2113842548076,37
4265,2021-12-28 15:43:55-05:00,1095.46,1095.43,1095.61,1095.1501,2790,,1640724235000000000,1095.4209980645162,88
4266,2021-12-28 15:44:00-05:00,1095.15,1094.5401,1095.15,1094.5,2808,,1640724240000000000,1094.8719794515669,112
4267,2021-12-28 15:44:05-05:00,1094.59,1094.665,1094.9699,1094.59,771,,1640724245000000000,1094.778615693904,35
4268,2021-12-28 15:44:10-05:00,1094.5,1094.385,1094.615,1094.1701,2660,,1640724250000000000,1094.4130702255638,92
4269,2021-12-28 15:44:15-05:00,1094.32,1094.25,1094.3952,1094.0001,4525,,1640724255000000000,1094.2189540773475,89
4270,2021-12-28 15:44:20-05:00,1094.4881,1094.5,1094.5,1094.4881,1523,,1640724260000000000,1094.448892120814,48
4271,2021-12-28 15:44:25-05:00,1094.31,1094.142,1094.31,1094.142,922,,1640724265000000000,1094.24240824295,45
4272,2021-12-28 15:44:30-05:00,1094.4608,1094.32,1094.4608,1094.1401,774,,1640724270000000000,1094.3440127906974,44
4273,2021-12-28 15:44:35-05:00,1094.1401,1094.1401,1094.1401,1094.1401,642,,1640724275000000000,1094.2393297507788,25
4274,2021-12-28 15:44:40-05:00,1094.14,1094.1529,1094.1529,1094.14,1941,,1640724280000000000,1094.131331890778,79
4275,2021-12-28 15:44:45-05:00,1094,1093.7673,1094.1099,1093.5,4262,,1640724285000000000,1093.7880520412948,212
4276,2021-12-28 15:44:50-05:00,1093.77,1093.553,1093.92,1093.553,3688,,1640724290000000000,1093.8330856561818,94
4277,2021-12-28 15:44:55-05:00,1093.59,1093.3659,1093.66,1093.3659,2899,,1640724295000000000,1093.4941589513621,107
4278,2021-12-28 15:45:00-05:00,1093.22,1093.9199,1093.9199,1093.22,2251,,1640724300000000000,1093.5272008440697,120
4279,2021-12-28 15:45:05-05:00,1093.705,1093.62,1093.705,1093.62,1684,,1640724305000000000,1093.6768713182892,73
4280,2021-12-28 15:45:10-05:00,1093.5,1093.63,1093.63,1093.46,1632,,1640724310000000000,1093.56785680147,86
4281,2021-12-28 15:45:15-05:00,1093.63,1093.86,1093.86,1093.63,623,,1640724315000000000,1093.7524863563406,34
4282,2021-12-28 15:45:20-05:00,1093.64,1093.48,1093.8,1093.48,2624,,1640724320000000000,1093.6737726753051,118
4283,2021-12-28 15:45:25-05:00,1093.3192,1093.4571,1093.4571,1093.3192,1381,,1640724325000000000,1093.4338120926864,41
4284,2021-12-28 15:45:30-05:00,1093.515,1093.6,1093.79,1093.515,4534,,1640724330000000000,1093.6127921923237,146
4285,2021-12-28 15:45:35-05:00,1093.79,1093.64,1093.79,1093.6175,3170,,1640724335000000000,1093.7572882018924,60
4286,2021-12-28 15:45:40-05:00,1093.77,1094.1,1094.1,1093.77,2661,,1640724340000000000,1093.8553050732814,114
4287,2021-12-28 15:45:45-05:00,1093.66,1093.7525,1093.7525,1093.66,1450,,1640724345000000000,1093.7455600000003,57
4288,2021-12-28 15:45:50-05:00,1093.63,1093.67,1093.876,1093.59,4680,,1640724350000000000,1093.7370229273502,115
4289,2021-12-28 15:45:55-05:00,1093.845,1093.77,1093.845,1093.77,1271,,1640724355000000000,1093.813944138473,51
4290,2021-12-28 15:46:00-05:00,1093.73,1093.6,1093.73,1093.4,3028,,1640724360000000000,1093.6179436922057,104
4291,2021-12-28 15:46:05-05:00,1093.3001,1093.58,1093.58,1093.3001,1405,,1640724365000000000,1093.7175396441282,71
4292,2021-12-28 15:46:10-05:00,1093.96,1093.99,1093.99,1093.6,2459,,1640724370000000000,1093.8945300122,86
4293,2021-12-28 15:46:20-05:00,1093.9899,1093.805,1093.9899,1093.805,1008,,1640724380000000000,1093.8278767857144,25
4294,2021-12-28 15:46:25-05:00,1093.99,1094.0201,1094.1,1093.725,1769,,1640724385000000000,1093.9801088185416,90
4295,2021-12-28 15:46:30-05:00,1094.02,1094.215,1094.25,1094.02,1898,,1640724390000000000,1094.204668914647,69
4296,2021-12-28 15:46:35-05:00,1094.3899,1094.3358,1094.3899,1094.3358,1508,,1640724395000000000,1094.3394683023873,34
4297,2021-12-28 15:46:40-05:00,1094.342,1094.005,1094.342,1094.005,708,,1640724400000000000,1094.2272199152546,37
4298,2021-12-28 15:46:45-05:00,1094.2258,1094.26,1094.4699,1094.19,1710,,1640724405000000000,1094.3240072514616,58
4299,2021-12-28 15:46:50-05:00,1094.39,1094.97,1094.97,1094.39,8371,,1640724410000000000,1094.631890909091,209
4300,2021-12-28 15:46:55-05:00,1094.855,1094.92,1094.9399,1094.54,1684,,1640724415000000000,1094.7275775534442,46
4301,2021-12-28 15:47:00-05:00,1094.7458,1094.74,1094.94,1094.58,8378,,1640724420000000000,1094.7567194676537,185
4302,2021-12-28 15:47:05-05:00,1094.54,1094.71,1094.71,1094.54,887,,1640724425000000000,1094.5639738444197,51
4303,2021-12-28 15:47:10-05:00,1094.6362,1094.6362,1094.6362,1094.6362,531,,1640724430000000000,1094.6335674199622,26
4304,2021-12-28 15:47:15-05:00,1094.43,1094.39,1094.43,1094.39,1610,,1640724435000000000,1094.3997903726706,61
4305,2021-12-28 15:47:20-05:00,1094.335,1094.2501,1094.3728,1094.2501,963,,1640724440000000000,1094.3315552440288,28
4306,2021-12-28 15:47:25-05:00,1094.19,1093.92,1094.19,1093.92,4336,,1640724445000000000,1094.0786934963103,83
4307,2021-12-28 15:47:30-05:00,1093.98,1093.75,1094,1093.6,3211,,1640724450000000000,1093.8411047025845,150
4308,2021-12-28 15:47:35-05:00,1093.9999,1093.9455,1093.9999,1093.9455,933,,1640724455000000000,1093.8404888531618,42
4309,2021-12-28 15:47:40-05:00,1093.5801,1093.7812,1093.7812,1093.5801,1182,,1640724460000000000,1093.6353448392556,25
4310,2021-12-28 15:47:50-05:00,1093.765,1093.96,1093.96,1093.765,2116,,1640724470000000000,1093.8473172967863,78
4311,2021-12-28 15:47:55-05:00,1093.6349,1093.6349,1093.6349,1093.6349,679,,1640724475000000000,1093.6951178203242,34
4312,2021-12-28 15:48:00-05:00,1093.91,1093.61,1093.91,1093.61,966,,1640724480000000000,1093.6896798136645,48
4313,2021-12-28 15:48:05-05:00,1093.58,1093.2586,1093.58,1093.15,3995,,1640724485000000000,1093.307499048811,153
4314,2021-12-28 15:48:10-05:00,1093.0535,1092.7589,1093.0535,1092.5,7569,,1640724490000000000,1092.912655568768,298
4315,2021-12-28 15:48:15-05:00,1092.8701,1093.03,1093.03,1092.8701,1312,,1640724495000000000,1093.0053528201215,60
4316,2021-12-28 15:48:20-05:00,1092.88,1092.94,1092.94,1092.72,1516,,1640724500000000000,1092.8094312664907,71
4317,2021-12-28 15:48:25-05:00,1092.5635,1092.5635,1092.5635,1092.5635,846,,1640724505000000000,1092.6553973995271,49
4318,2021-12-28 15:48:30-05:00,1092.69,1092.25,1092.69,1092.05,5717,,1640724510000000000,1092.3641583697747,223
4319,2021-12-28 15:48:35-05:00,1092.3317,1092,1092.6599,1092,4703,,1640724515000000000,1092.2658493727397,104
4320,2021-12-28 15:48:40-05:00,1092.5299,1092.03,1092.5299,1092.03,3262,,1640724520000000000,1092.2388694052725,160
4321,2021-12-28 15:48:45-05:00,1092.02,1092.08,1092.44,1092.02,2279,,1640724525000000000,1092.2168036419482,62
4322,2021-12-28 15:48:50-05:00,1092.205,1092.41,1092.41,1092.02,2460,,1640724530000000000,1092.3261346747972,74
4323,2021-12-28 15:48:55-05:00,1092.41,1092.47,1092.47,1092.3964,2406,,1640724535000000000,1092.393141438071,102
4324,2021-12-28 15:49:00-05:00,1092.57,1092.3402,1092.65,1092.3402,1615,,1640724540000000000,1092.5265529411763,74
4325,2021-12-28 15:49:05-05:00,1092.68,1092.68,1092.68,1092.68,1326,,1640724545000000000,1092.6599545248869,56
4326,2021-12-28 15:49:10-05:00,1092.48,1092.02,1092.4922,1092.02,4446,,1640724550000000000,1092.328424898786,123
4327,2021-12-28 15:49:15-05:00,1092.315,1092.3299,1092.3299,1092.315,779,,1640724555000000000,1092.248324390244,32
4328,2021-12-28 15:49:20-05:00,1092.31,1092.4299,1092.4652,1092.26,1109,,1640724560000000000,1092.3510028854823,55
4329,2021-12-28 15:49:25-05:00,1092.2315,1092.2315,1092.2315,1092.2315,1315,,1640724565000000000,1092.2065798479089,77
4330,2021-12-28 15:49:30-05:00,1092.2361,1092.2361,1092.2361,1092.2361,470,,1640724570000000000,1092.2159580851066,54
4331,2021-12-28 15:49:35-05:00,1092.38,1092.38,1092.38,1092.38,1706,,1640724575000000000,1092.3334368698715,121
4332,2021-12-28 15:49:40-05:00,1092.17,1092.49,1092.49,1092.17,2391,,1640724580000000000,1092.4706960685903,116
4333,2021-12-28 15:49:45-05:00,1092.58,1092.58,1092.58,1092.58,1914,,1640724585000000000,1092.518393834901,101
4334,2021-12-28 15:49:50-05:00,1092.57,1092.31,1092.72,1092.31,6183,,1640724590000000000,1092.5632886301144,143
4335,2021-12-28 15:49:55-05:00,1092.25,1092.46,1092.46,1092.25,1220,,1640724595000000000,1092.2860031147536,80
4336,2021-12-28 15:50:00-05:00,1092.1,1090.71,1092.1,1090.3,19338,,1640724600000000000,1091.1965276605654,710
4337,2021-12-28 15:50:05-05:00,1091.42,1091.45,1092.13,1091.16,5792,,1640724605000000000,1091.4563012776246,221
4338,2021-12-28 15:50:10-05:00,1091.3,1090.97,1091.3134,1090.44,2971,,1640724610000000000,1090.8841558397842,127
4339,2021-12-28 15:50:15-05:00,1090.7701,1090.73,1090.7701,1090.2701,3974,,1640724615000000000,1090.6183520634117,143
4340,2021-12-28 15:50:20-05:00,1090.32,1090.7,1090.7,1090.24,3672,,1640724620000000000,1090.3400183551203,136
4341,2021-12-28 15:50:25-05:00,1090.25,1089.8703,1090.25,1089.62,15035,,1640724625000000000,1089.9088860924498,607
4342,2021-12-28 15:50:30-05:00,1089.84,1089.5393,1089.9799,1089.12,5054,,1640724630000000000,1089.52943943411,217
4343,2021-12-28 15:50:35-05:00,1089.18,1089.5,1089.73,1088.88,16490,,1640724635000000000,1089.3104986719222,507
4344,2021-12-28 15:50:40-05:00,1088.9901,1089.545,1089.73,1088.9901,11922,,1640724640000000000,1089.6490851786612,273
4345,2021-12-28 15:50:45-05:00,1089.375,1089.35,1089.495,1088.99,6185,,1640724645000000000,1089.313355489087,161
4346,2021-12-28 15:50:50-05:00,1089.26,1089.29,1089.44,1089.01,2232,,1640724650000000000,1089.2220319444439,94
4347,2021-12-28 15:50:55-05:00,1089.2912,1089.05,1089.463,1088.85,11420,,1640724655000000000,1089.074060183887,172
4348,2021-12-28 15:51:00-05:00,1088.5,1089.28,1089.28,1088.5,3208,,1640724660000000000,1088.893883977556,119
4349,2021-12-28 15:51:05-05:00,1089.4699,1089.09,1089.4699,1089.0411,2619,,1640724665000000000,1089.1675316914852,45
4350,2021-12-28 15:51:10-05:00,1089.22,1089.13,1089.22,1089.01,1743,,1640724670000000000,1089.1319515203672,81
4351,2021-12-28 15:51:15-05:00,1089.29,1089.06,1089.4399,1089.06,1293,,1640724675000000000,1089.184677262181,54
4352,2021-12-28 15:51:20-05:00,1089.0601,1088.7843,1089.0601,1088.7843,2728,,1640724680000000000,1088.9675031158358,83
4353,2021-12-28 15:51:25-05:00,1088.7909,1088.51,1088.8799,1088.39,8408,,1640724685000000000,1088.6331650451953,168
4354,2021-12-28 15:51:30-05:00,1088.39,1088.44,1088.47,1088.2373,3175,,1640724690000000000,1088.383485228347,91
4355,2021-12-28 15:51:35-05:00,1088.4501,1088.12,1088.48,1087.66,11164,,1640724695000000000,1088.0552607667473,412
4356,2021-12-28 15:51:40-05:00,1087.99,1088.03,1088.27,1087.71,10181,,1640724700000000000,1088.0173565366858,184
4357,2021-12-28 15:51:45-05:00,1088.2799,1087.9446,1088.2799,1087.5776,2084,,1640724705000000000,1087.9053613723606,96
4358,2021-12-28 15:51:50-05:00,1087.7401,1087.64,1088.1099,1087.3548,12747,,1640724710000000000,1087.8217793755398,208
4359,2021-12-28 15:51:55-05:00,1087.2801,1087.17,1087.6899,1087.17,3872,,1640724715000000000,1087.3479709194216,139
4360,2021-12-28 15:52:00-05:00,1087.17,1087.58,1087.68,1087,10831,,1640724720000000000,1087.3250200535497,289
4361,2021-12-28 15:52:05-05:00,1087.6032,1087.11,1087.66,1087.11,5884,,1640724725000000000,1087.443623385452,173
4362,2021-12-28 15:52:10-05:00,1087.4,1086.4201,1087.4,1086.4201,5530,,1640724730000000000,1086.7858202490054,188
4363,2021-12-28 15:52:15-05:00,1086.755,1087.805,1087.805,1086.755,12110,,1640724735000000000,1087.3421728406274,328
4364,2021-12-28 15:52:20-05:00,1087.95,1087.5301,1087.9995,1087.5301,5602,,1640724740000000000,1087.6771761335235,137
4365,2021-12-28 15:52:25-05:00,1087.94,1087.1,1087.9621,1087.1,6180,,1640724745000000000,1087.6312513754049,129
4366,2021-12-28 15:52:30-05:00,1087.84,1087.5,1087.84,1087.2801,1970,,1640724750000000000,1087.5540765482237,71
4367,2021-12-28 15:52:35-05:00,1087.61,1087.2201,1087.86,1087.2201,2374,,1640724755000000000,1087.6531136057283,75
4368,2021-12-28 15:52:40-05:00,1087.52,1087.3909,1087.82,1087.3909,1501,,1640724760000000000,1087.594778947369,62
4369,2021-12-28 15:52:45-05:00,1087.7699,1087.5,1087.7699,1087.3401,1956,,1640724765000000000,1087.6165173824131,86
4370,2021-12-28 15:52:50-05:00,1087.79,1087.83,1087.83,1087.5,4482,,1640724770000000000,1087.6913858322177,163
4371,2021-12-28 15:52:55-05:00,1087.675,1087.8501,1088.4,1087.5,12838,,1640724775000000000,1087.815755491509,270
4372,2021-12-28 15:53:00-05:00,1087.9,1087.641,1088.0818,1087.641,4247,,1640724780000000000,1087.8447300211922,105
4373,2021-12-28 15:53:05-05:00,1087.94,1087.94,1087.94,1087.94,876,,1640724785000000000,1087.8129367579909,64
4374,2021-12-28 15:53:10-05:00,1087.9799,1087.36,1087.9899,1087.36,3117,,1640724790000000000,1087.6253398460062,103
4375,2021-12-28 15:53:15-05:00,1087.37,1087.07,1087.575,1087.0659,4700,,1640724795000000000,1087.2989282340427,143
4376,2021-12-28 15:53:20-05:00,1087.31,1086.7,1087.34,1086.4,7621,,1640724800000000000,1086.8071138433277,361
4377,2021-12-28 15:53:25-05:00,1086.3,1086.4074,1086.6999,1086.16,5425,,1640724805000000000,1086.3488676497686,206
4378,2021-12-28 15:53:30-05:00,1086.63,1086.75,1086.83,1086.535,4124,,1640724810000000000,1086.611633195926,105
4379,2021-12-28 15:53:35-05:00,1086.5068,1086.6797,1086.85,1086.47,7131,,1640724815000000000,1086.684084826812,180
4380,2021-12-28 15:53:40-05:00,1086.78,1086.4913,1086.78,1086.47,4821,,1640724820000000000,1086.5874761667696,158
4381,2021-12-28 15:53:45-05:00,1086.47,1086.38,1086.8599,1086.34,5589,,1640724825000000000,1086.5509906960103,209
4382,2021-12-28 15:53:50-05:00,1086.37,1086.45,1086.475,1086.34,3373,,1640724830000000000,1086.396527660836,93
4383,2021-12-28 15:53:55-05:00,1086.31,1086.33,1086.65,1086.24,4670,,1640724835000000000,1086.5173573661666,150
4384,2021-12-28 15:54:00-05:00,1086.72,1087.6,1087.6,1086.72,13402,,1640724840000000000,1087.0174125055978,376
4385,2021-12-28 15:54:05-05:00,1087.6138,1088.12,1088.13,1087.6138,10195,,1640724845000000000,1087.9658686414905,268
4386,2021-12-28 15:54:10-05:00,1087.991,1088.19,1088.48,1087.9101,6395,,1640724850000000000,1088.1497507271304,142
4387,2021-12-28 15:54:15-05:00,1088.27,1087.9352,1088.4599,1087.65,9997,,1640724855000000000,1087.8808264579377,192
4388,2021-12-28 15:54:20-05:00,1087.7096,1087.74,1088.09,1087.5445,3765,,1640724860000000000,1087.8327348738376,96
4389,2021-12-28 15:54:25-05:00,1087.7301,1088.32,1088.32,1087.7201,2982,,1640724865000000000,1088.0509547283707,81
4390,2021-12-28 15:54:30-05:00,1088.12,1088.08,1088.32,1087.9032,5022,,1640724870000000000,1088.1130473914773,83
4391,2021-12-28 15:54:35-05:00,1088.08,1087.6748,1088.18,1087.6748,3635,,1640724875000000000,1087.8821309766163,102
4392,2021-12-28 15:54:40-05:00,1088.04,1088.19,1088.19,1087.86,7153,,1640724880000000000,1088.0323715084583,133
4393,2021-12-28 15:54:45-05:00,1088.18,1088.37,1088.8,1088.18,5615,,1640724885000000000,1088.4055692965271,155
4394,2021-12-28 15:54:50-05:00,1088.05,1088.0713,1088.0713,1087.48,4915,,1640724890000000000,1087.721102828078,177
4395,2021-12-28 15:54:55-05:00,1088.08,1088.0928,1088.55,1088.02,5560,,1640724895000000000,1088.340793489209,230
4396,2021-12-28 15:55:00-05:00,1088.55,1088.55,1088.69,1088.27,3692,,1640724900000000000,1088.4466167930664,133
4397,2021-12-28 15:55:05-05:00,1088.33,1088.82,1088.82,1088.33,4888,,1640724905000000000,1088.6246239975446,136
4398,2021-12-28 15:55:10-05:00,1088.94,1089.0399,1089.1199,1088.56,10767,,1640724910000000000,1088.9105310578614,198
4399,2021-12-28 15:55:15-05:00,1088.61,1088.55,1089.005,1088.55,5777,,1640724915000000000,1088.8083332871734,162
4400,2021-12-28 15:55:20-05:00,1088.765,1088.5,1088.765,1088.36,6222,,1640724920000000000,1088.4825263259404,195
4401,2021-12-28 15:55:25-05:00,1088.45,1088.77,1088.77,1088.45,3218,,1640724925000000000,1088.6444064636426,94
4402,2021-12-28 15:55:30-05:00,1088.55,1088.14,1088.8199,1088,7238,,1640724930000000000,1088.4154720088425,153
4403,2021-12-28 15:55:35-05:00,1088.03,1088.09,1088.11,1087.882,4371,,1640724935000000000,1087.984943651338,135
4404,2021-12-28 15:55:40-05:00,1088.147,1087.75,1088.147,1087.7401,5572,,1640724940000000000,1087.8922869167259,140
4405,2021-12-28 15:55:45-05:00,1087.8,1087.95,1087.9601,1087.8,3355,,1640724945000000000,1087.873929478391,165
4406,2021-12-28 15:55:50-05:00,1087.9299,1088,1088.12,1087.9299,1971,,1640724950000000000,1088.0024971080672,92
4407,2021-12-28 15:55:55-05:00,1088,1087.8328,1088,1087.81,1712,,1640724955000000000,1087.867234813084,74
4408,2021-12-28 15:56:00-05:00,1087.89,1087.82,1087.89,1087.82,2206,,1640724960000000000,1087.8877007706255,109
4409,2021-12-28 15:56:05-05:00,1087.9008,1088.275,1088.32,1087.8046,6084,,1640724965000000000,1088.1151122616684,229
4410,2021-12-28 15:56:10-05:00,1088.13,1088.45,1088.45,1088.12,1191,,1640724970000000000,1088.295585306465,63
4411,2021-12-28 15:56:15-05:00,1088.5,1088.1922,1088.5,1088.1501,3700,,1640724975000000000,1088.3915594864866,138
4412,2021-12-28 15:56:20-05:00,1088.16,1087.92,1088.215,1087.92,5972,,1640724980000000000,1088.0230254018754,105
4413,2021-12-28 15:56:25-05:00,1088.11,1088,1088.38,1087.9,7350,,1640724985000000000,1088.0976491020408,171
4414,2021-12-28 15:56:30-05:00,1088.1227,1087.89,1088.16,1087.75,5359,,1640724990000000000,1087.9664340548613,151
4415,2021-12-28 15:56:35-05:00,1088.13,1087.82,1088.13,1087.71,2512,,1640724995000000000,1087.8657460191084,120
4416,2021-12-28 15:56:40-05:00,1087.76,1087.4973,1087.97,1087.0364,14457,,1640725000000000000,1087.49343126513,368
4417,2021-12-28 15:56:45-05:00,1087.565,1087.2801,1087.5756,1087.2801,3087,,1640725005000000000,1087.46369867185,89
4418,2021-12-28 15:56:50-05:00,1087.28,1086.835,1087.28,1086.65,5236,,1640725010000000000,1086.9934674560734,161
4419,2021-12-28 15:56:55-05:00,1086.8613,1086.8175,1087.09,1086.6501,6265,,1640725015000000000,1086.8405917956902,185
4420,2021-12-28 15:57:00-05:00,1086.815,1086.88,1087.09,1086.65,7130,,1640725020000000000,1086.9213741935484,226
4421,2021-12-28 15:57:05-05:00,1086.95,1086.84,1086.95,1086.7001,1966,,1640725025000000000,1086.8550299593078,92
4422,2021-12-28 15:57:10-05:00,1086.775,1087,1087.15,1086.775,6359,,1640725030000000000,1087.0085244692564,179
4423,2021-12-28 15:57:15-05:00,1087.09,1087.205,1087.32,1087.09,3025,,1640725035000000000,1087.2050721322312,74
4424,2021-12-28 15:57:20-05:00,1087.55,1087.915,1088,1087.55,5726,,1640725040000000000,1087.7996707300038,173
4425,2021-12-28 15:57:25-05:00,1088.1499,1087.54,1088.1499,1087.54,4439,,1640725045000000000,1087.7813458661858,117
4426,2021-12-28 15:57:30-05:00,1087.5,1087.88,1087.9899,1087.5,3382,,1640725050000000000,1087.809188941455,87
4427,2021-12-28 15:57:35-05:00,1087.815,1087.6501,1087.97,1087.6501,1727,,1640725055000000000,1087.8246988998262,70
4428,2021-12-28 15:57:40-05:00,1087.88,1087.46,1087.88,1087.4,6554,,1640725060000000000,1087.5578221696676,221
4429,2021-12-28 15:57:45-05:00,1087.62,1087.79,1087.97,1087.62,2192,,1640725065000000000,1087.764409808394,105
4430,2021-12-28 15:57:50-05:00,1087.945,1087.9399,1087.945,1087.8055,1565,,1640725070000000000,1087.8051911821085,62
4431,2021-12-28 15:57:55-05:00,1087.68,1087.55,1087.8699,1087.55,5988,,1640725075000000000,1087.7433755511029,113
4432,2021-12-28 15:58:00-05:00,1087.84,1087.48,1087.86,1087.48,6292,,1640725080000000000,1087.655210489509,274
4433,2021-12-28 15:58:05-05:00,1087.7317,1087.5901,1087.87,1087.5901,6300,,1640725085000000000,1087.7660327777783,233
4434,2021-12-28 15:58:10-05:00,1087.7306,1087.614,1087.7306,1087.43,4077,,1640725090000000000,1087.5963123375038,129
4435,2021-12-28 15:58:15-05:00,1087.73,1087.8096,1087.8096,1087.51,2480,,1640725095000000000,1087.691682822581,129
4436,2021-12-28 15:58:20-05:00,1087.6496,1087.685,1087.79,1087.5941,3204,,1640725100000000000,1087.6457779650439,127
4437,2021-12-28 15:58:25-05:00,1087.7,1087.67,1087.85,1087.67,5727,,1640725105000000000,1087.7546678016415,182
4438,2021-12-28 15:58:30-05:00,1087.65,1087.42,1088,1087.41,14752,,1640725110000000000,1087.7847467529828,354
4439,2021-12-28 15:58:35-05:00,1087.41,1087.54,1087.77,1087.38,5877,,1640725115000000000,1087.5520568147012,154
4440,2021-12-28 15:58:40-05:00,1087.585,1087.38,1087.6,1087.38,7542,,1640725120000000000,1087.4793228056228,141
4441,2021-12-28 15:58:45-05:00,1087.4998,1087.5994,1087.6,1087.45,5629,,1640725125000000000,1087.552820074614,161
4442,2021-12-28 15:58:50-05:00,1087.53,1087.41,1087.6899,1087.37,9260,,1640725130000000000,1087.435912473002,167
4443,2021-12-28 15:58:55-05:00,1087.41,1087.41,1087.54,1087.3901,7518,,1640725135000000000,1087.4608384676774,164
4444,2021-12-28 15:59:00-05:00,1087.51,1087.45,1087.54,1087.39,8497,,1640725140000000000,1087.4874928798397,237
4445,2021-12-28 15:59:05-05:00,1087.3934,1087.95,1088,1087.3901,27569,,1640725145000000000,1087.797236852986,476
4446,2021-12-28 15:59:10-05:00,1088,1087.95,1088.3099,1087.8751,11476,,1640725150000000000,1088.1377872777973,279
4447,2021-12-28 15:59:15-05:00,1087.91,1087.895,1088.02,1087.5428,11640,,1640725155000000000,1087.8233122336765,290
4448,2021-12-28 15:59:20-05:00,1088.09,1088.22,1088.22,1087.7901,8636,,1640725160000000000,1088.0283872973605,216
4449,2021-12-28 15:59:25-05:00,1088.27,1088.19,1088.4399,1088.1598,8568,,1640725165000000000,1088.2885769607835,255
4450,2021-12-28 15:59:30-05:00,1088.3181,1088.357,1088.53,1088.2201,8476,,1640725170000000000,1088.394328102878,225
4451,2021-12-28 15:59:35-05:00,1088.3,1087.94,1088.39,1087.8,10721,,1640725175000000000,1088.142698778099,308
4452,2021-12-28 15:59:40-05:00,1087.99,1088.17,1088.32,1087.94,13765,,1640725180000000000,1088.141670170724,266
4453,2021-12-28 15:59:45-05:00,1088.1401,1088.27,1088.3099,1087.89,13495,,1640725185000000000,1088.0668776287523,381
4454,2021-12-28 15:59:50-05:00,1088.135,1088.6,1088.61,1087.88,12044,,1640725190000000000,1088.208114297575,352
4456,2021-12-28 15:59:55-05:00,1088.61,1088.85,1089.07,1088,25671,,1640725195000000000,1088.5821799735131,607
