index,DateTime,Open,Close,High,Low,Volume,Previous_Close,Timestamp,Volume_weighted_avg_price,Number_of_transactions
0,2020-04-16 09:30:00-04:00,211.78,211.76,211.8,211.68,300126,209.43,1587043800000000000,211.71210968359983,588
1,2020-04-16 09:30:05-04:00,211.66,211.75,211.77,211.62,44285,209.43,1587043805000000000,211.68760025968118,332
2,2020-04-16 09:30:10-04:00,211.75,211.7131,211.84,211.71,34032,209.43,1587043810000000000,211.76757028385057,276
3,2020-04-16 09:30:15-04:00,211.75,211.54,211.76,211.54,26730,209.43,1587043815000000000,211.6405249158248,214
4,2020-04-16 09:30:20-04:00,211.54,211.57,211.62,211.53,17526,209.43,1587043820000000000,211.58171493780677,160
5,2020-04-16 09:30:25-04:00,211.53,211.52,211.54,211.45,21367,209.43,1587043825000000000,211.50344832217914,136
6,2020-04-16 09:30:30-04:00,211.53,211.64,211.65,211.53,7142,209.43,1587043830000000000,211.5835002100252,64
7,2020-04-16 09:30:35-04:00,211.64,211.58,211.69,211.58,16307,209.43,1587043835000000000,211.63795190409036,149
8,2020-04-16 09:30:40-04:00,211.58,211.6819,211.6819,211.5,23975,209.43,1587043840000000000,211.5812750490094,167
9,2020-04-16 09:30:45-04:00,211.7,211.85,211.875,211.7,56015,209.43,1587043845000000000,211.83088249218991,302
10,2020-04-16 09:30:50-04:00,211.87,211.86,211.96,211.85,45450,209.43,1587043850000000000,211.90110077007688,400
11,2020-04-16 09:30:55-04:00,211.8799,211.7966,211.9,211.76,33113,209.43,1587043855000000000,211.81528317277184,253
12,2020-04-16 09:31:00-04:00,211.8,211.62,211.81,211.62,38580,209.43,1587043860000000000,211.72203970451037,325
13,2020-04-16 09:31:05-04:00,211.63,211.88,211.88,211.63,12238,209.43,1587043865000000000,211.73391219970586,121
14,2020-04-16 09:31:10-04:00,211.88,211.955,212,211.88,56405,209.43,1587043870000000000,211.94195044765536,411
15,2020-04-16 09:31:15-04:00,211.97,211.91,211.98,211.91,24503,209.43,1587043875000000000,211.94448840142002,205
16,2020-04-16 09:31:20-04:00,211.916,211.98,211.99,211.87,17294,209.43,1587043880000000000,211.9202579565167,101
17,2020-04-16 09:31:25-04:00,211.98,212,212.0366,211.97,19479,209.43,1587043885000000000,212.0055929667848,144
18,2020-04-16 09:31:30-04:00,212,211.89,212,211.8636,15364,209.43,1587043890000000000,211.92064192267628,122
19,2020-04-16 09:31:35-04:00,211.9,211.76,211.9,211.75,17711,209.43,1587043895000000000,211.8053461351702,123
20,2020-04-16 09:31:40-04:00,211.78,211.9632,211.9632,211.78,14429,209.43,1587043900000000000,211.87217879963953,94
21,2020-04-16 09:31:45-04:00,211.96,211.99,212,211.9579,6153,209.43,1587043905000000000,211.9700202990411,50
22,2020-04-16 09:31:50-04:00,211.995,211.89,212,211.83,20815,209.43,1587043910000000000,211.8685889310593,126
23,2020-04-16 09:31:55-04:00,211.89,211.92,211.9463,211.87,12690,209.43,1587043915000000000,211.9078782821117,99
24,2020-04-16 09:32:00-04:00,211.91,211.83,211.91,211.82,12110,209.43,1587043920000000000,211.85771056151938,120
25,2020-04-16 09:32:05-04:00,211.83,211.8,211.83,211.7,17286,209.43,1587043925000000000,211.76598167303015,128
26,2020-04-16 09:32:10-04:00,211.82,211.86,211.88,211.81,23644,209.43,1587043930000000000,211.84268545508394,225
27,2020-04-16 09:32:15-04:00,211.87,211.93,211.94,211.84,18692,209.43,1587043935000000000,211.9014802482346,145
28,2020-04-16 09:32:20-04:00,211.94,212.01,212.01,211.9399,14502,209.43,1587043940000000000,211.98539134602152,150
29,2020-04-16 09:32:25-04:00,212.005,211.94,212.01,211.94,13976,209.43,1587043945000000000,211.97944147824856,132
30,2020-04-16 09:32:30-04:00,211.93,212.08,212.1,211.88,21145,209.43,1587043950000000000,211.96910030267222,182
31,2020-04-16 09:32:35-04:00,212.1,212.12,212.14,212.07,23330,209.43,1587043955000000000,212.1054294342048,212
32,2020-04-16 09:32:40-04:00,212.09,212.04,212.09,211.99,19731,209.43,1587043960000000000,212.0318978206886,220
33,2020-04-16 09:32:45-04:00,212.06,212.1,212.15,212.06,17378,209.43,1587043965000000000,212.10165619173654,125
34,2020-04-16 09:32:50-04:00,212.1,212.1,212.16,212.1,20185,209.43,1587043970000000000,212.12421719098336,163
35,2020-04-16 09:32:55-04:00,212.11,212.18,212.18,212.1,8529,209.43,1587043975000000000,212.14520390432634,82
36,2020-04-16 09:33:00-04:00,212.18,212.14,212.23,212.1,47107,209.43,1587043980000000000,212.16351969983216,331
37,2020-04-16 09:33:05-04:00,212.1499,212.05,212.19,212.03,35030,209.43,1587043985000000000,212.10507648586938,355
38,2020-04-16 09:33:10-04:00,212.05,212.08,212.11,211.99,40742,209.43,1587043990000000000,212.0641347381084,283
39,2020-04-16 09:33:15-04:00,212.07,212.06,212.11,212.03,11650,209.43,1587043995000000000,212.0729237682403,111
40,2020-04-16 09:33:20-04:00,212.05,211.9603,212.05,211.95,16075,209.43,1587044000000000000,211.98559807776033,139
41,2020-04-16 09:33:25-04:00,211.975,212.06,212.065,211.975,9110,209.43,1587044005000000000,212.01627530186587,77
42,2020-04-16 09:33:30-04:00,212.08,212.02,212.14,212.02,19942,209.43,1587044010000000000,212.10016329355128,180
43,2020-04-16 09:33:35-04:00,212.05,212.03,212.085,212.01,12025,209.43,1587044015000000000,212.04694720166324,119
44,2020-04-16 09:33:40-04:00,212.05,212.11,212.11,212.02,14594,209.43,1587044020000000000,212.07750472111834,128
45,2020-04-16 09:33:45-04:00,212.11,212.17,212.17,212.1,9564,209.43,1587044025000000000,212.1380839084064,91
46,2020-04-16 09:33:50-04:00,212.18,212.1201,212.206,212.12,18175,209.43,1587044030000000000,212.1571020412657,145
47,2020-04-16 09:33:55-04:00,212.11,212.11,212.1276,212.07,11001,209.43,1587044035000000000,212.08809868193788,148
48,2020-04-16 09:34:00-04:00,212.08,212.09,212.09,212.05,17569,209.43,1587044040000000000,212.07059555467026,151
49,2020-04-16 09:34:05-04:00,212.09,212.25,212.25,212.08,29347,209.43,1587044045000000000,212.15530898899326,315
50,2020-04-16 09:34:10-04:00,212.23,211.99,212.23,211.97,39472,209.43,1587044050000000000,212.05944125962688,327
51,2020-04-16 09:34:15-04:00,212,211.99,212.01,211.91,23433,209.43,1587044055000000000,211.96983743011992,254
52,2020-04-16 09:34:20-04:00,211.99,211.98,211.99,211.92,13951,209.43,1587044060000000000,211.95205195326483,142
53,2020-04-16 09:34:25-04:00,211.97,211.98,212.04,211.96,19456,209.43,1587044065000000000,211.99545064761514,142
54,2020-04-16 09:34:30-04:00,211.97,211.93,211.97,211.9,15987,209.43,1587044070000000000,211.9229957527991,88
55,2020-04-16 09:34:35-04:00,211.9345,211.9,211.97,211.9,15969,209.43,1587044075000000000,211.93969236645978,110
56,2020-04-16 09:34:40-04:00,211.9001,211.831,211.905,211.831,15416,209.43,1587044080000000000,211.87351176050862,90
57,2020-04-16 09:34:45-04:00,211.84,211.77,211.87,211.77,28965,209.43,1587044085000000000,211.81259022958727,244
58,2020-04-16 09:34:50-04:00,211.7705,211.74,211.82,211.7336,15900,209.43,1587044090000000000,211.77504735849067,110
59,2020-04-16 09:34:55-04:00,211.73,211.58,211.75,211.55,53575,209.43,1587044095000000000,211.640954475035,346
60,2020-04-16 09:35:00-04:00,211.62,211.61,211.68,211.57,19814,209.43,1587044100000000000,211.62393597961054,140
61,2020-04-16 09:35:05-04:00,211.61,211.56,211.67,211.56,16708,209.43,1587044105000000000,211.6138068889154,139
62,2020-04-16 09:35:10-04:00,211.56,211.46,211.5799,211.46,47312,209.43,1587044110000000000,211.52895970366916,175
63,2020-04-16 09:35:15-04:00,211.46,211.43,211.47,211.41,31112,209.43,1587044115000000000,211.44861625739253,156
64,2020-04-16 09:35:20-04:00,211.43,211.41,211.48,211.382,58188,209.43,1587044120000000000,211.4242558053208,256
65,2020-04-16 09:35:25-04:00,211.4001,211.4399,211.45,211.38,23798,209.43,1587044125000000000,211.41371019833633,190
66,2020-04-16 09:35:30-04:00,211.45,211.41,211.45,211.39,8101,209.43,1587044130000000000,211.4078487964448,84
67,2020-04-16 09:35:35-04:00,211.41,211.31,211.41,211.31,19293,209.43,1587044135000000000,211.39003706525673,110
68,2020-04-16 09:35:40-04:00,211.3,211.2499,211.35,211.24,10615,209.43,1587044140000000000,211.3055917569478,111
69,2020-04-16 09:35:45-04:00,211.23,211.19,211.24,211.1801,21176,209.43,1587044145000000000,211.2105517378163,146
70,2020-04-16 09:35:50-04:00,211.1801,211.2566,211.27,211.17,29600,209.43,1587044150000000000,211.23519679729736,122
71,2020-04-16 09:35:55-04:00,211.26,211.33,211.35,211.23,28411,209.43,1587044155000000000,211.26855703072744,241
72,2020-04-16 09:36:00-04:00,211.32,211.26,211.37,211.25,29728,209.43,1587044160000000000,211.32629733988145,300
73,2020-04-16 09:36:05-04:00,211.26,211.21,211.27,211.18,19525,209.43,1587044165000000000,211.21787939564658,132
74,2020-04-16 09:36:10-04:00,211.2,211.13,211.22,211.11,25593,209.43,1587044170000000000,211.17326001250348,198
75,2020-04-16 09:36:15-04:00,211.14,211.2208,211.23,211.125,15446,209.43,1587044175000000000,211.18810597565707,122
76,2020-04-16 09:36:20-04:00,211.23,211.25,211.31,211.23,15995,209.43,1587044180000000000,211.26939445451697,74
77,2020-04-16 09:36:25-04:00,211.24,211.23,211.24,211.16,22186,209.43,1587044185000000000,211.2107942846842,140
78,2020-04-16 09:36:30-04:00,211.22,211.295,211.3,211.2,12423,209.43,1587044190000000000,211.25369442968673,91
79,2020-04-16 09:36:35-04:00,211.29,211.3,211.3,211.25,6980,209.43,1587044195000000000,211.26943432664748,76
80,2020-04-16 09:36:40-04:00,211.29,211.35,211.3899,211.28,32718,209.43,1587044200000000000,211.3317194969129,258
81,2020-04-16 09:36:45-04:00,211.3467,211.32,211.43,211.32,9644,209.43,1587044205000000000,211.36963795105754,86
82,2020-04-16 09:36:50-04:00,211.32,211.375,211.4,211.315,8047,209.43,1587044210000000000,211.36388693923203,90
83,2020-04-16 09:36:55-04:00,211.3681,211.32,211.4,211.28,9162,209.43,1587044215000000000,211.34490713817948,86
84,2020-04-16 09:37:00-04:00,211.32,211.25,211.34,211.2,18557,209.43,1587044220000000000,211.2658149539256,154
85,2020-04-16 09:37:05-04:00,211.22,211.29,211.31,211.22,44253,209.43,1587044225000000000,211.26794203104882,238
86,2020-04-16 09:37:10-04:00,211.29,211.32,211.32,211.25,16963,209.43,1587044230000000000,211.29290891351758,132
87,2020-04-16 09:37:15-04:00,211.34,211.22,211.35,211.2,11373,209.43,1587044235000000000,211.29251343532957,87
88,2020-04-16 09:37:20-04:00,211.22,211.0589,211.22,211.05,31902,209.43,1587044240000000000,211.18495136731266,193
89,2020-04-16 09:37:25-04:00,211.04,211.06,211.13,211.035,11174,209.43,1587044245000000000,211.097317093252,105
90,2020-04-16 09:37:30-04:00,211.06,211.06,211.08,211.04,13445,209.43,1587044250000000000,211.05899389364072,88
91,2020-04-16 09:37:35-04:00,211.08,211.05,211.08,211.02,16614,209.43,1587044255000000000,211.0502138557843,112
92,2020-04-16 09:37:40-04:00,211.05,211.03,211.08,211.01,27465,209.43,1587044260000000000,211.0421206845076,149
93,2020-04-16 09:37:45-04:00,211.035,211.06,211.06,211,9015,209.43,1587044265000000000,211.03967251247923,105
94,2020-04-16 09:37:50-04:00,211.07,211.14,211.14,211.06,10589,209.43,1587044270000000000,211.09491451506267,97
95,2020-04-16 09:37:55-04:00,211.135,211.09,211.15,211.09,23519,209.43,1587044275000000000,211.12738781410786,176
96,2020-04-16 09:38:00-04:00,211.08,211.045,211.0876,211.01,28331,209.43,1587044280000000000,211.0396121068796,183
97,2020-04-16 09:38:05-04:00,211.05,211.08,211.08,211.02,8654,209.43,1587044285000000000,211.03898943840997,70
98,2020-04-16 09:38:10-04:00,211.05,211.03,211.055,211,14660,209.43,1587044290000000000,211.02261203956354,141
99,2020-04-16 09:38:15-04:00,211.06,211.2,211.2,211.06,18778,209.43,1587044295000000000,211.13652532218566,118
100,2020-04-16 09:38:20-04:00,211.22,211.22,211.233,211.17,7640,209.43,1587044300000000000,211.19934723821996,70
101,2020-04-16 09:38:25-04:00,211.21,211.26,211.27,211.19,19169,209.43,1587044305000000000,211.2001743700767,59
102,2020-04-16 09:38:30-04:00,211.25,211.23,211.3,211.22,12305,209.43,1587044310000000000,211.26321622917507,112
103,2020-04-16 09:38:35-04:00,211.2334,211.3,211.34,211.22,11164,209.43,1587044315000000000,211.28740155858114,101
104,2020-04-16 09:38:40-04:00,211.31,211.3,211.34,211.28,9765,209.43,1587044320000000000,211.3143827854583,99
105,2020-04-16 09:38:45-04:00,211.3,211.32,211.36,211.3,19724,209.43,1587044325000000000,211.32492321030216,143
106,2020-04-16 09:38:50-04:00,211.365,211.41,211.42,211.34,10847,209.43,1587044330000000000,211.38169409975106,77
107,2020-04-16 09:38:55-04:00,211.44,211.4,211.49,211.4,12539,209.43,1587044335000000000,211.4493787542867,135
108,2020-04-16 09:39:00-04:00,211.4099,211.27,211.41,211.26,16011,209.43,1587044340000000000,211.3336500343513,137
109,2020-04-16 09:39:05-04:00,211.2735,211.265,211.31,211.265,16605,209.43,1587044345000000000,211.28622442035538,107
110,2020-04-16 09:39:10-04:00,211.26,211.29,211.3143,211.24,33355,209.43,1587044350000000000,211.28310104332147,271
111,2020-04-16 09:39:15-04:00,211.29,211.2899,211.29,211.26,6923,209.43,1587044355000000000,211.2689973999712,39
112,2020-04-16 09:39:20-04:00,211.2927,211.23,211.3,211.23,6134,209.43,1587044360000000000,211.27241459080525,63
113,2020-04-16 09:39:25-04:00,211.2299,211.2299,211.25,211.17,15669,209.43,1587044365000000000,211.21872227327827,137
114,2020-04-16 09:39:30-04:00,211.24,211.2,211.24,211.18,7637,209.43,1587044370000000000,211.19791351315945,81
115,2020-04-16 09:39:35-04:00,211.2,211.25,211.25,211.18,7037,209.43,1587044375000000000,211.22992333380697,64
116,2020-04-16 09:39:40-04:00,211.27,211.28,211.28,211.21,8466,209.43,1587044380000000000,211.24445966217812,57
117,2020-04-16 09:39:45-04:00,211.29,211.28,211.29,211.24,7748,209.43,1587044385000000000,211.2623523102738,88
118,2020-04-16 09:39:50-04:00,211.29,211.24,211.3,211.24,14246,209.43,1587044390000000000,211.26714779587257,142
119,2020-04-16 09:39:55-04:00,211.23,211.224,211.23,211.19,11000,209.43,1587044395000000000,211.2079015181817,102
120,2020-04-16 09:40:00-04:00,211.27,211.3,211.379,211.27,9992,209.43,1587044400000000000,211.3310980584467,93
121,2020-04-16 09:40:05-04:00,211.3,211.31,211.325,211.27,6077,209.43,1587044405000000000,211.30436295869666,61
122,2020-04-16 09:40:10-04:00,211.26,211.3,211.34,211.26,13107,209.43,1587044410000000000,211.29945997558545,70
123,2020-04-16 09:40:15-04:00,211.32,211.41,211.425,211.32,11144,209.43,1587044415000000000,211.4020698043789,98
124,2020-04-16 09:40:20-04:00,211.41,211.415,211.4797,211.4,8957,209.43,1587044420000000000,211.423598247181,79
125,2020-04-16 09:40:25-04:00,211.4,211.41,211.42,211.38,6146,209.43,1587044425000000000,211.40007072892942,64
126,2020-04-16 09:40:30-04:00,211.41,211.44,211.5,211.41,11112,209.43,1587044430000000000,211.4614868430526,84
127,2020-04-16 09:40:35-04:00,211.4419,211.46,211.47,211.4315,6730,209.43,1587044435000000000,211.44964927191674,60
128,2020-04-16 09:40:40-04:00,211.4921,211.46,211.4921,211.41,15924,209.43,1587044440000000000,211.44103171313742,147
129,2020-04-16 09:40:45-04:00,211.45,211.495,211.495,211.43,17607,209.43,1587044445000000000,211.47664161981032,87
130,2020-04-16 09:40:50-04:00,211.49,211.47,211.53,211.46,26342,209.43,1587044450000000000,211.4935051210992,196
131,2020-04-16 09:40:55-04:00,211.46,211.45,211.49,211.45,11264,209.43,1587044455000000000,211.46460753728704,95
132,2020-04-16 09:41:00-04:00,211.45,211.5314,211.5501,211.45,20361,209.43,1587044460000000000,211.49453569078148,163
133,2020-04-16 09:41:05-04:00,211.534,211.62,211.62,211.48,19697,209.43,1587044465000000000,211.57228565263753,141
134,2020-04-16 09:41:10-04:00,211.62,211.63,211.63,211.6,4912,209.43,1587044470000000000,211.61071701954407,61
135,2020-04-16 09:41:15-04:00,211.6,211.61,211.63,211.5701,7673,209.43,1587044475000000000,211.6048669751075,49
136,2020-04-16 09:41:20-04:00,211.6,211.66,211.66,211.6,14926,209.43,1587044480000000000,211.64467583411493,137
137,2020-04-16 09:41:25-04:00,211.66,211.645,211.66,211.615,13340,209.43,1587044485000000000,211.6313594227888,90
138,2020-04-16 09:41:30-04:00,211.69,211.58,211.69,211.58,5931,209.43,1587044490000000000,211.62224083628405,73
139,2020-04-16 09:41:35-04:00,211.583,211.59,211.61,211.583,4153,209.43,1587044495000000000,211.60435359980735,27
140,2020-04-16 09:41:40-04:00,211.61,211.61,211.62,211.59,7485,209.43,1587044500000000000,211.60296509018033,89
141,2020-04-16 09:41:45-04:00,211.64,211.55,211.64,211.55,9912,209.43,1587044505000000000,211.5872132364812,119
142,2020-04-16 09:41:50-04:00,211.56,211.56,211.59,211.55,5423,209.43,1587044510000000000,211.5708332288402,60
143,2020-04-16 09:41:55-04:00,211.57,211.6001,211.6001,211.53,8626,209.43,1587044515000000000,211.59221267099477,67
144,2020-04-16 09:42:00-04:00,211.61,211.55,211.6141,211.53,4624,209.43,1587044520000000000,211.57352324826985,55
145,2020-04-16 09:42:05-04:00,211.55,211.545,211.58,211.54,1765,209.43,1587044525000000000,211.55910141643065,26
146,2020-04-16 09:42:10-04:00,211.55,211.54,211.59,211.5364,4223,209.43,1587044530000000000,211.5627418659721,53
147,2020-04-16 09:42:15-04:00,211.53,211.51,211.53,211.48,8086,209.43,1587044535000000000,211.51225068018786,95
148,2020-04-16 09:42:20-04:00,211.53,211.44,211.53,211.44,9676,209.43,1587044540000000000,211.46597298470442,54
149,2020-04-16 09:42:25-04:00,211.46,211.42,211.47,211.4,29945,209.43,1587044545000000000,211.444699863082,179
150,2020-04-16 09:42:30-04:00,211.42,211.52,211.53,211.42,19805,209.43,1587044550000000000,211.47357957586462,160
151,2020-04-16 09:42:35-04:00,211.516,211.5,211.54,211.49,10197,209.43,1587044555000000000,211.5195634500343,87
152,2020-04-16 09:42:40-04:00,211.5,211.49,211.56,211.49,11158,209.43,1587044560000000000,211.51871611399903,101
153,2020-04-16 09:42:45-04:00,211.49,211.58,211.58,211.49,9136,209.43,1587044565000000000,211.53680788091071,96
154,2020-04-16 09:42:50-04:00,211.63,211.65,211.69,211.605,11009,209.43,1587044570000000000,211.64767072395324,91
155,2020-04-16 09:42:55-04:00,211.6401,211.5625,211.67,211.5625,6687,209.43,1587044575000000000,211.636324330791,36
156,2020-04-16 09:43:00-04:00,211.56,211.47,211.57,211.47,3592,209.43,1587044580000000000,211.54926859688192,38
157,2020-04-16 09:43:05-04:00,211.4875,211.42,211.51,211.42,11271,209.43,1587044585000000000,211.4745729305298,90
158,2020-04-16 09:43:10-04:00,211.43,211.48,211.5,211.42,16962,209.43,1587044590000000000,211.45803127579296,121
159,2020-04-16 09:43:15-04:00,211.47,211.4,211.47,211.39,30461,209.43,1587044595000000000,211.41755887856613,247
160,2020-04-16 09:43:20-04:00,211.41,211.41,211.44,211.38,22240,209.43,1587044600000000000,211.41785761241027,165
161,2020-04-16 09:43:25-04:00,211.42,211.39,211.43,211.38,11274,209.43,1587044605000000000,211.40881071491907,70
162,2020-04-16 09:43:30-04:00,211.39,211.38,211.435,211.36,8393,209.43,1587044610000000000,211.38588177052307,111
163,2020-04-16 09:43:35-04:00,211.37,211.275,211.375,211.25,18353,209.43,1587044615000000000,211.30240480575378,171
164,2020-04-16 09:43:40-04:00,211.28,211.365,211.375,211.24,23562,209.43,1587044620000000000,211.30466319921908,215
165,2020-04-16 09:43:45-04:00,211.37,211.3799,211.385,211.32,12961,209.43,1587044625000000000,211.36020353367806,107
166,2020-04-16 09:43:50-04:00,211.38,211.4141,211.42,211.36,17526,209.43,1587044630000000000,211.38244441401352,124
167,2020-04-16 09:43:55-04:00,211.43,211.5,211.5,211.425,15852,209.43,1587044635000000000,211.46367195306587,109
168,2020-04-16 09:44:00-04:00,211.5,211.59,211.59,211.47,8030,209.43,1587044640000000000,211.52236899128258,73
169,2020-04-16 09:44:05-04:00,211.58,211.53,211.62,211.53,13702,209.43,1587044645000000000,211.59371167712735,100
170,2020-04-16 09:44:10-04:00,211.55,211.47,211.55,211.46,9973,209.43,1587044650000000000,211.5150303519504,78
171,2020-04-16 09:44:15-04:00,211.4737,211.47,211.5,211.435,11354,209.43,1587044655000000000,211.47455002642224,88
172,2020-04-16 09:44:20-04:00,211.48,211.6,211.6,211.48,6194,209.43,1587044660000000000,211.54677026154337,56
173,2020-04-16 09:44:25-04:00,211.61,211.665,211.68,211.6,13685,209.43,1587044665000000000,211.6433653927659,99
174,2020-04-16 09:44:30-04:00,211.66,211.59,211.66,211.58,16149,209.43,1587044670000000000,211.61556500092905,134
175,2020-04-16 09:44:35-04:00,211.58,211.55,211.6,211.53,3940,209.43,1587044675000000000,211.56209997461931,68
176,2020-04-16 09:44:40-04:00,211.54,211.59,211.6,211.54,2025,209.43,1587044680000000000,211.57715753086416,30
177,2020-04-16 09:44:45-04:00,211.61,211.63,211.66,211.61,8671,209.43,1587044685000000000,211.638713931496,61
178,2020-04-16 09:44:50-04:00,211.59,211.51,211.59,211.5,5502,209.43,1587044690000000000,211.5292646310432,54
179,2020-04-16 09:44:55-04:00,211.52,211.55,211.56,211.51,5726,209.43,1587044695000000000,211.5307723367097,62
180,2020-04-16 09:45:00-04:00,211.57,211.67,211.67,211.57,13583,209.43,1587044700000000000,211.61528545240392,120
181,2020-04-16 09:45:05-04:00,211.63,211.72,211.75,211.62,23083,209.43,1587044705000000000,211.70426176840053,194
182,2020-04-16 09:45:10-04:00,211.71,211.665,211.72,211.665,3020,209.43,1587044710000000000,211.6990683112583,39
183,2020-04-16 09:45:15-04:00,211.66,211.605,211.67,211.6,11954,209.43,1587044715000000000,211.64459417768137,117
184,2020-04-16 09:45:20-04:00,211.61,211.64,211.68,211.61,15099,209.43,1587044720000000000,211.6633785747401,90
185,2020-04-16 09:45:25-04:00,211.64,211.7,211.71,211.64,2728,209.43,1587044725000000000,211.67380619501455,27
186,2020-04-16 09:45:30-04:00,211.69,211.72,211.72,211.64,27752,209.43,1587044730000000000,211.67224386350568,215
187,2020-04-16 09:45:35-04:00,211.74,211.7399,211.78,211.715,25551,209.43,1587044735000000000,211.75558139016078,147
188,2020-04-16 09:45:40-04:00,211.7464,211.79,211.79,211.73,29988,209.43,1587044740000000000,211.76105400493557,167
189,2020-04-16 09:45:45-04:00,211.7623,211.76,211.776,211.71,14164,209.43,1587044745000000000,211.7503990609998,113
190,2020-04-16 09:45:50-04:00,211.7884,211.766,211.7884,211.74,8470,209.43,1587044750000000000,211.75631687131056,73
191,2020-04-16 09:45:55-04:00,211.7601,211.8387,211.86,211.753,13735,209.43,1587044755000000000,211.8213931561704,54
192,2020-04-16 09:46:00-04:00,211.85,211.89,211.91,211.834,22983,209.43,1587044760000000000,211.88058138624174,211
193,2020-04-16 09:46:05-04:00,211.9,211.93,211.95,211.9,5678,209.43,1587044765000000000,211.92720001761194,77
194,2020-04-16 09:46:10-04:00,211.925,211.91,211.93,211.88,10059,209.43,1587044770000000000,211.90345778904447,102
195,2020-04-16 09:46:15-04:00,211.94,212,212,211.94,22299,209.43,1587044775000000000,211.98644597515562,156
196,2020-04-16 09:46:20-04:00,211.97,211.9,211.97,211.9,15278,209.43,1587044780000000000,211.92491144783344,104
197,2020-04-16 09:46:25-04:00,211.885,211.9101,211.9101,211.86,6616,209.43,1587044785000000000,211.87909002418382,73
198,2020-04-16 09:46:30-04:00,211.94,211.95,211.95,211.91,4797,209.43,1587044790000000000,211.93139518449027,50
199,2020-04-16 09:46:35-04:00,211.96,211.94,211.97,211.93,6207,209.43,1587044795000000000,211.95805366521674,62
200,2020-04-16 09:46:40-04:00,211.93,211.92,211.95,211.87,15050,209.43,1587044800000000000,211.9175709302325,91
201,2020-04-16 09:46:45-04:00,211.91,211.9299,211.93,211.8699,7184,209.43,1587044805000000000,211.90380206013361,79
202,2020-04-16 09:46:50-04:00,211.9135,211.95,211.95,211.88,11574,209.43,1587044810000000000,211.9267827976499,36
203,2020-04-16 09:46:55-04:00,211.9599,211.92,211.96,211.9,12435,209.43,1587044815000000000,211.92634350623237,90
204,2020-04-16 09:47:00-04:00,211.91,211.85,211.91,211.8,23946,209.43,1587044820000000000,211.85543389292584,159
205,2020-04-16 09:47:05-04:00,211.8332,211.79,211.8332,211.76,14338,209.43,1587044825000000000,211.79055789510403,141
206,2020-04-16 09:47:10-04:00,211.8,211.825,211.8323,211.8,10930,209.43,1587044830000000000,211.81063041171075,102
207,2020-04-16 09:47:15-04:00,211.82,211.7819,211.84,211.72,10844,209.43,1587044835000000000,211.78116783474727,103
208,2020-04-16 09:47:20-04:00,211.7878,211.76,211.7878,211.68,8993,209.43,1587044840000000000,211.7352613699544,94
209,2020-04-16 09:47:25-04:00,211.77,211.7093,211.77,211.68,16988,209.43,1587044845000000000,211.6997808747355,140
210,2020-04-16 09:47:30-04:00,211.69,211.72,211.72,211.66,3437,209.43,1587044850000000000,211.6891753855106,50
211,2020-04-16 09:47:35-04:00,211.72,211.68,211.73,211.68,9580,209.43,1587044855000000000,211.7113484968685,74
212,2020-04-16 09:47:40-04:00,211.68,211.69,211.7,211.6418,10408,209.43,1587044860000000000,211.66137769023834,66
213,2020-04-16 09:47:45-04:00,211.68,211.6201,211.68,211.61,13839,209.43,1587044865000000000,211.63495111641018,91
214,2020-04-16 09:47:50-04:00,211.61,211.5431,211.62,211.53,10732,209.43,1587044870000000000,211.57144809914266,94
215,2020-04-16 09:47:55-04:00,211.54,211.55,211.6,211.53,39021,209.43,1587044875000000000,211.56330477178994,228
216,2020-04-16 09:48:00-04:00,211.55,211.4829,211.55,211.45,19000,209.43,1587044880000000000,211.49361116315805,121
217,2020-04-16 09:48:05-04:00,211.485,211.43,211.52,211.43,14245,209.43,1587044885000000000,211.46286770796766,66
218,2020-04-16 09:48:10-04:00,211.43,211.38,211.435,211.35,14990,209.43,1587044890000000000,211.3886715543696,131
219,2020-04-16 09:48:15-04:00,211.38,211.3699,211.3975,211.34,5507,209.43,1587044895000000000,211.3737170873434,49
220,2020-04-16 09:48:20-04:00,211.38,211.32,211.43,211.32,19058,209.43,1587044900000000000,211.36940220904597,121
221,2020-04-16 09:48:25-04:00,211.32,211.33,211.35,211.29,12723,209.43,1587044905000000000,211.3177840132045,105
222,2020-04-16 09:48:30-04:00,211.32,211.34,211.34,211.291,15938,209.43,1587044910000000000,211.31057340946168,90
223,2020-04-16 09:48:35-04:00,211.35,211.31,211.36,211.27,10480,209.43,1587044915000000000,211.3210779484734,99
224,2020-04-16 09:48:40-04:00,211.31,211.255,211.32,211.255,13216,209.43,1587044920000000000,211.28136729721555,97
225,2020-04-16 09:48:45-04:00,211.25,211.2831,211.29,211.21,11127,209.43,1587044925000000000,211.24711945717632,129
226,2020-04-16 09:48:50-04:00,211.27,211.3,211.3,211.26,3257,209.43,1587044930000000000,211.29048194657656,51
227,2020-04-16 09:48:55-04:00,211.325,211.33,211.34,211.31,10090,209.43,1587044935000000000,211.32514336967307,96
228,2020-04-16 09:49:00-04:00,211.3475,211.4366,211.44,211.3475,20030,209.43,1587044940000000000,211.375565107339,104
229,2020-04-16 09:49:05-04:00,211.44,211.45,211.48,211.43,12665,209.43,1587044945000000000,211.45065752862226,104
230,2020-04-16 09:49:10-04:00,211.44,211.41,211.44,211.39,8322,209.43,1587044950000000000,211.4112478971401,56
231,2020-04-16 09:49:15-04:00,211.44,211.43,211.45,211.41,6595,209.43,1587044955000000000,211.43291555724034,68
232,2020-04-16 09:49:20-04:00,211.42,211.39,211.43,211.39,3822,209.43,1587044960000000000,211.40768163265307,42
233,2020-04-16 09:49:25-04:00,211.4,211.44,211.44,211.4,6017,209.43,1587044965000000000,211.41784487286026,55
234,2020-04-16 09:49:30-04:00,211.46,211.4999,211.5,211.46,15691,209.43,1587044970000000000,211.46927234720553,79
235,2020-04-16 09:49:35-04:00,211.5125,211.47,211.515,211.45,7614,209.43,1587044975000000000,211.48240114263186,71
236,2020-04-16 09:49:40-04:00,211.46,211.41,211.47,211.4,7478,209.43,1587044980000000000,211.42670788981016,54
237,2020-04-16 09:49:45-04:00,211.41,211.34,211.415,211.34,10468,209.43,1587044985000000000,211.35987648070292,84
238,2020-04-16 09:49:50-04:00,211.35,211.4349,211.44,211.34,13963,209.43,1587044990000000000,211.37269307455418,126
239,2020-04-16 09:49:55-04:00,211.44,211.37,211.44,211.37,3066,209.43,1587044995000000000,211.41987116764508,35
240,2020-04-16 09:50:00-04:00,211.36,211.3498,211.36,211.33,6854,209.43,1587045000000000000,211.34168879486433,38
241,2020-04-16 09:50:05-04:00,211.34,211.39,211.39,211.27,18148,209.43,1587045005000000000,211.30916887811333,162
242,2020-04-16 09:50:10-04:00,211.38,211.3741,211.405,211.35,8743,209.43,1587045010000000000,211.37987550040037,70
243,2020-04-16 09:50:15-04:00,211.38,211.45,211.45,211.3766,3366,209.43,1587045015000000000,211.40558927510386,50
244,2020-04-16 09:50:20-04:00,211.454,211.5,211.52,211.45,37182,209.43,1587045020000000000,211.4782943225216,187
245,2020-04-16 09:50:25-04:00,211.515,211.46,211.5366,211.46,7367,209.43,1587045025000000000,211.50610115379396,63
246,2020-04-16 09:50:30-04:00,211.456,211.43,211.46,211.4,12597,209.43,1587045030000000000,211.4283880844643,113
247,2020-04-16 09:50:35-04:00,211.42,211.46,211.5,211.42,13278,209.43,1587045035000000000,211.43862623136008,99
248,2020-04-16 09:50:40-04:00,211.47,211.47,211.47,211.45,3875,209.43,1587045040000000000,211.45907845161292,43
249,2020-04-16 09:50:45-04:00,211.465,211.44,211.5,211.43,14077,209.43,1587045045000000000,211.46492781132338,127
250,2020-04-16 09:50:50-04:00,211.45,211.39,211.45,211.38,7254,209.43,1587045050000000000,211.4164687344913,59
251,2020-04-16 09:50:55-04:00,211.38,211.35,211.38,211.34,13244,209.43,1587045055000000000,211.35595884173966,49
252,2020-04-16 09:51:00-04:00,211.33,211.3336,211.41,211.32,6960,209.43,1587045060000000000,211.35696906609198,67
253,2020-04-16 09:51:05-04:00,211.31,211.27,211.31,211.27,2778,209.43,1587045065000000000,211.27695032397412,38
254,2020-04-16 09:51:10-04:00,211.26,211.19,211.26,211.19,17614,209.43,1587045070000000000,211.22650852730766,122
255,2020-04-16 09:51:15-04:00,211.19,211.1574,211.19,211.14,4760,209.43,1587045075000000000,211.16601974789913,61
256,2020-04-16 09:51:20-04:00,211.165,211.2199,211.22,211.16,6530,209.43,1587045080000000000,211.18990096477808,50
257,2020-04-16 09:51:25-04:00,211.23,211.12,211.24,211.12,8818,209.43,1587045085000000000,211.20866154456792,71
258,2020-04-16 09:51:30-04:00,211.16,211.12,211.1989,211.11,14083,209.43,1587045090000000000,211.1533812610947,101
259,2020-04-16 09:51:35-04:00,211.13,211.11,211.15,211.1,5276,209.43,1587045095000000000,211.11907924564065,64
260,2020-04-16 09:51:40-04:00,211.14,211.13,211.17,211.13,12638,209.43,1587045100000000000,211.15187717993325,114
261,2020-04-16 09:51:45-04:00,211.116,211.055,211.1199,211.055,14038,209.43,1587045105000000000,211.08143566747404,134
262,2020-04-16 09:51:50-04:00,211.05,211.09,211.12,211.05,11400,209.43,1587045110000000000,211.092696622807,125
263,2020-04-16 09:51:55-04:00,211.11,211.11,211.15,211.1063,11905,209.43,1587045115000000000,211.12172095758095,70
264,2020-04-16 09:52:00-04:00,211.16,211.18,211.1866,211.13,8173,209.43,1587045120000000000,211.17076128716533,81
265,2020-04-16 09:52:05-04:00,211.19,211.211,211.24,211.1702,11639,209.43,1587045125000000000,211.1923928430277,84
266,2020-04-16 09:52:10-04:00,211.25,211.275,211.275,211.2,12469,209.43,1587045130000000000,211.22544503969834,100
267,2020-04-16 09:52:15-04:00,211.27,211.255,211.27,211.213,5967,209.43,1587045135000000000,211.2482502932797,52
268,2020-04-16 09:52:20-04:00,211.27,211.28,211.32,211.265,20691,209.43,1587045140000000000,211.2853684065534,138
269,2020-04-16 09:52:25-04:00,211.3,211.3,211.31,211.26,22536,209.43,1587045145000000000,211.28358588036912,150
270,2020-04-16 09:52:30-04:00,211.3,211.3,211.3,211.25,19936,209.43,1587045150000000000,211.25835448435004,121
271,2020-04-16 09:52:35-04:00,211.31,211.29,211.33,211.28,4371,209.43,1587045155000000000,211.31228734843282,41
272,2020-04-16 09:52:40-04:00,211.28,211.24,211.29,211.22,8390,209.43,1587045160000000000,211.25627282479138,65
273,2020-04-16 09:52:45-04:00,211.25,211.275,211.28,211.22,53816,209.43,1587045165000000000,211.17185636985278,114
274,2020-04-16 09:52:50-04:00,211.29,211.295,211.3199,211.27,5563,209.43,1587045170000000000,211.2977801905447,37
275,2020-04-16 09:52:55-04:00,211.31,211.3,211.35,211.3,6245,209.43,1587045175000000000,211.32297838270625,69
276,2020-04-16 09:53:00-04:00,211.25,211.21,211.25,211.2064,4939,209.43,1587045180000000000,211.22429858270903,31
277,2020-04-16 09:53:05-04:00,211.22,211.21,211.23,211.21,4772,209.43,1587045185000000000,211.214916974015,63
278,2020-04-16 09:53:10-04:00,211.23,211.22,211.24,211.21,3468,209.43,1587045190000000000,211.22252200115338,44
279,2020-04-16 09:53:15-04:00,211.2,211.205,211.205,211.17,19317,209.43,1587045195000000000,211.18826444064817,106
280,2020-04-16 09:53:20-04:00,211.21,211.25,211.2701,211.2,10657,209.43,1587045200000000000,211.24466560007505,81
281,2020-04-16 09:53:25-04:00,211.29,211.32,211.34,211.28,18265,209.43,1587045205000000000,211.3024338297289,101
282,2020-04-16 09:53:30-04:00,211.325,211.25,211.33,211.24,22306,209.43,1587045210000000000,211.296387250067,141
283,2020-04-16 09:53:35-04:00,211.27,211.23,211.27,211.21,19795,209.43,1587045215000000000,211.23768493053808,156
284,2020-04-16 09:53:40-04:00,211.245,211.1605,211.25,211.16,9220,209.43,1587045220000000000,211.20785479392632,63
285,2020-04-16 09:53:45-04:00,211.18,211.11,211.2,211.11,8385,209.43,1587045225000000000,211.16773683959443,86
286,2020-04-16 09:53:50-04:00,211.105,211.08,211.1101,211.07,17494,209.43,1587045230000000000,211.09446696010065,88
287,2020-04-16 09:53:55-04:00,211.07,211.06,211.095,211.06,9613,209.43,1587045235000000000,211.06874354519928,61
288,2020-04-16 09:54:00-04:00,211.05,211.07,211.08,211.01,35533,209.43,1587045240000000000,211.0436821912023,211
289,2020-04-16 09:54:05-04:00,211.08,211.03,211.09,211.02,6990,209.43,1587045245000000000,211.04861915593705,63
290,2020-04-16 09:54:10-04:00,211.02,210.995,211.02,210.96,92228,209.43,1587045250000000000,210.99419299453467,536
291,2020-04-16 09:54:15-04:00,211,211.07,211.07,211,39418,209.43,1587045255000000000,211.01992576487928,114
292,2020-04-16 09:54:20-04:00,211.07,211.09,211.12,211.06,49258,209.43,1587045260000000000,211.0935420195705,174
293,2020-04-16 09:54:25-04:00,211.1,211.1,211.135,211.08,43981,209.43,1587045265000000000,211.10107359996314,273
294,2020-04-16 09:54:30-04:00,211.1,211.09,211.14,211.09,20002,209.43,1587045270000000000,211.10486273872613,100
295,2020-04-16 09:54:35-04:00,211.09,211.21,211.21,211.05,35429,209.43,1587045275000000000,211.09646552541682,256
296,2020-04-16 09:54:40-04:00,211.21,211.2,211.21,211.17,9804,209.43,1587045280000000000,211.18894945940443,94
297,2020-04-16 09:54:45-04:00,211.19,211.16,211.21,211.15,19521,209.43,1587045285000000000,211.17438018031893,140
298,2020-04-16 09:54:50-04:00,211.15,211.23,211.23,211.14,10831,209.43,1587045290000000000,211.1888364601608,63
299,2020-04-16 09:54:55-04:00,211.24,211.27,211.27,211.224,4802,209.43,1587045295000000000,211.24624739691785,44
300,2020-04-16 09:55:00-04:00,211.24,211.37,211.37,211.235,33104,209.43,1587045300000000000,211.30600561563557,221
301,2020-04-16 09:55:05-04:00,211.37,211.4,211.42,211.35,18115,209.43,1587045305000000000,211.39589638973226,91
302,2020-04-16 09:55:10-04:00,211.39,211.322,211.4,211.31,16004,209.43,1587045310000000000,211.36597938640358,138
303,2020-04-16 09:55:15-04:00,211.33,211.294,211.33,211.25,10435,209.43,1587045315000000000,211.28788869190228,111
304,2020-04-16 09:55:20-04:00,211.29,211.2901,211.33,211.27,15783,209.43,1587045320000000000,211.28947153266188,166
305,2020-04-16 09:55:25-04:00,211.32,211.37,211.38,211.32,3558,209.43,1587045325000000000,211.35011284429459,34
306,2020-04-16 09:55:30-04:00,211.37,211.27,211.37,211.25,9334,209.43,1587045330000000000,211.28558537604454,97
307,2020-04-16 09:55:35-04:00,211.28,211.181,211.28,211.18,17812,209.43,1587045335000000000,211.20750364922517,97
308,2020-04-16 09:55:40-04:00,211.18,211.09,211.181,211.08,37848,209.43,1587045340000000000,211.13284015007395,232
309,2020-04-16 09:55:45-04:00,211.08,211.08,211.09,211.06,16628,209.43,1587045345000000000,211.0742712172239,75
310,2020-04-16 09:55:50-04:00,211.08,211.16,211.16,211.0799,11865,209.43,1587045350000000000,211.12771723556668,59
311,2020-04-16 09:55:55-04:00,211.16,211.245,211.26,211.16,26586,209.43,1587045355000000000,211.2264899759272,126
312,2020-04-16 09:56:00-04:00,211.24,211.31,211.31,211.2101,20464,209.43,1587045360000000000,211.25511727912448,161
313,2020-04-16 09:56:05-04:00,211.31,211.35,211.36,211.14,94569,209.43,1587045365000000000,211.17911722128812,163
314,2020-04-16 09:56:10-04:00,211.35,211.32,211.37,211.32,10137,209.43,1587045370000000000,211.3475878169084,108
315,2020-04-16 09:56:15-04:00,211.3299,211.31,211.3299,211.3,7451,209.43,1587045375000000000,211.31682951281698,57
316,2020-04-16 09:56:20-04:00,211.285,211.27,211.285,211.2536,6424,209.43,1587045380000000000,211.26865535491905,47
317,2020-04-16 09:56:25-04:00,211.26,211.2654,211.2654,211.2401,3114,209.43,1587045385000000000,211.2551958574181,34
318,2020-04-16 09:56:30-04:00,211.27,211.35,211.35,211.27,34131,209.43,1587045390000000000,211.29369565790626,244
319,2020-04-16 09:56:35-04:00,211.35,211.414,211.42,211.33,10948,209.43,1587045395000000000,211.36443583302903,111
320,2020-04-16 09:56:40-04:00,211.42,211.33,211.43,211.33,50543,209.43,1587045400000000000,211.39419689571253,348
321,2020-04-16 09:56:45-04:00,211.34,211.32,211.38,211.32,6542,209.43,1587045405000000000,211.3582100275146,80
322,2020-04-16 09:56:50-04:00,211.33,211.27,211.335,211.27,8636,209.43,1587045410000000000,211.3114993052339,69
323,2020-04-16 09:56:55-04:00,211.3,211.33,211.33,211.3,6928,209.43,1587045415000000000,211.32133244803686,65
324,2020-04-16 09:57:00-04:00,211.33,211.23,211.35,211.23,46240,209.43,1587045420000000000,211.31774111375415,310
325,2020-04-16 09:57:05-04:00,211.24,211.115,211.25,211.11,39779,209.43,1587045425000000000,211.1736194197945,285
326,2020-04-16 09:57:10-04:00,211.1,211.11,211.13,211.1,25271,209.43,1587045430000000000,211.1123749950541,159
327,2020-04-16 09:57:15-04:00,211.11,211.17,211.17,211.1,27536,209.43,1587045435000000000,211.11974972762945,189
328,2020-04-16 09:57:20-04:00,211.18,211.14,211.2,211.14,13854,209.43,1587045440000000000,211.16765287281638,111
329,2020-04-16 09:57:25-04:00,211.14,211.01,211.17,211.01,33515,209.43,1587045445000000000,211.07220668357402,244
330,2020-04-16 09:57:30-04:00,211.01,211,211.03,211,9113,209.43,1587045450000000000,211.0124723471965,92
331,2020-04-16 09:57:35-04:00,211.02,210.98,211.02,210.96,16038,209.43,1587045455000000000,210.98197329467496,133
332,2020-04-16 09:57:40-04:00,210.98,211.007,211.01,210.97,8205,209.43,1587045460000000000,210.98996404631308,84
333,2020-04-16 09:57:45-04:00,211.01,211.06,211.08,210.96,37479,209.43,1587045465000000000,211.00264114570817,223
334,2020-04-16 09:57:50-04:00,211.08,211.16,211.17,211.075,22934,209.43,1587045470000000000,211.13404959884897,174
335,2020-04-16 09:57:55-04:00,211.175,211.14,211.175,211.12,8005,209.43,1587045475000000000,211.1450306058714,82
336,2020-04-16 09:58:00-04:00,211.13,211.13,211.139,211.08,10137,209.43,1587045480000000000,211.10217357206287,96
337,2020-04-16 09:58:05-04:00,211.13,211.04,211.137,211.04,36990,209.43,1587045485000000000,211.07787468234685,272
338,2020-04-16 09:58:10-04:00,211.05,211.03,211.06,211.03,23249,209.43,1587045490000000000,211.04525674222586,166
339,2020-04-16 09:58:15-04:00,211.03,211,211.04,210.97,20087,209.43,1587045495000000000,210.99741431273978,170
340,2020-04-16 09:58:20-04:00,210.985,210.99,211.01,210.98,28396,209.43,1587045500000000000,210.98979997182684,177
341,2020-04-16 09:58:25-04:00,211.0001,211.01,211.03,211,22308,209.43,1587045505000000000,211.00601457772996,159
342,2020-04-16 09:58:30-04:00,211.01,210.95,211.03,210.95,350519,209.43,1587045510000000000,209.49134257515294,202
343,2020-04-16 09:58:35-04:00,210.97,210.92,210.97,210.88,48367,209.43,1587045515000000000,210.91327469969195,241
344,2020-04-16 09:58:40-04:00,210.92,210.91,210.931,210.895,10972,209.43,1587045520000000000,210.91194927998544,83
345,2020-04-16 09:58:45-04:00,210.93,210.93,210.96,210.91,7407,209.43,1587045525000000000,210.93275905224783,62
346,2020-04-16 09:58:50-04:00,210.93,210.9,210.945,210.865,16014,209.43,1587045530000000000,210.90368715498937,122
347,2020-04-16 09:58:55-04:00,210.9036,210.94,210.96,210.86,5997,209.43,1587045535000000000,210.90704202101048,40
348,2020-04-16 09:59:00-04:00,210.94,211,211,210.94,34668,209.43,1587045540000000000,210.96489056478597,285
349,2020-04-16 09:59:05-04:00,211,210.96,211.05,210.94,19261,209.43,1587045545000000000,210.96731198795493,147
350,2020-04-16 09:59:10-04:00,210.96,210.9677,211.01,210.955,15095,209.43,1587045550000000000,210.9887769990064,138
351,2020-04-16 09:59:15-04:00,211,210.99,211.01,210.98,14939,209.43,1587045555000000000,211.0030715777497,106
352,2020-04-16 09:59:20-04:00,210.99,210.98,211.0392,210.975,20764,209.43,1587045560000000000,210.99392777884827,156
353,2020-04-16 09:59:25-04:00,210.9899,211.01,211.03,210.98,11011,209.43,1587045565000000000,211.00405277449818,93
354,2020-04-16 09:59:30-04:00,211.01,211,211.05,210.98,10394,209.43,1587045570000000000,211.01231633634794,89
355,2020-04-16 09:59:35-04:00,210.98,210.96,210.99,210.96,13627,209.43,1587045575000000000,210.9755484259192,194
356,2020-04-16 09:59:40-04:00,210.96,210.92,211,210.92,15911,209.43,1587045580000000000,210.95723965809813,120
357,2020-04-16 09:59:45-04:00,210.92,210.88,210.93,210.86,14794,209.43,1587045585000000000,210.89275192645678,148
358,2020-04-16 09:59:50-04:00,210.8817,210.83,210.89,210.82,22615,209.43,1587045590000000000,210.84713614415222,202
359,2020-04-16 09:59:55-04:00,210.83,210.89,210.89,210.83,20431,209.43,1587045595000000000,210.84789850227577,159
360,2020-04-16 10:00:00-04:00,210.89,211,211,210.85,38156,209.43,1587045600000000000,210.89976303071626,302
361,2020-04-16 10:00:05-04:00,211.01,211.06,211.08,210.97,28152,209.43,1587045605000000000,211.05187058113097,240
362,2020-04-16 10:00:10-04:00,211.06,210.97,211.075,210.96,25051,209.43,1587045610000000000,211.00162108897828,185
363,2020-04-16 10:00:15-04:00,210.98,211.04,211.06,210.98,11153,209.43,1587045615000000000,211.0316446875283,120
364,2020-04-16 10:00:20-04:00,211.04,211.0366,211.09,211.0366,11215,209.43,1587045620000000000,211.0599043513152,66
365,2020-04-16 10:00:25-04:00,211.025,210.92,211.025,210.92,17754,209.43,1587045625000000000,210.9817995493973,122
366,2020-04-16 10:00:30-04:00,210.96,211.03,211.04,210.96,6638,209.43,1587045630000000000,211.00957945164205,41
367,2020-04-16 10:00:35-04:00,211.045,211,211.05,211,18300,209.43,1587045635000000000,211.03058086885258,95
368,2020-04-16 10:00:40-04:00,210.99,211.07,211.07,210.99,3177,209.43,1587045640000000000,211.04496033994337,34
369,2020-04-16 10:00:45-04:00,211.07,211.09,211.1331,211.02,30961,209.43,1587045645000000000,211.0885065986242,170
370,2020-04-16 10:00:50-04:00,211.1,211.04,211.105,211.03,8424,209.43,1587045650000000000,211.06040649335236,89
371,2020-04-16 10:00:55-04:00,211.07,211.13,211.15,211.025,54117,209.43,1587045655000000000,211.08893575401424,394
372,2020-04-16 10:01:00-04:00,211.13,210.95,211.13,210.94,44824,209.43,1587045660000000000,211.01539638363383,396
373,2020-04-16 10:01:05-04:00,210.94,210.83,210.94,210.83,19880,209.43,1587045665000000000,210.88132155432604,141
374,2020-04-16 10:01:10-04:00,210.84,210.8,210.85,210.73,28507,209.43,1587045670000000000,210.78722743887465,228
375,2020-04-16 10:01:15-04:00,210.8,210.85,210.87,210.8,9391,209.43,1587045675000000000,210.82557396443408,87
376,2020-04-16 10:01:20-04:00,210.86,210.91,210.94,210.86,9058,209.43,1587045680000000000,210.92412701479353,70
377,2020-04-16 10:01:25-04:00,210.89,210.88,210.92,210.86,11695,209.43,1587045685000000000,210.88412035057723,64
378,2020-04-16 10:01:30-04:00,210.89,210.9,210.93,210.87,10734,209.43,1587045690000000000,210.8980051704863,92
379,2020-04-16 10:01:35-04:00,210.89,210.86,210.89,210.84,13893,209.43,1587045695000000000,210.86385922406998,101
380,2020-04-16 10:01:40-04:00,210.84,210.8499,210.87,210.815,11047,209.43,1587045700000000000,210.84234171268213,52
381,2020-04-16 10:01:45-04:00,210.86,210.8199,210.87,210.81,8314,209.43,1587045705000000000,210.84936734423866,58
382,2020-04-16 10:01:50-04:00,210.82,210.83,210.86,210.81,7071,209.43,1587045710000000000,210.83904047518027,72
383,2020-04-16 10:01:55-04:00,210.82,210.7601,210.83,210.76,14043,209.43,1587045715000000000,210.78802614113795,80
384,2020-04-16 10:02:00-04:00,210.76,210.59,210.77,210.59,30398,209.43,1587045720000000000,210.6932208895321,219
385,2020-04-16 10:02:05-04:00,210.58,210.56,210.62,210.53,17196,209.43,1587045725000000000,210.57030779832527,150
386,2020-04-16 10:02:10-04:00,210.59,210.63,210.65,210.58,16482,209.43,1587045730000000000,210.61316116369363,148
387,2020-04-16 10:02:15-04:00,210.63,210.68,210.68,210.59,25734,209.43,1587045735000000000,210.62217525064116,182
388,2020-04-16 10:02:20-04:00,210.68,210.56,210.7,210.55,24467,209.43,1587045740000000000,210.6147908407242,181
389,2020-04-16 10:02:25-04:00,210.555,210.5,210.555,210.49,16728,209.43,1587045745000000000,210.51688067312273,148
390,2020-04-16 10:02:30-04:00,210.5,210.43,210.5008,210.43,17484,209.43,1587045750000000000,210.4730147220315,131
391,2020-04-16 10:02:35-04:00,210.45,210.4499,210.47,210.43,10173,209.43,1587045755000000000,210.4485737540547,111
392,2020-04-16 10:02:40-04:00,210.47,210.52,210.5398,210.47,15146,209.43,1587045760000000000,210.51425705796927,100
393,2020-04-16 10:02:45-04:00,210.52,210.47,210.5764,210.46,30275,209.43,1587045765000000000,210.5246243203964,173
394,2020-04-16 10:02:50-04:00,210.4577,210.41,210.4577,210.4,15738,209.43,1587045770000000000,210.42792310331674,104
395,2020-04-16 10:02:55-04:00,210.465,210.4066,210.465,210.4,7916,209.43,1587045775000000000,210.41439464375935,72
396,2020-04-16 10:03:00-04:00,210.4,210.46,210.4799,210.4,6583,209.43,1587045780000000000,210.44186974024007,64
397,2020-04-16 10:03:05-04:00,210.48,210.52,210.52,210.48,9604,209.43,1587045785000000000,210.49818227821737,90
398,2020-04-16 10:03:10-04:00,210.51,210.49,210.55,210.49,23228,209.43,1587045790000000000,210.5198724255208,181
399,2020-04-16 10:03:15-04:00,210.471,210.49,210.493,210.43,6883,209.43,1587045795000000000,210.4591496004647,64
400,2020-04-16 10:03:20-04:00,210.47,210.46,210.52,210.45,14692,209.43,1587045800000000000,210.48551112169892,114
401,2020-04-16 10:03:25-04:00,210.47,210.37,210.47,210.37,32437,209.43,1587045805000000000,210.40480762709237,169
402,2020-04-16 10:03:30-04:00,210.3718,210.39,210.4,210.34,17632,209.43,1587045810000000000,210.37752193738652,129
403,2020-04-16 10:03:35-04:00,210.37,210.277,210.38,210.277,32403,209.43,1587045815000000000,210.3231621454803,216
404,2020-04-16 10:03:40-04:00,210.27,210.24,210.28,210.21,30492,209.43,1587045820000000000,210.23039522169782,276
405,2020-04-16 10:03:45-04:00,210.245,210.21,210.29,210.18,37556,209.43,1587045825000000000,210.2190955692834,218
406,2020-04-16 10:03:50-04:00,210.215,210.285,210.31,210.21,16161,209.43,1587045830000000000,210.27578050244426,107
407,2020-04-16 10:03:55-04:00,210.29,210.29,210.3,210.26,13243,209.43,1587045835000000000,210.28420599562023,115
408,2020-04-16 10:04:00-04:00,210.3,210.33,210.36,210.265,34321,209.43,1587045840000000000,210.30827185979422,252
409,2020-04-16 10:04:05-04:00,210.32,210.35,210.38,210.3164,18452,209.43,1587045845000000000,210.36034629308503,71
410,2020-04-16 10:04:10-04:00,210.35,210.3488,210.3899,210.335,8928,209.43,1587045850000000000,210.36235987903217,64
411,2020-04-16 10:04:15-04:00,210.34,210.25,210.34,210.25,67317,209.43,1587045855000000000,210.2888092755168,283
412,2020-04-16 10:04:20-04:00,210.24,210.25,210.25,210.2,18628,209.43,1587045860000000000,210.2293340831006,113
413,2020-04-16 10:04:25-04:00,210.2414,210.21,210.27,210.17,22459,209.43,1587045865000000000,210.21049983525538,124
414,2020-04-16 10:04:30-04:00,210.2,210.195,210.23,210.19,26402,209.43,1587045870000000000,210.2071343648209,138
415,2020-04-16 10:04:35-04:00,210.19,210.19,210.2,210.17,5293,209.43,1587045875000000000,210.18638148498016,35
416,2020-04-16 10:04:40-04:00,210.19,210.16,210.205,210.14,7857,209.43,1587045880000000000,210.17097025582268,67
417,2020-04-16 10:04:45-04:00,210.17,210.16,210.17,210.14,19999,209.43,1587045885000000000,210.16305085254265,111
418,2020-04-16 10:04:50-04:00,210.16,210.08,210.16,210.045,51209,209.43,1587045890000000000,210.11230283348627,389
419,2020-04-16 10:04:55-04:00,210.07,210.01,210.07,209.98,32268,209.43,1587045895000000000,210.01490414032443,430
420,2020-04-16 10:05:00-04:00,210.01,210.15,210.15,210.01,22827,209.43,1587045900000000000,210.04730604109173,214
421,2020-04-16 10:05:05-04:00,210.1599,210.1049,210.16,210.0901,15958,209.43,1587045905000000000,210.1386069557588,51
422,2020-04-16 10:05:10-04:00,210.11,210.07,210.1872,210.07,13056,209.43,1587045910000000000,210.12873432138477,111
423,2020-04-16 10:05:15-04:00,210.07,210.0942,210.1,210.05,4415,209.43,1587045915000000000,210.0812496715742,52
424,2020-04-16 10:05:20-04:00,210.1,210.16,210.16,210.09,10254,209.43,1587045920000000000,210.1113267115273,90
425,2020-04-16 10:05:25-04:00,210.15,210.1,210.16,210.0909,10738,209.43,1587045925000000000,210.11213659899428,95
426,2020-04-16 10:05:30-04:00,210.1,210.11,210.11,210.08,40512,209.43,1587045930000000000,210.09985263131952,207
427,2020-04-16 10:05:35-04:00,210.14,210.13,210.16,210.13,6893,209.43,1587045935000000000,210.14157290004354,77
428,2020-04-16 10:05:40-04:00,210.14,210.1201,210.14,210.0999,13786,209.43,1587045940000000000,210.11066278108225,89
429,2020-04-16 10:05:45-04:00,210.12,210.17,210.18,210.12,13031,209.43,1587045945000000000,210.16285481544003,70
430,2020-04-16 10:05:50-04:00,210.18,210.24,210.27,210.18,20044,209.43,1587045950000000000,210.2382010127719,118
431,2020-04-16 10:05:55-04:00,210.25,210.32,210.32,210.23,15008,209.43,1587045955000000000,210.26501981609823,78
432,2020-04-16 10:06:00-04:00,210.31,210.26,210.3398,210.26,9687,209.43,1587045960000000000,210.3131147930215,87
433,2020-04-16 10:06:05-04:00,210.27,210.3168,210.3232,210.27,13535,209.43,1587045965000000000,210.28852543775415,59
434,2020-04-16 10:06:10-04:00,210.31,210.33,210.34,210.3004,7964,209.43,1587045970000000000,210.3225548719236,49
435,2020-04-16 10:06:15-04:00,210.32,210.31,210.3501,210.31,8567,209.43,1587045975000000000,210.32639261118246,68
436,2020-04-16 10:06:20-04:00,210.3,210.335,210.335,210.3,1572,209.43,1587045980000000000,210.313833778626,15
437,2020-04-16 10:06:25-04:00,210.37,210.42,210.425,210.37,4514,209.43,1587045985000000000,210.3929246787771,54
438,2020-04-16 10:06:30-04:00,210.4077,210.46,210.46,210.39,10241,209.43,1587045990000000000,210.4406066204472,41
439,2020-04-16 10:06:35-04:00,210.46,210.45,210.47,210.405,5491,209.43,1587045995000000000,210.4234148606811,30
440,2020-04-16 10:06:40-04:00,210.4477,210.4316,210.49,210.42,7744,209.43,1587046000000000000,210.44904810175612,59
441,2020-04-16 10:06:45-04:00,210.4369,210.44,210.44,210.4,14485,209.43,1587046005000000000,210.41045674836042,70
442,2020-04-16 10:06:50-04:00,210.4401,210.39,210.4401,210.38,5040,209.43,1587046010000000000,210.4073218650793,37
443,2020-04-16 10:06:55-04:00,210.37,210.34,210.37,210.32,4365,209.43,1587046015000000000,210.34601603665521,32
444,2020-04-16 10:07:00-04:00,210.34,210.37,210.37,210.2762,20086,209.43,1587046020000000000,210.3129901125163,95
445,2020-04-16 10:07:05-04:00,210.36,210.4354,210.449,210.355,5215,209.43,1587046025000000000,210.4098383509109,48
446,2020-04-16 10:07:10-04:00,210.45,210.44,210.47,210.44,9790,209.43,1587046030000000000,210.45516103166509,66
447,2020-04-16 10:07:15-04:00,210.445,210.41,210.5,210.41,14807,209.43,1587046035000000000,210.4792962787871,100
448,2020-04-16 10:07:20-04:00,210.3901,210.4,210.409,210.36,5265,209.43,1587046040000000000,210.39243407407412,55
449,2020-04-16 10:07:25-04:00,210.4,210.4,210.42,210.38,9360,209.43,1587046045000000000,210.40226472222224,65
450,2020-04-16 10:07:30-04:00,210.44,210.4299,210.4466,210.41,9130,209.43,1587046050000000000,210.42769017524645,70
451,2020-04-16 10:07:35-04:00,210.43,210.41,210.45,210.41,3962,209.43,1587046055000000000,210.42462314487634,27
452,2020-04-16 10:07:40-04:00,210.42,210.42,210.42,210.4,2227,209.43,1587046060000000000,210.41577274360125,34
453,2020-04-16 10:07:45-04:00,210.4,210.49,210.49,210.4,3164,209.43,1587046065000000000,210.44897629582806,36
454,2020-04-16 10:07:50-04:00,210.495,210.52,210.54,210.49,7859,209.43,1587046070000000000,210.50167906858374,61
455,2020-04-16 10:07:55-04:00,210.55,210.6013,210.6398,210.55,12746,209.43,1587046075000000000,210.60151820178876,100
456,2020-04-16 10:08:00-04:00,210.61,210.67,210.68,210.6,29749,209.43,1587046080000000000,210.63461536522277,196
457,2020-04-16 10:08:05-04:00,210.68,210.66,210.72,210.66,16920,209.43,1587046085000000000,210.68376476950357,164
458,2020-04-16 10:08:10-04:00,210.66,210.7,210.7,210.64,9064,209.43,1587046090000000000,210.67309466019424,77
459,2020-04-16 10:08:15-04:00,210.71,210.71,210.73,210.7,15966,209.43,1587046095000000000,210.71565965176006,97
460,2020-04-16 10:08:20-04:00,210.67,210.65,210.67,210.63,26813,209.43,1587046100000000000,210.65175405959818,152
461,2020-04-16 10:08:25-04:00,210.64,210.61,210.655,210.61,9239,209.43,1587046105000000000,210.63767497564675,46
462,2020-04-16 10:08:30-04:00,210.61,210.59,210.6301,210.58,7569,209.43,1587046110000000000,210.59905667855725,91
463,2020-04-16 10:08:35-04:00,210.61,210.585,210.61,210.56,16559,209.43,1587046115000000000,210.60061938522867,103
464,2020-04-16 10:08:40-04:00,210.58,210.6,210.61,210.58,3673,209.43,1587046120000000000,210.5928598693166,38
465,2020-04-16 10:08:45-04:00,210.64,210.6301,210.67,210.62,3259,209.43,1587046125000000000,210.64004034980059,33
466,2020-04-16 10:08:50-04:00,210.628,210.59,210.64,210.59,2014,209.43,1587046130000000000,210.62441608738825,21
467,2020-04-16 10:08:55-04:00,210.59,210.5801,210.59,210.56,6692,209.43,1587046135000000000,210.58175590257028,32
468,2020-04-16 10:09:00-04:00,210.56,210.6,210.6126,210.56,5121,209.43,1587046140000000000,210.58479535247028,54
469,2020-04-16 10:09:05-04:00,210.602,210.55,210.602,210.55,3392,209.43,1587046145000000000,210.57104952830187,35
470,2020-04-16 10:09:10-04:00,210.54,210.52,210.54,210.51,4183,209.43,1587046150000000000,210.5187520918002,47
471,2020-04-16 10:09:15-04:00,210.51,210.52,210.52,210.47,10746,209.43,1587046155000000000,210.48459797133825,95
472,2020-04-16 10:09:20-04:00,210.5,210.4836,210.52,210.44,4599,209.43,1587046160000000000,210.47954500978472,47
473,2020-04-16 10:09:25-04:00,210.48,210.44,210.506,210.44,8704,209.43,1587046165000000000,210.47529289981614,53
474,2020-04-16 10:09:30-04:00,210.44,210.38,210.46,210.38,24120,209.43,1587046170000000000,210.42492497927043,134
475,2020-04-16 10:09:35-04:00,210.37,210.39,210.39,210.37,4074,209.43,1587046175000000000,210.37865365733916,48
476,2020-04-16 10:09:40-04:00,210.38,210.43,210.44,210.37,14460,209.43,1587046180000000000,210.39471434993104,123
477,2020-04-16 10:09:45-04:00,210.43,210.41,210.43,210.39,4478,209.43,1587046185000000000,210.4151758597588,41
478,2020-04-16 10:09:50-04:00,210.4,210.47,210.47,210.38,8745,209.43,1587046190000000000,210.42458719268154,74
479,2020-04-16 10:09:55-04:00,210.46,210.4,210.46,210.39,6619,209.43,1587046195000000000,210.40361365765222,35
480,2020-04-16 10:10:00-04:00,210.42,210.34,210.4441,210.34,9287,209.43,1587046200000000000,210.40877668784324,87
481,2020-04-16 10:10:05-04:00,210.34,210.3,210.34,210.28,12132,209.43,1587046205000000000,210.3051589350479,105
482,2020-04-16 10:10:10-04:00,210.2967,210.28,210.32,210.2244,3361,209.43,1587046210000000000,210.2754598036299,52
483,2020-04-16 10:10:15-04:00,210.28,210.18,210.28,210.17,10859,209.43,1587046215000000000,210.20999962243317,68
484,2020-04-16 10:10:20-04:00,210.18,210.23,210.23,210.18,5628,209.43,1587046220000000000,210.20410812011374,54
485,2020-04-16 10:10:25-04:00,210.24,210.2081,210.24,210.2081,11642,209.43,1587046225000000000,210.22747729771507,98
486,2020-04-16 10:10:30-04:00,210.2092,210.18,210.21,210.16,12931,209.43,1587046230000000000,210.19239847652943,75
487,2020-04-16 10:10:35-04:00,210.19,210.14,210.2,210.12,5146,209.43,1587046235000000000,210.14564255732603,69
488,2020-04-16 10:10:40-04:00,210.14,210.2,210.21,210.12,14978,209.43,1587046240000000000,210.17397210575496,136
489,2020-04-16 10:10:45-04:00,210.17,210.12,210.175,210.1101,9757,209.43,1587046245000000000,210.15617402890226,67
490,2020-04-16 10:10:50-04:00,210.13,210.11,210.14,210.1,14043,209.43,1587046250000000000,210.11689475183366,115
491,2020-04-16 10:10:55-04:00,210.11,210.14,210.14,210.08,12622,209.43,1587046255000000000,210.11166823799687,108
492,2020-04-16 10:11:00-04:00,210.13,210.24,210.27,210.12,35137,209.43,1587046260000000000,210.18477192418257,274
493,2020-04-16 10:11:05-04:00,210.23,210.29,210.29,210.23,18977,209.43,1587046265000000000,210.26696237550723,177
494,2020-04-16 10:11:10-04:00,210.28,210.16,210.28,210.15,9218,209.43,1587046270000000000,210.2191618897809,93
495,2020-04-16 10:11:15-04:00,210.15,210.08,210.16,210.08,22525,209.43,1587046275000000000,210.13271560488369,134
496,2020-04-16 10:11:20-04:00,210.075,210.065,210.075,210.035,12209,209.43,1587046280000000000,210.06431277745932,66
497,2020-04-16 10:11:25-04:00,210.045,210.09,210.09,210.045,4434,209.43,1587046285000000000,210.06834212900313,33
498,2020-04-16 10:11:30-04:00,210.08,210.0998,210.12,210.05,13089,209.43,1587046290000000000,210.0824881656353,128
499,2020-04-16 10:11:35-04:00,210.0999,210.09,210.0999,210.06,4751,209.43,1587046295000000000,210.07893978109877,63
500,2020-04-16 10:11:40-04:00,210.09,210.09,210.12,210.08,8757,209.43,1587046300000000000,210.10406796848252,63
501,2020-04-16 10:11:45-04:00,210.0984,210.1277,210.13,210.0984,7031,209.43,1587046305000000000,210.12059237661782,80
502,2020-04-16 10:11:50-04:00,210.11,210.04,210.11,210.03,13857,209.43,1587046310000000000,210.06227213682627,105
503,2020-04-16 10:11:55-04:00,210.05,210.01,210.08,210.01,7440,209.43,1587046315000000000,210.05464516129027,70
504,2020-04-16 10:12:00-04:00,210,209.92,210.01,209.92,25651,209.43,1587046320000000000,209.97799327511603,169
505,2020-04-16 10:12:05-04:00,209.92,209.93,209.95,209.91,13822,209.43,1587046325000000000,209.92651696570675,122
506,2020-04-16 10:12:10-04:00,209.9301,209.8624,209.96,209.84,22320,209.43,1587046330000000000,209.89137564964156,174
507,2020-04-16 10:12:15-04:00,209.86,209.8799,209.8861,209.85,11092,209.43,1587046335000000000,209.8710758745041,65
508,2020-04-16 10:12:20-04:00,209.87,209.8533,209.875,209.85,9532,209.43,1587046340000000000,209.86613014057914,91
509,2020-04-16 10:12:25-04:00,209.86,209.8699,209.89,209.85,6504,209.43,1587046345000000000,209.87107572263218,63
510,2020-04-16 10:12:30-04:00,209.86,209.865,209.88,209.81,21599,209.43,1587046350000000000,209.85738451317184,167
511,2020-04-16 10:12:35-04:00,209.87,209.9,209.92,209.86,17244,209.43,1587046355000000000,209.88200769543016,160
512,2020-04-16 10:12:40-04:00,209.92,209.91,209.94,209.8807,10437,209.43,1587046360000000000,209.9126744275175,64
513,2020-04-16 10:12:45-04:00,209.91,209.89,209.94,209.8869,5746,209.43,1587046365000000000,209.91104366515833,53
514,2020-04-16 10:12:50-04:00,209.875,209.84,209.875,209.81,5819,209.43,1587046370000000000,209.84087386148823,58
515,2020-04-16 10:12:55-04:00,209.83,209.72,209.85,209.72,19713,209.43,1587046375000000000,209.77058971237255,109
516,2020-04-16 10:13:00-04:00,209.7101,209.8,209.82,209.7101,9550,209.43,1587046380000000000,209.7499945026179,58
517,2020-04-16 10:13:05-04:00,209.7799,209.79,209.82,209.76,22064,209.43,1587046385000000000,209.7872784762508,165
518,2020-04-16 10:13:10-04:00,209.79,209.81,209.83,209.78,17208,209.43,1587046390000000000,209.8070576417944,106
519,2020-04-16 10:13:15-04:00,209.82,209.79,209.86,209.78,25109,209.43,1587046395000000000,209.83222908120595,138
520,2020-04-16 10:13:20-04:00,209.79,209.77,209.8,209.76,21648,209.43,1587046400000000000,209.77776206116036,173
521,2020-04-16 10:13:25-04:00,209.7799,209.725,209.7799,209.69,18095,209.43,1587046405000000000,209.7077403426362,90
522,2020-04-16 10:13:30-04:00,209.73,209.77,209.78,209.71,18309,209.43,1587046410000000000,209.74636275602165,101
523,2020-04-16 10:13:35-04:00,209.775,209.78,209.81,209.775,6841,209.43,1587046415000000000,209.7868355649758,84
524,2020-04-16 10:13:40-04:00,209.7886,209.76,209.81,209.76,19973,209.43,1587046420000000000,209.79478655685165,67
525,2020-04-16 10:13:45-04:00,209.75,209.74,209.75,209.72,4817,209.43,1587046425000000000,209.74232298110863,54
526,2020-04-16 10:13:50-04:00,209.73,209.8,209.8,209.73,6426,209.43,1587046430000000000,209.774847230003,69
527,2020-04-16 10:13:55-04:00,209.8,209.8,209.81,209.78,10937,209.43,1587046435000000000,209.7998854896224,61
528,2020-04-16 10:14:00-04:00,209.79,209.84,209.85,209.79,20789,209.43,1587046440000000000,209.82716325941598,137
529,2020-04-16 10:14:05-04:00,209.84,209.835,209.88,209.83,31797,209.43,1587046445000000000,209.86841272447032,188
530,2020-04-16 10:14:10-04:00,209.83,209.865,209.88,209.83,10061,209.43,1587046450000000000,209.86167880926348,57
531,2020-04-16 10:14:15-04:00,209.86,209.9501,209.96,209.8589,28944,209.43,1587046455000000000,209.9344605237699,175
532,2020-04-16 10:14:20-04:00,209.959,209.972,209.99,209.959,7610,209.43,1587046460000000000,209.97863580814717,48
533,2020-04-16 10:14:25-04:00,209.98,209.97,210,209.96,29605,209.43,1587046465000000000,209.99422029386912,149
534,2020-04-16 10:14:30-04:00,209.98,209.98,209.9999,209.9658,3441,209.43,1587046470000000000,209.98413891310656,36
535,2020-04-16 10:14:35-04:00,209.9899,209.96,210,209.96,12305,209.43,1587046475000000000,209.97589627793573,91
536,2020-04-16 10:14:40-04:00,209.935,209.99,209.99,209.935,9317,209.43,1587046480000000000,209.95035430932705,50
537,2020-04-16 10:14:45-04:00,210,210.04,210.05,209.97,27901,209.43,1587046485000000000,210.00439579584966,154
538,2020-04-16 10:14:50-04:00,210.0499,210.02,210.09,210.01,21392,209.43,1587046490000000000,210.05262644913975,108
539,2020-04-16 10:14:55-04:00,210.01,209.98,210.04,209.9735,13700,209.43,1587046495000000000,210.01679435036488,106
540,2020-04-16 10:15:00-04:00,209.99,210.06,210.07,209.99,5557,209.43,1587046500000000000,210.0189062443765,47
541,2020-04-16 10:15:05-04:00,210.0699,210.14,210.145,210.0699,3912,209.43,1587046505000000000,210.11507323619625,39
542,2020-04-16 10:15:10-04:00,210.14,210.0599,210.16,210.05,12435,209.43,1587046510000000000,210.10970484117405,113
543,2020-04-16 10:15:15-04:00,210.04,210.03,210.04,210.01,6759,209.43,1587046515000000000,210.02842504808393,52
544,2020-04-16 10:15:20-04:00,210.04,210.0799,210.0799,210.02,13158,209.43,1587046520000000000,210.0469144854842,75
545,2020-04-16 10:15:25-04:00,210.08,210.1,210.115,210.08,5834,209.43,1587046525000000000,210.0932949434351,59
546,2020-04-16 10:15:30-04:00,210.0901,210.14,210.15,210.0901,2998,209.43,1587046530000000000,210.11968328885914,33
547,2020-04-16 10:15:35-04:00,210.1201,210.13,210.18,210.11,6242,209.43,1587046535000000000,210.15094520986858,68
548,2020-04-16 10:15:40-04:00,210.13,210.14,210.17,210.13,7389,209.43,1587046540000000000,210.14060008120157,72
549,2020-04-16 10:15:45-04:00,210.135,210.12,210.135,210.1,10289,209.43,1587046545000000000,210.1252050733794,93
550,2020-04-16 10:15:50-04:00,210.1202,210.14,210.15,210.1202,2656,209.43,1587046550000000000,210.1390139307229,36
551,2020-04-16 10:15:55-04:00,210.14,210.18,210.19,210.12,20313,209.43,1587046555000000000,210.16896453010398,115
552,2020-04-16 10:16:00-04:00,210.2,210.13,210.21,210.1203,10357,209.43,1587046560000000000,210.1626741527471,82
553,2020-04-16 10:16:05-04:00,210.14,210.18,210.19,210.137,8087,209.43,1587046565000000000,210.14883862989984,54
554,2020-04-16 10:16:10-04:00,210.1663,210.21,210.2103,210.14,2668,209.43,1587046570000000000,210.17588268365816,24
555,2020-04-16 10:16:15-04:00,210.22,210.14,210.2201,210.1,26489,209.43,1587046575000000000,210.1542605949638,155
556,2020-04-16 10:16:20-04:00,210.14,210.22,210.23,210.14,6383,209.43,1587046580000000000,210.20532433025215,71
557,2020-04-16 10:16:25-04:00,210.2022,210.19,210.22,210.18,11079,209.43,1587046585000000000,210.2011508890694,75
558,2020-04-16 10:16:30-04:00,210.19,210.18,210.2,210.17,7336,209.43,1587046590000000000,210.18731781624868,69
559,2020-04-16 10:16:35-04:00,210.1801,210.2,210.25,210.1801,17646,209.43,1587046595000000000,210.2049951830444,81
560,2020-04-16 10:16:40-04:00,210.2001,210.19,210.205,210.17,5989,209.43,1587046600000000000,210.19230038403737,44
561,2020-04-16 10:16:45-04:00,210.18,210.21,210.21,210.13,13491,209.43,1587046605000000000,210.16394127195912,72
562,2020-04-16 10:16:50-04:00,210.2,210.16,210.22,210.16,6314,209.43,1587046610000000000,210.18961439657892,57
563,2020-04-16 10:16:55-04:00,210.18,210.18,210.18,210.15,6065,209.43,1587046615000000000,210.16454036273697,48
564,2020-04-16 10:17:00-04:00,210.2,210.2913,210.3,210.2,17662,209.43,1587046620000000000,210.25983566413788,115
565,2020-04-16 10:17:05-04:00,210.3,210.32,210.33,210.25,9833,209.43,1587046625000000000,210.28644510322385,86
566,2020-04-16 10:17:10-04:00,210.32,210.32,210.35,210.3,14537,209.43,1587046630000000000,210.3252103941665,54
567,2020-04-16 10:17:15-04:00,210.35,210.39,210.39,210.34,7345,209.43,1587046635000000000,210.38147433628316,39
568,2020-04-16 10:17:20-04:00,210.38,210.2701,210.38,210.22,12104,209.43,1587046640000000000,210.29490457699924,102
569,2020-04-16 10:17:25-04:00,210.01,210.29,210.29,210.01,86356,209.43,1587046645000000000,210.04577059845298,60
570,2020-04-16 10:17:30-04:00,210.29,210.35,210.35,210.29,19823,209.43,1587046650000000000,210.3291291933612,184
571,2020-04-16 10:17:35-04:00,210.35,210.25,210.35,210.24,8286,209.43,1587046655000000000,210.28952317161475,81
572,2020-04-16 10:17:40-04:00,210.26,210.19,210.2601,210.1882,22430,209.43,1587046660000000000,210.23046192599173,136
573,2020-04-16 10:17:45-04:00,210.18,210.22,210.22,210.16,10224,209.43,1587046665000000000,210.18764524647887,106
574,2020-04-16 10:17:50-04:00,210.21,210.2215,210.23,210.2,6198,209.43,1587046670000000000,210.21404478864153,72
575,2020-04-16 10:17:55-04:00,210.22,210.34,210.34,210.22,24425,209.43,1587046675000000000,210.26872507676572,180
576,2020-04-16 10:18:00-04:00,210.34,210.38,210.39,210.34,18759,209.43,1587046680000000000,210.36749860866797,128
577,2020-04-16 10:18:05-04:00,210.39,210.44,210.46,210.39,12528,209.43,1587046685000000000,210.41439141922103,110
578,2020-04-16 10:18:10-04:00,210.44,210.5,210.5,210.44,9062,209.43,1587046690000000000,210.47874908408738,76
579,2020-04-16 10:18:15-04:00,210.49,210.48,210.51,210.47,21060,209.43,1587046695000000000,210.49249382716033,132
580,2020-04-16 10:18:20-04:00,210.47,210.47,210.49,210.46,13594,209.43,1587046700000000000,210.47229380609096,103
581,2020-04-16 10:18:25-04:00,210.4466,210.43,210.4466,210.405,7572,209.43,1587046705000000000,210.4372280110934,78
582,2020-04-16 10:18:30-04:00,210.42,210.4011,210.43,210.36,4383,209.43,1587046710000000000,210.4019064795802,38
583,2020-04-16 10:18:35-04:00,210.4367,210.48,210.51,210.435,20734,209.43,1587046715000000000,210.4658456689496,145
584,2020-04-16 10:18:40-04:00,210.47,210.49,210.55,210.46,31988,209.43,1587046720000000000,210.50698302488405,273
585,2020-04-16 10:18:45-04:00,210.51,210.53,210.53,210.4967,1748,209.43,1587046725000000000,210.51732128146458,16
586,2020-04-16 10:18:50-04:00,210.54,210.52,210.54,210.5101,2562,209.43,1587046730000000000,210.52009836065577,22
587,2020-04-16 10:18:55-04:00,210.53,210.53,210.54,210.52,6817,209.43,1587046735000000000,210.52343479536452,47
588,2020-04-16 10:19:00-04:00,210.55,210.47,210.56,210.46,13415,209.43,1587046740000000000,210.5090494595603,77
589,2020-04-16 10:19:05-04:00,210.475,210.46,210.51,210.458,17024,209.43,1587046745000000000,210.48651647673867,83
590,2020-04-16 10:19:10-04:00,210.5,210.5101,210.54,210.47,36250,209.43,1587046750000000000,210.50512639448328,284
591,2020-04-16 10:19:15-04:00,210.515,210.47,210.515,210.47,7974,209.43,1587046755000000000,210.49527819162287,45
592,2020-04-16 10:19:20-04:00,210.48,210.55,210.565,210.48,4339,209.43,1587046760000000000,210.53130518552663,42
593,2020-04-16 10:19:25-04:00,210.52,210.54,210.54,210.52,944,209.43,1587046765000000000,210.5331092161017,11
594,2020-04-16 10:19:30-04:00,210.54,210.5,210.54,210.5,3013,209.43,1587046770000000000,210.5227733820113,33
595,2020-04-16 10:19:35-04:00,210.5,210.5,210.52,210.49,3079,209.43,1587046775000000000,210.50650578109776,39
596,2020-04-16 10:19:40-04:00,210.51,210.56,210.57,210.5,6450,209.43,1587046780000000000,210.5284933023256,60
597,2020-04-16 10:19:45-04:00,210.555,210.5899,210.6,210.54,63391,209.43,1587046785000000000,210.57824302188033,371
598,2020-04-16 10:19:50-04:00,210.6,210.5401,210.6,210.54,3199,209.43,1587046790000000000,210.55120647077206,39
599,2020-04-16 10:19:55-04:00,210.54,210.57,210.57,210.54,3855,209.43,1587046795000000000,210.55416601815824,28
600,2020-04-16 10:20:00-04:00,210.57,210.54,210.57,210.4954,25275,209.43,1587046800000000000,210.53372327200773,171
601,2020-04-16 10:20:05-04:00,210.53,210.46,210.53,210.43,9822,209.43,1587046805000000000,210.46788976786812,79
602,2020-04-16 10:20:10-04:00,210.4701,210.49,210.49,210.4701,1359,209.43,1587046810000000000,210.4823137601177,19
603,2020-04-16 10:20:15-04:00,210.5164,210.51,210.5366,210.5,23908,209.43,1587046815000000000,210.51046910657547,149
604,2020-04-16 10:20:20-04:00,210.56,210.59,210.596,210.55,10067,209.43,1587046820000000000,210.5770390781763,73
605,2020-04-16 10:20:25-04:00,210.595,210.67,210.68,210.595,12760,209.43,1587046825000000000,210.64620104231983,116
606,2020-04-16 10:20:30-04:00,210.66,210.7032,210.71,210.65,6717,209.43,1587046830000000000,210.68689757332157,95
607,2020-04-16 10:20:35-04:00,210.71,210.72,210.72,210.67,5360,209.43,1587046835000000000,210.70811884328367,42
608,2020-04-16 10:20:40-04:00,210.74,210.77,210.79,210.74,26661,209.43,1587046840000000000,210.76743262068192,114
609,2020-04-16 10:20:45-04:00,210.7535,210.75,210.77,210.73,3942,209.43,1587046845000000000,210.7547053779807,44
610,2020-04-16 10:20:50-04:00,210.77,210.785,210.82,210.77,17573,209.43,1587046850000000000,210.79620366471283,81
611,2020-04-16 10:20:55-04:00,210.79,210.73,210.79,210.72,3851,209.43,1587046855000000000,210.7498278369255,36
612,2020-04-16 10:21:00-04:00,210.75,210.7,210.75,210.67,12620,209.43,1587046860000000000,210.70308083993663,66
613,2020-04-16 10:21:05-04:00,210.7,210.75,210.75,210.68,7133,209.43,1587046865000000000,210.71610128977983,55
614,2020-04-16 10:21:10-04:00,210.76,210.77,210.8,210.75,4686,209.43,1587046870000000000,210.77694022620574,61
615,2020-04-16 10:21:15-04:00,210.79,210.78,210.8,210.77,3411,209.43,1587046875000000000,210.7836592788038,38
616,2020-04-16 10:21:20-04:00,210.77,210.76,210.77,210.73,2081,209.43,1587046880000000000,210.75233185968284,20
617,2020-04-16 10:21:25-04:00,210.74,210.77,210.78,210.73,2485,209.43,1587046885000000000,210.7557279678069,29
618,2020-04-16 10:21:30-04:00,210.78,210.7348,210.79,210.71,4220,209.43,1587046890000000000,210.75410758293842,49
619,2020-04-16 10:21:35-04:00,210.74,210.73,210.77,210.6999,8950,209.43,1587046895000000000,210.72355423463685,84
620,2020-04-16 10:21:40-04:00,210.7299,210.755,210.76,210.725,1925,209.43,1587046900000000000,210.73673366233766,19
621,2020-04-16 10:21:45-04:00,210.75,210.7,210.75,210.7,3609,209.43,1587046905000000000,210.72208340260462,29
622,2020-04-16 10:21:50-04:00,210.69,210.708,210.708,210.66,14014,209.43,1587046910000000000,210.67108812615965,58
623,2020-04-16 10:21:55-04:00,210.6901,210.71,210.74,210.6901,5203,209.43,1587046915000000000,210.7099707668653,28
624,2020-04-16 10:22:00-04:00,210.71,210.69,210.71,210.68,1873,209.43,1587046920000000000,210.68974949279226,28
625,2020-04-16 10:22:05-04:00,210.68,210.72,210.75,210.68,7373,209.43,1587046925000000000,210.7187718703376,57
626,2020-04-16 10:22:10-04:00,210.72,210.79,210.79,210.72,5764,209.43,1587046930000000000,210.74974982650937,30
627,2020-04-16 10:22:15-04:00,210.8,210.74,210.8,210.74,6801,209.43,1587046935000000000,210.77138339950017,53
628,2020-04-16 10:22:20-04:00,210.75,210.78,210.78,210.73,3536,209.43,1587046940000000000,210.7521841628959,24
629,2020-04-16 10:22:25-04:00,210.78,210.8,210.81,210.7702,3817,209.43,1587046945000000000,210.79846468430702,41
630,2020-04-16 10:22:30-04:00,210.81,210.82,210.82,210.785,5079,209.43,1587046950000000000,210.80548926954117,30
631,2020-04-16 10:22:35-04:00,210.8104,210.76,210.83,210.76,8463,209.43,1587046955000000000,210.80964916696203,47
632,2020-04-16 10:22:40-04:00,210.77,210.81,210.83,210.77,8398,209.43,1587046960000000000,210.79424526077645,90
633,2020-04-16 10:22:45-04:00,210.82,210.83,210.86,210.81,2891,209.43,1587046965000000000,210.83356796956068,25
634,2020-04-16 10:22:50-04:00,210.82,210.8,210.82,210.79,2233,209.43,1587046970000000000,210.80836300940442,34
635,2020-04-16 10:22:55-04:00,210.79,210.85,210.85,210.79,10055,209.43,1587046975000000000,210.8258781700647,39
636,2020-04-16 10:23:00-04:00,210.85,210.83,210.855,210.82,19017,209.43,1587046980000000000,210.8417149340066,137
637,2020-04-16 10:23:05-04:00,210.8261,210.84,210.87,210.82,10053,209.43,1587046985000000000,210.8440269471799,89
638,2020-04-16 10:23:10-04:00,210.855,210.873,210.873,210.84,8488,209.43,1587046990000000000,210.85055076578695,121
639,2020-04-16 10:23:15-04:00,210.87,210.84,210.9,210.84,13040,209.43,1587046995000000000,210.87143322852756,82
640,2020-04-16 10:23:20-04:00,210.82,210.82,210.82,210.7793,17491,209.43,1587047000000000000,210.8019358813104,118
641,2020-04-16 10:23:25-04:00,210.79,210.82,210.82,210.785,2308,209.43,1587047005000000000,210.80212240034663,28
642,2020-04-16 10:23:30-04:00,210.8,210.8,210.8,210.77,944,209.43,1587047010000000000,210.78353919491525,20
643,2020-04-16 10:23:35-04:00,210.79,210.755,210.81,210.755,8692,209.43,1587047015000000000,210.77015807639222,59
644,2020-04-16 10:23:40-04:00,210.76,210.81,210.84,210.7501,14588,209.43,1587047020000000000,210.79708393885377,92
645,2020-04-16 10:23:45-04:00,210.815,210.88,210.88,210.8001,10902,209.43,1587047025000000000,210.8457093377362,41
646,2020-04-16 10:23:50-04:00,210.88,210.93,210.93,210.86,11179,209.43,1587047030000000000,210.89985057697473,81
647,2020-04-16 10:23:55-04:00,210.917,210.985,211.01,210.9,27573,209.43,1587047035000000000,210.9595064519637,268
648,2020-04-16 10:24:00-04:00,210.98,210.97,211,210.96,16271,209.43,1587047040000000000,210.97578162374768,134
649,2020-04-16 10:24:05-04:00,210.965,211.01,211.01,210.93,14499,209.43,1587047045000000000,210.96763440926944,109
650,2020-04-16 10:24:10-04:00,211.01,210.96,211.01,210.96,9846,209.43,1587047050000000000,210.97951147674212,81
651,2020-04-16 10:24:15-04:00,210.96,210.97,210.9794,210.94,7154,209.43,1587047055000000000,210.95787446183968,85
652,2020-04-16 10:24:20-04:00,210.97,211.03,211.03,210.97,10576,209.43,1587047060000000000,211.00467569024204,58
653,2020-04-16 10:24:25-04:00,211.03,211.09,211.09,211.0254,19625,209.43,1587047065000000000,211.04362982420358,120
654,2020-04-16 10:24:30-04:00,211.09,211.11,211.11,211.05,15504,209.43,1587047070000000000,211.07899564628468,109
655,2020-04-16 10:24:35-04:00,211.11,211.14,211.15,211.107,7075,209.43,1587047075000000000,211.11888262897529,32
656,2020-04-16 10:24:40-04:00,211.145,211.11,211.145,211.09,10579,209.43,1587047080000000000,211.11773776349372,95
657,2020-04-16 10:24:45-04:00,211.115,211.15,211.16,211.115,12023,209.43,1587047085000000000,211.14438559427762,74
658,2020-04-16 10:24:50-04:00,211.16,211.16,211.19,211.14,10729,209.43,1587047090000000000,211.1610305713485,109
659,2020-04-16 10:24:55-04:00,211.16,211.12,211.16,211.115,6934,209.43,1587047095000000000,211.1372662244015,48
660,2020-04-16 10:25:00-04:00,211.12,211.15,211.15,211.0703,15684,209.43,1587047100000000000,211.099979730936,139
661,2020-04-16 10:25:05-04:00,211.14,211.1,211.14,211.09,15421,209.43,1587047105000000000,211.1119421308607,119
662,2020-04-16 10:25:10-04:00,211.11,211.03,211.11,211.03,15382,209.43,1587047110000000000,211.05511627876731,117
663,2020-04-16 10:25:15-04:00,211.02,211.01,211.06,211.01,24990,209.43,1587047115000000000,211.02659226890745,187
664,2020-04-16 10:25:20-04:00,211.01,210.99,211.02,210.99,10705,209.43,1587047120000000000,211.00934119570292,87
665,2020-04-16 10:25:25-04:00,210.99,210.99,211.0042,210.97,11102,209.43,1587047125000000000,210.9894333993875,74
666,2020-04-16 10:25:30-04:00,210.98,210.955,210.99,210.93,12256,209.43,1587047130000000000,210.96575340241523,137
667,2020-04-16 10:25:35-04:00,210.95,210.99,210.995,210.95,6284,209.43,1587047135000000000,210.9757246180777,36
668,2020-04-16 10:25:40-04:00,210.99,211,211.02,210.97,5094,209.43,1587047140000000000,210.99609422850418,52
669,2020-04-16 10:25:45-04:00,211.0099,210.98,211.0099,210.97,10498,209.43,1587047145000000000,210.99269837111797,68
670,2020-04-16 10:25:50-04:00,210.97,210.98,210.98,210.96,7711,209.43,1587047150000000000,210.97670373492417,60
671,2020-04-16 10:25:55-04:00,210.975,210.97,210.9899,210.97,3251,209.43,1587047155000000000,210.97713835742846,26
672,2020-04-16 10:26:00-04:00,210.985,211.01,211.04,210.98,20047,209.43,1587047160000000000,211.01806604978287,140
673,2020-04-16 10:26:05-04:00,211.0027,211.0212,211.0301,211.0001,3038,209.43,1587047165000000000,211.0244458525346,31
674,2020-04-16 10:26:10-04:00,211.04,211.0687,211.09,211.005,7565,209.43,1587047170000000000,211.06448498347658,71
675,2020-04-16 10:26:15-04:00,211.0601,211.085,211.09,211.0601,6648,209.43,1587047175000000000,211.08604712695546,37
676,2020-04-16 10:26:20-04:00,211.08,211.08,211.1,211.08,2089,209.43,1587047180000000000,211.08748573480136,26
677,2020-04-16 10:26:25-04:00,211.0689,211.01,211.07,211.01,2559,209.43,1587047185000000000,211.0410453302071,31
678,2020-04-16 10:26:30-04:00,211.02,211.03,211.04,211.0181,51137,209.43,1587047190000000000,211.48941366916327,16
679,2020-04-16 10:26:35-04:00,211.04,211.06,211.06,211.02,1873,209.43,1587047195000000000,211.04218505072078,26
680,2020-04-16 10:26:40-04:00,211.06,211.06,211.06,211.05,1769,209.43,1587047200000000000,211.0591690220464,16
681,2020-04-16 10:26:45-04:00,211.06,211.01,211.06,210.9801,14232,209.43,1587047205000000000,211.01262928611584,87
682,2020-04-16 10:26:50-04:00,211.01,211.03,211.055,210.995,2874,209.43,1587047210000000000,211.03462105080027,25
683,2020-04-16 10:26:55-04:00,211.035,211.0999,211.1,211.03,13751,209.43,1587047215000000000,211.0790653552468,84
684,2020-04-16 10:27:00-04:00,211.09,211.09,211.11,211.0833,3763,209.43,1587047220000000000,211.09335825139507,32
685,2020-04-16 10:27:05-04:00,211.0924,211.205,211.205,211.0924,16087,209.43,1587047225000000000,211.1606180269782,91
686,2020-04-16 10:27:10-04:00,211.21,211.2201,211.23,211.21,6329,209.43,1587047230000000000,211.22309448570078,59
687,2020-04-16 10:27:15-04:00,211.249,211.225,211.25,211.2101,7160,209.43,1587047235000000000,211.2379757821229,54
688,2020-04-16 10:27:20-04:00,211.2185,211.22,211.22,211.18,8885,209.43,1587047240000000000,211.20690598761954,50
689,2020-04-16 10:27:25-04:00,211.21,211.26,211.27,211.21,9391,209.43,1587047245000000000,211.25086412522646,53
690,2020-04-16 10:27:30-04:00,211.255,211.3,211.31,211.255,23577,209.43,1587047250000000000,211.29970784238847,144
691,2020-04-16 10:27:35-04:00,211.3,211.29,211.3,211.27,5737,209.43,1587047255000000000,211.28712865609202,62
692,2020-04-16 10:27:40-04:00,211.29,211.28,211.31,211.275,7996,209.43,1587047260000000000,211.30030921710858,63
693,2020-04-16 10:27:45-04:00,211.29,211.29,211.3,211.28,5470,209.43,1587047265000000000,211.2894355575867,50
694,2020-04-16 10:27:50-04:00,211.29,211.2999,211.31,211.27,5853,209.43,1587047270000000000,211.28580915769695,39
695,2020-04-16 10:27:55-04:00,211.29,211.32,211.34,211.29,5311,209.43,1587047275000000000,211.32432025983806,53
696,2020-04-16 10:28:00-04:00,211.3197,211.36,211.36,211.28,26521,209.43,1587047280000000000,211.3134216658499,233
697,2020-04-16 10:28:05-04:00,211.37,211.37,211.3835,211.355,19111,209.43,1587047285000000000,211.36773302286625,128
698,2020-04-16 10:28:10-04:00,211.37,211.29,211.37,211.29,16656,209.43,1587047290000000000,211.3203158141212,110
699,2020-04-16 10:28:15-04:00,211.3,211.285,211.31,211.285,7126,209.43,1587047295000000000,211.30013269716525,42
700,2020-04-16 10:28:20-04:00,211.265,211.275,211.29,211.26,10468,209.43,1587047300000000000,211.2766032766527,97
701,2020-04-16 10:28:25-04:00,211.28,211.2503,211.28,211.24,6518,209.43,1587047305000000000,211.2560908714329,70
702,2020-04-16 10:28:30-04:00,211.26,211.3,211.3,211.25,15877,209.43,1587047310000000000,211.274986489891,149
703,2020-04-16 10:28:35-04:00,211.306,211.29,211.31,211.2801,13802,209.43,1587047315000000000,211.29789786262867,57
704,2020-04-16 10:28:40-04:00,211.295,211.28,211.3,211.26,5046,209.43,1587047320000000000,211.28339623464137,36
705,2020-04-16 10:28:45-04:00,211.3,211.285,211.31,211.285,2322,209.43,1587047325000000000,211.3026836778639,32
706,2020-04-16 10:28:50-04:00,211.29,211.3,211.31,211.28,8825,209.43,1587047330000000000,211.29717831161494,83
707,2020-04-16 10:28:55-04:00,211.31,211.3,211.34,211.295,11859,209.43,1587047335000000000,211.31314537482115,118
708,2020-04-16 10:29:00-04:00,211.32,211.3,211.32,211.28,30615,209.43,1587047340000000000,211.299976465785,194
709,2020-04-16 10:29:05-04:00,211.3199,211.25,211.3199,211.245,9389,209.43,1587047345000000000,211.26249783789538,74
710,2020-04-16 10:29:10-04:00,211.26,211.3,211.33,211.25,12114,209.43,1587047350000000000,211.29544906719488,99
711,2020-04-16 10:29:15-04:00,211.295,211.31,211.31,211.295,4310,209.43,1587047355000000000,211.3002327146172,52
712,2020-04-16 10:29:20-04:00,211.32,211.35,211.36,211.32,17243,209.43,1587047360000000000,211.34825987357198,124
713,2020-04-16 10:29:25-04:00,211.34,211.375,211.39,211.34,17548,209.43,1587047365000000000,211.37683314337798,139
714,2020-04-16 10:29:30-04:00,211.375,211.39,211.39,211.37,14299,209.43,1587047370000000000,211.38141499405532,95
715,2020-04-16 10:29:35-04:00,211.39,211.385,211.4,211.38,9794,209.43,1587047375000000000,211.38772117520938,62
716,2020-04-16 10:29:40-04:00,211.39,211.44,211.44,211.38,20740,209.43,1587047380000000000,211.39470474445542,143
717,2020-04-16 10:29:45-04:00,211.44,211.4599,211.46,211.44,7191,209.43,1587047385000000000,211.4482138923654,43
718,2020-04-16 10:29:50-04:00,211.4501,211.44,211.46,211.43,16521,209.43,1587047390000000000,211.44283974940993,104
719,2020-04-16 10:29:55-04:00,211.442,211.4199,211.4499,211.41,11854,209.43,1587047395000000000,211.42776267082843,63
720,2020-04-16 10:30:00-04:00,211.42,211.395,211.42,211.39,16455,209.43,1587047400000000000,211.4010962972955,125
721,2020-04-16 10:30:05-04:00,211.395,211.37,211.42,211.34,101527,209.43,1587047405000000000,211.37888766436535,538
722,2020-04-16 10:30:10-04:00,211.41,211.46,211.46,211.41,15247,209.43,1587047410000000000,211.43140702433269,103
723,2020-04-16 10:30:15-04:00,211.47,211.545,211.5598,211.4699,33442,209.43,1587047415000000000,211.49669090126213,122
724,2020-04-16 10:30:20-04:00,211.55,211.5387,211.57,211.53,28862,209.43,1587047420000000000,211.548031494699,179
725,2020-04-16 10:30:25-04:00,211.54,211.57,211.57,211.54,8394,209.43,1587047425000000000,211.55254110078633,62
726,2020-04-16 10:30:30-04:00,211.58,211.57,211.59,211.55,9228,209.43,1587047430000000000,211.56905828998714,87
727,2020-04-16 10:30:35-04:00,211.565,211.52,211.58,211.5,4345,209.43,1587047435000000000,211.54773210586882,44
728,2020-04-16 10:30:40-04:00,211.515,211.42,211.515,211.41,12767,209.43,1587047440000000000,211.44823292864396,143
729,2020-04-16 10:30:45-04:00,211.42,211.45,211.4566,211.42,2867,209.43,1587047445000000000,211.4399019183815,41
730,2020-04-16 10:30:50-04:00,211.44,211.46,211.46,211.43,1599,209.43,1587047450000000000,211.4494815509693,19
731,2020-04-16 10:30:55-04:00,211.46,211.45,211.47,211.45,5430,209.43,1587047455000000000,211.45348731123389,36
732,2020-04-16 10:31:00-04:00,211.44,211.3701,211.4599,211.37,13089,209.43,1587047460000000000,211.4051317518526,100
733,2020-04-16 10:31:05-04:00,211.37,211.37,211.39,211.36,19274,209.43,1587047465000000000,211.37580052402197,82
734,2020-04-16 10:31:10-04:00,211.38,211.3298,211.3801,211.32,29805,209.43,1587047470000000000,211.35330581781594,189
735,2020-04-16 10:31:15-04:00,211.32,211.38,211.38,211.3,19588,209.43,1587047475000000000,211.31647301409,138
736,2020-04-16 10:31:20-04:00,211.39,211.35,211.4,211.35,12408,209.43,1587047480000000000,211.38519060283684,95
737,2020-04-16 10:31:25-04:00,211.36,211.29,211.36,211.29,14908,209.43,1587047485000000000,211.30671708478664,112
738,2020-04-16 10:31:30-04:00,211.31,211.3,211.31,211.25,24538,209.43,1587047490000000000,211.27984576575113,138
739,2020-04-16 10:31:35-04:00,211.29,211.31,211.31,211.28,13057,209.43,1587047495000000000,211.29638737841788,97
740,2020-04-16 10:31:40-04:00,211.29,211.34,211.34,211.28,19489,209.43,1587047500000000000,211.3063287752067,138
741,2020-04-16 10:31:45-04:00,211.33,211.3,211.345,211.275,7808,209.43,1587047505000000000,211.31008969006132,83
742,2020-04-16 10:31:50-04:00,211.3,211.29,211.305,211.2899,3850,209.43,1587047510000000000,211.29741558441557,27
743,2020-04-16 10:31:55-04:00,211.285,211.21,211.285,211.2,25047,209.43,1587047515000000000,211.24204992613872,170
744,2020-04-16 10:32:00-04:00,211.22,211.1699,211.235,211.156,39512,209.43,1587047520000000000,211.1858953330631,314
745,2020-04-16 10:32:05-04:00,211.1699,211.14,211.17,211.11,10902,209.43,1587047525000000000,211.1430567602275,49
746,2020-04-16 10:32:10-04:00,211.15,211.15,211.18,211.145,2483,209.43,1587047530000000000,211.16143000402744,35
747,2020-04-16 10:32:15-04:00,211.15,211.145,211.16,211.1,24489,209.43,1587047535000000000,211.1256212176895,173
748,2020-04-16 10:32:20-04:00,211.14,211.25,211.25,211.14,9453,209.43,1587047540000000000,211.2024457632496,94
749,2020-04-16 10:32:25-04:00,211.255,211.2336,211.28,211.23,16369,209.43,1587047545000000000,211.25913603763206,110
750,2020-04-16 10:32:30-04:00,211.22,211.19,211.26,211.18,17762,209.43,1587047550000000000,211.21801588785064,151
751,2020-04-16 10:32:35-04:00,211.19,211.1375,211.19,211.1375,4613,209.43,1587047555000000000,211.16515402124423,44
752,2020-04-16 10:32:40-04:00,211.14,211.13,211.145,211.09,11347,209.43,1587047560000000000,211.1223049440382,113
753,2020-04-16 10:32:45-04:00,211.1201,211.07,211.1201,211.07,4479,209.43,1587047565000000000,211.09916135298062,47
754,2020-04-16 10:32:50-04:00,211.08,211.1,211.11,211.03,16902,209.43,1587047570000000000,211.05796238314983,105
755,2020-04-16 10:32:55-04:00,211.11,211.145,211.16,211.11,8465,209.43,1587047575000000000,211.14601887773185,40
756,2020-04-16 10:33:00-04:00,211.14,211.24,211.24,211.14,4572,209.43,1587047580000000000,211.20196209536311,56
757,2020-04-16 10:33:05-04:00,211.26,211.33,211.33,211.25,4546,209.43,1587047585000000000,211.27680081390233,64
758,2020-04-16 10:33:10-04:00,211.3387,211.34,211.34,211.3,15737,209.43,1587047590000000000,211.32382480142337,87
759,2020-04-16 10:33:15-04:00,211.35,211.33,211.38,211.316,9265,209.43,1587047595000000000,211.3323562871021,56
760,2020-04-16 10:33:20-04:00,211.38,211.36,211.39,211.3503,30079,209.43,1587047600000000000,211.36926973968554,105
761,2020-04-16 10:33:25-04:00,211.355,211.44,211.44,211.33,27208,209.43,1587047605000000000,211.3552780174948,57
762,2020-04-16 10:33:30-04:00,211.445,211.41,211.459,211.4,6943,209.43,1587047610000000000,211.43643270920347,42
763,2020-04-16 10:33:35-04:00,211.39,211.38,211.39,211.35,15955,209.43,1587047615000000000,211.36903870260116,42
764,2020-04-16 10:33:40-04:00,211.4,211.42,211.42,211.4,4030,209.43,1587047620000000000,211.409808560794,32
765,2020-04-16 10:33:45-04:00,211.4199,211.3549,211.4199,211.3549,3611,209.43,1587047625000000000,211.38405184159518,48
766,2020-04-16 10:33:50-04:00,211.36,211.3401,211.39,211.32,4885,209.43,1587047630000000000,211.35901330603892,36
767,2020-04-16 10:33:55-04:00,211.345,211.355,211.355,211.31,4998,209.43,1587047635000000000,211.33795700280112,24
768,2020-04-16 10:34:00-04:00,211.355,211.31,211.37,211.3,10776,209.43,1587047640000000000,211.34058789903492,76
769,2020-04-16 10:34:05-04:00,211.32,211.325,211.34,211.28,25465,209.43,1587047645000000000,211.2959227292361,134
770,2020-04-16 10:34:10-04:00,211.345,211.44,211.44,211.345,6126,209.43,1587047650000000000,211.40437494286644,43
771,2020-04-16 10:34:15-04:00,211.44,211.4,211.46,211.4,21390,209.43,1587047655000000000,211.42985755025714,98
772,2020-04-16 10:34:20-04:00,211.39,211.39,211.4034,211.37,2672,209.43,1587047660000000000,211.38694745508982,30
773,2020-04-16 10:34:25-04:00,211.39,211.32,211.398,211.32,17886,209.43,1587047665000000000,211.35242129039466,69
774,2020-04-16 10:34:30-04:00,211.34,211.31,211.39,211.31,13714,209.43,1587047670000000000,211.34082754849064,57
775,2020-04-16 10:34:35-04:00,211.29,211.35,211.35,211.29,16454,209.43,1587047675000000000,211.34177888051536,80
776,2020-04-16 10:34:40-04:00,211.35,211.31,211.37,211.31,4445,209.43,1587047680000000000,211.34074978627666,40
777,2020-04-16 10:34:45-04:00,211.3,211.29,211.3,211.2514,5405,209.43,1587047685000000000,211.26977613320994,36
778,2020-04-16 10:34:50-04:00,211.29,211.36,211.36,211.29,4263,209.43,1587047690000000000,211.33255221674872,41
779,2020-04-16 10:34:55-04:00,211.3766,211.36,211.39,211.36,6066,209.43,1587047695000000000,211.37858226178707,36
780,2020-04-16 10:35:00-04:00,211.375,211.34,211.43,211.34,10504,209.43,1587047700000000000,211.41573049314533,78
781,2020-04-16 10:35:05-04:00,211.34,211.28,211.355,211.28,8116,209.43,1587047705000000000,211.31687530803347,48
782,2020-04-16 10:35:10-04:00,211.28,211.3501,211.3501,211.26,21194,209.43,1587047710000000000,211.2807088374068,86
783,2020-04-16 10:35:15-04:00,211.37,211.3443,211.37,211.3443,4571,209.43,1587047715000000000,211.35885898052936,41
784,2020-04-16 10:35:20-04:00,211.34,211.27,211.34,211.26,7362,209.43,1587047720000000000,211.2827254822057,58
785,2020-04-16 10:35:25-04:00,211.27,211.31,211.31,211.24,22615,209.43,1587047725000000000,211.26254206500127,126
786,2020-04-16 10:35:30-04:00,211.3,211.2951,211.3072,211.24,14681,209.43,1587047730000000000,211.26718235815002,117
787,2020-04-16 10:35:35-04:00,211.3,211.3,211.32,211.3,7140,209.43,1587047735000000000,211.31146148459376,55
788,2020-04-16 10:35:40-04:00,211.3,211.25,211.3099,211.25,14005,209.43,1587047740000000000,211.27684819707255,63
789,2020-04-16 10:35:45-04:00,211.2599,211.31,211.32,211.21,8026,209.43,1587047745000000000,211.271284948916,62
790,2020-04-16 10:35:50-04:00,211.325,211.31,211.335,211.29,7255,209.43,1587047750000000000,211.32546795313579,44
791,2020-04-16 10:35:55-04:00,211.32,211.41,211.41,211.32,9263,209.43,1587047755000000000,211.3526262657885,76
792,2020-04-16 10:36:00-04:00,211.42,211.39,211.426,211.35,28550,209.43,1587047760000000000,211.3920147040279,206
793,2020-04-16 10:36:05-04:00,211.38,211.425,211.43,211.3699,7561,209.43,1587047765000000000,211.38339703742892,35
794,2020-04-16 10:36:10-04:00,211.43,211.49,211.49,211.43,17569,209.43,1587047770000000000,211.4695585235355,158
795,2020-04-16 10:36:15-04:00,211.5,211.4974,211.515,211.48,19001,209.43,1587047775000000000,211.50330972580394,101
796,2020-04-16 10:36:20-04:00,211.4955,211.49,211.5,211.48,15732,209.43,1587047780000000000,211.4902923468091,58
797,2020-04-16 10:36:25-04:00,211.49,211.515,211.515,211.47,8717,209.43,1587047785000000000,211.4936862567396,66
798,2020-04-16 10:36:30-04:00,211.51,211.57,211.57,211.499,16968,209.43,1587047790000000000,211.54639665841592,87
799,2020-04-16 10:36:35-04:00,211.58,211.6,211.63,211.57,10610,209.43,1587047795000000000,211.6005331856739,93
800,2020-04-16 10:36:40-04:00,211.595,211.52,211.595,211.52,20593,209.43,1587047800000000000,211.54879592579985,112
801,2020-04-16 10:36:45-04:00,211.51,211.48,211.52,211.451,13038,209.43,1587047805000000000,211.4858515876668,89
802,2020-04-16 10:36:50-04:00,211.46,211.44,211.48,211.44,14559,209.43,1587047810000000000,211.4611661789959,98
803,2020-04-16 10:36:55-04:00,211.42,211.4,211.42,211.4,13391,209.43,1587047815000000000,211.41093144649383,85
804,2020-04-16 10:37:00-04:00,211.4,211.34,211.4,211.34,15318,209.43,1587047820000000000,211.3752687687688,87
805,2020-04-16 10:37:05-04:00,211.33,211.21,211.335,211.21,20740,209.43,1587047825000000000,211.25156576181303,181
806,2020-04-16 10:37:10-04:00,211.21,211.19,211.2103,211.17,28791,209.43,1587047830000000000,211.19040983640724,210
807,2020-04-16 10:37:15-04:00,211.18,211.16,211.19,211.13,23501,209.43,1587047835000000000,211.1656120505509,112
808,2020-04-16 10:37:20-04:00,211.16,211.13,211.17,211.12,8336,209.43,1587047840000000000,211.13857365642986,65
809,2020-04-16 10:37:25-04:00,211.12,211.145,211.16,211.11,5031,209.43,1587047845000000000,211.13703943549993,52
810,2020-04-16 10:37:30-04:00,211.15,211.13,211.15,211.1,8682,209.43,1587047850000000000,211.12429391845203,58
811,2020-04-16 10:37:35-04:00,211.13,211.2,211.24,211.105,31537,209.43,1587047855000000000,211.15545284586332,232
812,2020-04-16 10:37:40-04:00,211.2,211.13,211.21,211.13,14403,209.43,1587047860000000000,211.1802018954384,106
813,2020-04-16 10:37:45-04:00,211.12,211.06,211.12,211.06,4220,209.43,1587047865000000000,211.09138388625587,32
814,2020-04-16 10:37:50-04:00,211.0624,211.0601,211.09,211.05,4806,209.43,1587047870000000000,211.06725934248857,37
815,2020-04-16 10:37:55-04:00,211.07,211.09,211.1,211.07,3728,209.43,1587047875000000000,211.08819122854078,33
816,2020-04-16 10:38:00-04:00,211.09,211.095,211.11,211.07,15083,209.43,1587047880000000000,211.08652993436326,104
817,2020-04-16 10:38:05-04:00,211.0998,211.0301,211.0998,211.02,15332,209.43,1587047885000000000,211.0544550613098,119
818,2020-04-16 10:38:10-04:00,211.05,211.03,211.05,211,10640,209.43,1587047890000000000,211.03501193609017,80
819,2020-04-16 10:38:15-04:00,211.05,211.08,211.1093,211.05,5922,209.43,1587047895000000000,211.0742557750761,50
820,2020-04-16 10:38:20-04:00,211.08,211.04,211.09,211.04,16947,209.43,1587047900000000000,211.07738921343045,83
821,2020-04-16 10:38:25-04:00,211.04,211.08,211.09,211.04,6492,209.43,1587047905000000000,211.07594798213202,50
822,2020-04-16 10:38:30-04:00,211.08,211.16,211.17,211.08,12611,209.43,1587047910000000000,211.1408590119737,80
823,2020-04-16 10:38:35-04:00,211.15,211.22,211.24,211.15,15799,209.43,1587047915000000000,211.194710089246,119
824,2020-04-16 10:38:40-04:00,211.22,211.18,211.22,211.17,6639,209.43,1587047920000000000,211.19552007832496,74
825,2020-04-16 10:38:45-04:00,211.16,211.1001,211.16,211.1001,4041,209.43,1587047925000000000,211.12708735461513,31
826,2020-04-16 10:38:50-04:00,211.12,211.16,211.18,211.12,2997,209.43,1587047930000000000,211.15738054721393,28
827,2020-04-16 10:38:55-04:00,211.1379,211.1,211.1699,211.1,6168,209.43,1587047935000000000,211.1109867542152,56
828,2020-04-16 10:39:00-04:00,211.1153,211.14,211.14,211.1101,16246,209.43,1587047940000000000,211.1278920103413,130
829,2020-04-16 10:39:05-04:00,211.1404,211.18,211.2,211.1404,4725,209.43,1587047945000000000,211.15979140740743,36
830,2020-04-16 10:39:10-04:00,211.18,211.1829,211.19,211.1632,5575,209.43,1587047950000000000,211.1759171659193,51
831,2020-04-16 10:39:15-04:00,211.2,211.18,211.2,211.18,1423,209.43,1587047955000000000,211.19709065354883,18
832,2020-04-16 10:39:20-04:00,211.21,211.2037,211.25,211.1978,10354,209.43,1587047960000000000,211.22065980297478,79
833,2020-04-16 10:39:25-04:00,211.21,211.26,211.26,211.2001,4713,209.43,1587047965000000000,211.24451173350312,45
834,2020-04-16 10:39:30-04:00,211.27,211.25,211.27,211.25,1615,209.43,1587047970000000000,211.26192352941177,25
835,2020-04-16 10:39:35-04:00,211.21,211.14,211.22,211.14,2347,209.43,1587047975000000000,211.18982743928413,32
836,2020-04-16 10:39:40-04:00,211.13,211.15,211.16,211.11,2491,209.43,1587047980000000000,211.14138137294262,33
837,2020-04-16 10:39:45-04:00,211.13,211.0599,211.13,211.0599,15664,209.43,1587047985000000000,211.09135993360576,89
838,2020-04-16 10:39:50-04:00,211.06,211.09,211.1,211.06,6407,209.43,1587047990000000000,211.0757020290308,47
839,2020-04-16 10:39:55-04:00,211.08,211.08,211.09,211.06,6149,209.43,1587047995000000000,211.07740201658805,69
840,2020-04-16 10:40:00-04:00,211.08,211.16,211.17,211.08,10201,209.43,1587048000000000000,211.13228752083143,81
841,2020-04-16 10:40:05-04:00,211.16,211,211.17,211,23231,209.43,1587048005000000000,211.02490947440938,166
842,2020-04-16 10:40:10-04:00,210.98,210.99,211,210.95,20149,209.43,1587048010000000000,210.97286956672795,120
843,2020-04-16 10:40:15-04:00,210.98,210.99,210.99,210.98,2464,209.43,1587048015000000000,210.9846550324675,35
844,2020-04-16 10:40:20-04:00,210.99,211.02,211.02,210.95,15487,209.43,1587048020000000000,210.98257456576488,105
845,2020-04-16 10:40:25-04:00,211.02,210.93,211.03,210.9225,17683,209.43,1587048025000000000,210.98795673810997,154
846,2020-04-16 10:40:30-04:00,210.93,210.95,211.005,210.91,11718,209.43,1587048030000000000,210.92204318143027,90
847,2020-04-16 10:40:35-04:00,210.94,211,211.01,210.94,4704,209.43,1587048035000000000,210.98505408163268,58
848,2020-04-16 10:40:40-04:00,211.01,211.02,211.04,211.0003,5375,209.43,1587048040000000000,211.01409200000003,33
849,2020-04-16 10:40:45-04:00,211.03,211.04,211.05,211.02,7570,209.43,1587048045000000000,211.03681690885074,41
850,2020-04-16 10:40:50-04:00,211.07,211.13,211.14,211.07,6752,209.43,1587048050000000000,211.11759533471567,39
851,2020-04-16 10:40:55-04:00,211.14,211.2,211.245,211.135,5779,209.43,1587048055000000000,211.17529975774363,59
852,2020-04-16 10:41:00-04:00,211.2,211.31,211.33,211.2,27411,209.43,1587048060000000000,211.27756047572117,177
853,2020-04-16 10:41:05-04:00,211.31,211.45,211.48,211.31,34759,209.43,1587048065000000000,211.39491396760536,282
854,2020-04-16 10:41:10-04:00,211.45,211.43,211.46,211.41,14366,209.43,1587048070000000000,211.43874225254075,141
855,2020-04-16 10:41:15-04:00,211.41,211.47,211.47,211.41,7295,209.43,1587048075000000000,211.4502480054832,50
856,2020-04-16 10:41:20-04:00,211.46,211.54,211.57,211.4472,40106,209.43,1587048080000000000,211.51626707724517,194
857,2020-04-16 10:41:25-04:00,211.53,211.57,211.57,211.52,7705,209.43,1587048085000000000,211.53765823491247,68
858,2020-04-16 10:41:30-04:00,211.57,211.55,211.59,211.5497,7673,209.43,1587048090000000000,211.55870896650578,75
859,2020-04-16 10:41:35-04:00,211.56,211.58,211.61,211.555,20196,209.43,1587048095000000000,211.59357141513155,129
860,2020-04-16 10:41:40-04:00,211.58,211.6766,211.6766,211.55,25721,209.43,1587048100000000000,211.62287781190457,154
861,2020-04-16 10:41:45-04:00,211.67,211.67,211.7,211.65,8177,209.43,1587048105000000000,211.67375749052215,67
862,2020-04-16 10:41:50-04:00,211.67,211.78,211.79,211.67,37952,209.43,1587048110000000000,211.72055589165262,194
863,2020-04-16 10:41:55-04:00,211.77,211.8,211.84,211.77,19336,209.43,1587048115000000000,211.807825087919,154
864,2020-04-16 10:42:00-04:00,211.79,211.7911,211.81,211.77,19660,209.43,1587048120000000000,211.79088453204454,150
865,2020-04-16 10:42:05-04:00,211.785,211.78,211.8,211.765,8906,209.43,1587048125000000000,211.77974982034593,59
866,2020-04-16 10:42:10-04:00,211.78,211.94,211.94,211.7757,22095,209.43,1587048130000000000,211.8587027427019,123
867,2020-04-16 10:42:15-04:00,211.95,211.92,211.98,211.88,45607,209.43,1587048135000000000,211.94709518056297,296
868,2020-04-16 10:42:20-04:00,211.91,211.93,211.935,211.9,10667,209.43,1587048140000000000,211.91562568669724,75
869,2020-04-16 10:42:25-04:00,211.93,211.92,211.95,211.92,7121,209.43,1587048145000000000,211.94153066984967,52
870,2020-04-16 10:42:30-04:00,211.93,211.9,211.93,211.88,9751,209.43,1587048150000000000,211.89895161521898,71
871,2020-04-16 10:42:35-04:00,211.88,211.91,211.91,211.88,2247,209.43,1587048155000000000,211.89858135291496,20
872,2020-04-16 10:42:40-04:00,211.91,211.85,211.91,211.85,7462,209.43,1587048160000000000,211.88195631198062,58
873,2020-04-16 10:42:45-04:00,211.85,211.9,211.9,211.85,1476,209.43,1587048165000000000,211.88832242547426,15
874,2020-04-16 10:42:50-04:00,211.89,211.88,211.9,211.835,10672,209.43,1587048170000000000,211.86738741566714,70
875,2020-04-16 10:42:55-04:00,211.865,211.87,211.87,211.8201,6377,209.43,1587048175000000000,211.8339944174376,44
876,2020-04-16 10:43:00-04:00,211.88,211.82,211.89,211.82,16287,209.43,1587048180000000000,211.85264978203475,109
877,2020-04-16 10:43:05-04:00,211.8298,211.86,211.885,211.8298,8152,209.43,1587048185000000000,211.86079397693817,65
878,2020-04-16 10:43:10-04:00,211.86,211.9294,211.9294,211.855,6555,209.43,1587048190000000000,211.88459019069418,48
879,2020-04-16 10:43:15-04:00,211.93,211.95,211.97,211.92,17618,209.43,1587048195000000000,211.94396106254987,109
880,2020-04-16 10:43:20-04:00,211.9387,211.99,212,211.93,22311,209.43,1587048200000000000,211.9715847250235,141
881,2020-04-16 10:43:25-04:00,211.98,212.03,212.03,211.98,18004,209.43,1587048205000000000,212.0013274827816,138
882,2020-04-16 10:43:30-04:00,212.045,211.9701,212.05,211.97,38995,209.43,1587048210000000000,211.98966669829454,119
883,2020-04-16 10:43:35-04:00,211.98,211.95,211.985,211.94,6711,209.43,1587048215000000000,211.95531209953802,52
884,2020-04-16 10:43:40-04:00,211.9515,211.915,211.9515,211.91,14442,209.43,1587048220000000000,211.92112044730646,104
885,2020-04-16 10:43:45-04:00,211.9101,211.88,211.9332,211.86,41730,209.43,1587048225000000000,211.8927001917083,316
886,2020-04-16 10:43:50-04:00,211.88,211.86,211.9,211.86,20589,209.43,1587048230000000000,211.87915735586975,110
887,2020-04-16 10:43:55-04:00,211.86,211.96,211.9651,211.86,6574,209.43,1587048235000000000,211.9036074079708,83
888,2020-04-16 10:44:00-04:00,211.96,212.02,212.02,211.9546,9834,209.43,1587048240000000000,211.98468863127925,59
889,2020-04-16 10:44:05-04:00,212.01,212.01,212.07,212,12943,209.43,1587048245000000000,212.0360637487445,122
890,2020-04-16 10:44:10-04:00,212.02,212.04,212.04,212.02,4984,209.43,1587048250000000000,212.02502690609947,52
891,2020-04-16 10:44:15-04:00,212.04,212.03,212.05,212.03,3558,209.43,1587048255000000000,212.04114038785838,48
892,2020-04-16 10:44:20-04:00,212.035,212.09,212.09,212.035,15888,209.43,1587048260000000000,212.07351359516613,121
893,2020-04-16 10:44:25-04:00,212.08,212.1,212.1,212.055,14934,209.43,1587048265000000000,212.0825934110086,101
894,2020-04-16 10:44:30-04:00,212.09,212.0399,212.09,212.03,4934,209.43,1587048270000000000,212.0605031617349,63
895,2020-04-16 10:44:35-04:00,212.04,212.015,212.05,212.01,9307,209.43,1587048275000000000,212.03135031696573,73
896,2020-04-16 10:44:40-04:00,212.01,212.05,212.08,211.99,6646,209.43,1587048280000000000,212.04493359915736,79
897,2020-04-16 10:44:45-04:00,212.06,212.08,212.12,212.055,11621,209.43,1587048285000000000,212.09348294466923,104
898,2020-04-16 10:44:50-04:00,212.1,212.14,212.14,212.1,4965,209.43,1587048290000000000,212.1174876938569,54
899,2020-04-16 10:44:55-04:00,212.15,212.11,212.15,212.1,5710,209.43,1587048295000000000,212.13240823117346,46
900,2020-04-16 10:45:00-04:00,212.12,212.0308,212.13,212.03,8794,209.43,1587048300000000000,212.07852264043655,53
901,2020-04-16 10:45:05-04:00,212.03,212.0167,212.06,212.0166,6980,209.43,1587048305000000000,212.03761840974224,60
902,2020-04-16 10:45:10-04:00,211.9901,211.99,212.05,211.99,4035,209.43,1587048310000000000,212.02795434944238,58
903,2020-04-16 10:45:15-04:00,212.01,211.96,212.02,211.95,14099,209.43,1587048315000000000,211.96407468614797,84
904,2020-04-16 10:45:20-04:00,211.96,211.94,211.98,211.93,16787,209.43,1587048320000000000,211.95510548043134,158
905,2020-04-16 10:45:25-04:00,211.945,211.945,211.955,211.9068,21026,209.43,1587048325000000000,211.93738400076094,68
906,2020-04-16 10:45:30-04:00,211.95,211.94,211.9611,211.94,3941,209.43,1587048330000000000,211.95060263892404,33
907,2020-04-16 10:45:35-04:00,211.93,211.922,211.95,211.92,5897,209.43,1587048335000000000,211.93289079192806,58
908,2020-04-16 10:45:40-04:00,211.94,211.8899,211.94,211.8803,7386,209.43,1587048340000000000,211.89521997021384,76
909,2020-04-16 10:45:45-04:00,211.89,211.9,211.92,211.88,5670,209.43,1587048345000000000,211.89611784832442,68
910,2020-04-16 10:45:50-04:00,211.9,211.8999,211.9,211.88,1969,209.43,1587048350000000000,211.89309547993903,23
911,2020-04-16 10:45:55-04:00,211.9,211.93,211.965,211.9,14928,209.43,1587048355000000000,211.9496843448553,115
912,2020-04-16 10:46:00-04:00,211.9394,212,212,211.92,5830,209.43,1587048360000000000,211.95563492281306,64
913,2020-04-16 10:46:05-04:00,211.99,212,212.03,211.97,12295,209.43,1587048365000000000,212.00057947132976,78
914,2020-04-16 10:46:10-04:00,211.995,212.055,212.06,211.98,6402,209.43,1587048370000000000,212.02527058731647,54
915,2020-04-16 10:46:15-04:00,212.06,212.04,212.0725,212.03,14580,209.43,1587048375000000000,212.04301275034283,87
916,2020-04-16 10:46:20-04:00,212.04,212.1021,212.12,212.04,28277,209.43,1587048380000000000,212.08127901121043,176
917,2020-04-16 10:46:25-04:00,212.105,212.08,212.13,212.07,10472,209.43,1587048385000000000,212.1092456073338,82
918,2020-04-16 10:46:30-04:00,212.06,212.03,212.06,212.01,12446,209.43,1587048390000000000,212.0297698859072,93
919,2020-04-16 10:46:35-04:00,212.02,212,212.035,211.9925,9073,209.43,1587048395000000000,212.00666844483627,50
920,2020-04-16 10:46:40-04:00,212,211.9816,212.03,211.97,18316,209.43,1587048400000000000,211.99887649595973,96
921,2020-04-16 10:46:45-04:00,211.99,212.01,212.01,211.985,3484,209.43,1587048405000000000,211.9938431974742,32
922,2020-04-16 10:46:50-04:00,212.01,212.02,212.06,212,6005,209.43,1587048410000000000,212.02596664446284,58
923,2020-04-16 10:46:55-04:00,212.03,212.1,212.1,212.03,17521,209.43,1587048415000000000,212.05459214085965,94
924,2020-04-16 10:47:00-04:00,212.08,212.08,212.09,212.06,4214,209.43,1587048420000000000,212.07482133364968,43
925,2020-04-16 10:47:05-04:00,212.08,212.015,212.08,212,12141,209.43,1587048425000000000,212.0303256074459,99
926,2020-04-16 10:47:10-04:00,212.01,212.09,212.09,212.01,5049,209.43,1587048430000000000,212.0386559714796,42
927,2020-04-16 10:47:15-04:00,212.07,211.99,212.075,211.98,5497,209.43,1587048435000000000,212.02856834637075,40
928,2020-04-16 10:47:20-04:00,211.99,212.02,212.02,211.97,27066,209.43,1587048440000000000,211.98614922781343,154
929,2020-04-16 10:47:25-04:00,212.0092,211.96,212.0096,211.96,3185,209.43,1587048445000000000,211.98791284144423,33
930,2020-04-16 10:47:30-04:00,212,212.005,212.005,212,1925,209.43,1587048450000000000,212.00288909090912,17
931,2020-04-16 10:47:35-04:00,212.01,211.99,212.02,211.99,3812,209.43,1587048455000000000,212.0079275970619,33
932,2020-04-16 10:47:40-04:00,212,211.9601,212,211.94,14263,209.43,1587048460000000000,211.967633457197,93
933,2020-04-16 10:47:45-04:00,211.9635,211.9097,212.04,211.9097,39787,209.43,1587048465000000000,211.95746990725618,266
934,2020-04-16 10:47:50-04:00,211.94,211.945,211.95,211.92,1794,209.43,1587048470000000000,211.9371017837235,25
935,2020-04-16 10:47:55-04:00,211.95,211.94,211.96,211.935,3141,209.43,1587048475000000000,211.9430141992996,25
936,2020-04-16 10:48:00-04:00,211.945,211.91,211.99,211.91,12625,209.43,1587048480000000000,211.93052767524748,83
937,2020-04-16 10:48:05-04:00,211.92,211.99,211.99,211.92,4317,209.43,1587048485000000000,211.95160041695624,48
938,2020-04-16 10:48:10-04:00,211.97,212.015,212.015,211.95,2558,209.43,1587048490000000000,211.97963643471454,28
939,2020-04-16 10:48:15-04:00,212,212,212.01,211.975,7626,209.43,1587048495000000000,211.9958639522686,87
940,2020-04-16 10:48:20-04:00,212.05,212.08,212.0801,212.04,6481,209.43,1587048500000000000,212.06771623206302,49
941,2020-04-16 10:48:25-04:00,212.07,212.09,212.1,212.06,6842,209.43,1587048505000000000,212.0803043262204,81
942,2020-04-16 10:48:30-04:00,212.09,212.17,212.19,212.09,38434,209.43,1587048510000000000,212.15002964302454,207
943,2020-04-16 10:48:35-04:00,212.16,212.17,212.17,212.146,10556,209.43,1587048515000000000,212.15842518946573,49
944,2020-04-16 10:48:40-04:00,212.16,212.14,212.16,212.11,5012,209.43,1587048520000000000,212.14175913806864,43
945,2020-04-16 10:48:45-04:00,212.15,212.11,212.1601,212.11,3608,209.43,1587048525000000000,212.1497223669622,41
946,2020-04-16 10:48:50-04:00,212.1099,212.16,212.165,212.1,9536,209.43,1587048530000000000,212.12937875419487,77
947,2020-04-16 10:48:55-04:00,212.18,212.1799,212.18,212.165,10290,209.43,1587048535000000000,212.17859709426642,38
948,2020-04-16 10:49:00-04:00,212.18,212.23,212.23,212.18,57851,209.43,1587048540000000000,212.07491632296768,113
949,2020-04-16 10:49:05-04:00,212.23,212.182,212.24,212.18,2360,209.43,1587048545000000000,212.21911546610164,41
950,2020-04-16 10:49:10-04:00,212.24,212.2989,212.31,212.225,57355,209.43,1587048550000000000,212.25600672478436,257
951,2020-04-16 10:49:15-04:00,212.3,212.39,212.42,212.3,30300,209.43,1587048555000000000,212.3704060099018,225
952,2020-04-16 10:49:20-04:00,212.39,212.35,212.39,212.35,10313,209.43,1587048560000000000,212.3649425482399,91
953,2020-04-16 10:49:25-04:00,212.36,212.32,212.36,212.31,9320,209.43,1587048565000000000,212.33080615879834,72
954,2020-04-16 10:49:30-04:00,212.32,212.32,212.34,212.31,9748,209.43,1587048570000000000,212.33116628026255,88
955,2020-04-16 10:49:35-04:00,212.34,212.39,212.39,212.33,15574,209.43,1587048575000000000,212.3464883652242,86
956,2020-04-16 10:49:40-04:00,212.39,212.3479,212.4,212.3479,4912,209.43,1587048580000000000,212.37016653094466,30
957,2020-04-16 10:49:45-04:00,212.35,212.28,212.35,212.28,6155,209.43,1587048585000000000,212.31001348497153,51
958,2020-04-16 10:49:50-04:00,212.28,212.29,212.295,212.28,5680,209.43,1587048590000000000,212.28559170774648,37
959,2020-04-16 10:49:55-04:00,212.28,212.29,212.29,212.25,5925,209.43,1587048595000000000,212.27278055696203,27
960,2020-04-16 10:50:00-04:00,212.29,212.25,212.315,212.2,15101,209.43,1587048600000000000,212.2464685649957,106
961,2020-04-16 10:50:05-04:00,212.25,212.24,212.25,212.21,4115,209.43,1587048605000000000,212.21691154313493,55
962,2020-04-16 10:50:10-04:00,212.22,212.22,212.23,212.1879,13309,209.43,1587048610000000000,212.21055424149074,83
963,2020-04-16 10:50:15-04:00,212.23,212.22,212.245,212.2,15466,209.43,1587048615000000000,212.22168159187902,106
964,2020-04-16 10:50:20-04:00,212.1901,212.17,212.21,212.17,3770,209.43,1587048620000000000,212.18883652519895,19
965,2020-04-16 10:50:25-04:00,212.16,212.19,212.21,212.15,16149,209.43,1587048625000000000,212.17484495634403,154
966,2020-04-16 10:50:30-04:00,212.18,212.1999,212.1999,212.18,1510,209.43,1587048630000000000,212.19051788079472,11
967,2020-04-16 10:50:35-04:00,212.19,212.17,212.19,212.16,2627,209.43,1587048635000000000,212.17175424438528,31
968,2020-04-16 10:50:40-04:00,212.16,212.17,212.18,212.15,21242,209.43,1587048640000000000,212.16842637698898,108
969,2020-04-16 10:50:45-04:00,212.18,212.1699,212.19,212.15,16579,209.43,1587048645000000000,212.16985740394458,74
970,2020-04-16 10:50:50-04:00,212.175,212.12,212.18,212.11,10355,209.43,1587048650000000000,212.15011356832449,79
971,2020-04-16 10:50:55-04:00,212.12,212.14,212.1598,212.12,14154,209.43,1587048655000000000,212.140870199237,76
972,2020-04-16 10:51:00-04:00,212.14,212.175,212.2,212.14,13446,209.43,1587048660000000000,212.17167462442364,70
973,2020-04-16 10:51:05-04:00,212.17,212.2,212.2,212.15,18183,209.43,1587048665000000000,212.17368577792448,75
974,2020-04-16 10:51:10-04:00,212.2,212.16,212.225,212.12,7638,209.43,1587048670000000000,212.17110404556178,52
975,2020-04-16 10:51:15-04:00,212.16,212.18,212.18,212.1405,4064,209.43,1587048675000000000,212.1568499015749,33
976,2020-04-16 10:51:20-04:00,212.17,212.2,212.21,212.15,13874,209.43,1587048680000000000,212.1875777209168,70
977,2020-04-16 10:51:25-04:00,212.2,212.11,212.2,212.11,12074,209.43,1587048685000000000,212.12599047540172,92
978,2020-04-16 10:51:30-04:00,212.12,212.12,212.13,212.075,25438,209.43,1587048690000000000,212.11155200487462,89
979,2020-04-16 10:51:35-04:00,212.13,212.07,212.15,212.05,8751,209.43,1587048695000000000,212.095949502914,80
980,2020-04-16 10:51:40-04:00,212.08,212.08,212.09,212.06,12203,209.43,1587048700000000000,212.06452883717134,70
981,2020-04-16 10:51:45-04:00,212.05,212.03,212.05,211.98,23970,209.43,1587048705000000000,212.0041980183562,142
982,2020-04-16 10:51:50-04:00,212.01,211.95,212.01,211.95,4959,209.43,1587048710000000000,211.9841331518451,54
983,2020-04-16 10:51:55-04:00,211.95,211.93,211.96,211.91,7176,209.43,1587048715000000000,211.92947661649944,49
984,2020-04-16 10:52:00-04:00,211.94,211.98,211.995,211.94,10441,209.43,1587048720000000000,211.96594417201416,87
985,2020-04-16 10:52:05-04:00,211.99,211.92,212,211.92,3323,209.43,1587048725000000000,211.964938399037,34
986,2020-04-16 10:52:10-04:00,211.92,211.98,211.99,211.92,4793,209.43,1587048730000000000,211.95788397663256,33
987,2020-04-16 10:52:15-04:00,211.97,212.01,212.02,211.93,14506,209.43,1587048735000000000,211.98453676409773,122
988,2020-04-16 10:52:20-04:00,212,211.98,212,211.94,10005,209.43,1587048740000000000,211.95812693653167,71
989,2020-04-16 10:52:25-04:00,211.96,211.96,211.98,211.91,8662,209.43,1587048745000000000,211.96084468944818,41
990,2020-04-16 10:52:30-04:00,211.96,211.9899,212,211.96,21634,209.43,1587048750000000000,211.97830387353238,85
991,2020-04-16 10:52:35-04:00,211.975,211.94,211.995,211.94,4484,209.43,1587048755000000000,211.96882254683314,49
992,2020-04-16 10:52:40-04:00,211.95,211.895,211.95,211.89,3555,209.43,1587048760000000000,211.90624436005623,36
993,2020-04-16 10:52:45-04:00,211.89,211.8999,211.92,211.89,6497,209.43,1587048765000000000,211.90175476373716,66
994,2020-04-16 10:52:50-04:00,211.89,211.8398,211.89,211.82,9429,209.43,1587048770000000000,211.8386930851629,76
995,2020-04-16 10:52:55-04:00,211.83,211.86,211.8706,211.82,9517,209.43,1587048775000000000,211.83762711989058,91
996,2020-04-16 10:53:00-04:00,211.91,211.94,211.94,211.91,13910,209.43,1587048780000000000,211.9309580948957,108
997,2020-04-16 10:53:05-04:00,211.96,212.04,212.045,211.96,4235,209.43,1587048785000000000,212.02491447461628,45
998,2020-04-16 10:53:10-04:00,212.025,212.03,212.03,212,3201,209.43,1587048790000000000,212.0128452046235,36
999,2020-04-16 10:53:15-04:00,212,211.98,212,211.98,1482,209.43,1587048795000000000,211.986157219973,20
1000,2020-04-16 10:53:20-04:00,211.915,211.9643,211.97,211.91,1622,209.43,1587048800000000000,211.94892355117142,13
1001,2020-04-16 10:53:25-04:00,211.9601,211.95,211.99,211.945,7426,209.43,1587048805000000000,211.95393046054406,71
1002,2020-04-16 10:53:30-04:00,211.96,212.06,212.07,211.96,6461,209.43,1587048810000000000,212.03482363411229,64
1003,2020-04-16 10:53:35-04:00,212.08,212.045,212.08,212.03,8955,209.43,1587048815000000000,212.06065762144053,86
1004,2020-04-16 10:53:40-04:00,212.04,212.02,212.04,212,3984,209.43,1587048820000000000,212.01652577811245,30
1005,2020-04-16 10:53:45-04:00,211.9899,212.04,212.075,211.9899,3281,209.43,1587048825000000000,212.04643559890278,32
1006,2020-04-16 10:53:50-04:00,212.0499,212.05,212.055,212.0391,8907,209.43,1587048830000000000,212.04244313461305,39
1007,2020-04-16 10:53:55-04:00,212.04,212.05,212.06,212.04,3166,209.43,1587048835000000000,212.04527460518003,16
1008,2020-04-16 10:54:00-04:00,212.04,211.99,212.06,211.99,9026,209.43,1587048840000000000,212.03615854198983,54
1009,2020-04-16 10:54:05-04:00,211.957,211.91,211.9699,211.87,26378,209.43,1587048845000000000,211.90262911138043,217
1010,2020-04-16 10:54:10-04:00,211.905,211.855,211.94,211.84,17851,209.43,1587048850000000000,211.88571912497915,105
1011,2020-04-16 10:54:15-04:00,211.855,211.8376,211.86,211.83,10380,209.43,1587048855000000000,211.8448045086705,90
1012,2020-04-16 10:54:20-04:00,211.81,211.8269,211.83,211.78,16304,209.43,1587048860000000000,211.80754021712463,78
1013,2020-04-16 10:54:25-04:00,211.83,211.89,211.89,211.8213,13156,209.43,1587048865000000000,211.85190107935543,111
1014,2020-04-16 10:54:30-04:00,211.89,211.88,211.91,211.84,10880,209.43,1587048870000000000,211.8744016544119,99
1015,2020-04-16 10:54:35-04:00,211.87,211.875,211.88,211.86,3378,209.43,1587048875000000000,211.86908277087034,33
1016,2020-04-16 10:54:40-04:00,211.88,211.855,211.9,211.85,5248,209.43,1587048880000000000,211.87183199314032,61
1017,2020-04-16 10:54:45-04:00,211.86,211.91,211.91,211.85,4183,209.43,1587048885000000000,211.87310867798232,32
1018,2020-04-16 10:54:50-04:00,211.87,211.94,211.94,211.85,7034,209.43,1587048890000000000,211.87594818026724,58
1019,2020-04-16 10:54:55-04:00,211.94,211.97,211.98,211.94,6384,209.43,1587048895000000000,211.96480512218042,54
1020,2020-04-16 10:55:00-04:00,211.98,212.09,212.09,211.96,10410,209.43,1587048900000000000,212.02428819404398,102
1021,2020-04-16 10:55:05-04:00,212.09,212.08,212.1199,212.065,5424,209.43,1587048905000000000,212.0888136061948,69
1022,2020-04-16 10:55:10-04:00,212.07,212.06,212.08,212.05,5482,209.43,1587048910000000000,212.06944994527552,52
1023,2020-04-16 10:55:15-04:00,212.07,212.05,212.12,212.05,7752,209.43,1587048915000000000,212.09370123839005,60
1024,2020-04-16 10:55:20-04:00,212.05,212.06,212.0785,212.05,5385,209.43,1587048920000000000,212.06770629526454,41
1025,2020-04-16 10:55:25-04:00,212.0679,212.035,212.1001,212.02,5757,209.43,1587048925000000000,212.07521717908637,38
1026,2020-04-16 10:55:30-04:00,212.06,212.01,212.065,212.01,5460,209.43,1587048930000000000,212.04888223443214,57
1027,2020-04-16 10:55:35-04:00,212.0199,212.03,212.03,212.01,1562,209.43,1587048935000000000,212.01938239436618,26
1028,2020-04-16 10:55:40-04:00,212.04,211.98,212.04,211.98,2780,209.43,1587048940000000000,212.0079935611511,39
1029,2020-04-16 10:55:45-04:00,211.97,211.93,211.98,211.93,12860,209.43,1587048945000000000,211.95137962674954,73
1030,2020-04-16 10:55:50-04:00,211.91,211.9301,211.9301,211.88,6581,209.43,1587048950000000000,211.90089838930254,70
1031,2020-04-16 10:55:55-04:00,211.92,211.92,211.92,211.89,3256,209.43,1587048955000000000,211.9027612714988,40
1032,2020-04-16 10:56:00-04:00,211.94,212.01,212.03,211.94,11331,209.43,1587048960000000000,211.9944044832761,130
1033,2020-04-16 10:56:05-04:00,212,211.91,212.01,211.91,7494,209.43,1587048965000000000,211.96286690685898,80
1034,2020-04-16 10:56:10-04:00,211.94,211.9,211.96,211.89,13372,209.43,1587048970000000000,211.90426844899778,86
1035,2020-04-16 10:56:15-04:00,211.89,211.8999,211.8999,211.87,11658,209.43,1587048975000000000,211.88071451363865,49
1036,2020-04-16 10:56:20-04:00,211.91,211.94,211.96,211.91,7426,209.43,1587048980000000000,211.94407034742798,67
1037,2020-04-16 10:56:25-04:00,211.92,211.99,211.99,211.92,3061,209.43,1587048985000000000,211.94006207121853,43
1038,2020-04-16 10:56:30-04:00,211.99,212.01,212.06,211.99,23373,209.43,1587048990000000000,212.03286077953214,146
1039,2020-04-16 10:56:35-04:00,212.04,212.0301,212.05,212.0301,12888,209.43,1587048995000000000,212.0402132914338,42
1040,2020-04-16 10:56:40-04:00,212.032,212.035,212.1,212.02,37702,209.43,1587049000000000000,212.06118556044774,197
1041,2020-04-16 10:56:45-04:00,212.05,212.11,212.13,212.04,15650,209.43,1587049005000000000,212.05022543130994,64
1042,2020-04-16 10:56:50-04:00,212.11,212.11,212.12,212.07,5318,209.43,1587049010000000000,212.0999887739752,47
1043,2020-04-16 10:56:55-04:00,212.11,212.1386,212.1386,212.1,9245,209.43,1587049015000000000,212.10698296376427,72
1044,2020-04-16 10:57:00-04:00,212.1411,212.08,212.155,212.075,301942,209.43,1587049020000000000,209.52033779235748,60
1045,2020-04-16 10:57:05-04:00,212.08,212.11,212.12,212.07,9387,209.43,1587049025000000000,212.09047049110455,70
1046,2020-04-16 10:57:10-04:00,212.1189,212.111,212.1499,212.0975,18654,209.43,1587049030000000000,212.1183625335048,106
1047,2020-04-16 10:57:15-04:00,212.16,212.2199,212.22,212.15,7298,209.43,1587049035000000000,212.18401411345573,67
1048,2020-04-16 10:57:20-04:00,212.22,212.29,212.29,212.197,33589,209.43,1587049040000000000,212.20770526362793,97
1049,2020-04-16 10:57:25-04:00,212.3,212.35,212.36,212.2875,20415,209.43,1587049045000000000,212.31770310555967,113
1050,2020-04-16 10:57:30-04:00,212.35,212.305,212.3501,212.29,22989,209.43,1587049050000000000,212.3177026229936,107
1051,2020-04-16 10:57:35-04:00,212.3115,212.28,212.3115,212.26,8776,209.43,1587049055000000000,212.28144143117606,57
1052,2020-04-16 10:57:40-04:00,212.2701,212.26,212.28,212.245,11617,209.43,1587049060000000000,212.26475565120083,85
1053,2020-04-16 10:57:45-04:00,212.2501,212.235,212.27,212.23,27694,209.43,1587049065000000000,212.24935666570383,127
1054,2020-04-16 10:57:50-04:00,212.225,212.237,212.237,212.2,21958,209.43,1587049070000000000,212.21221440932698,77
1055,2020-04-16 10:57:55-04:00,212.23,212.2799,212.28,212.23,7067,209.43,1587049075000000000,212.2460329701431,73
1056,2020-04-16 10:58:00-04:00,212.29,212.34,212.34,212.29,21658,209.43,1587049080000000000,212.30908708098622,132
1057,2020-04-16 10:58:05-04:00,212.34,212.4,212.41,212.34,24450,209.43,1587049085000000000,212.38659257668715,107
1058,2020-04-16 10:58:10-04:00,212.4,212.35,212.415,212.35,12466,209.43,1587049090000000000,212.39325022461088,86
1059,2020-04-16 10:58:15-04:00,212.36,212.35,212.36,212.35,7442,209.43,1587049095000000000,212.35262363611932,55
1060,2020-04-16 10:58:20-04:00,212.3476,212.337,212.3476,212.32,2307,209.43,1587049100000000000,212.3318748591244,22
1061,2020-04-16 10:58:25-04:00,212.335,212.32,212.36,212.32,27308,209.43,1587049105000000000,212.33668955617395,87
1062,2020-04-16 10:58:30-04:00,212.33,212.3404,212.37,212.3223,8349,209.43,1587049110000000000,212.33638290813278,48
1063,2020-04-16 10:58:35-04:00,212.33,212.4,212.42,212.33,14857,209.43,1587049115000000000,212.3894002557718,79
1064,2020-04-16 10:58:40-04:00,212.4,212.4,212.44,212.3933,8592,209.43,1587049120000000000,212.4210703445065,62
1065,2020-04-16 10:58:45-04:00,212.4001,212.46,212.46,212.395,20074,209.43,1587049125000000000,212.41834681179614,136
1066,2020-04-16 10:58:50-04:00,212.46,212.527,212.53,212.46,30920,209.43,1587049130000000000,212.50394104139704,233
1067,2020-04-16 10:58:55-04:00,212.523,212.575,212.59,212.5101,79533,209.43,1587049135000000000,212.55282294016317,406
1068,2020-04-16 10:59:00-04:00,212.58,212.5563,212.63,212.55,71003,209.43,1587049140000000000,212.59704828528348,335
1069,2020-04-16 10:59:05-04:00,212.535,212.54,212.56,212.53,9704,209.43,1587049145000000000,212.54193781945602,77
1070,2020-04-16 10:59:10-04:00,212.54,212.47,212.54,212.47,9617,209.43,1587049150000000000,212.5051009254446,112
1071,2020-04-16 10:59:15-04:00,212.47,212.4401,212.49,212.425,25410,209.43,1587049155000000000,212.45628921684394,155
1072,2020-04-16 10:59:20-04:00,212.44,212.405,212.4599,212.405,5965,209.43,1587049160000000000,212.43750632020118,53
1073,2020-04-16 10:59:25-04:00,212.4121,212.44,212.45,212.41,18652,209.43,1587049165000000000,212.43413952391163,66
1074,2020-04-16 10:59:30-04:00,212.43,212.47,212.47,212.42,11178,209.43,1587049170000000000,212.45201091429595,76
1075,2020-04-16 10:59:35-04:00,212.4601,212.44,212.47,212.44,4369,209.43,1587049175000000000,212.4528000915541,47
1076,2020-04-16 10:59:40-04:00,212.43,212.45,212.455,212.43,7909,209.43,1587049180000000000,212.44088757112155,26
1077,2020-04-16 10:59:45-04:00,212.45,212.45,212.46,212.44,17155,209.43,1587049185000000000,212.44769105217142,30
1078,2020-04-16 10:59:50-04:00,212.44,212.47,212.48,212.41,9152,209.43,1587049190000000000,212.44440996503494,45
1079,2020-04-16 10:59:55-04:00,212.48,212.44,212.5,212.43,14641,209.43,1587049195000000000,212.46768889420125,125
1080,2020-04-16 11:00:00-04:00,212.44,212.5,212.53,212.44,12096,209.43,1587049200000000000,212.5019733796297,89
1081,2020-04-16 11:00:05-04:00,212.49,212.53,212.56,212.48,46648,209.43,1587049205000000000,212.52770028940154,211
1082,2020-04-16 11:00:10-04:00,212.53,212.4723,212.53,212.46,25408,209.43,1587049210000000000,212.48996030777715,102
1083,2020-04-16 11:00:15-04:00,212.47,212.4401,212.49,212.4401,7539,209.43,1587049215000000000,212.4701517442632,51
1084,2020-04-16 11:00:20-04:00,212.45,212.426,212.45,212.42,12928,209.43,1587049220000000000,212.43081075959154,59
1085,2020-04-16 11:00:25-04:00,212.45,212.42,212.45,212.41,8527,209.43,1587049225000000000,212.4356230327197,83
1086,2020-04-16 11:00:30-04:00,212.41,212.39,212.41,212.37,17883,209.43,1587049230000000000,212.39060306436303,116
1087,2020-04-16 11:00:35-04:00,212.4,212.41,212.43,212.3801,11279,209.43,1587049235000000000,212.40662815852457,59
1088,2020-04-16 11:00:40-04:00,212.4,212.39,212.41,212.39,2733,209.43,1587049240000000000,212.40058693743137,25
1089,2020-04-16 11:00:45-04:00,212.39,212.43,212.43,212.36,12643,209.43,1587049245000000000,212.37819354583561,81
1090,2020-04-16 11:00:50-04:00,212.42,212.4,212.46,212.375,13700,209.43,1587049250000000000,212.42248985401454,106
1091,2020-04-16 11:00:55-04:00,212.42,212.48,212.48,212.42,5719,209.43,1587049255000000000,212.46622851897183,56
1092,2020-04-16 11:01:00-04:00,212.48,212.47,212.4899,212.45,7456,209.43,1587049260000000000,212.46415678648074,77
1093,2020-04-16 11:01:05-04:00,212.46,212.47,212.49,212.45,13694,209.43,1587049265000000000,212.47108076529867,48
1094,2020-04-16 11:01:10-04:00,212.51,212.5,212.51,212.49,5564,209.43,1587049270000000000,212.49765833932415,47
1095,2020-04-16 11:01:15-04:00,212.5,212.51,212.53,212.5,1920,209.43,1587049275000000000,212.51290869791669,16
1096,2020-04-16 11:01:20-04:00,212.5,212.525,212.533,212.5,6180,209.43,1587049280000000000,212.51805817152106,44
1097,2020-04-16 11:01:25-04:00,212.53,212.5279,212.548,212.5279,3381,209.43,1587049285000000000,212.5402633540373,23
1098,2020-04-16 11:01:30-04:00,212.525,212.545,212.555,212.52,4987,209.43,1587049290000000000,212.54319229997995,40
1099,2020-04-16 11:01:35-04:00,212.53,212.52,212.53,212.4884,14902,209.43,1587049295000000000,212.5141066031406,58
1100,2020-04-16 11:01:40-04:00,212.52,212.51,212.53,212.5,5097,209.43,1587049300000000000,212.51159684127927,35
1101,2020-04-16 11:01:45-04:00,212.5196,212.49,212.5196,212.48,2127,209.43,1587049305000000000,212.5007553361542,19
1102,2020-04-16 11:01:50-04:00,212.48,212.39,212.49,212.39,9755,209.43,1587049310000000000,212.42395532547403,80
1103,2020-04-16 11:01:55-04:00,212.39,212.36,212.4288,212.3536,11038,209.43,1587049315000000000,212.39815274506253,52
1104,2020-04-16 11:02:00-04:00,212.37,212.3064,212.38,212.3,25474,209.43,1587049320000000000,212.32495230431007,200
1105,2020-04-16 11:02:05-04:00,212.31,212.25,212.32,212.25,19071,209.43,1587049325000000000,212.29529508153743,103
1106,2020-04-16 11:02:10-04:00,212.2299,212.24,212.27,212.22,6528,209.43,1587049330000000000,212.24954221813732,55
1107,2020-04-16 11:02:15-04:00,212.2699,212.21,212.27,212.21,6446,209.43,1587049335000000000,212.2499954545454,49
1108,2020-04-16 11:02:20-04:00,212.21,212.26,212.275,212.205,19060,209.43,1587049340000000000,212.23186687303235,93
1109,2020-04-16 11:02:25-04:00,212.23,212.24,212.27,212.23,11646,209.43,1587049345000000000,212.2658916881333,15
1110,2020-04-16 11:02:30-04:00,212.25,212.27,212.3,212.25,6816,209.43,1587049350000000000,212.2772677230047,71
1111,2020-04-16 11:02:35-04:00,212.276,212.2701,212.29,212.2679,9284,209.43,1587049355000000000,212.27813765618268,39
1112,2020-04-16 11:02:40-04:00,212.26,212.18,212.2622,212.18,46191,209.43,1587049360000000000,212.2146927215258,218
1113,2020-04-16 11:02:45-04:00,212.2,212.23,212.23,212.1799,4673,209.43,1587049365000000000,212.20727511234756,45
1114,2020-04-16 11:02:50-04:00,212.23,212.16,212.235,212.16,5230,209.43,1587049370000000000,212.20236615678778,59
1115,2020-04-16 11:02:55-04:00,212.1665,212.18,212.18,212.16,11900,209.43,1587049375000000000,212.1671922689075,66
1116,2020-04-16 11:03:00-04:00,212.18,212.1801,212.205,212.18,4522,209.43,1587049380000000000,212.1948287483415,41
1117,2020-04-16 11:03:05-04:00,212.1925,212.2066,212.2398,212.1925,9987,209.43,1587049385000000000,212.2047159307099,39
1118,2020-04-16 11:03:10-04:00,212.24,212.25,212.25,212.22,5175,209.43,1587049390000000000,212.23278676328496,49
1119,2020-04-16 11:03:15-04:00,212.26,212.19,212.26,212.18,6323,209.43,1587049395000000000,212.20475540091724,42
1120,2020-04-16 11:03:20-04:00,212.185,212.1499,212.185,212.13,11529,209.43,1587049400000000000,212.15859459623567,82
1121,2020-04-16 11:03:25-04:00,212.16,212.22,212.23,212.1525,10137,209.43,1587049405000000000,212.1721142349808,37
1122,2020-04-16 11:03:30-04:00,212.2505,212.25,212.28,212.2415,4919,209.43,1587049410000000000,212.26086907908115,34
1123,2020-04-16 11:03:35-04:00,212.2699,212.31,212.31,212.25,6631,209.43,1587049415000000000,212.2729575478812,42
1124,2020-04-16 11:03:40-04:00,212.3,212.255,212.315,212.255,7500,209.43,1587049420000000000,212.2866404,57
1125,2020-04-16 11:03:45-04:00,212.28,212.31,212.31,212.27,4480,209.43,1587049425000000000,212.28368749999993,35
1126,2020-04-16 11:03:50-04:00,212.33,212.34,212.38,212.32,7392,209.43,1587049430000000000,212.35481872294363,64
1127,2020-04-16 11:03:55-04:00,212.335,212.27,212.34,212.26,2827,209.43,1587049435000000000,212.31054722320474,24
1128,2020-04-16 11:04:00-04:00,212.29,212.36,212.36,212.29,3363,209.43,1587049440000000000,212.32781703835852,44
1129,2020-04-16 11:04:05-04:00,212.36,212.44,212.45,212.36,11649,209.43,1587049445000000000,212.42689667782668,122
1130,2020-04-16 11:04:10-04:00,212.4466,212.456,212.456,212.41,7022,209.43,1587049450000000000,212.4338179293649,65
1131,2020-04-16 11:04:15-04:00,212.44,212.43,212.44,212.415,11985,209.43,1587049455000000000,212.42908331247412,99
1132,2020-04-16 11:04:20-04:00,212.44,212.39,212.44,212.3799,21408,209.43,1587049460000000000,212.40540747384148,136
1133,2020-04-16 11:04:25-04:00,212.39,212.38,212.405,212.38,4594,209.43,1587049465000000000,212.39258641706576,34
1134,2020-04-16 11:04:30-04:00,212.39,212.49,212.49,212.39,7252,209.43,1587049470000000000,212.44927268339774,47
1135,2020-04-16 11:04:35-04:00,212.47,212.47,212.495,212.47,7356,209.43,1587049475000000000,212.48046329526917,50
1136,2020-04-16 11:04:40-04:00,212.46,212.46,212.485,212.44,16491,209.43,1587049480000000000,212.4583230004245,126
1137,2020-04-16 11:04:45-04:00,212.45,212.4701,212.4701,212.45,2579,209.43,1587049485000000000,212.4598534315626,32
1138,2020-04-16 11:04:50-04:00,212.4899,212.48,212.49,212.48,1719,209.43,1587049490000000000,212.48326643397323,21
1139,2020-04-16 11:04:55-04:00,212.47,212.4,212.47,212.38,18855,209.43,1587049495000000000,212.4115638928667,62
1140,2020-04-16 11:05:00-04:00,212.45,212.46,212.485,212.45,4571,209.43,1587049500000000000,212.468446401225,44
1141,2020-04-16 11:05:05-04:00,212.47,212.4,212.47,212.4,2802,209.43,1587049505000000000,212.43985349750164,26
1142,2020-04-16 11:05:10-04:00,212.39,212.3815,212.42,212.38,7217,209.43,1587049510000000000,212.39801646113344,56
1143,2020-04-16 11:05:15-04:00,212.3881,212.415,212.425,212.36,18207,209.43,1587049515000000000,212.38772725874657,147
1144,2020-04-16 11:05:20-04:00,212.415,212.43,212.45,212.4103,6630,209.43,1587049520000000000,212.42816033182496,51
1145,2020-04-16 11:05:25-04:00,212.43,212.5,212.52,212.43,9727,209.43,1587049525000000000,212.48810318700535,107
1146,2020-04-16 11:05:30-04:00,212.51,212.515,212.56,212.51,17337,209.43,1587049530000000000,212.53802165311203,155
1147,2020-04-16 11:05:35-04:00,212.555,212.56,212.57,212.55,4476,209.43,1587049535000000000,212.55486260053627,36
1148,2020-04-16 11:05:40-04:00,212.54,212.54,212.54,212.52,3919,209.43,1587049540000000000,212.53106358764984,40
1149,2020-04-16 11:05:45-04:00,212.575,212.565,212.575,212.565,3515,209.43,1587049545000000000,212.57001564722614,16
1150,2020-04-16 11:05:50-04:00,212.56,212.55,212.58,212.55,5165,209.43,1587049550000000000,212.56605450145196,90
1151,2020-04-16 11:05:55-04:00,212.54,212.51,212.54,212.48,5222,209.43,1587049555000000000,212.50758464189965,51
1152,2020-04-16 11:06:00-04:00,212.5299,212.49,212.5299,212.47,7781,209.43,1587049560000000000,212.48875965814165,57
1153,2020-04-16 11:06:05-04:00,212.5,212.51,212.52,212.49,2197,209.43,1587049565000000000,212.50657715066,22
1154,2020-04-16 11:06:10-04:00,212.52,212.56,212.57,212.52,8381,209.43,1587049570000000000,212.53412086863142,67
1155,2020-04-16 11:06:15-04:00,212.57,212.62,212.63,212.57,14843,209.43,1587049575000000000,212.61362256956136,103
1156,2020-04-16 11:06:20-04:00,212.62,212.69,212.69,212.62,11765,209.43,1587049580000000000,212.6615775435615,96
1157,2020-04-16 11:06:25-04:00,212.69,212.735,212.76,212.69,88565,209.43,1587049585000000000,212.73844732117576,444
1158,2020-04-16 11:06:30-04:00,212.72,212.72,212.73,212.69,9507,209.43,1587049590000000000,212.7166642999895,108
1159,2020-04-16 11:06:35-04:00,212.72,212.71,212.73,212.71,12069,209.43,1587049595000000000,212.7152371613223,76
1160,2020-04-16 11:06:40-04:00,212.69,212.8014,212.81,212.69,51289,209.43,1587049600000000000,212.74122256234278,214
1161,2020-04-16 11:06:45-04:00,212.805,212.83,212.83,212.805,15239,209.43,1587049605000000000,212.8149517684887,77
1162,2020-04-16 11:06:50-04:00,212.83,212.85,212.87,212.83,10244,209.43,1587049610000000000,212.84384260054682,85
1163,2020-04-16 11:06:55-04:00,212.85,212.82,212.86,212.81,13728,209.43,1587049615000000000,212.83130409382295,107
1164,2020-04-16 11:07:00-04:00,212.82,212.83,212.83,212.79,21347,209.43,1587049620000000000,212.79739490326529,159
1165,2020-04-16 11:07:05-04:00,212.83,212.855,212.86,212.82,28905,209.43,1587049625000000000,212.84774805396998,158
1166,2020-04-16 11:07:10-04:00,212.86,212.9,212.93,212.86,45555,209.43,1587049630000000000,212.90491400943867,192
1167,2020-04-16 11:07:15-04:00,212.89,212.89,212.895,212.8501,3436,209.43,1587049635000000000,212.87727322467987,33
1168,2020-04-16 11:07:20-04:00,212.8898,212.85,212.9,212.85,5013,209.43,1587049640000000000,212.8849481547976,35
1169,2020-04-16 11:07:25-04:00,212.85,212.89,212.89,212.85,9320,209.43,1587049645000000000,212.86845450643787,86
1170,2020-04-16 11:07:30-04:00,212.87,212.86,212.875,212.85,2359,209.43,1587049650000000000,212.86202115303084,28
1171,2020-04-16 11:07:35-04:00,212.87,212.88,212.89,212.85,11280,209.43,1587049655000000000,212.87388857269502,95
1172,2020-04-16 11:07:40-04:00,212.86,212.84,212.86,212.81,13695,209.43,1587049660000000000,212.83137036874788,93
1173,2020-04-16 11:07:45-04:00,212.85,212.85,212.86,212.82,6479,209.43,1587049665000000000,212.84173679580186,40
1174,2020-04-16 11:07:50-04:00,212.86,212.9,212.91,212.85,18140,209.43,1587049670000000000,212.8871495589858,118
1175,2020-04-16 11:07:55-04:00,212.9,212.872,212.91,212.86,4762,209.43,1587049675000000000,212.8907440361193,34
1176,2020-04-16 11:08:00-04:00,212.89,212.8466,212.9,212.83,11020,209.43,1587049680000000000,212.87015039927402,99
1177,2020-04-16 11:08:05-04:00,212.85,212.815,212.85,212.81,6022,209.43,1587049685000000000,212.82278264696112,46
1178,2020-04-16 11:08:10-04:00,212.8199,212.8277,212.83,212.81,10582,209.43,1587049690000000000,212.81859344169354,63
1179,2020-04-16 11:08:15-04:00,212.825,212.84,212.85,212.82,8008,209.43,1587049695000000000,212.8286230144855,36
1180,2020-04-16 11:08:20-04:00,212.84,212.8201,212.85,212.8201,1972,209.43,1587049700000000000,212.84232961460455,24
1181,2020-04-16 11:08:25-04:00,212.8368,212.86,212.86,212.82,8244,209.43,1587049705000000000,212.83276950509457,78
1182,2020-04-16 11:08:30-04:00,212.8498,212.84,212.8572,212.832,2586,209.43,1587049710000000000,212.84820634184072,18
1183,2020-04-16 11:08:35-04:00,212.84,212.82,212.85,212.82,8990,209.43,1587049715000000000,212.83570919911014,51
1184,2020-04-16 11:08:40-04:00,212.8299,212.85,212.88,212.825,33092,209.43,1587049720000000000,212.86121871147108,188
1185,2020-04-16 11:08:45-04:00,212.86,212.9,212.9,212.86,3415,209.43,1587049725000000000,212.89315669106873,39
1186,2020-04-16 11:08:50-04:00,212.9112,212.9134,212.93,212.9,12589,209.43,1587049730000000000,212.91749450313753,86
1187,2020-04-16 11:08:55-04:00,212.9025,213.01,213.01,212.9025,24927,209.43,1587049735000000000,212.98556289966731,191
1188,2020-04-16 11:09:00-04:00,213,212.92,213.008,212.91,17357,209.43,1587049740000000000,212.97003422250387,103
1189,2020-04-16 11:09:05-04:00,212.91,212.82,212.91,212.81,16072,209.43,1587049745000000000,212.87412674216023,155
1190,2020-04-16 11:09:10-04:00,212.8259,212.748,212.8259,212.74,17373,209.43,1587049750000000000,212.79402900477749,97
1191,2020-04-16 11:09:15-04:00,212.75,212.73,212.77,212.73,8233,209.43,1587049755000000000,212.75087817320554,61
1192,2020-04-16 11:09:20-04:00,212.7499,212.79,212.79,212.7,12507,209.43,1587049760000000000,212.75585119533068,83
1193,2020-04-16 11:09:25-04:00,212.79,212.78,212.79,212.77,7871,209.43,1587049765000000000,212.78070323974086,71
1194,2020-04-16 11:09:30-04:00,212.7968,212.7699,212.8,212.7502,7905,209.43,1587049770000000000,212.7706634029095,32
1195,2020-04-16 11:09:35-04:00,212.76,212.725,212.76,212.7,22141,209.43,1587049775000000000,212.73537052075324,147
1196,2020-04-16 11:09:40-04:00,212.745,212.765,212.765,212.73,9007,209.43,1587049780000000000,212.7561023426224,40
1197,2020-04-16 11:09:45-04:00,212.7497,212.72,212.76,212.72,12755,209.43,1587049785000000000,212.74304386515095,41
1198,2020-04-16 11:09:50-04:00,212.715,212.68,212.73,212.675,27582,209.43,1587049790000000000,212.70026241026756,109
1199,2020-04-16 11:09:55-04:00,212.68,212.7,212.71,212.67,8921,209.43,1587049795000000000,212.69532345028568,76
1200,2020-04-16 11:10:00-04:00,212.71,212.75,212.75,212.71,27648,209.43,1587049800000000000,212.73590307436334,138
1201,2020-04-16 11:10:05-04:00,212.76,212.7,212.76,212.69,11265,209.43,1587049805000000000,212.7176715667998,94
1202,2020-04-16 11:10:10-04:00,212.715,212.73,212.73,212.71,3981,209.43,1587049810000000000,212.72648329565436,31
1203,2020-04-16 11:10:15-04:00,212.75,212.7363,212.7501,212.72,5175,209.43,1587049815000000000,212.73784892753628,59
1204,2020-04-16 11:10:20-04:00,212.73,212.79,212.79,212.73,7524,209.43,1587049820000000000,212.76181621477932,48
1205,2020-04-16 11:10:25-04:00,212.8,212.786,212.8,212.7702,5303,209.43,1587049825000000000,212.78504610597776,45
1206,2020-04-16 11:10:30-04:00,212.78,212.765,212.7998,212.76,3355,209.43,1587049830000000000,212.7693118628913,40
1207,2020-04-16 11:10:35-04:00,212.779,212.797,212.84,212.779,14925,209.43,1587049835000000000,212.81919075376885,63
1208,2020-04-16 11:10:40-04:00,212.78,212.77,212.78,212.76,20665,209.43,1587049840000000000,212.7705704766508,216
1209,2020-04-16 11:10:45-04:00,212.77,212.75,212.78,212.74,15986,209.43,1587049845000000000,212.7653630238962,138
1210,2020-04-16 11:10:50-04:00,212.76,212.75,212.76,212.71,13131,209.43,1587049850000000000,212.73467315512912,109
1211,2020-04-16 11:10:55-04:00,212.76,212.8377,212.8377,212.76,12425,209.43,1587049855000000000,212.79709735211267,51
1212,2020-04-16 11:11:00-04:00,212.84,212.89,212.89,212.84,15146,209.43,1587049860000000000,212.87615956688236,60
1213,2020-04-16 11:11:05-04:00,212.895,212.88,212.9,212.87,27542,209.43,1587049865000000000,212.88398924914685,102
1214,2020-04-16 11:11:10-04:00,212.9,212.9199,212.94,212.9,13148,209.43,1587049870000000000,212.92299379373304,84
1215,2020-04-16 11:11:15-04:00,212.89,212.83,212.92,212.83,4505,209.43,1587049875000000000,212.85924512763597,46
1216,2020-04-16 11:11:20-04:00,212.83,212.82,212.845,212.8,11581,209.43,1587049880000000000,212.82804062688885,78
1217,2020-04-16 11:11:25-04:00,212.8286,212.878,212.878,212.825,4063,209.43,1587049885000000000,212.83385970957428,22
1218,2020-04-16 11:11:30-04:00,212.905,212.95,212.96,212.895,6105,209.43,1587049890000000000,212.94307354627355,40
1219,2020-04-16 11:11:35-04:00,212.95,212.945,212.96,212.94,2285,209.43,1587049895000000000,212.9462097155361,24
1220,2020-04-16 11:11:40-04:00,212.925,212.96,212.97,212.92,4961,209.43,1587049900000000000,212.95342761540002,42
1221,2020-04-16 11:11:45-04:00,212.96,212.98,212.99,212.95,14098,209.43,1587049905000000000,212.9755501134913,83
1222,2020-04-16 11:11:50-04:00,212.965,212.98,212.98,212.96,8820,209.43,1587049910000000000,212.97147417233566,68
1223,2020-04-16 11:11:55-04:00,212.98,212.96,212.995,212.96,7069,209.43,1587049915000000000,212.9761516338945,69
1224,2020-04-16 11:12:00-04:00,212.9734,212.91,212.98,212.9,11893,209.43,1587049920000000000,212.9365532582191,71
1225,2020-04-16 11:12:05-04:00,212.9,212.95,212.95,212.9,15462,209.43,1587049925000000000,212.92676520501885,87
1226,2020-04-16 11:12:10-04:00,212.96,212.93,212.96,212.93,5534,209.43,1587049930000000000,212.93725336104086,48
1227,2020-04-16 11:12:15-04:00,212.93,212.965,212.965,212.9201,2287,209.43,1587049935000000000,212.9434521206821,24
1228,2020-04-16 11:12:20-04:00,212.96,212.95,212.975,212.94,5419,209.43,1587049940000000000,212.96142195977114,40
1229,2020-04-16 11:12:25-04:00,212.9443,212.93,212.95,212.93,1636,209.43,1587049945000000000,212.9455143643032,18
1230,2020-04-16 11:12:30-04:00,212.92,212.8801,212.95,212.87,19380,209.43,1587049950000000000,212.9093072136222,91
1231,2020-04-16 11:12:35-04:00,212.9,212.85,212.9,212.85,8576,209.43,1587049955000000000,212.88806173041047,45
1232,2020-04-16 11:12:40-04:00,212.86,212.85,212.87,212.841,2062,209.43,1587049960000000000,212.85671435499518,13
1233,2020-04-16 11:12:45-04:00,212.84,212.83,212.86,212.82,6888,209.43,1587049965000000000,212.8395105981416,48
1234,2020-04-16 11:12:50-04:00,212.82,212.82,212.84,212.79,13036,209.43,1587049970000000000,212.82270471003366,113
1235,2020-04-16 11:12:55-04:00,212.8201,212.79,212.835,212.79,5847,209.43,1587049975000000000,212.8143354711818,51
1236,2020-04-16 11:13:00-04:00,212.84,212.905,212.905,212.84,11352,209.43,1587049980000000000,212.8653512861172,80
1237,2020-04-16 11:13:05-04:00,212.92,212.895,212.93,212.8886,214138,209.43,1587049985000000000,209.534338103466,90
1238,2020-04-16 11:13:10-04:00,212.8899,212.91,212.915,212.88,5756,209.43,1587049990000000000,212.89501633078518,63
1239,2020-04-16 11:13:15-04:00,212.89,212.915,212.945,212.8825,10405,209.43,1587049995000000000,212.93255435848167,84
1240,2020-04-16 11:13:20-04:00,212.915,212.975,212.995,212.9,11406,209.43,1587050000000000000,212.9593397685429,75
1241,2020-04-16 11:13:25-04:00,212.98,213.0397,213.05,212.96,229783,209.43,1587050005000000000,209.77355434475132,161
1242,2020-04-16 11:13:30-04:00,213.04,213.01,213.06,213,14158,209.43,1587050010000000000,213.03763057635268,111
1243,2020-04-16 11:13:35-04:00,213.01,212.94,213.01,212.94,12119,209.43,1587050015000000000,212.95252648733404,147
1244,2020-04-16 11:13:40-04:00,212.94,212.92,212.95,212.91,49803,209.43,1587050020000000000,212.93087484288105,292
1245,2020-04-16 11:13:45-04:00,212.92,212.87,212.92,212.87,8953,209.43,1587050025000000000,212.8989542499721,67
1246,2020-04-16 11:13:50-04:00,212.9,212.85,212.9,212.85,8437,209.43,1587050030000000000,212.878378807633,35
1247,2020-04-16 11:13:55-04:00,212.84,212.8598,212.8599,212.83,9045,209.43,1587050035000000000,212.84052912106128,81
1248,2020-04-16 11:14:00-04:00,212.86,212.8443,212.875,212.835,32248,209.43,1587050040000000000,212.85435809972677,251
1249,2020-04-16 11:14:05-04:00,212.85,212.89,212.89,212.85,2847,209.43,1587050045000000000,212.8750368809273,21
1250,2020-04-16 11:14:10-04:00,212.89,212.879,212.9,212.86,13137,209.43,1587050050000000000,212.89712122250143,82
1251,2020-04-16 11:14:15-04:00,212.88,212.89,212.91,212.88,33172,209.43,1587050055000000000,212.90018547570233,75
1252,2020-04-16 11:14:20-04:00,212.89,212.82,212.89,212.82,22309,209.43,1587050060000000000,212.8602130485454,137
1253,2020-04-16 11:14:25-04:00,212.825,212.8,212.8398,212.8,22216,209.43,1587050065000000000,212.81561167176807,183
1254,2020-04-16 11:14:30-04:00,212.8,212.75,212.81,212.75,32585,209.43,1587050070000000000,212.77749305508675,108
1255,2020-04-16 11:14:35-04:00,212.75,212.7808,212.79,212.75,13934,209.43,1587050075000000000,212.77690526051387,68
1256,2020-04-16 11:14:40-04:00,212.8,212.78,212.8,212.77,9386,209.43,1587050080000000000,212.78090686128274,60
1257,2020-04-16 11:14:45-04:00,212.7897,212.78,212.81,212.765,15598,209.43,1587050085000000000,212.78561171304028,126
1258,2020-04-16 11:14:50-04:00,212.7812,212.68,212.7812,212.68,23910,209.43,1587050090000000000,212.72068859891266,127
1259,2020-04-16 11:14:55-04:00,212.7,212.7,212.72,212.6901,19684,209.43,1587050095000000000,212.71012119487898,120
1260,2020-04-16 11:15:00-04:00,212.7,212.73,212.79,212.7,5237,209.43,1587050100000000000,212.75251458850485,47
1261,2020-04-16 11:15:05-04:00,212.745,212.77,212.77,212.73,20495,209.43,1587050105000000000,212.7588450158574,126
1262,2020-04-16 11:15:10-04:00,212.78,212.78,212.79,212.77,16586,209.43,1587050110000000000,212.77911695405754,113
1263,2020-04-16 11:15:15-04:00,212.7799,212.79,212.8198,212.7799,7288,209.43,1587050115000000000,212.78835268935237,44
1264,2020-04-16 11:15:20-04:00,212.78,212.82,212.85,212.78,23521,209.43,1587050120000000000,212.81045748480074,113
1265,2020-04-16 11:15:25-04:00,212.815,212.83,212.85,212.81,9476,209.43,1587050125000000000,212.82916307513722,71
1266,2020-04-16 11:15:30-04:00,212.82,212.9,212.9,212.79,16937,209.43,1587050130000000000,212.8536407864437,124
1267,2020-04-16 11:15:35-04:00,212.89,212.89,212.9,212.86,27321,209.43,1587050135000000000,212.87801192123277,151
1268,2020-04-16 11:15:40-04:00,212.89,212.865,212.89,212.845,9555,209.43,1587050140000000000,212.86547416012564,67
1269,2020-04-16 11:15:45-04:00,212.865,212.81,212.87,212.81,4536,209.43,1587050145000000000,212.8407337301587,45
1270,2020-04-16 11:15:50-04:00,212.83,212.68,212.855,212.68,26055,209.43,1587050150000000000,212.79559015160225,214
1271,2020-04-16 11:15:55-04:00,212.68,212.73,212.73,212.68,12909,209.43,1587050155000000000,212.70470991556274,87
1272,2020-04-16 11:16:00-04:00,212.74,212.78,212.8,212.73,4405,209.43,1587050160000000000,212.7670378206583,53
1273,2020-04-16 11:16:05-04:00,212.79,212.82,212.83,212.79,4218,209.43,1587050165000000000,212.80163933143666,36
1274,2020-04-16 11:16:10-04:00,212.81,212.74,212.81,212.73,7415,209.43,1587050170000000000,212.77133847606203,85
1275,2020-04-16 11:16:15-04:00,212.81,212.8221,212.83,212.79,4298,209.43,1587050175000000000,212.8040809446254,44
1276,2020-04-16 11:16:20-04:00,212.84,212.845,212.855,212.84,54531,209.43,1587050180000000000,212.84588307934925,134
1277,2020-04-16 11:16:25-04:00,212.85,212.8413,212.87,212.835,12223,209.43,1587050185000000000,212.84667100548174,78
1278,2020-04-16 11:16:30-04:00,212.8599,212.79,212.86,212.77,111615,209.43,1587050190000000000,212.676278054025,60
1279,2020-04-16 11:16:35-04:00,212.76,212.85,212.85,212.75,35861,209.43,1587050195000000000,212.7678650511697,140
1280,2020-04-16 11:16:40-04:00,212.76,212.88,212.88,212.76,10536,209.43,1587050200000000000,212.84499633637043,75
1281,2020-04-16 11:16:45-04:00,212.9,212.86,212.92,212.855,20786,209.43,1587050205000000000,212.88955041855098,154
1282,2020-04-16 11:16:50-04:00,212.86,212.79,212.86,212.79,7522,209.43,1587050210000000000,212.8303053177347,50
1283,2020-04-16 11:16:55-04:00,212.79,212.76,212.81,212.76,4706,209.43,1587050215000000000,212.78041383340422,43
1284,2020-04-16 11:17:00-04:00,212.76,212.8101,212.82,212.76,11012,209.43,1587050220000000000,212.78234232655268,78
1285,2020-04-16 11:17:05-04:00,212.81,212.82,212.82,212.8,3858,209.43,1587050225000000000,212.8119056505962,33
1286,2020-04-16 11:17:10-04:00,212.821,212.9,212.9,212.82,5398,209.43,1587050230000000000,212.86285891070776,50
1287,2020-04-16 11:17:15-04:00,212.88,212.91,212.91,212.85,7113,209.43,1587050235000000000,212.87919162097583,43
1288,2020-04-16 11:17:20-04:00,212.89,212.81,212.89,212.81,7188,209.43,1587050240000000000,212.86021988035608,63
1289,2020-04-16 11:17:25-04:00,212.8,212.8,212.81,212.795,9684,209.43,1587050245000000000,212.80031626394043,50
1290,2020-04-16 11:17:30-04:00,212.79,212.81,212.82,212.77,1856,209.43,1587050250000000000,212.79527182112062,21
1291,2020-04-16 11:17:35-04:00,212.8199,212.89,212.92,212.8199,37383,209.43,1587050255000000000,212.87801435946832,218
1292,2020-04-16 11:17:40-04:00,212.8751,212.95,212.95,212.8751,6610,209.43,1587050260000000000,212.92750829046906,59
1293,2020-04-16 11:17:45-04:00,212.96,213.004,213.004,212.96,10106,209.43,1587050265000000000,212.98935701563414,97
1294,2020-04-16 11:17:50-04:00,213.01,213.1,213.11,213.01,14299,209.43,1587050270000000000,213.06824021260235,147
1295,2020-04-16 11:17:55-04:00,213.115,213.19,213.2194,213.08,26827,209.43,1587050275000000000,213.15257480896082,213
1296,2020-04-16 11:18:00-04:00,213.1999,213.1333,213.21,213.13,12730,209.43,1587050280000000000,213.16288714061295,135
1297,2020-04-16 11:18:05-04:00,213.13,213.05,213.13,213.05,11001,209.43,1587050285000000000,213.09879020089082,86
1298,2020-04-16 11:18:10-04:00,213.025,213.06,213.07,213.02,11358,209.43,1587050290000000000,213.04277827962673,39
1299,2020-04-16 11:18:15-04:00,213.08,213.07,213.0899,213.02,17773,209.43,1587050295000000000,213.0562311202386,99
1300,2020-04-16 11:18:20-04:00,213.0399,213.09,213.1,213.0399,6738,209.43,1587050300000000000,213.06552828732592,57
1301,2020-04-16 11:18:25-04:00,213.1,213.03,213.1,213.03,31965,209.43,1587050305000000000,213.07103808227743,202
1302,2020-04-16 11:18:30-04:00,213.03,213.0288,213.06,213.0288,10092,209.43,1587050310000000000,213.04010390408237,100
1303,2020-04-16 11:18:35-04:00,213.02,213.07,213.07,212.98,7604,209.43,1587050315000000000,213.03768090478698,65
1304,2020-04-16 11:18:40-04:00,213.07,213.13,213.15,213.05,13892,209.43,1587050320000000000,213.09051449755253,63
1305,2020-04-16 11:18:45-04:00,213.14,213.16,213.17,213.1363,4719,209.43,1587050325000000000,213.15438122483576,47
1306,2020-04-16 11:18:50-04:00,213.16,213.11,213.16,213.11,9770,209.43,1587050330000000000,213.13097978505624,92
1307,2020-04-16 11:18:55-04:00,213.13,213.16,213.17,213.12,6622,209.43,1587050335000000000,213.127564180006,32
1308,2020-04-16 11:19:00-04:00,213.1499,213.16,213.17,213.1,15330,209.43,1587050340000000000,213.15265620352267,75
1309,2020-04-16 11:19:05-04:00,213.1634,213.19,213.21,213.16,8138,209.43,1587050345000000000,213.18200970754475,62
1310,2020-04-16 11:19:10-04:00,213.19,213.21,213.21,213.15,22180,209.43,1587050350000000000,213.16140562218217,103
1311,2020-04-16 11:19:15-04:00,213.215,213.2,213.22,213.2,7364,209.43,1587050355000000000,213.21343802281373,53
1312,2020-04-16 11:19:20-04:00,213.2,213.12,213.21,213.12,24928,209.43,1587050360000000000,213.15702353177144,184
1313,2020-04-16 11:19:25-04:00,213.13,213.22,213.23,213.1,85468,209.43,1587050365000000000,213.16694060935137,532
1314,2020-04-16 11:19:30-04:00,213.23,213.26,213.27,213.1899,40463,209.43,1587050370000000000,213.23958312038147,159
1315,2020-04-16 11:19:35-04:00,213.26,213.23,213.28,213.22,12050,209.43,1587050375000000000,213.25699790041494,93
1316,2020-04-16 11:19:40-04:00,213.22,213.225,213.2486,213.205,6409,209.43,1587050380000000000,213.23936000936186,48
1317,2020-04-16 11:19:45-04:00,213.2217,213.202,213.2217,213.19,4910,209.43,1587050385000000000,213.20524236252544,45
1318,2020-04-16 11:19:50-04:00,213.22,213.22,213.225,213.2,13091,209.43,1587050390000000000,213.20782067832863,57
1319,2020-04-16 11:19:55-04:00,213.26,213.27,213.29,213.248,16562,209.43,1587050395000000000,213.2657611037314,93
1320,2020-04-16 11:20:00-04:00,213.27,213.31,213.34,213.27,11229,209.43,1587050400000000000,213.31304996883077,105
1321,2020-04-16 11:20:05-04:00,213.325,213.31,213.355,213.3001,5801,209.43,1587050405000000000,213.32098769177733,48
1322,2020-04-16 11:20:10-04:00,213.31,213.36,213.36,213.31,6396,209.43,1587050410000000000,213.33047045028144,57
1323,2020-04-16 11:20:15-04:00,213.35,213.32,213.38,213.31,10861,209.43,1587050415000000000,213.34883832059657,90
1324,2020-04-16 11:20:20-04:00,213.3311,213.39,213.3999,213.33,21544,209.43,1587050420000000000,213.38529718251021,62
1325,2020-04-16 11:20:25-04:00,213.39,213.25,213.4,213.25,26291,209.43,1587050425000000000,213.31687227568372,235
1326,2020-04-16 11:20:30-04:00,213.24,213.2201,213.24,213.21,34329,209.43,1587050430000000000,213.23356341285773,93
1327,2020-04-16 11:20:35-04:00,213.2201,213.23,213.23,213.22,5255,209.43,1587050435000000000,213.22249155090407,37
1328,2020-04-16 11:20:40-04:00,213.22,213.235,213.25,213.17,29445,209.43,1587050440000000000,213.20990888775682,156
1329,2020-04-16 11:20:45-04:00,213.23,213.19,213.23,213.16,10071,209.43,1587050445000000000,213.1946795055108,63
1330,2020-04-16 11:20:50-04:00,213.18,213.18,213.23,213.18,14335,209.43,1587050450000000000,213.20370847575867,67
1331,2020-04-16 11:20:55-04:00,213.18,213.27,213.29,213.17,30677,209.43,1587050455000000000,213.23058716302072,207
1332,2020-04-16 11:21:00-04:00,213.275,213.27,213.2958,213.26,5408,209.43,1587050460000000000,213.27495950443796,53
1333,2020-04-16 11:21:05-04:00,213.26,213.23,213.26,213.22,5686,209.43,1587050465000000000,213.23935007034817,65
1334,2020-04-16 11:21:10-04:00,213.2399,213.3,213.31,213.2399,3661,209.43,1587050470000000000,213.27246154056274,23
1335,2020-04-16 11:21:15-04:00,213.295,213.27,213.32,213.27,6614,209.43,1587050475000000000,213.29242329906268,71
1336,2020-04-16 11:21:20-04:00,213.28,213.293,213.3292,213.27,9047,209.43,1587050480000000000,213.30824792748976,41
1337,2020-04-16 11:21:25-04:00,213.29,213.365,213.37,213.26,10909,209.43,1587050485000000000,213.31491214593453,99
1338,2020-04-16 11:21:30-04:00,213.35,213.29,213.35,213.28,7806,209.43,1587050490000000000,213.30805431719196,73
1339,2020-04-16 11:21:35-04:00,213.29,213.2825,213.3,213.27,6927,209.43,1587050495000000000,213.28396549732918,69
1340,2020-04-16 11:21:40-04:00,213.29,213.285,213.29,213.26,16345,209.43,1587050500000000000,213.28443546038534,111
1341,2020-04-16 11:21:45-04:00,213.28,213.225,213.285,213.225,15619,209.43,1587050505000000000,213.26304118701586,100
1342,2020-04-16 11:21:50-04:00,213.245,213.24,213.245,213.21,13086,209.43,1587050510000000000,213.2286500840591,111
1343,2020-04-16 11:21:55-04:00,213.25,213.25,213.27,213.21,8039,209.43,1587050515000000000,213.2393765393706,62
1344,2020-04-16 11:22:00-04:00,213.25,213.3,213.315,213.25,6954,209.43,1587050520000000000,213.29917040552226,78
1345,2020-04-16 11:22:05-04:00,213.32,213.32,213.341,213.3101,12118,209.43,1587050525000000000,213.32150748473367,97
1346,2020-04-16 11:22:10-04:00,213.32,213.38,213.39,213.3105,9785,209.43,1587050530000000000,213.35796345426667,54
1347,2020-04-16 11:22:15-04:00,213.39,213.4508,213.51,213.3892,50648,209.43,1587050535000000000,213.462151851998,316
1348,2020-04-16 11:22:20-04:00,213.455,213.45,213.47,213.44,9849,209.43,1587050540000000000,213.45804178089156,73
1349,2020-04-16 11:22:25-04:00,213.45,213.49,213.5,213.45,14057,209.43,1587050545000000000,213.46678567261858,108
1350,2020-04-16 11:22:30-04:00,213.4853,213.42,213.49,213.41,15414,209.43,1587050550000000000,213.468359186454,134
1351,2020-04-16 11:22:35-04:00,213.415,213.35,213.415,213.34,18291,209.43,1587050555000000000,213.3902056038488,109
1352,2020-04-16 11:22:40-04:00,213.3477,213.28,213.36,213.26,10698,209.43,1587050560000000000,213.2963825107498,81
1353,2020-04-16 11:22:45-04:00,213.2897,213.29,213.33,213.285,8846,209.43,1587050565000000000,213.30689403120064,85
1354,2020-04-16 11:22:50-04:00,213.2904,213.28,213.3197,213.28,31395,209.43,1587050570000000000,213.2900093454368,169
1355,2020-04-16 11:22:55-04:00,213.28,213.23,213.29,213.23,20881,209.43,1587050575000000000,213.26040646520758,210
1356,2020-04-16 11:23:00-04:00,213.24,213.27,213.28,213.24,18481,209.43,1587050580000000000,213.27170476164716,104
1357,2020-04-16 11:23:05-04:00,213.27,213.28,213.28,213.2587,20723,209.43,1587050585000000000,213.27006261159113,113
1358,2020-04-16 11:23:10-04:00,213.275,213.25,213.2798,213.21,9834,209.43,1587050590000000000,213.23665806386003,76
1359,2020-04-16 11:23:15-04:00,213.27,213.29,213.3,213.265,17169,209.43,1587050595000000000,213.28140111247012,103
1360,2020-04-16 11:23:20-04:00,213.285,213.28,213.33,213.28,6036,209.43,1587050600000000000,213.30134685221995,60
1361,2020-04-16 11:23:25-04:00,213.27,213.27,213.27,213.236,6441,209.43,1587050605000000000,213.2482925011644,50
1362,2020-04-16 11:23:30-04:00,213.295,213.3601,213.38,213.295,4584,209.43,1587050610000000000,213.33579816753922,41
1363,2020-04-16 11:23:35-04:00,213.3799,213.3502,213.38,213.3502,4825,209.43,1587050615000000000,213.3689105906736,33
1364,2020-04-16 11:23:40-04:00,213.38,213.4,213.4,213.36,5521,209.43,1587050620000000000,213.3859198695889,56
1365,2020-04-16 11:23:45-04:00,213.395,213.32,213.395,213.32,13592,209.43,1587050625000000000,213.3219656783401,60
1366,2020-04-16 11:23:50-04:00,213.33,213.36,213.38,213.33,6335,209.43,1587050630000000000,213.34851412786116,65
1367,2020-04-16 11:23:55-04:00,213.36,213.34,213.36,213.3211,4417,209.43,1587050635000000000,213.34408523884994,42
1368,2020-04-16 11:24:00-04:00,213.37,213.3813,213.4,213.37,4081,209.43,1587050640000000000,213.3878744915463,46
1369,2020-04-16 11:24:05-04:00,213.395,213.4094,213.41,213.395,6609,209.43,1587050645000000000,213.39998638220618,25
1370,2020-04-16 11:24:10-04:00,213.41,213.47,213.48,213.41,5632,209.43,1587050650000000000,213.4611051491477,42
1371,2020-04-16 11:24:15-04:00,213.47,213.5,213.53,213.4698,13740,209.43,1587050655000000000,213.50605749636094,110
1372,2020-04-16 11:24:20-04:00,213.5,213.52,213.529,213.4999,2531,209.43,1587050660000000000,213.48665946266297,21
1373,2020-04-16 11:24:25-04:00,213.51,213.48,213.54,213.46,9735,209.43,1587050665000000000,213.50446930662548,116
1374,2020-04-16 11:24:30-04:00,213.4747,213.46,213.4805,213.45,12533,209.43,1587050670000000000,213.46767414026965,109
1375,2020-04-16 11:24:35-04:00,213.46,213.5,213.51,213.45,8659,209.43,1587050675000000000,213.4816508834741,89
1376,2020-04-16 11:24:40-04:00,213.5198,213.55,213.55,213.5063,10518,209.43,1587050680000000000,213.51653756417574,64
1377,2020-04-16 11:24:45-04:00,213.54,213.53,213.58,213.53,3876,209.43,1587050685000000000,213.5572136222909,41
1378,2020-04-16 11:24:50-04:00,213.54,213.55,213.555,213.53,6446,209.43,1587050690000000000,213.54182227738127,75
1379,2020-04-16 11:24:55-04:00,213.56,213.53,213.56,213.49,8961,209.43,1587050695000000000,213.5278416248188,70
1380,2020-04-16 11:25:00-04:00,213.52,213.5,213.5749,213.5,13270,209.43,1587050700000000000,213.54201544837983,96
1381,2020-04-16 11:25:05-04:00,213.51,213.51,213.53,213.5,26478,209.43,1587050705000000000,213.51173379409343,164
1382,2020-04-16 11:25:10-04:00,213.51,213.4699,213.545,213.46,25652,209.43,1587050710000000000,213.50205110322753,195
1383,2020-04-16 11:25:15-04:00,213.48,213.47,213.51,213.4401,12272,209.43,1587050715000000000,213.47219475228158,87
1384,2020-04-16 11:25:20-04:00,213.4701,213.43,213.4872,213.43,30621,209.43,1587050720000000000,213.47208443878395,120
1385,2020-04-16 11:25:25-04:00,213.4485,213.55,213.55,213.4472,14564,209.43,1587050725000000000,213.48516016204334,118
1386,2020-04-16 11:25:30-04:00,213.5501,213.56,213.6,213.55,17776,209.43,1587050730000000000,213.57273757875782,143
1387,2020-04-16 11:25:35-04:00,213.57,213.56,213.59,213.5572,7696,209.43,1587050735000000000,213.5700957640333,60
1388,2020-04-16 11:25:40-04:00,213.5672,213.67,213.67,213.5672,16394,209.43,1587050740000000000,213.64342147736966,98
1389,2020-04-16 11:25:45-04:00,213.64,213.67,213.6972,213.64,10764,209.43,1587050745000000000,213.66382915273124,83
1390,2020-04-16 11:25:50-04:00,213.6672,213.6301,213.68,213.6298,6334,209.43,1587050750000000000,213.6482933691191,68
1391,2020-04-16 11:25:55-04:00,213.6372,213.66,213.66,213.605,6524,209.43,1587050755000000000,213.64145698957688,47
1392,2020-04-16 11:26:00-04:00,213.64,213.655,213.6599,213.59,8313,209.43,1587050760000000000,213.6200123902322,67
1393,2020-04-16 11:26:05-04:00,213.66,213.68,213.68,213.66,5888,209.43,1587050765000000000,213.66722639266303,43
1394,2020-04-16 11:26:10-04:00,213.675,213.63,213.675,213.6,3514,209.43,1587050770000000000,213.64119721115537,33
1395,2020-04-16 11:26:15-04:00,213.645,213.67,213.68,213.6425,6467,209.43,1587050775000000000,213.6618707901655,31
1396,2020-04-16 11:26:20-04:00,213.67,213.685,213.705,213.67,29760,209.43,1587050780000000000,213.69338951948922,146
1397,2020-04-16 11:26:25-04:00,213.68,213.66,213.68,213.63,8788,209.43,1587050785000000000,213.6553162835685,61
1398,2020-04-16 11:26:30-04:00,213.655,213.69,213.7,213.655,28326,209.43,1587050790000000000,213.67838803572687,187
1399,2020-04-16 11:26:35-04:00,213.695,213.7,213.71,213.6879,52822,209.43,1587050795000000000,213.69973070879547,267
1400,2020-04-16 11:26:40-04:00,213.7,213.73,213.77,213.7,26148,209.43,1587050800000000000,213.73493207893537,221
1401,2020-04-16 11:26:45-04:00,213.73,213.74,213.82,213.73,14397,209.43,1587050805000000000,213.7740210113217,130
1402,2020-04-16 11:26:50-04:00,213.74,213.68,213.76,213.68,12604,209.43,1587050810000000000,213.7258567121547,103
1403,2020-04-16 11:26:55-04:00,213.675,213.7,213.7,213.65,6371,209.43,1587050815000000000,213.68016014754346,79
1404,2020-04-16 11:27:00-04:00,213.69,213.6205,213.6979,213.62,11151,209.43,1587050820000000000,213.65780566765298,106
1405,2020-04-16 11:27:05-04:00,213.62,213.64,213.66,213.62,9190,209.43,1587050825000000000,213.63589640914046,49
1406,2020-04-16 11:27:10-04:00,213.62,213.6605,213.68,213.62,20234,209.43,1587050830000000000,213.6475876890383,140
1407,2020-04-16 11:27:15-04:00,213.66,213.65,213.69,213.65,11457,209.43,1587050835000000000,213.66889713712135,108
1408,2020-04-16 11:27:20-04:00,213.65,213.6199,213.665,213.611,12998,209.43,1587050840000000000,213.63514292198798,102
1409,2020-04-16 11:27:25-04:00,213.64,213.6599,213.66,213.62,9053,209.43,1587050845000000000,213.64224219595715,40
1410,2020-04-16 11:27:30-04:00,213.6427,213.61,213.65,213.5959,56793,209.43,1587050850000000000,213.61677909249354,194
1411,2020-04-16 11:27:35-04:00,213.62,213.68,213.68,213.61,9409,209.43,1587050855000000000,213.6245103517908,59
1412,2020-04-16 11:27:40-04:00,213.68,213.7001,213.73,213.68,25850,209.43,1587050860000000000,213.70402417794975,122
1413,2020-04-16 11:27:45-04:00,213.69,213.74,213.75,213.69,3614,209.43,1587050865000000000,213.7260039845047,46
1414,2020-04-16 11:27:50-04:00,213.7499,213.78,213.7898,213.735,10792,209.43,1587050870000000000,213.76657701074868,96
1415,2020-04-16 11:27:55-04:00,213.76,213.76,213.775,213.74,20792,209.43,1587050875000000000,213.75544736437092,150
1416,2020-04-16 11:28:00-04:00,213.76,213.77,213.79,213.74,225357,209.43,1587050880000000000,209.7769661954142,129
1417,2020-04-16 11:28:05-04:00,213.77,213.79,213.79,213.765,4665,209.43,1587050885000000000,213.77756463022504,38
1418,2020-04-16 11:28:10-04:00,213.77,213.83,213.83,213.77,9193,209.43,1587050890000000000,213.8028071684978,48
1419,2020-04-16 11:28:15-04:00,213.8299,213.78,213.83,213.78,221621,209.43,1587050895000000000,209.71383418719367,122
1420,2020-04-16 11:28:20-04:00,213.77,213.7501,213.77,213.75,6941,209.43,1587050900000000000,213.75672168275463,40
1421,2020-04-16 11:28:25-04:00,213.76,213.76,213.795,213.75,32515,209.43,1587050905000000000,213.77075125019212,148
1422,2020-04-16 11:28:30-04:00,213.76,213.75,213.77,213.75,8080,209.43,1587050910000000000,213.75551579207934,76
1423,2020-04-16 11:28:35-04:00,213.75,213.77,213.79,213.75,12018,209.43,1587050915000000000,213.7576796471959,96
1424,2020-04-16 11:28:40-04:00,213.77,213.77,213.8,213.75,20793,209.43,1587050920000000000,213.77993731063316,146
1425,2020-04-16 11:28:45-04:00,213.78,213.785,213.83,213.78,9658,209.43,1587050925000000000,213.8010013874508,53
1426,2020-04-16 11:28:50-04:00,213.78,213.78,213.79,213.78,1406,209.43,1587050930000000000,213.7804977240398,33
1427,2020-04-16 11:28:55-04:00,213.77,213.82,213.85,213.77,11560,209.43,1587050935000000000,213.815592733564,112
1428,2020-04-16 11:29:00-04:00,213.82,213.86,213.86,213.79,15786,209.43,1587050940000000000,213.8118610160902,106
1429,2020-04-16 11:29:05-04:00,213.87,213.91,213.92,213.86,32126,209.43,1587050945000000000,213.8883332036357,146
1430,2020-04-16 11:29:10-04:00,213.91,213.88,213.94,213.88,37166,209.43,1587050950000000000,213.91320129957484,187
1431,2020-04-16 11:29:15-04:00,213.865,213.8647,213.89,213.86,4563,209.43,1587050955000000000,213.88010900723214,39
1432,2020-04-16 11:29:20-04:00,213.87,213.81,213.88,213.81,11428,209.43,1587050960000000000,213.8381310290515,104
1433,2020-04-16 11:29:25-04:00,213.8,213.77,213.8,213.76,17864,209.43,1587050965000000000,213.7660766009853,85
1434,2020-04-16 11:29:30-04:00,213.76,213.75,213.77,213.75,32824,209.43,1587050970000000000,213.75302804045816,158
1435,2020-04-16 11:29:35-04:00,213.76,213.77,213.77,213.73,24658,209.43,1587050975000000000,213.7530576891881,159
1436,2020-04-16 11:29:40-04:00,213.77,213.76,213.77,213.74,15665,209.43,1587050980000000000,213.75778379827617,104
1437,2020-04-16 11:29:45-04:00,213.76,213.69,213.7601,213.69,237143,209.43,1587050985000000000,209.9689059052977,139
1438,2020-04-16 11:29:50-04:00,213.7,213.6801,213.71,213.68,16813,209.43,1587050990000000000,213.70240955213217,59
1439,2020-04-16 11:29:55-04:00,213.67,213.635,213.67,213.63,32284,209.43,1587050995000000000,213.64618786705532,185
1440,2020-04-16 11:30:00-04:00,213.63,213.6101,213.66,213.6,53651,209.43,1587051000000000000,213.62380980224088,333
1441,2020-04-16 11:30:05-04:00,213.62,213.69,213.69,213.61,25056,209.43,1587051005000000000,213.63680588282247,156
1442,2020-04-16 11:30:10-04:00,213.68,213.69,213.71,213.66,20518,209.43,1587051010000000000,213.68763449166542,144
1443,2020-04-16 11:30:15-04:00,213.685,213.7035,213.7035,213.655,12462,209.43,1587051015000000000,213.67700460600216,107
1444,2020-04-16 11:30:20-04:00,213.7,213.59,213.71,213.58,33193,209.43,1587051020000000000,213.6353893802913,203
1445,2020-04-16 11:30:25-04:00,213.59,213.575,213.6,213.5404,38176,209.43,1587051025000000000,213.57294328897726,179
1446,2020-04-16 11:30:30-04:00,213.56,213.53,213.58,213.53,12342,209.43,1587051030000000000,213.56913773294437,87
1447,2020-04-16 11:30:35-04:00,213.55,213.59,213.6,213.55,10418,209.43,1587051035000000000,213.5734581493568,111
1448,2020-04-16 11:30:40-04:00,213.59,213.61,213.6199,213.585,13403,209.43,1587051040000000000,213.6000711258672,68
1449,2020-04-16 11:30:45-04:00,213.62,213.576,213.6379,213.57,7525,209.43,1587051045000000000,213.61808843853805,58
1450,2020-04-16 11:30:50-04:00,213.57,213.511,213.57,213.49,27144,209.43,1587051050000000000,213.50817304008245,135
1451,2020-04-16 11:30:55-04:00,213.505,213.47,213.517,213.46,14627,209.43,1587051055000000000,213.48549293088135,112
1452,2020-04-16 11:31:00-04:00,213.47,213.5989,213.5989,213.4699,23953,209.43,1587051060000000000,213.5445649187992,157
1453,2020-04-16 11:31:05-04:00,213.585,213.54,213.59,213.54,6129,209.43,1587051065000000000,213.56911499428944,48
1454,2020-04-16 11:31:10-04:00,213.54,213.55,213.5697,213.54,8864,209.43,1587051070000000000,213.55801128158842,66
1455,2020-04-16 11:31:15-04:00,213.55,213.45,213.56,213.45,11304,209.43,1587051075000000000,213.48588695152154,86
1456,2020-04-16 11:31:20-04:00,213.45,213.43,213.455,213.43,8612,209.43,1587051080000000000,213.44407988852757,72
1457,2020-04-16 11:31:25-04:00,213.4399,213.41,213.45,213.41,24086,209.43,1587051085000000000,213.43386020509865,141
1458,2020-04-16 11:31:30-04:00,213.413,213.41,213.44,213.4,14885,209.43,1587051090000000000,213.4112038360765,99
1459,2020-04-16 11:31:35-04:00,213.4,213.39,213.405,213.36,24906,209.43,1587051095000000000,213.36968575845174,117
1460,2020-04-16 11:31:40-04:00,213.385,213.36,213.385,213.35,9837,209.43,1587051100000000000,213.36055972349288,49
1461,2020-04-16 11:31:45-04:00,213.35,213.35,213.36,213.345,13145,209.43,1587051105000000000,213.3527672118676,64
1462,2020-04-16 11:31:50-04:00,213.36,213.3699,213.39,213.35,29028,209.43,1587051110000000000,213.37445569794696,153
1463,2020-04-16 11:31:55-04:00,213.35,213.3103,213.35,213.31,4604,209.43,1587051115000000000,213.32314941355344,50
1464,2020-04-16 11:32:00-04:00,213.3279,213.32,213.35,213.31,26471,209.43,1587051120000000000,213.3375532885042,158
1465,2020-04-16 11:32:05-04:00,213.3165,213.3365,213.34,213.3165,6307,209.43,1587051125000000000,213.33016946250203,53
1466,2020-04-16 11:32:10-04:00,213.33,213.31,213.3499,213.3,11261,209.43,1587051130000000000,213.31133143592942,92
1467,2020-04-16 11:32:15-04:00,213.3,213.285,213.3,213.27,13743,209.43,1587051135000000000,213.28394026049608,136
1468,2020-04-16 11:32:20-04:00,213.28,213.2639,213.29,213.26,14240,209.43,1587051140000000000,213.27627695926964,108
1469,2020-04-16 11:32:25-04:00,213.265,213.3,213.3,213.24,82692,209.43,1587051145000000000,213.34656957142158,229
1470,2020-04-16 11:32:30-04:00,213.3,213.32,213.32,213.29,12487,209.43,1587051150000000000,213.31068112436918,101
1471,2020-04-16 11:32:35-04:00,213.315,213.315,213.32,213.29,19730,209.43,1587051155000000000,213.3023351748606,117
1472,2020-04-16 11:32:40-04:00,213.31,213.29,213.32,213.28,8129,209.43,1587051160000000000,213.29977171853864,69
1473,2020-04-16 11:32:45-04:00,213.28,213.26,213.3,213.26,33979,209.43,1587051165000000000,213.2724228994379,156
1474,2020-04-16 11:32:50-04:00,213.255,213.26,213.27,213.23,12192,209.43,1587051170000000000,213.24747582020987,87
1475,2020-04-16 11:32:55-04:00,213.265,213.22,213.28,213.19,28953,209.43,1587051175000000000,213.2260594757019,178
1476,2020-04-16 11:33:00-04:00,213.22,213.219,213.22,213.2,11806,209.43,1587051180000000000,213.21557680840223,67
1477,2020-04-16 11:33:05-04:00,213.21,213.19,213.2148,213.17,2767,209.43,1587051185000000000,213.1853989157932,26
1478,2020-04-16 11:33:10-04:00,213.1901,213.23,213.26,213.1802,21849,209.43,1587051190000000000,213.23111838070395,144
1479,2020-04-16 11:33:15-04:00,213.23,213.22,213.2399,213.22,3967,209.43,1587051195000000000,213.22729379884044,25
1480,2020-04-16 11:33:20-04:00,213.24,213.22,213.24,213.21,24588,209.43,1587051200000000000,213.22844959736446,58
1481,2020-04-16 11:33:25-04:00,213.23,213.2099,213.25,213.2099,10207,209.43,1587051205000000000,213.2307031938866,59
1482,2020-04-16 11:33:30-04:00,213.22,213.22,213.2399,213.22,3441,209.43,1587051210000000000,213.2313368206917,25
1483,2020-04-16 11:33:35-04:00,213.2,213.1868,213.2,213.18,9387,209.43,1587051215000000000,213.18933570895922,56
1484,2020-04-16 11:33:40-04:00,213.185,213.2,213.2099,213.18,27129,209.43,1587051220000000000,213.18642782631127,102
1485,2020-04-16 11:33:45-04:00,213.19,213.213,213.228,213.19,26949,209.43,1587051225000000000,213.19818232958545,189
1486,2020-04-16 11:33:50-04:00,213.22,213.28,213.32,213.22,12351,209.43,1587051230000000000,213.2625072463767,108
1487,2020-04-16 11:33:55-04:00,213.28,213.2499,213.28,213.23,1986,209.43,1587051235000000000,213.26210876132933,26
1488,2020-04-16 11:34:00-04:00,213.24,213.16,213.24,213.16,229377,209.43,1587051240000000000,209.78668711945855,110
1489,2020-04-16 11:34:05-04:00,213.167,213.13,213.17,213.115,13000,209.43,1587051245000000000,213.13808226923092,96
1490,2020-04-16 11:34:10-04:00,213.13,213.1303,213.1416,213.11,20779,209.43,1587051250000000000,213.12940487030164,175
1491,2020-04-16 11:34:15-04:00,213.14,213.17,213.185,213.14,12307,209.43,1587051255000000000,213.16733908344844,128
1492,2020-04-16 11:34:20-04:00,213.165,213.22,213.22,213.16,8266,209.43,1587051260000000000,213.18194652794585,71
1493,2020-04-16 11:34:25-04:00,213.19,213.195,213.21,213.18,14519,209.43,1587051265000000000,213.19441369929032,94
1494,2020-04-16 11:34:30-04:00,213.2,213.16,213.2,213.14,22854,209.43,1587051270000000000,213.15440403430495,130
1495,2020-04-16 11:34:35-04:00,213.16,213.06,213.16,213.06,26427,209.43,1587051275000000000,213.1185243500967,199
1496,2020-04-16 11:34:40-04:00,213.105,213.05,213.11,213.05,15382,209.43,1587051280000000000,213.08040008451462,98
1497,2020-04-16 11:34:45-04:00,213.06,213.03,213.08,213.03,14260,209.43,1587051285000000000,213.05475767180928,89
1498,2020-04-16 11:34:50-04:00,213.03,213.06,213.07,213.01,20431,209.43,1587051290000000000,213.0342797268856,137
1499,2020-04-16 11:34:55-04:00,213.07,213.0499,213.07,213.04,8462,209.43,1587051295000000000,213.05875833136386,74
1500,2020-04-16 11:35:00-04:00,213.04,213,213.09,213,21709,209.43,1587051300000000000,213.05971946658062,107
1501,2020-04-16 11:35:05-04:00,213.02,212.98,213.0289,212.97,32566,209.43,1587051305000000000,213.00154656390092,154
1502,2020-04-16 11:35:10-04:00,212.9845,212.99,213.01,212.96,9892,209.43,1587051310000000000,212.98541038212707,84
1503,2020-04-16 11:35:15-04:00,213.0099,213.04,213.05,213.0099,18396,209.43,1587051315000000000,213.03369025331605,104
1504,2020-04-16 11:35:20-04:00,213.04,213.095,213.11,213.03,73446,209.43,1587051320000000000,213.0932637039457,244
1505,2020-04-16 11:35:25-04:00,213.095,213.0261,213.095,213.015,8247,209.43,1587051325000000000,213.05921757002542,89
1506,2020-04-16 11:35:30-04:00,213.02,213.08,213.08,213.02,6134,209.43,1587051330000000000,213.0555125855883,67
1507,2020-04-16 11:35:35-04:00,213.0899,213.1,213.1,213.07,10416,209.43,1587051335000000000,213.0872603878649,61
1508,2020-04-16 11:35:40-04:00,213.1,213.1323,213.1323,213.1,9441,209.43,1587051340000000000,213.10355916746116,41
1509,2020-04-16 11:35:45-04:00,213.145,213.16,213.17,213.145,6410,209.43,1587051345000000000,213.15798706708262,60
1510,2020-04-16 11:35:50-04:00,213.15,213.12,213.15,213.095,9533,209.43,1587051350000000000,213.11941488513588,83
1511,2020-04-16 11:35:55-04:00,213.1001,213.15,213.1571,213.1001,6237,209.43,1587051355000000000,213.1373099246432,50
1512,2020-04-16 11:36:00-04:00,213.15,213.16,213.17,213.14,4781,209.43,1587051360000000000,213.15275862790216,61
1513,2020-04-16 11:36:05-04:00,213.17,213.21,213.21,213.17,7805,209.43,1587051365000000000,213.19919598975,69
1514,2020-04-16 11:36:10-04:00,213.2022,213.22,213.23,213.19,10707,209.43,1587051370000000000,213.20284614738037,98
1515,2020-04-16 11:36:15-04:00,213.22,213.22,213.23,213.205,2510,209.43,1587051375000000000,213.22067525896415,23
1516,2020-04-16 11:36:20-04:00,213.24,213.19,213.26,213.19,9144,209.43,1587051380000000000,213.22966633858263,44
1517,2020-04-16 11:36:25-04:00,213.2,213.18,213.2,213.18,997,209.43,1587051385000000000,213.1920012036108,18
1518,2020-04-16 11:36:30-04:00,213.2,213.2512,213.2609,213.2,3791,209.43,1587051390000000000,213.23244410445787,53
1519,2020-04-16 11:36:35-04:00,213.26,213.22,213.27,213.22,1885,209.43,1587051395000000000,213.25017575596823,23
1520,2020-04-16 11:36:40-04:00,213.2499,213.2772,213.28,213.22,10484,209.43,1587051400000000000,213.2540867035483,64
1521,2020-04-16 11:36:45-04:00,213.2699,213.26,213.2699,213.24,3219,209.43,1587051405000000000,213.26359204721956,18
1522,2020-04-16 11:36:50-04:00,213.24,213.27,213.27,213.24,2466,209.43,1587051410000000000,213.25454582319543,17
1523,2020-04-16 11:36:55-04:00,213.28,213.33,213.33,213.2611,18057,209.43,1587051415000000000,213.30202082294952,42
1524,2020-04-16 11:37:00-04:00,213.32,213.3259,213.33,213.31,1896,209.43,1587051420000000000,213.32093554852318,21
1525,2020-04-16 11:37:05-04:00,213.33,213.35,213.35,213.31,1788,209.43,1587051425000000000,213.32405341163306,22
1526,2020-04-16 11:37:10-04:00,213.35,213.29,213.35,213.29,4965,209.43,1587051430000000000,213.33840074521655,51
1527,2020-04-16 11:37:15-04:00,213.29,213.32,213.35,213.29,30854,209.43,1587051435000000000,213.33715385363325,162
1528,2020-04-16 11:37:20-04:00,213.32,213.3599,213.3599,213.32,4321,209.43,1587051440000000000,213.33711374681783,45
1529,2020-04-16 11:37:25-04:00,213.33,213.3499,213.37,213.33,7205,209.43,1587051445000000000,213.34951522553786,34
1530,2020-04-16 11:37:30-04:00,213.3299,213.31,213.33,213.29,3618,209.43,1587051450000000000,213.30993960751795,22
1531,2020-04-16 11:37:35-04:00,213.31,213.31,213.32,213.3,7548,209.43,1587051455000000000,213.31543918918916,32
1532,2020-04-16 11:37:40-04:00,213.315,213.2901,213.315,213.286,6334,209.43,1587051460000000000,213.30388269655822,40
1533,2020-04-16 11:37:45-04:00,213.2901,213.33,213.335,213.2901,3077,209.43,1587051465000000000,213.32206607084822,26
1534,2020-04-16 11:37:50-04:00,213.34,213.2901,213.35,213.29,2201,209.43,1587051470000000000,213.31726942298954,18
1535,2020-04-16 11:37:55-04:00,213.31,213.265,213.31,213.265,4089,209.43,1587051475000000000,213.28647591098073,43
1536,2020-04-16 11:38:00-04:00,213.2601,213.24,213.2699,213.24,3450,209.43,1587051480000000000,213.2570516231884,22
1537,2020-04-16 11:38:05-04:00,213.235,213.245,213.245,213.22,6718,209.43,1587051485000000000,213.23023757070558,21
1538,2020-04-16 11:38:10-04:00,213.245,213.27,213.27,213.23,5358,209.43,1587051490000000000,213.24420839865604,45
1539,2020-04-16 11:38:15-04:00,213.279,213.2789,213.279,213.25,1303,209.43,1587051495000000000,213.26384727551803,21
1540,2020-04-16 11:38:20-04:00,213.29,213.24,213.3,213.24,10970,209.43,1587051500000000000,213.25736460346408,89
1541,2020-04-16 11:38:25-04:00,213.255,213.291,213.3,213.255,1594,209.43,1587051505000000000,213.27598713927227,24
1542,2020-04-16 11:38:30-04:00,213.3,213.24,213.31,213.24,5355,209.43,1587051510000000000,213.26675182072833,38
1543,2020-04-16 11:38:35-04:00,213.26,213.2501,213.26,213.23,1784,209.43,1587051515000000000,213.24641087443948,23
1544,2020-04-16 11:38:40-04:00,213.23,213.23,213.23,213.23,638,209.43,1587051520000000000,213.22961598746082,14
1545,2020-04-16 11:38:45-04:00,213.23,213.2155,213.24,213.21,6817,209.43,1587051525000000000,213.2207519730087,32
1546,2020-04-16 11:38:50-04:00,213.22,213.19,213.22,213.17,17619,209.43,1587051530000000000,213.19467622453038,99
1547,2020-04-16 11:38:55-04:00,213.22,213.2,213.25,213.19,10058,209.43,1587051535000000000,213.2107357327502,73
1548,2020-04-16 11:39:00-04:00,213.24,213.25,213.26,213.22,23502,209.43,1587051540000000000,213.23827965279534,124
1549,2020-04-16 11:39:05-04:00,213.245,213.3,213.31,213.22,21777,209.43,1587051545000000000,213.28345381365668,125
1550,2020-04-16 11:39:10-04:00,213.3,213.27,213.33,213.27,6444,209.43,1587051550000000000,213.30179165114828,65
1551,2020-04-16 11:39:15-04:00,213.28,213.2898,213.2898,213.26,4382,209.43,1587051555000000000,213.27266239160198,50
1552,2020-04-16 11:39:20-04:00,213.27,213.28,213.28,213.26,1935,209.43,1587051560000000000,213.26995167958654,20
1553,2020-04-16 11:39:25-04:00,213.26,213.27,213.2725,213.24,18239,209.43,1587051565000000000,213.25291594933927,72
1554,2020-04-16 11:39:30-04:00,213.26,213.3001,213.33,213.26,2281,209.43,1587051570000000000,213.29536681280146,28
1555,2020-04-16 11:39:35-04:00,213.32,213.31,213.33,213.3,3693,209.43,1587051575000000000,213.31241700514485,37
1556,2020-04-16 11:39:40-04:00,213.32,213.36,213.379,213.32,7381,209.43,1587051580000000000,213.3548600731608,29
1557,2020-04-16 11:39:45-04:00,213.38,213.401,213.42,213.38,3602,209.43,1587051585000000000,213.40632729039422,40
1558,2020-04-16 11:39:50-04:00,213.42,213.44,213.46,213.42,7076,209.43,1587051590000000000,213.44825838044096,51
1559,2020-04-16 11:39:55-04:00,213.4299,213.42,213.45,213.42,10005,209.43,1587051595000000000,213.42726033982996,62
1560,2020-04-16 11:40:00-04:00,213.4203,213.42,213.45,213.42,9294,209.43,1587051600000000000,213.4283843554982,49
1561,2020-04-16 11:40:05-04:00,213.43,213.43,213.4899,213.43,8162,209.43,1587051605000000000,213.47100225434943,47
1562,2020-04-16 11:40:10-04:00,213.43,213.44,213.44,213.42,1481,209.43,1587051610000000000,213.42299291019583,13
1563,2020-04-16 11:40:15-04:00,213.44,213.428,213.44,213.4201,1934,209.43,1587051615000000000,213.42941432264738,15
1564,2020-04-16 11:40:20-04:00,213.44,213.39,213.44,213.39,16712,209.43,1587051620000000000,213.41963711704187,93
1565,2020-04-16 11:40:25-04:00,213.4,213.44,213.44,213.4,1613,209.43,1587051625000000000,213.4161654060756,14
1566,2020-04-16 11:40:30-04:00,213.45,213.4724,213.4724,213.45,3844,209.43,1587051630000000000,213.46089854318421,35
1567,2020-04-16 11:40:35-04:00,213.47,213.4957,213.51,213.47,12686,209.43,1587051635000000000,213.49863116821692,53
1568,2020-04-16 11:40:40-04:00,213.4901,213.55,213.55,213.4901,11117,209.43,1587051640000000000,213.5235861743276,56
1569,2020-04-16 11:40:45-04:00,213.55,213.58,213.61,213.55,6405,209.43,1587051645000000000,213.57255639344262,40
1570,2020-04-16 11:40:50-04:00,213.5865,213.59,213.62,213.58,25779,209.43,1587051650000000000,213.59544976531316,141
1571,2020-04-16 11:40:55-04:00,213.595,213.57,213.5999,213.555,10720,209.43,1587051655000000000,213.58779751865683,54
1572,2020-04-16 11:41:00-04:00,213.58,213.6,213.6,213.58,3232,209.43,1587051660000000000,213.59315987004948,42
1573,2020-04-16 11:41:05-04:00,213.61,213.59,213.615,213.585,2440,209.43,1587051665000000000,213.59857176229508,27
1574,2020-04-16 11:41:10-04:00,213.59,213.58,213.6,213.57,3415,209.43,1587051670000000000,213.58264749633975,37
1575,2020-04-16 11:41:15-04:00,213.5825,213.63,213.6386,213.5825,3129,209.43,1587051675000000000,213.60627804410356,23
1576,2020-04-16 11:41:20-04:00,213.61,213.6001,213.625,213.6,4439,209.43,1587051680000000000,213.60854291507093,35
1577,2020-04-16 11:41:25-04:00,213.6101,213.58,213.6101,213.58,4744,209.43,1587051685000000000,213.5964879215851,20
1578,2020-04-16 11:41:30-04:00,213.5812,213.55,213.59,213.55,10122,209.43,1587051690000000000,213.58068524007118,62
1579,2020-04-16 11:41:35-04:00,213.55,213.55,213.56,213.53,5996,209.43,1587051695000000000,213.54231521014015,47
1580,2020-04-16 11:41:40-04:00,213.53,213.56,213.56,213.52,5929,209.43,1587051700000000000,213.53773147242367,29
1581,2020-04-16 11:41:45-04:00,213.5499,213.5508,213.5562,213.5499,1260,209.43,1587051705000000000,213.55057039682538,8
1582,2020-04-16 11:41:50-04:00,213.555,213.52,213.555,213.5,7801,209.43,1587051710000000000,213.52447024740414,43
1583,2020-04-16 11:41:55-04:00,213.56,213.56,213.56,213.56,1272,209.43,1587051715000000000,213.55813207547175,12
1584,2020-04-16 11:42:00-04:00,213.57,213.53,213.58,213.53,1965,209.43,1587051720000000000,213.54127536895675,19
1585,2020-04-16 11:42:05-04:00,213.55,213.58,213.6,213.55,1468,209.43,1587051725000000000,213.5832322888283,21
1586,2020-04-16 11:42:10-04:00,213.55,213.55,213.55,213.53,2384,209.43,1587051730000000000,213.53978607382552,28
1587,2020-04-16 11:42:15-04:00,213.545,213.65,213.65,213.545,35265,209.43,1587051735000000000,213.6138995916632,174
1588,2020-04-16 11:42:20-04:00,213.65,213.6699,213.68,213.64,11814,209.43,1587051740000000000,213.66514677501257,92
1589,2020-04-16 11:42:25-04:00,213.665,213.7,213.7,213.66,1669,209.43,1587051745000000000,213.68002624325945,18
1590,2020-04-16 11:42:30-04:00,213.7,213.64,213.7,213.64,11978,209.43,1587051750000000000,213.66997398564044,86
1591,2020-04-16 11:42:35-04:00,213.6465,213.72,213.74,213.6465,14990,209.43,1587051755000000000,213.70596400933943,73
1592,2020-04-16 11:42:40-04:00,213.72,213.71,213.7201,213.71,14975,209.43,1587051760000000000,213.711412527546,85
1593,2020-04-16 11:42:45-04:00,213.715,213.705,213.73,213.7,12735,209.43,1587051765000000000,213.7113699803691,72
1594,2020-04-16 11:42:50-04:00,213.7,213.67,213.7,213.67,7929,209.43,1587051770000000000,213.6903488964562,58
1595,2020-04-16 11:42:55-04:00,213.66,213.67,213.6754,213.65,9979,209.43,1587051775000000000,213.65864280990104,74
1596,2020-04-16 11:43:00-04:00,213.66,213.65,213.67,213.64,8699,209.43,1587051780000000000,213.65522223244048,82
1597,2020-04-16 11:43:05-04:00,213.66,213.68,213.69,213.66,7965,209.43,1587051785000000000,213.68354264908987,62
1598,2020-04-16 11:43:10-04:00,213.67,213.62,213.67,213.615,8773,209.43,1587051790000000000,213.65849052775565,34
1599,2020-04-16 11:43:15-04:00,213.6267,213.72,213.7216,213.625,8954,209.43,1587051795000000000,213.6726249497431,66
1600,2020-04-16 11:43:20-04:00,213.72,213.72,213.72,213.71,1292,209.43,1587051800000000000,213.7157337461301,23
1601,2020-04-16 11:43:25-04:00,213.7262,213.79,213.8,213.7262,5925,209.43,1587051805000000000,213.75789655696192,41
1602,2020-04-16 11:43:30-04:00,213.8,213.83,213.83,213.79,3657,209.43,1587051810000000000,213.80411173092705,36
1603,2020-04-16 11:43:35-04:00,213.83,213.8,213.83,213.79,4034,209.43,1587051815000000000,213.81393981160141,27
1604,2020-04-16 11:43:40-04:00,213.81,213.8138,213.83,213.8031,6363,209.43,1587051820000000000,213.81320752789563,61
1605,2020-04-16 11:43:45-04:00,213.7804,213.785,213.8,213.7804,2714,209.43,1587051825000000000,213.79079012527637,29
1606,2020-04-16 11:43:50-04:00,213.79,213.85,213.85,213.79,3792,209.43,1587051830000000000,213.8271808544304,30
1607,2020-04-16 11:43:55-04:00,213.83,213.76,213.84,213.755,11835,209.43,1587051835000000000,213.80095927334165,83
1608,2020-04-16 11:44:00-04:00,213.76,213.81,213.815,213.76,2857,209.43,1587051840000000000,213.78419236961844,40
1609,2020-04-16 11:44:05-04:00,213.8,213.88,213.88,213.8,6711,209.43,1587051845000000000,213.8419404559678,72
1610,2020-04-16 11:44:10-04:00,213.86,213.85,213.87,213.84,12106,209.43,1587051850000000000,213.85467342640038,104
1611,2020-04-16 11:44:15-04:00,213.85,213.8224,213.85,213.8224,4271,209.43,1587051855000000000,213.8308125029267,43
1612,2020-04-16 11:44:20-04:00,213.81,213.81,213.82,213.78,4902,209.43,1587051860000000000,213.80391156670746,43
1613,2020-04-16 11:44:25-04:00,213.8,213.8199,213.82,213.8,2420,209.43,1587051865000000000,213.8047140909091,11
1614,2020-04-16 11:44:30-04:00,213.78,213.78,213.7882,213.74,10915,209.43,1587051870000000000,213.76203847915713,79
1615,2020-04-16 11:44:35-04:00,213.77,213.69,213.77,213.69,15812,209.43,1587051875000000000,213.70718275360508,99
1616,2020-04-16 11:44:40-04:00,213.65,213.63,213.6599,213.62,4776,209.43,1587051880000000000,213.63520146566168,39
1617,2020-04-16 11:44:45-04:00,213.65,213.64,213.66,213.64,1913,209.43,1587051885000000000,213.646393831678,18
1618,2020-04-16 11:44:50-04:00,213.64,213.58,213.64,213.58,6891,209.43,1587051890000000000,213.6176664925264,34
1619,2020-04-16 11:44:55-04:00,213.58,213.5999,213.615,213.575,2967,209.43,1587051895000000000,213.59845631951472,45
1620,2020-04-16 11:45:00-04:00,213.595,213.67,213.6899,213.59,12699,209.43,1587051900000000000,213.6271918655011,69
1621,2020-04-16 11:45:05-04:00,213.67,213.6963,213.71,213.664,5512,209.43,1587051905000000000,213.68195934325107,47
1622,2020-04-16 11:45:10-04:00,213.69,213.72,213.7354,213.656,3369,209.43,1587051910000000000,213.7080641733452,28
1623,2020-04-16 11:45:15-04:00,213.74,213.73,213.77,213.73,6265,209.43,1587051915000000000,213.7466288906624,44
1624,2020-04-16 11:45:20-04:00,213.75,213.745,213.75,213.745,917,209.43,1587051920000000000,213.74579552889858,13
1625,2020-04-16 11:45:25-04:00,213.74,213.73,213.75,213.72,4924,209.43,1587051925000000000,213.7373097075548,34
1626,2020-04-16 11:45:30-04:00,213.75,213.73,213.76,213.72,4379,209.43,1587051930000000000,213.74002306462666,30
1627,2020-04-16 11:45:35-04:00,213.73,213.7,213.73,213.7,1122,209.43,1587051935000000000,213.72057905525844,13
1628,2020-04-16 11:45:40-04:00,213.69,213.69,213.69,213.655,5620,209.43,1587051940000000000,213.6746941103203,61
1629,2020-04-16 11:45:45-04:00,213.67,213.6265,213.67,213.62,6833,209.43,1587051945000000000,213.63672975267082,37
1630,2020-04-16 11:45:50-04:00,213.63,213.62,213.63,213.6,13314,209.43,1587051950000000000,213.60706369235388,52
1631,2020-04-16 11:45:55-04:00,213.63,213.67,213.6711,213.63,8446,209.43,1587051955000000000,213.64339261188738,74
1632,2020-04-16 11:46:00-04:00,213.67,213.53,213.67,213.53,6469,209.43,1587051960000000000,213.58608818982853,81
1633,2020-04-16 11:46:05-04:00,213.53,213.51,213.54,213.5,5750,209.43,1587051965000000000,213.5157924869565,48
1634,2020-04-16 11:46:10-04:00,213.5012,213.4311,213.5025,213.4311,20423,209.43,1587051970000000000,213.48012688635396,116
1635,2020-04-16 11:46:15-04:00,213.43,213.3801,213.43,213.38,17176,209.43,1587051975000000000,213.41081555659053,103
1636,2020-04-16 11:46:20-04:00,213.385,213.36,213.4,213.36,19169,209.43,1587051980000000000,213.37860040690694,123
1637,2020-04-16 11:46:25-04:00,213.35,213.34,213.35,213.3099,12101,209.43,1587051985000000000,213.33773407156428,65
1638,2020-04-16 11:46:30-04:00,213.325,213.3399,213.34,213.26,7732,209.43,1587051990000000000,213.29729888773923,84
1639,2020-04-16 11:46:35-04:00,213.33,213.33,213.36,213.33,5089,209.43,1587051995000000000,213.34287608567504,44
1640,2020-04-16 11:46:40-04:00,213.34,213.345,213.36,213.32,5588,209.43,1587052000000000000,213.34280248747314,48
1641,2020-04-16 11:46:45-04:00,213.34,213.37,213.385,213.34,2930,209.43,1587052005000000000,213.36904778157006,35
1642,2020-04-16 11:46:50-04:00,213.39,213.3999,213.405,213.38,2983,209.43,1587052010000000000,213.39572611464973,27
1643,2020-04-16 11:46:55-04:00,213.3901,213.3643,213.41,213.35,7715,209.43,1587052015000000000,213.37503376539203,51
1644,2020-04-16 11:47:00-04:00,213.35,213.29,213.35,213.29,13496,209.43,1587052020000000000,213.32312655601658,68
1645,2020-04-16 11:47:05-04:00,213.3,213.33,213.3301,213.3,2708,209.43,1587052025000000000,213.31252226735603,25
1646,2020-04-16 11:47:10-04:00,213.34,213.26,213.34,213.26,6028,209.43,1587052030000000000,213.27909304910418,58
1647,2020-04-16 11:47:15-04:00,213.255,213.22,213.255,213.2,6733,209.43,1587052035000000000,213.2172253675925,52
1648,2020-04-16 11:47:20-04:00,213.2212,213.2399,213.255,213.22,5482,209.43,1587052040000000000,213.23043378329083,49
1649,2020-04-16 11:47:25-04:00,213.26,213.2225,213.27,213.21,26610,209.43,1587052045000000000,213.23959706501338,235
1650,2020-04-16 11:47:30-04:00,213.23,213.2,213.23,213.1901,15792,209.43,1587052050000000000,213.20505426798363,90
1651,2020-04-16 11:47:35-04:00,213.205,213.19,213.22,213.19,3835,209.43,1587052055000000000,213.205525006519,41
1652,2020-04-16 11:47:40-04:00,213.2199,213.22,213.235,213.2199,2154,209.43,1587052060000000000,213.2245495821727,20
1653,2020-04-16 11:47:45-04:00,213.22,213.25,213.25,213.21,5693,209.43,1587052065000000000,213.24161414017215,38
1654,2020-04-16 11:47:50-04:00,213.26,213.24,213.28,213.24,10750,209.43,1587052070000000000,213.26148837209305,93
1655,2020-04-16 11:47:55-04:00,213.2522,213.245,213.26,213.23,4600,209.43,1587052075000000000,213.24242086956522,31
1656,2020-04-16 11:48:00-04:00,213.245,213.26,213.27,213.24,4622,209.43,1587052080000000000,213.25104928602335,51
1657,2020-04-16 11:48:05-04:00,213.2606,213.27,213.27,213.255,6563,209.43,1587052085000000000,213.2618094621364,38
1658,2020-04-16 11:48:10-04:00,213.2799,213.2299,213.2799,213.2299,2762,209.43,1587052090000000000,213.24962860246208,33
1659,2020-04-16 11:48:15-04:00,213.215,213.1914,213.215,213.18,6542,209.43,1587052095000000000,213.19740839192903,36
1660,2020-04-16 11:48:20-04:00,213.19,213.1899,213.2,213.18,1864,209.43,1587052100000000000,213.18878980686696,19
1661,2020-04-16 11:48:25-04:00,213.19,213.24,213.25,213.19,12777,209.43,1587052105000000000,213.23654018157626,65
1662,2020-04-16 11:48:30-04:00,213.235,213.2599,213.2599,213.235,506,209.43,1587052110000000000,213.24462450592884,8
1663,2020-04-16 11:48:35-04:00,213.26,213.24,213.28,213.24,4434,209.43,1587052115000000000,213.26045669824086,36
1664,2020-04-16 11:48:40-04:00,213.23,213.21,213.23,213.19,5703,209.43,1587052120000000000,213.19344295984567,28
1665,2020-04-16 11:48:45-04:00,213.18,213.2,213.21,213.1699,3704,209.43,1587052125000000000,213.1975640928726,43
1666,2020-04-16 11:48:50-04:00,213.1701,213.18,213.19,213.1701,4357,209.43,1587052130000000000,213.18354122102377,45
1667,2020-04-16 11:48:55-04:00,213.19,213.2,213.21,213.19,1746,209.43,1587052135000000000,213.2006892325315,20
1668,2020-04-16 11:49:00-04:00,213.22,213.2466,213.25,213.22,4120,209.43,1587052140000000000,213.23698905339805,36
1669,2020-04-16 11:49:05-04:00,213.25,213.28,213.2999,213.25,4635,209.43,1587052145000000000,213.26672025889968,30
1670,2020-04-16 11:49:10-04:00,213.261,213.32,213.32,213.261,5299,209.43,1587052150000000000,213.29663181732403,38
1671,2020-04-16 11:49:15-04:00,213.29,213.29,213.29,213.26,5027,209.43,1587052155000000000,213.27116049333603,15
1672,2020-04-16 11:49:20-04:00,213.31,213.32,213.32,213.2946,1165,209.43,1587052160000000000,213.3059503004292,13
1673,2020-04-16 11:49:25-04:00,213.325,213.3608,213.37,213.32,5418,209.43,1587052165000000000,213.3495921557772,41
1674,2020-04-16 11:49:30-04:00,213.38,213.36,213.41,213.36,18002,209.43,1587052170000000000,213.3931614153985,99
1675,2020-04-16 11:49:35-04:00,213.3511,213.3952,213.4,213.32,3041,209.43,1587052175000000000,213.3668858270305,37
1676,2020-04-16 11:49:40-04:00,213.36,213.31,213.36,213.31,1094,209.43,1587052180000000000,213.332160511883,19
1677,2020-04-16 11:49:45-04:00,213.3,213.27,213.3,213.26,10413,209.43,1587052185000000000,213.2773203399597,70
1678,2020-04-16 11:49:50-04:00,213.26,213.26,213.26,213.24,3952,209.43,1587052190000000000,213.24750156882592,26
1679,2020-04-16 11:49:55-04:00,213.25,213.24,213.26,213.24,2243,209.43,1587052195000000000,213.25144560855992,16
1680,2020-04-16 11:50:00-04:00,213.26,213.3,213.31,213.25,6496,209.43,1587052200000000000,213.2769365917488,53
1681,2020-04-16 11:50:05-04:00,213.32,213.28,213.35,213.28,8147,209.43,1587052205000000000,213.32564035841386,57
1682,2020-04-16 11:50:10-04:00,213.29,213.295,213.3,213.28,3219,209.43,1587052210000000000,213.29045318421868,21
1683,2020-04-16 11:50:15-04:00,213.29,213.26,213.29,213.23,3347,209.43,1587052215000000000,213.25627753211828,28
1684,2020-04-16 11:50:20-04:00,213.25,213.2554,213.2801,213.25,2736,209.43,1587052220000000000,213.26502368421055,36
1685,2020-04-16 11:50:25-04:00,213.25,213.21,213.25,213.18,10372,209.43,1587052225000000000,213.20180784805245,84
1686,2020-04-16 11:50:30-04:00,213.2,213.19,213.21,213.17,4483,209.43,1587052230000000000,213.18604329689944,40
1687,2020-04-16 11:50:35-04:00,213.18,213.1799,213.18,213.1799,356,209.43,1587052235000000000,213.18048089887643,6
1688,2020-04-16 11:50:40-04:00,213.1701,213.27,213.27,213.1701,5629,209.43,1587052240000000000,213.22494396873338,58
1689,2020-04-16 11:50:45-04:00,213.29,213.285,213.3,213.285,3498,209.43,1587052245000000000,213.28813464837052,18
1690,2020-04-16 11:50:50-04:00,213.2599,213.28,213.28,213.24,2264,209.43,1587052250000000000,213.2598119257951,19
1691,2020-04-16 11:50:55-04:00,213.2801,213.2587,213.2801,213.2587,4831,209.43,1587052255000000000,213.26880000000006,43
1692,2020-04-16 11:51:00-04:00,213.26,213.3,213.32,213.26,4140,209.43,1587052260000000000,213.30128743961342,35
1693,2020-04-16 11:51:05-04:00,213.3,213.33,213.34,213.29,2017,209.43,1587052265000000000,213.3116630639563,21
1694,2020-04-16 11:51:10-04:00,213.32,213.31,213.3299,213.3099,5902,209.43,1587052270000000000,213.32739230769232,14
1695,2020-04-16 11:51:15-04:00,213.3695,213.37,213.38,213.34,15859,209.43,1587052275000000000,213.35961179771732,122
1696,2020-04-16 11:51:20-04:00,213.37,213.45,213.47,213.37,12790,209.43,1587052280000000000,213.42118686473802,75
1697,2020-04-16 11:51:25-04:00,213.44,213.45,213.49,213.42,10252,209.43,1587052285000000000,213.4696132852127,84
1698,2020-04-16 11:51:30-04:00,213.445,213.47,213.47,213.4,20134,209.43,1587052290000000000,213.42708593424078,135
1699,2020-04-16 11:51:35-04:00,213.48,213.49,213.53,213.48,15862,209.43,1587052295000000000,213.51802095574325,76
1700,2020-04-16 11:51:40-04:00,213.48,213.4499,213.48,213.4499,5571,209.43,1587052300000000000,213.47051319332266,33
1701,2020-04-16 11:51:45-04:00,213.43,213.4,213.43,213.39,2751,209.43,1587052305000000000,213.40765419847324,21
1702,2020-04-16 11:51:50-04:00,213.3901,213.37,213.3901,213.35,2591,209.43,1587052310000000000,213.3744920108067,31
1703,2020-04-16 11:51:55-04:00,213.34,213.31,213.34,213.29,3709,209.43,1587052315000000000,213.3137732542464,34
1704,2020-04-16 11:52:00-04:00,213.31,213.3,213.32,213.28,3692,209.43,1587052320000000000,213.29615931744314,54
1705,2020-04-16 11:52:05-04:00,213.29,213.33,213.33,213.29,1477,209.43,1587052325000000000,213.3060352064997,19
1706,2020-04-16 11:52:10-04:00,213.325,213.285,213.325,213.285,5393,209.43,1587052330000000000,213.29766586315583,35
1707,2020-04-16 11:52:15-04:00,213.28,213.37,213.37,213.28,2432,209.43,1587052335000000000,213.3092856907894,24
1708,2020-04-16 11:52:20-04:00,213.4,213.42,213.42,213.4,954,209.43,1587052340000000000,213.40481394129978,13
1709,2020-04-16 11:52:25-04:00,213.4091,213.46,213.47,213.4091,7341,209.43,1587052345000000000,213.45600122599078,69
1710,2020-04-16 11:52:30-04:00,213.46,213.49,213.49,213.46,3054,209.43,1587052350000000000,213.47430579567785,30
1711,2020-04-16 11:52:35-04:00,213.49,213.49,213.525,213.48,6197,209.43,1587052355000000000,213.50313874455387,55
1712,2020-04-16 11:52:40-04:00,213.52,213.53,213.53,213.52,1261,209.43,1587052360000000000,213.52157295796985,15
1713,2020-04-16 11:52:45-04:00,213.53,213.53,213.5301,213.52,1677,209.43,1587052365000000000,213.52847692307694,26
1714,2020-04-16 11:52:50-04:00,213.54,213.511,213.54,213.49,2489,209.43,1587052370000000000,213.52293933306552,30
1715,2020-04-16 11:52:55-04:00,213.51,213.5255,213.53,213.51,4224,209.43,1587052375000000000,213.52612632575764,33
1716,2020-04-16 11:53:00-04:00,213.5399,213.5455,213.56,213.535,11603,209.43,1587052380000000000,213.54412579505285,41
1717,2020-04-16 11:53:05-04:00,213.56,213.6,213.6,213.56,6518,209.43,1587052385000000000,213.5726348573182,36
1718,2020-04-16 11:53:10-04:00,213.6,213.59,213.6,213.56,8109,209.43,1587052390000000000,213.58228388210634,74
1719,2020-04-16 11:53:15-04:00,213.5745,213.67,213.68,213.5745,15611,209.43,1587052395000000000,213.61625516622894,72
1720,2020-04-16 11:53:20-04:00,213.6559,213.69,213.7,213.64,4604,209.43,1587052400000000000,213.671305712424,50
1721,2020-04-16 11:53:25-04:00,213.7,213.72,213.72,213.67,2840,209.43,1587052405000000000,213.69691119718303,35
1722,2020-04-16 11:53:30-04:00,213.695,213.73,213.73,213.6781,5578,209.43,1587052410000000000,213.70141152742914,34
1723,2020-04-16 11:53:35-04:00,213.7311,213.69,213.7311,213.688,12054,209.43,1587052415000000000,213.70250973950553,59
1724,2020-04-16 11:53:40-04:00,213.72,213.7312,213.74,213.72,2158,209.43,1587052420000000000,213.73144189063945,21
1725,2020-04-16 11:53:45-04:00,213.736,213.76,213.77,213.73,25279,209.43,1587052425000000000,213.75861351319284,144
1726,2020-04-16 11:53:50-04:00,213.74,213.81,213.83,213.74,21094,209.43,1587052430000000000,213.78203786384753,121
1727,2020-04-16 11:53:55-04:00,213.81,213.88,213.88,213.789,20406,209.43,1587052435000000000,213.82332351759302,185
1728,2020-04-16 11:54:00-04:00,213.87,213.85,213.87,213.82,3307,209.43,1587052440000000000,213.83872836407613,41
1729,2020-04-16 11:54:05-04:00,213.84,213.82,213.84,213.81,1726,209.43,1587052445000000000,213.8284132097335,24
1730,2020-04-16 11:54:10-04:00,213.81,213.82,213.835,213.8,25393,209.43,1587052450000000000,213.80486364352384,61
1731,2020-04-16 11:54:15-04:00,213.82,213.8,213.84,213.79,12857,209.43,1587052455000000000,213.81416485183186,69
1732,2020-04-16 11:54:20-04:00,213.815,213.88,213.89,213.81,6359,209.43,1587052460000000000,213.83359298631854,70
1733,2020-04-16 11:54:25-04:00,213.88,214.06,214.07,213.8759,68936,209.43,1587052465000000000,213.99260057589686,478
1734,2020-04-16 11:54:30-04:00,214.06,214.03,214.06,214.01,16815,209.43,1587052470000000000,214.02837740707668,117
1735,2020-04-16 11:54:35-04:00,214.02,214.1,214.15,214.015,31909,209.43,1587052475000000000,214.07587832899736,266
1736,2020-04-16 11:54:40-04:00,214.11,214.14,214.17,214.11,19776,209.43,1587052480000000000,214.14780309971724,140
1737,2020-04-16 11:54:45-04:00,214.14,214.13,214.15,214.11,5453,209.43,1587052485000000000,214.13024181184676,51
1738,2020-04-16 11:54:50-04:00,214.13,214.14,214.185,214.125,15425,209.43,1587052490000000000,214.15879212317665,173
1739,2020-04-16 11:54:55-04:00,214.15,214.16,214.16,214.1101,5768,209.43,1587052495000000000,214.13503245492376,57
1740,2020-04-16 11:55:00-04:00,214.165,214.15,214.17,214.12,6936,209.43,1587052500000000000,214.14482534602084,89
1741,2020-04-16 11:55:05-04:00,214.15,214.11,214.16,214.09,18685,209.43,1587052505000000000,214.12140406208184,147
1742,2020-04-16 11:55:10-04:00,214.11,214.07,214.11,214.06,9829,209.43,1587052510000000000,214.0787328110692,93
1743,2020-04-16 11:55:15-04:00,214.07,214.11,214.11,214.0699,7724,209.43,1587052515000000000,214.08953351890227,73
1744,2020-04-16 11:55:20-04:00,214.12,214.12,214.15,214.115,3026,209.43,1587052520000000000,214.1274208856576,25
1745,2020-04-16 11:55:25-04:00,214.12,214.14,214.145,214.12,4764,209.43,1587052525000000000,214.13492065491175,39
1746,2020-04-16 11:55:30-04:00,214.13,214.11,214.13,214.1,11243,209.43,1587052530000000000,214.109806768656,82
1747,2020-04-16 11:55:35-04:00,214.125,214.125,214.1599,214.11,4579,209.43,1587052535000000000,214.12866955667178,34
1748,2020-04-16 11:55:40-04:00,214.1102,214.17,214.2,214.1102,11058,209.43,1587052540000000000,214.1690464821847,88
1749,2020-04-16 11:55:45-04:00,214.16,214.17,214.2,214.16,7536,209.43,1587052545000000000,214.17277308917184,55
1750,2020-04-16 11:55:50-04:00,214.18,214.22,214.245,214.18,15693,209.43,1587052550000000000,214.20987319186895,75
1751,2020-04-16 11:55:55-04:00,214.21,214.23,214.23,214.2,9623,209.43,1587052555000000000,214.21028582562604,78
1752,2020-04-16 11:56:00-04:00,214.24,214.21,214.24,214.1796,9569,209.43,1587052560000000000,214.20417858710414,67
1753,2020-04-16 11:56:05-04:00,214.2286,214.27,214.27,214.215,15343,209.43,1587052565000000000,214.24032655282548,97
1754,2020-04-16 11:56:10-04:00,214.28,214.295,214.3,214.26,25944,209.43,1587052570000000000,214.28874386756107,182
1755,2020-04-16 11:56:15-04:00,214.29,214.2301,214.3,214.2301,37741,209.43,1587052575000000000,214.2697221244801,259
1756,2020-04-16 11:56:20-04:00,214.24,214.2,214.24,214.16,32786,209.43,1587052580000000000,214.1879431647653,169
1757,2020-04-16 11:56:25-04:00,214.19,214.14,214.19,214.1,35158,209.43,1587052585000000000,214.14448529495397,216
1758,2020-04-16 11:56:30-04:00,214.14,214.13,214.165,214.12,18843,209.43,1587052590000000000,214.13744479116917,102
1759,2020-04-16 11:56:35-04:00,214.13,214.1705,214.19,214.11,4554,209.43,1587052595000000000,214.13283869126042,41
1760,2020-04-16 11:56:40-04:00,214.19,214.21,214.24,214.1,38229,209.43,1587052600000000000,214.16833992257182,197
1761,2020-04-16 11:56:45-04:00,214.2,214.15,214.2,214.15,14664,209.43,1587052605000000000,214.18382233360626,111
1762,2020-04-16 11:56:50-04:00,214.16,214.13,214.1699,214.13,4640,209.43,1587052610000000000,214.15310129310356,46
1763,2020-04-16 11:56:55-04:00,214.12,214.1515,214.1699,214.12,6253,209.43,1587052615000000000,214.13522609947228,48
1764,2020-04-16 11:57:00-04:00,214.145,214.135,214.145,214.11,9193,209.43,1587052620000000000,214.13619788969868,56
1765,2020-04-16 11:57:05-04:00,214.148,214.11,214.15,214.11,16046,209.43,1587052625000000000,214.12268086127403,141
1766,2020-04-16 11:57:10-04:00,214.105,214.165,214.1699,214.1,212626,209.43,1587052630000000000,209.55136801896285,46
1767,2020-04-16 11:57:15-04:00,214.16,214.14,214.18,214.13,36296,209.43,1587052635000000000,214.14595434207595,212
1768,2020-04-16 11:57:20-04:00,214.14,214.21,214.22,214.14,4717,209.43,1587052640000000000,214.17272524909896,32
1769,2020-04-16 11:57:25-04:00,214.21,214.27,214.28,214.18,25720,209.43,1587052645000000000,214.20640200622105,140
1770,2020-04-16 11:57:30-04:00,214.26,214.24,214.26,214.22,6394,209.43,1587052650000000000,214.2454023303098,67
1771,2020-04-16 11:57:35-04:00,214.22,214.19,214.225,214.19,16252,209.43,1587052655000000000,214.20741776396756,117
1772,2020-04-16 11:57:40-04:00,214.19,214.21,214.21,214.18,3312,209.43,1587052660000000000,214.19537892512076,40
1773,2020-04-16 11:57:45-04:00,214.225,214.2112,214.23,214.2112,2440,209.43,1587052665000000000,214.2229508196721,22
1774,2020-04-16 11:57:50-04:00,214.2,214.1798,214.205,214.16,26854,209.43,1587052670000000000,214.19107537052204,61
1775,2020-04-16 11:57:55-04:00,214.2,214.1899,214.2399,214.18,16691,209.43,1587052675000000000,214.2147194655803,105
1776,2020-04-16 11:58:00-04:00,214.18,214.1399,214.1813,214.12,4405,209.43,1587052680000000000,214.1546861293984,39
1777,2020-04-16 11:58:05-04:00,214.135,214.11,214.14,214.11,13265,209.43,1587052685000000000,214.11402756125148,67
1778,2020-04-16 11:58:10-04:00,214.11,214.1,214.14,214.1,8535,209.43,1587052690000000000,214.12019114235497,55
1779,2020-04-16 11:58:15-04:00,214.1099,214.16,214.1613,214.1099,3663,209.43,1587052695000000000,214.14438173628173,47
1780,2020-04-16 11:58:20-04:00,214.1445,214.13,214.1445,214.11,2444,209.43,1587052700000000000,214.12851182487725,23
1781,2020-04-16 11:58:25-04:00,214.12,214.1,214.12,214.1,4173,209.43,1587052705000000000,214.11136161035225,34
1782,2020-04-16 11:58:30-04:00,214.105,214.1,214.11,214.0808,16493,209.43,1587052710000000000,214.09875119747775,49
1783,2020-04-16 11:58:35-04:00,214.1,214.05,214.11,214.04,24826,209.43,1587052715000000000,214.06668436316755,99
1784,2020-04-16 11:58:40-04:00,214.05,214.09,214.09,214.02,11594,209.43,1587052720000000000,214.0502409004656,80
1785,2020-04-16 11:58:45-04:00,214.085,214.0899,214.11,214.08,5193,209.43,1587052725000000000,214.08888186019638,64
1786,2020-04-16 11:58:50-04:00,214.08,214.085,214.09,214.0765,8335,209.43,1587052730000000000,214.08068464307135,78
1787,2020-04-16 11:58:55-04:00,214.07,214.08,214.11,214.06,16323,209.43,1587052735000000000,214.073927782883,67
1788,2020-04-16 11:59:00-04:00,214.08,214.07,214.14,214.07,18276,209.43,1587052740000000000,214.10104490041593,124
1789,2020-04-16 11:59:05-04:00,214.08,214.06,214.09,214.051,6705,209.43,1587052745000000000,214.0757076808353,53
1790,2020-04-16 11:59:10-04:00,214.05,214.0268,214.06,214,10182,209.43,1587052750000000000,214.02689080730707,87
1791,2020-04-16 11:59:15-04:00,214.0133,214.02,214.04,214.0133,4944,209.43,1587052755000000000,214.01838216019414,18
1792,2020-04-16 11:59:20-04:00,214.035,214.06,214.065,214.035,1737,209.43,1587052760000000000,214.0508549798503,19
1793,2020-04-16 11:59:25-04:00,214.0579,214.07,214.07,214.05,2616,209.43,1587052765000000000,214.06732580275226,17
1794,2020-04-16 11:59:30-04:00,214.0755,214.07,214.08,214.05,3810,209.43,1587052770000000000,214.0669778215224,35
1795,2020-04-16 11:59:35-04:00,214.0699,214.1073,214.12,214.0699,13867,209.43,1587052775000000000,214.10613289103628,76
1796,2020-04-16 11:59:40-04:00,214.115,214.12,214.12,214.09,3376,209.43,1587052780000000000,214.10744401658766,29
1797,2020-04-16 11:59:45-04:00,214.125,214.145,214.145,214.125,4149,209.43,1587052785000000000,214.13759219088925,41
1798,2020-04-16 11:59:50-04:00,214.14,214.09,214.15,214.09,9880,209.43,1587052790000000000,214.12370935222683,85
1799,2020-04-16 11:59:55-04:00,214.08,214.08,214.09,214.0789,6474,209.43,1587052795000000000,214.08074280197718,33
1800,2020-04-16 12:00:00-04:00,214.075,214.17,214.18,214.03,14602,209.43,1587052800000000000,214.09298785782786,141
1801,2020-04-16 12:00:05-04:00,214.19,214.19,214.21,214.1652,23170,209.43,1587052805000000000,214.19142689253323,172
1802,2020-04-16 12:00:10-04:00,214.19,214.25,214.26,214.16,10027,209.43,1587052810000000000,214.2214869253015,98
1803,2020-04-16 12:00:15-04:00,214.25,214.23,214.25,214.21,11038,209.43,1587052815000000000,214.23337341003824,128
1804,2020-04-16 12:00:20-04:00,214.23,214.21,214.23,214.18,3956,209.43,1587052820000000000,214.19620864509608,36
1805,2020-04-16 12:00:25-04:00,214.2345,214.2501,214.26,214.2345,5134,209.43,1587052825000000000,214.24949275418768,37
1806,2020-04-16 12:00:30-04:00,214.2399,214.28,214.28,214.22,10252,209.43,1587052830000000000,214.24878006242693,98
1807,2020-04-16 12:00:35-04:00,214.28,214.36,214.36,214.28,27590,209.43,1587052835000000000,214.32061581007616,192
1808,2020-04-16 12:00:40-04:00,214.36,214.31,214.369,214.3,10048,209.43,1587052840000000000,214.3400472929935,95
1809,2020-04-16 12:00:45-04:00,214.3,214.28,214.31,214.275,6289,209.43,1587052845000000000,214.29755573223093,52
1810,2020-04-16 12:00:50-04:00,214.27,214.2799,214.28,214.23,5442,209.43,1587052850000000000,214.25740856302832,81
1811,2020-04-16 12:00:55-04:00,214.3,214.26,214.3,214.25,2826,209.43,1587052855000000000,214.27606238499658,37
1812,2020-04-16 12:01:00-04:00,214.25,214.193,214.25,214.17,14059,209.43,1587052860000000000,214.20114134717966,133
1813,2020-04-16 12:01:05-04:00,214.19,214.135,214.19,214.1201,2796,209.43,1587052865000000000,214.1531739985694,26
1814,2020-04-16 12:01:10-04:00,214.135,214.03,214.135,214.03,9795,209.43,1587052870000000000,214.08139355793762,78
1815,2020-04-16 12:01:15-04:00,214.02,213.97,214.03,213.97,16773,209.43,1587052875000000000,213.99729954689087,125
1816,2020-04-16 12:01:20-04:00,213.975,213.9406,213.99,213.93,18605,209.43,1587052880000000000,213.97659657618922,81
1817,2020-04-16 12:01:25-04:00,213.96,213.9501,214,213.855,61362,209.43,1587052885000000000,213.93070995893206,525
1818,2020-04-16 12:01:30-04:00,213.95,213.86,213.95,213.84,27585,209.43,1587052890000000000,213.88630685154956,283
1819,2020-04-16 12:01:35-04:00,213.8685,213.845,213.89,213.81,24369,209.43,1587052895000000000,213.85160001231066,211
1820,2020-04-16 12:01:40-04:00,213.8483,213.8538,213.87,213.83,9615,209.43,1587052900000000000,213.85166529381186,82
1821,2020-04-16 12:01:45-04:00,213.84,213.94,213.94,213.84,19944,209.43,1587052905000000000,213.8817784797432,160
1822,2020-04-16 12:01:50-04:00,213.935,213.93,213.965,213.93,7155,209.43,1587052910000000000,213.947668204053,80
1823,2020-04-16 12:01:55-04:00,213.908,213.875,213.9085,213.87,7450,209.43,1587052915000000000,213.88604267114113,79
1824,2020-04-16 12:02:00-04:00,213.87,213.8593,213.87,213.82,12278,209.43,1587052920000000000,213.84109044632686,90
1825,2020-04-16 12:02:05-04:00,213.845,213.81,213.845,213.79,8270,209.43,1587052925000000000,213.81105553808956,75
1826,2020-04-16 12:02:10-04:00,213.8,213.74,213.8,213.74,6303,209.43,1587052930000000000,213.76970877359992,53
1827,2020-04-16 12:02:15-04:00,213.75,213.79,213.79,213.74,4019,209.43,1587052935000000000,213.76370360786262,44
1828,2020-04-16 12:02:20-04:00,213.7799,213.75,213.7799,213.71,6631,209.43,1587052940000000000,213.73923100588138,59
1829,2020-04-16 12:02:25-04:00,213.76,213.762,213.77,213.74,10421,209.43,1587052945000000000,213.7555236253718,85
1830,2020-04-16 12:02:30-04:00,213.75,213.73,213.76,213.72,10277,209.43,1587052950000000000,213.734170020434,84
1831,2020-04-16 12:02:35-04:00,213.71,213.67,213.71,213.67,4847,209.43,1587052955000000000,213.67946455539513,68
1832,2020-04-16 12:02:40-04:00,213.69,213.695,213.7015,213.6899,11209,209.43,1587052960000000000,213.69391726291366,58
1833,2020-04-16 12:02:45-04:00,213.68,213.665,213.68,213.65,7932,209.43,1587052965000000000,213.6598127836612,62
1834,2020-04-16 12:02:50-04:00,213.66,213.7,213.72,213.65,16491,209.43,1587052970000000000,213.6929471226729,119
1835,2020-04-16 12:02:55-04:00,213.6983,213.71,213.72,213.69,13120,209.43,1587052975000000000,213.69953429878046,47
1836,2020-04-16 12:03:00-04:00,213.71,213.7699,213.77,213.7,2145,209.43,1587052980000000000,213.73380554778555,27
1837,2020-04-16 12:03:05-04:00,213.76,213.75,213.79,213.75,12857,209.43,1587052985000000000,213.77385690285442,81
1838,2020-04-16 12:03:10-04:00,213.73,213.73,213.74,213.71,10410,209.43,1587052990000000000,213.72220548511035,70
1839,2020-04-16 12:03:15-04:00,213.705,213.7399,213.74,213.69,9792,209.43,1587052995000000000,213.70511196895433,49
1840,2020-04-16 12:03:20-04:00,213.74,213.75,213.76,213.74,5608,209.43,1587053000000000000,213.75356579885877,62
1841,2020-04-16 12:03:25-04:00,213.755,213.73,213.7599,213.73,2574,209.43,1587053005000000000,213.73853846153847,17
1842,2020-04-16 12:03:30-04:00,213.74,213.76,213.76,213.72,3693,209.43,1587053010000000000,213.74385908475503,46
1843,2020-04-16 12:03:35-04:00,213.76,213.76,213.77,213.75,1142,209.43,1587053015000000000,213.76075831873905,18
1844,2020-04-16 12:03:40-04:00,213.74,213.79,213.8,213.74,3150,209.43,1587053020000000000,213.77610755555548,40
1845,2020-04-16 12:03:45-04:00,213.79,213.77,213.8,213.77,12415,209.43,1587053025000000000,213.7897414820782,68
1846,2020-04-16 12:03:50-04:00,213.77,213.74,213.77,213.71,10913,209.43,1587053030000000000,213.7262880967654,75
1847,2020-04-16 12:03:55-04:00,213.76,213.7899,213.79,213.74,4834,209.43,1587053035000000000,213.77420374431117,39
1848,2020-04-16 12:04:00-04:00,213.795,213.8063,213.8081,213.795,2601,209.43,1587053040000000000,213.80468600538256,10
1849,2020-04-16 12:04:05-04:00,213.79,213.79,213.79,213.79,743,209.43,1587053045000000000,213.78942516823687,12
1850,2020-04-16 12:04:10-04:00,213.7833,213.745,213.82,213.73,8745,209.43,1587053050000000000,213.77145445397372,67
1851,2020-04-16 12:04:15-04:00,213.73,213.73,213.75,213.72,9784,209.43,1587053055000000000,213.729375091987,65
1852,2020-04-16 12:04:20-04:00,213.7,213.65,213.715,213.65,13948,209.43,1587053060000000000,213.68432771723553,103
1853,2020-04-16 12:04:25-04:00,213.6406,213.59,213.655,213.54,46590,209.43,1587053065000000000,213.603084436574,286
1854,2020-04-16 12:04:30-04:00,213.59,213.63,213.65,213.59,9836,209.43,1587053070000000000,213.63928832858883,62
1855,2020-04-16 12:04:35-04:00,213.6455,213.68,213.68,213.645,9320,209.43,1587053075000000000,213.65449701716733,63
1856,2020-04-16 12:04:40-04:00,213.68,213.69,213.69,213.67,6184,209.43,1587053080000000000,213.68400064683073,46
1857,2020-04-16 12:04:45-04:00,213.69,213.64,213.69,213.64,8352,209.43,1587053085000000000,213.66231890565138,70
1858,2020-04-16 12:04:50-04:00,213.63,213.68,213.685,213.63,3014,209.43,1587053090000000000,213.67030308560052,28
1859,2020-04-16 12:04:55-04:00,213.6867,213.7,213.72,213.6867,4205,209.43,1587053095000000000,213.700422449465,41
1860,2020-04-16 12:05:00-04:00,213.7,213.65,213.72,213.64,14485,209.43,1587053100000000000,213.67947818432873,127
1861,2020-04-16 12:05:05-04:00,213.65,213.6,213.66,213.57,8415,209.43,1587053105000000000,213.60779477124177,73
1862,2020-04-16 12:05:10-04:00,213.6,213.58,213.6,213.55,3383,209.43,1587053110000000000,213.57147472657405,21
1863,2020-04-16 12:05:15-04:00,213.57,213.56,213.575,213.52,20244,209.43,1587053115000000000,213.549308377791,147
1864,2020-04-16 12:05:20-04:00,213.5258,213.54,213.55,213.52,13443,209.43,1587053120000000000,213.53020321356837,91
1865,2020-04-16 12:05:25-04:00,213.537,213.526,213.54,213.4825,17354,209.43,1587053125000000000,213.51030674772363,157
1866,2020-04-16 12:05:30-04:00,213.54,213.5464,213.55,213.53,4589,209.43,1587053130000000000,213.54251353235995,45
1867,2020-04-16 12:05:35-04:00,213.55,213.57,213.58,213.55,12833,209.43,1587053135000000000,213.56388287228236,97
1868,2020-04-16 12:05:40-04:00,213.58,213.61,213.61,213.57,6315,209.43,1587053140000000000,213.59374924782273,58
1869,2020-04-16 12:05:45-04:00,213.65,213.63,213.69,213.63,10212,209.43,1587053145000000000,213.65084777712485,80
1870,2020-04-16 12:05:50-04:00,213.62,213.59,213.63,213.59,2019,209.43,1587053150000000000,213.61627786032693,23
1871,2020-04-16 12:05:55-04:00,213.59,213.58,213.59,213.57,2719,209.43,1587053155000000000,213.5774795880838,33
1872,2020-04-16 12:06:00-04:00,213.5913,213.59,213.61,213.57,6416,209.43,1587053160000000000,213.59204884663345,61
1873,2020-04-16 12:06:05-04:00,213.58,213.52,213.58,213.52,2654,209.43,1587053165000000000,213.5429740768651,34
1874,2020-04-16 12:06:10-04:00,213.53,213.535,213.54,213.52,8187,209.43,1587053170000000000,213.52828465860517,36
1875,2020-04-16 12:06:15-04:00,213.52,213.5,213.52,213.49,22366,209.43,1587053175000000000,213.502585638916,162
1876,2020-04-16 12:06:20-04:00,213.4901,213.455,213.52,213.4501,6613,209.43,1587053180000000000,213.4834631785876,56
1877,2020-04-16 12:06:25-04:00,213.46,213.43,213.48,213.43,14877,209.43,1587053185000000000,213.46557145929958,103
1878,2020-04-16 12:06:30-04:00,213.42,213.42,213.44,213.42,4115,209.43,1587053190000000000,213.43334782503044,37
1879,2020-04-16 12:06:35-04:00,213.4,213.393,213.41,213.365,20017,209.43,1587053195000000000,213.38587721936352,143
1880,2020-04-16 12:06:40-04:00,213.3962,213.38,213.3962,213.37,12791,209.43,1587053200000000000,213.37957599093124,80
1881,2020-04-16 12:06:45-04:00,213.39,213.4,213.438,213.38,7795,209.43,1587053205000000000,213.40625770365625,74
1882,2020-04-16 12:06:50-04:00,213.39,213.41,213.42,213.39,34427,209.43,1587053210000000000,213.40517311993486,198
1883,2020-04-16 12:06:55-04:00,213.4072,213.3,213.4072,213.2801,33832,209.43,1587053215000000000,213.3497487083233,247
1884,2020-04-16 12:07:00-04:00,213.3,213.3801,213.3801,213.3,21800,209.43,1587053220000000000,213.33339337155985,115
1885,2020-04-16 12:07:05-04:00,213.38,213.41,213.4281,213.36,2260,209.43,1587053225000000000,213.39434438053087,31
1886,2020-04-16 12:07:10-04:00,213.43,213.3813,213.43,213.37,13500,209.43,1587053230000000000,213.39522151851855,130
1887,2020-04-16 12:07:15-04:00,213.39,213.39,213.44,213.38,8268,209.43,1587053235000000000,213.41142636671495,75
1888,2020-04-16 12:07:20-04:00,213.44,213.37,213.44,213.35,3007,209.43,1587053240000000000,213.37238989025604,28
1889,2020-04-16 12:07:25-04:00,213.3999,213.27,213.41,213.27,13438,209.43,1587053245000000000,213.371820642953,114
1890,2020-04-16 12:07:30-04:00,213.3,213.29,213.33,213.29,4421,209.43,1587053250000000000,213.30653417778788,45
1891,2020-04-16 12:07:35-04:00,213.2898,213.27,213.2999,213.26,1672,209.43,1587053255000000000,213.2755246411483,21
1892,2020-04-16 12:07:40-04:00,213.2698,213.26,213.29,213.26,5879,209.43,1587053260000000000,213.26929290695696,32
1893,2020-04-16 12:07:45-04:00,213.27,213.28,213.2919,213.27,3514,209.43,1587053265000000000,213.28389060899252,35
1894,2020-04-16 12:07:50-04:00,213.29,213.26,213.3,213.24,10082,209.43,1587053270000000000,213.260041658401,99
1895,2020-04-16 12:07:55-04:00,213.25,213.191,213.27,213.191,7219,209.43,1587053275000000000,213.22166365147527,53
1896,2020-04-16 12:08:00-04:00,213.1901,213.2559,213.2559,213.19,7017,209.43,1587053280000000000,213.23318808607647,59
1897,2020-04-16 12:08:05-04:00,213.256,213.28,213.28,213.24,12116,209.43,1587053285000000000,213.26771572301092,47
1898,2020-04-16 12:08:10-04:00,213.2701,213.24,213.2701,213.24,6713,209.43,1587053290000000000,213.25776792790097,47
1899,2020-04-16 12:08:15-04:00,213.24,213.2796,213.28,213.24,2468,209.43,1587053295000000000,213.27428399513772,15
1900,2020-04-16 12:08:20-04:00,213.25,213.25,213.26,213.23,7275,209.43,1587053300000000000,213.25465917525764,48
1901,2020-04-16 12:08:25-04:00,213.25,213.21,213.25,213.19,15675,209.43,1587053305000000000,213.2119550940989,78
1902,2020-04-16 12:08:30-04:00,213.19,213.11,213.19,213.11,22383,209.43,1587053310000000000,213.14922951793784,164
1903,2020-04-16 12:08:35-04:00,213.12,213.11,213.14,213.09,17129,209.43,1587053315000000000,213.11877397396236,119
1904,2020-04-16 12:08:40-04:00,213.11,213.09,213.12,213.07,19578,209.43,1587053320000000000,213.09636147716816,124
1905,2020-04-16 12:08:45-04:00,213.08,213.02,213.08,213.02,31320,209.43,1587053325000000000,213.04829035440622,212
1906,2020-04-16 12:08:50-04:00,213.02,213.0301,213.05,213.02,7259,209.43,1587053330000000000,213.03785863066534,49
1907,2020-04-16 12:08:55-04:00,213.03,212.98,213.06,212.98,28949,209.43,1587053335000000000,213.01398819993773,194
1908,2020-04-16 12:09:00-04:00,212.97,212.94,212.98,212.94,13321,209.43,1587053340000000000,212.95078615719532,102
1909,2020-04-16 12:09:05-04:00,212.95,213,213.02,212.94,7586,209.43,1587053345000000000,212.97595913524918,61
1910,2020-04-16 12:09:10-04:00,213.0067,213.0494,213.0494,213,5761,209.43,1587053350000000000,213.02241815657004,41
1911,2020-04-16 12:09:15-04:00,213.045,213.0265,213.06,213.02,42113,209.43,1587053355000000000,213.03450306318706,196
1912,2020-04-16 12:09:20-04:00,213.0271,213.07,213.07,213.02,10986,209.43,1587053360000000000,213.038642244675,45
1913,2020-04-16 12:09:25-04:00,213.0755,213.11,213.13,213.06,11291,209.43,1587053365000000000,213.08982912939507,86
1914,2020-04-16 12:09:30-04:00,213.1099,213.06,213.11,213.05,3910,209.43,1587053370000000000,213.0795536061381,49
1915,2020-04-16 12:09:35-04:00,213.05,213.0568,213.06,213.0269,15499,209.43,1587053375000000000,213.04450764565448,82
1916,2020-04-16 12:09:40-04:00,213.055,213.075,213.1,213.04,16280,209.43,1587053380000000000,213.07477031326778,134
1917,2020-04-16 12:09:45-04:00,213.0725,213.0827,213.0827,213.06,2549,209.43,1587053385000000000,213.07075205963127,20
1918,2020-04-16 12:09:50-04:00,213.08,213.07,213.085,213.06,4069,209.43,1587053390000000000,213.07129810764312,38
1919,2020-04-16 12:09:55-04:00,213.0358,213.03,213.055,213.03,1481,209.43,1587053395000000000,213.04092511816347,23
1920,2020-04-16 12:10:00-04:00,213.0301,213.03,213.0401,212.985,6866,209.43,1587053400000000000,213.00931198660066,60
1921,2020-04-16 12:10:05-04:00,213.035,213.07,213.09,213.02,12744,209.43,1587053405000000000,213.05079827369747,75
1922,2020-04-16 12:10:10-04:00,213.08,213.0625,213.09,213.0625,3054,209.43,1587053410000000000,213.07330419122465,36
1923,2020-04-16 12:10:15-04:00,213.05,213.04,213.06,213.04,9281,209.43,1587053415000000000,213.04925915310835,77
1924,2020-04-16 12:10:20-04:00,213.04,213.0695,213.07,213.01,8297,209.43,1587053420000000000,213.02461552368322,69
1925,2020-04-16 12:10:25-04:00,213.06,213.07,213.08,213.05,5272,209.43,1587053425000000000,213.05703089908948,33
1926,2020-04-16 12:10:30-04:00,213.0662,213.11,213.12,213.0662,14294,209.43,1587053430000000000,213.1010154610325,102
1927,2020-04-16 12:10:35-04:00,213.11,213.08,213.115,213.08,7534,209.43,1587053435000000000,213.0967017653304,67
1928,2020-04-16 12:10:40-04:00,213.1,213.07,213.11,213.0601,2205,209.43,1587053440000000000,213.0852925170068,17
1929,2020-04-16 12:10:45-04:00,213.11,213.1001,213.13,213.1001,9427,209.43,1587053445000000000,213.12308655988113,44
1930,2020-04-16 12:10:50-04:00,213.1,213.12,213.12,213.09,2015,209.43,1587053450000000000,213.0980202977668,18
1931,2020-04-16 12:10:55-04:00,213.11,213.1,213.13,213.1,10782,209.43,1587053455000000000,213.1126976998703,54
1932,2020-04-16 12:11:00-04:00,213.0992,213.02,213.0992,213.02,10476,209.43,1587053460000000000,213.03810805651017,69
1933,2020-04-16 12:11:05-04:00,213.02,212.99,213.0299,212.97,34907,209.43,1587053465000000000,213.00313934167926,199
1934,2020-04-16 12:11:10-04:00,212.99,212.955,213,212.955,10158,209.43,1587053470000000000,212.98195795432176,58
1935,2020-04-16 12:11:15-04:00,212.95,212.9779,212.9779,212.94,18613,209.43,1587053475000000000,212.95784071347967,117
1936,2020-04-16 12:11:20-04:00,212.9742,212.93,212.98,212.87,37855,209.43,1587053480000000000,212.91823919957773,267
1937,2020-04-16 12:11:25-04:00,212.93,212.95,212.9899,212.92,19041,209.43,1587053485000000000,212.95040358699652,109
1938,2020-04-16 12:11:30-04:00,212.955,212.91,212.955,212.91,3652,209.43,1587053490000000000,212.93009816538884,25
1939,2020-04-16 12:11:35-04:00,212.92,212.88,212.92,212.88,6809,209.43,1587053495000000000,212.88743110588925,48
1940,2020-04-16 12:11:40-04:00,212.85,212.885,212.9,212.85,13797,209.43,1587053500000000000,212.8637151192288,98
1941,2020-04-16 12:11:45-04:00,212.88,212.8,212.88,212.8,9706,209.43,1587053505000000000,212.82252254275707,69
1942,2020-04-16 12:11:50-04:00,212.81,212.765,212.83,212.73,28021,209.43,1587053510000000000,212.7740587309518,253
1943,2020-04-16 12:11:55-04:00,212.76,212.815,212.815,212.75,15580,209.43,1587053515000000000,212.7695093068035,101
1944,2020-04-16 12:12:00-04:00,212.82,212.75,212.82,212.75,13871,209.43,1587053520000000000,212.77224136688065,95
1945,2020-04-16 12:12:05-04:00,212.7658,212.785,212.79,212.76,6243,209.43,1587053525000000000,212.77769636392762,24
1946,2020-04-16 12:12:10-04:00,212.78,212.7999,212.835,212.78,6374,209.43,1587053530000000000,212.81327941637906,36
1947,2020-04-16 12:12:15-04:00,212.805,212.85,212.85,212.8,2070,209.43,1587053535000000000,212.8322859903381,31
1948,2020-04-16 12:12:20-04:00,212.84,212.88,212.88,212.81,1641,209.43,1587053540000000000,212.83770761730653,18
1949,2020-04-16 12:12:25-04:00,212.87,212.88,212.8929,212.86,5903,209.43,1587053545000000000,212.87407589361342,54
1950,2020-04-16 12:12:30-04:00,212.89,212.89,212.9,212.8801,9466,209.43,1587053550000000000,212.89668628776673,52
1951,2020-04-16 12:12:35-04:00,212.8899,212.87,212.9,212.863,4551,209.43,1587053555000000000,212.8808968578336,35
1952,2020-04-16 12:12:40-04:00,212.8799,212.875,212.92,212.8738,14186,209.43,1587053560000000000,212.90701982236018,105
1953,2020-04-16 12:12:45-04:00,212.88,212.84,212.88,212.82,6267,209.43,1587053565000000000,212.85919342588159,63
1954,2020-04-16 12:12:50-04:00,212.85,212.87,212.87,212.84,7210,209.43,1587053570000000000,212.84351735090144,50
1955,2020-04-16 12:12:55-04:00,212.8855,212.85,212.8855,212.85,1930,209.43,1587053575000000000,212.87015129533677,24
1956,2020-04-16 12:13:00-04:00,212.86,212.86,212.89,212.86,10180,209.43,1587053580000000000,212.8726031925344,79
1957,2020-04-16 12:13:05-04:00,212.85,212.92,212.95,212.85,4828,209.43,1587053585000000000,212.90770733222865,36
1958,2020-04-16 12:13:10-04:00,212.9265,212.88,212.94,212.88,7996,209.43,1587053590000000000,212.92309686093049,41
1959,2020-04-16 12:13:15-04:00,212.89,212.84,212.89,212.81,3612,209.43,1587053595000000000,212.85807616279064,38
1960,2020-04-16 12:13:20-04:00,212.8441,212.84,212.8441,212.8,13918,209.43,1587053600000000000,212.81763108923687,77
1961,2020-04-16 12:13:25-04:00,212.84,212.9,212.92,212.84,11065,209.43,1587053605000000000,212.90329821057395,64
1962,2020-04-16 12:13:30-04:00,212.9,212.85,212.92,212.85,7277,209.43,1587053610000000000,212.88672158856681,37
1963,2020-04-16 12:13:35-04:00,212.84,212.81,212.84,212.81,2400,209.43,1587053615000000000,212.815498,23
1964,2020-04-16 12:13:40-04:00,212.79,212.81,212.81,212.77,22903,209.43,1587053620000000000,212.77955252150397,99
1965,2020-04-16 12:13:45-04:00,212.8198,212.86,212.86,212.8198,5198,209.43,1587053625000000000,212.84526662177757,41
1966,2020-04-16 12:13:50-04:00,212.86,212.8,212.86,212.8,12477,209.43,1587053630000000000,212.8248425903664,90
1967,2020-04-16 12:13:55-04:00,212.8,212.84,212.84,212.798,4827,209.43,1587053635000000000,212.8271669774187,29
1968,2020-04-16 12:14:00-04:00,212.83,212.88,212.9125,212.83,8968,209.43,1587053640000000000,212.88103339652088,56
1969,2020-04-16 12:14:05-04:00,212.885,212.8699,212.885,212.8501,4562,209.43,1587053645000000000,212.85978092941693,19
1970,2020-04-16 12:14:10-04:00,212.86,212.83,212.86,212.82,3830,209.43,1587053650000000000,212.83365848563975,39
1971,2020-04-16 12:14:15-04:00,212.83,212.81,212.84,212.79,22543,209.43,1587053655000000000,212.8043017699508,129
1972,2020-04-16 12:14:20-04:00,212.82,212.78,212.83,212.76,12232,209.43,1587053660000000000,212.79703124591236,71
1973,2020-04-16 12:14:25-04:00,212.77,212.7799,212.7933,212.7501,11575,209.43,1587053665000000000,212.77317298488123,62
1974,2020-04-16 12:14:30-04:00,212.77,212.67,212.77,212.66,18237,209.43,1587053670000000000,212.69511325875976,116
1975,2020-04-16 12:14:35-04:00,212.6725,212.72,212.72,212.65,20074,209.43,1587053675000000000,212.69287262130106,161
1976,2020-04-16 12:14:40-04:00,212.72,212.695,212.74,212.69,10424,209.43,1587053680000000000,212.7113953376823,65
1977,2020-04-16 12:14:45-04:00,212.695,212.7425,212.76,212.6925,5902,209.43,1587053685000000000,212.73261707895628,51
1978,2020-04-16 12:14:50-04:00,212.7475,212.72,212.78,212.72,16562,209.43,1587053690000000000,212.75917113875158,117
1979,2020-04-16 12:14:55-04:00,212.73,212.67,212.74,212.67,16736,209.43,1587053695000000000,212.6954990977534,54
1980,2020-04-16 12:15:00-04:00,212.655,212.6385,212.67,212.59,22477,209.43,1587053700000000000,212.62233908884627,159
1981,2020-04-16 12:15:05-04:00,212.64,212.59,212.65,212.58,10807,209.43,1587053705000000000,212.63877241602654,50
1982,2020-04-16 12:15:10-04:00,212.58,212.53,212.59,212.53,7204,209.43,1587053710000000000,212.5649548167685,58
1983,2020-04-16 12:15:15-04:00,212.54,212.52,212.56,212.48,23087,209.43,1587053715000000000,212.50586946766595,148
1984,2020-04-16 12:15:20-04:00,212.52,212.53,212.53,212.495,9349,209.43,1587053720000000000,212.51484383356504,58
1985,2020-04-16 12:15:25-04:00,212.525,212.5,212.54,212.49,9788,209.43,1587053725000000000,212.52504523906822,76
1986,2020-04-16 12:15:30-04:00,212.48,212.44,212.49,212.44,7773,209.43,1587053730000000000,212.46059354174704,60
1987,2020-04-16 12:15:35-04:00,212.44,212.48,212.49,212.44,8470,209.43,1587053735000000000,212.46482814639904,63
1988,2020-04-16 12:15:40-04:00,212.48,212.55,212.55,212.46,20143,209.43,1587053740000000000,212.48306479670362,85
1989,2020-04-16 12:15:45-04:00,212.55,212.55,212.58,212.54,9693,209.43,1587053745000000000,212.5657081914784,36
1990,2020-04-16 12:15:50-04:00,212.56,212.56,212.5855,212.55,4426,209.43,1587053750000000000,212.56349225033895,45
1991,2020-04-16 12:15:55-04:00,212.565,212.59,212.59,212.53,9764,209.43,1587053755000000000,212.57763594838184,80
1992,2020-04-16 12:16:00-04:00,212.59,212.63,212.65,212.59,13264,209.43,1587053760000000000,212.61513942249707,110
1993,2020-04-16 12:16:05-04:00,212.6202,212.68,212.6825,212.6202,18544,209.43,1587053765000000000,212.66985224331327,98
1994,2020-04-16 12:16:10-04:00,212.66,212.68,212.685,212.6179,6297,209.43,1587053770000000000,212.6455573447672,79
1995,2020-04-16 12:16:15-04:00,212.69,212.7,212.7,212.67,2958,209.43,1587053775000000000,212.68876335361728,41
1996,2020-04-16 12:16:20-04:00,212.68,212.67,212.7099,212.67,12788,209.43,1587053780000000000,212.69266161244926,43
1997,2020-04-16 12:16:25-04:00,212.6699,212.58,212.6699,212.58,12812,209.43,1587053785000000000,212.60729209335003,72
1998,2020-04-16 12:16:30-04:00,212.59,212.49,212.59,212.47,17812,209.43,1587053790000000000,212.52444041657284,190
1999,2020-04-16 12:16:35-04:00,212.49,212.445,212.49,212.41,9398,209.43,1587053795000000000,212.44939721217276,83
2000,2020-04-16 12:16:40-04:00,212.4425,212.43,212.45,212.4,25930,209.43,1587053800000000000,212.42865551870446,166
2001,2020-04-16 12:16:45-04:00,212.4459,212.44,212.462,212.43,8374,209.43,1587053805000000000,212.44970813231419,75
2002,2020-04-16 12:16:50-04:00,212.44,212.35,212.455,212.35,9749,209.43,1587053810000000000,212.40086060108735,72
2003,2020-04-16 12:16:55-04:00,212.3563,212.24,212.37,212.24,42537,209.43,1587053815000000000,212.2985340174435,304
2004,2020-04-16 12:17:00-04:00,212.25,212.22,212.29,212.18,27733,209.43,1587053820000000000,212.21585467493614,216
2005,2020-04-16 12:17:05-04:00,212.21,211.98,212.21,211.97,49273,209.43,1587053825000000000,212.0679822499131,546
2006,2020-04-16 12:17:10-04:00,211.98,212.02,212.0398,211.97,27375,209.43,1587053830000000000,212.00080288584485,237
2007,2020-04-16 12:17:15-04:00,212.03,211.99,212.0585,211.99,33712,209.43,1587053835000000000,212.01934477337485,170
2008,2020-04-16 12:17:20-04:00,211.99,212.06,212.06,211.98,17773,209.43,1587053840000000000,212.02325117875424,112
2009,2020-04-16 12:17:25-04:00,212.0599,212.0271,212.0599,212.001,10122,209.43,1587053845000000000,212.03483418296784,58
2010,2020-04-16 12:17:30-04:00,212.005,211.915,212.01,211.91,31577,209.43,1587053850000000000,211.93433605789028,203
2011,2020-04-16 12:17:35-04:00,211.9,211.9,211.94,211.89,14327,209.43,1587053855000000000,211.9097940322468,89
2012,2020-04-16 12:17:40-04:00,211.915,211.86,211.92,211.86,11923,209.43,1587053860000000000,211.88167945148024,88
2013,2020-04-16 12:17:45-04:00,211.86,211.88,211.89,211.84,16260,209.43,1587053865000000000,211.86940952029514,86
2014,2020-04-16 12:17:50-04:00,211.88,211.89,211.89,211.86,8072,209.43,1587053870000000000,211.87573556739346,65
2015,2020-04-16 12:17:55-04:00,211.895,211.955,211.97,211.88,27081,209.43,1587053875000000000,211.9187491746982,170
2016,2020-04-16 12:18:00-04:00,211.9699,211.9395,211.98,211.93,382464,209.43,1587053880000000000,209.47625781772908,125
2017,2020-04-16 12:18:05-04:00,211.9301,211.98,212.005,211.9301,29419,209.43,1587053885000000000,211.9871037152858,140
2018,2020-04-16 12:18:10-04:00,211.98,212.05,212.06,211.96,21731,209.43,1587053890000000000,212.03365348120187,103
2019,2020-04-16 12:18:15-04:00,212.05,212.06,212.0899,212.03,24086,209.43,1587053895000000000,212.05621262974338,110
2020,2020-04-16 12:18:20-04:00,212.04,212.01,212.04,212,5519,209.43,1587053900000000000,212.02020288095667,43
2021,2020-04-16 12:18:25-04:00,212.01,212.104,212.105,212,7397,209.43,1587053905000000000,212.06915041232926,66
2022,2020-04-16 12:18:30-04:00,212.1,212.0585,212.1,212.03,8989,209.43,1587053910000000000,212.06325439982197,73
2023,2020-04-16 12:18:35-04:00,212.0725,212.11,212.12,212.07,10164,209.43,1587053915000000000,212.09791108815432,64
2024,2020-04-16 12:18:40-04:00,212.1,212.12,212.12,212.09,11757,209.43,1587053920000000000,212.11266018542125,95
2025,2020-04-16 12:18:45-04:00,212.13,212.12,212.16,212.11,6243,209.43,1587053925000000000,212.13621621015545,49
2026,2020-04-16 12:18:50-04:00,212.13,212.165,212.17,212.13,414125,209.43,1587053930000000000,209.41305731071535,36
2027,2020-04-16 12:18:55-04:00,212.16,212.19,212.19,212.14,16550,209.43,1587053935000000000,212.151724410876,60
2028,2020-04-16 12:19:00-04:00,212.2014,212.1,212.2199,212.1,34493,209.43,1587053940000000000,212.14535102774485,154
2029,2020-04-16 12:19:05-04:00,212.08,212.08,212.09,212.07,4208,209.43,1587053945000000000,212.07846699144488,35
2030,2020-04-16 12:19:10-04:00,212.0766,212.1198,212.1199,212.07,3988,209.43,1587053950000000000,212.09028382647946,40
2031,2020-04-16 12:19:15-04:00,212.12,212.07,212.13,212.06,7695,209.43,1587053955000000000,212.10092272904475,64
2032,2020-04-16 12:19:20-04:00,212.07,212.03,212.1,212.03,5148,209.43,1587053960000000000,212.06617946775447,53
2033,2020-04-16 12:19:25-04:00,212.03,211.97,212.04,211.96,28697,209.43,1587053965000000000,212.00980492037525,148
2034,2020-04-16 12:19:30-04:00,211.97,211.96,211.97,211.9,8176,209.43,1587053970000000000,211.92907693248523,67
2035,2020-04-16 12:19:35-04:00,211.96,211.9702,211.9834,211.94,10656,209.43,1587053975000000000,211.9618517736487,93
2036,2020-04-16 12:19:40-04:00,211.975,211.88,211.98,211.88,5702,209.43,1587053980000000000,211.936843616275,65
2037,2020-04-16 12:19:45-04:00,211.885,211.83,211.92,211.81,24743,209.43,1587053985000000000,211.87969469344858,162
2038,2020-04-16 12:19:50-04:00,211.82,211.78,211.84,211.77,52525,209.43,1587053990000000000,211.80036154212237,239
2039,2020-04-16 12:19:55-04:00,211.79,211.92,211.93,211.78,62507,209.43,1587053995000000000,211.86848248516176,286
2040,2020-04-16 12:20:00-04:00,211.93,211.9,211.9564,211.88,12193,209.43,1587054000000000000,211.92589965554018,92
2041,2020-04-16 12:20:05-04:00,211.86,211.805,211.8636,211.8,8089,209.43,1587054005000000000,211.8455988997404,66
2042,2020-04-16 12:20:10-04:00,211.81,211.83,211.84,211.8,8355,209.43,1587054010000000000,211.81867960502694,59
2043,2020-04-16 12:20:15-04:00,211.83,211.71,211.83,211.71,11080,209.43,1587054015000000000,211.75435848375443,68
2044,2020-04-16 12:20:20-04:00,211.72,211.74,211.74,211.7,19190,209.43,1587054020000000000,211.71583198019806,44
2045,2020-04-16 12:20:25-04:00,211.74,211.68,211.7599,211.67,8559,209.43,1587054025000000000,211.7118801962847,71
2046,2020-04-16 12:20:30-04:00,211.66,211.61,211.69,211.6,17781,209.43,1587054030000000000,211.64726747089577,143
2047,2020-04-16 12:20:35-04:00,211.62,211.6104,211.64,211.59,16940,209.43,1587054035000000000,211.61193269775666,119
2048,2020-04-16 12:20:40-04:00,211.6202,211.6,211.64,211.58,7108,209.43,1587054040000000000,211.60500592290384,71
2049,2020-04-16 12:20:45-04:00,211.59,211.54,211.6,211.54,12919,209.43,1587054045000000000,211.56181387878314,119
2050,2020-04-16 12:20:50-04:00,211.54,211.56,211.57,211.54,7883,209.43,1587054050000000000,211.55404966383358,31
2051,2020-04-16 12:20:55-04:00,211.54,211.56,211.56,211.505,23011,209.43,1587054055000000000,211.54342202424928,111
2052,2020-04-16 12:21:00-04:00,211.57,211.5299,211.58,211.5299,18900,209.43,1587054060000000000,211.56105509523792,108
2053,2020-04-16 12:21:05-04:00,211.55,211.58,211.58,211.51,227993,209.43,1587054065000000000,209.60469377831797,148
2054,2020-04-16 12:21:10-04:00,211.57,211.57,211.59,211.55,31659,209.43,1587054070000000000,211.56290267538452,101
2055,2020-04-16 12:21:15-04:00,211.57,211.625,211.63,211.5602,7741,209.43,1587054075000000000,211.59930073633896,59
2056,2020-04-16 12:21:20-04:00,211.63,211.6399,211.68,211.62,27389,209.43,1587054080000000000,211.64160669611888,153
2057,2020-04-16 12:21:25-04:00,211.67,211.64,211.7299,211.64,15608,209.43,1587054085000000000,211.66390147360326,90
2058,2020-04-16 12:21:30-04:00,211.64,211.73,211.74,211.64,8748,209.43,1587054090000000000,211.67657293095561,39
2059,2020-04-16 12:21:35-04:00,211.72,211.73,211.75,211.7,16607,209.43,1587054095000000000,211.72988436201584,141
2060,2020-04-16 12:21:40-04:00,211.7399,211.64,211.7699,211.64,15001,209.43,1587054100000000000,211.71144603693088,104
2061,2020-04-16 12:21:45-04:00,211.66,211.78,211.78,211.65,47182,209.43,1587054105000000000,211.70927578313746,252
2062,2020-04-16 12:21:50-04:00,211.7708,211.75,211.7708,211.73,11749,209.43,1587054110000000000,211.75049221210318,67
2063,2020-04-16 12:21:55-04:00,211.75,211.78,211.8,211.73,11747,209.43,1587054115000000000,211.7748054652252,76
2064,2020-04-16 12:22:00-04:00,211.8,211.86,211.86,211.76,7808,209.43,1587054120000000000,211.80080014088105,53
2065,2020-04-16 12:22:05-04:00,211.87,211.86,211.88,211.82,12546,209.43,1587054125000000000,211.86007731547897,149
2066,2020-04-16 12:22:10-04:00,211.8699,211.81,211.87,211.7816,9060,209.43,1587054130000000000,211.8301122295805,62
2067,2020-04-16 12:22:15-04:00,211.81,211.88,211.89,211.81,3641,209.43,1587054135000000000,211.85590546553146,40
2068,2020-04-16 12:22:20-04:00,211.89,211.91,211.91,211.86,16140,209.43,1587054140000000000,211.89558570012372,112
2069,2020-04-16 12:22:25-04:00,211.9315,211.835,211.94,211.835,3537,209.43,1587054145000000000,211.90147531806613,38
2070,2020-04-16 12:22:30-04:00,211.83,211.82,211.835,211.78,7723,209.43,1587054150000000000,211.8076492036773,86
2071,2020-04-16 12:22:35-04:00,211.82,211.87,211.89,211.82,11430,209.43,1587054155000000000,211.87099825021863,58
2072,2020-04-16 12:22:40-04:00,211.86,211.83,211.86,211.8,3530,209.43,1587054160000000000,211.82467076487248,36
2073,2020-04-16 12:22:45-04:00,211.83,211.85,211.91,211.83,8910,209.43,1587054165000000000,211.87093574635233,79
2074,2020-04-16 12:22:50-04:00,211.85,211.94,211.95,211.85,14615,209.43,1587054170000000000,211.88425977420457,132
2075,2020-04-16 12:22:55-04:00,211.9488,211.9,211.96,211.89,6189,209.43,1587054175000000000,211.92796624656654,62
2076,2020-04-16 12:23:00-04:00,211.9,211.91,211.94,211.86,31232,209.43,1587054180000000000,211.89327836834045,194
2077,2020-04-16 12:23:05-04:00,211.91,211.84,211.92,211.84,7721,209.43,1587054185000000000,211.88752557958819,52
2078,2020-04-16 12:23:10-04:00,211.83,211.81,211.875,211.7901,19356,209.43,1587054190000000000,211.83798399462708,110
2079,2020-04-16 12:23:15-04:00,211.81,211.76,211.81,211.76,11738,209.43,1587054195000000000,211.77840314363607,56
2080,2020-04-16 12:23:20-04:00,211.76,211.75,211.79,211.74,6125,209.43,1587054200000000000,211.7624118040817,73
2081,2020-04-16 12:23:25-04:00,211.76,211.85,211.865,211.755,10181,209.43,1587054205000000000,211.83163025243098,70
2082,2020-04-16 12:23:30-04:00,211.85,211.81,211.865,211.77,11640,209.43,1587054210000000000,211.79817182130583,112
2083,2020-04-16 12:23:35-04:00,211.82,211.9,211.905,211.82,17136,209.43,1587054215000000000,211.86811739612543,109
2084,2020-04-16 12:23:40-04:00,211.9,211.89,211.91,211.85,16387,209.43,1587054220000000000,211.88108058216886,82
2085,2020-04-16 12:23:45-04:00,211.9,211.88,211.9,211.82,4802,209.43,1587054225000000000,211.86410662224074,51
2086,2020-04-16 12:23:50-04:00,211.89,211.94,211.94,211.89,3981,209.43,1587054230000000000,211.9198074101985,31
2087,2020-04-16 12:23:55-04:00,211.92,211.81,211.93,211.8,12314,209.43,1587054235000000000,211.86613307617355,89
2088,2020-04-16 12:24:00-04:00,211.8196,211.77,211.8196,211.77,13738,209.43,1587054240000000000,211.78721538069593,116
2089,2020-04-16 12:24:05-04:00,211.76,211.73,211.76,211.66,26424,209.43,1587054245000000000,211.70178762110174,191
2090,2020-04-16 12:24:10-04:00,211.72,211.64,211.73,211.64,14998,209.43,1587054250000000000,211.68436298173083,106
2091,2020-04-16 12:24:15-04:00,211.65,211.5636,211.65,211.5636,14264,209.43,1587054255000000000,211.5981712913628,106
2092,2020-04-16 12:24:20-04:00,211.5601,211.54,211.5899,211.54,21033,209.43,1587054260000000000,211.5717972709552,105
2093,2020-04-16 12:24:25-04:00,211.55,211.55,211.6,211.55,12874,209.43,1587054265000000000,211.576801320491,74
2094,2020-04-16 12:24:30-04:00,211.54,211.52,211.56,211.51,30053,209.43,1587054270000000000,211.53307514391253,194
2095,2020-04-16 12:24:35-04:00,211.58,211.58,211.6,211.57,6409,209.43,1587054275000000000,211.5785403339055,46
2096,2020-04-16 12:24:40-04:00,211.6,211.638,211.67,211.6,3410,209.43,1587054280000000000,211.64484017595308,37
2097,2020-04-16 12:24:45-04:00,211.64,211.61,211.64,211.61,8219,209.43,1587054285000000000,211.62872726609086,45
2098,2020-04-16 12:24:50-04:00,211.6,211.59,211.66,211.59,3088,209.43,1587054290000000000,211.62226198186525,25
2099,2020-04-16 12:24:55-04:00,211.59,211.61,211.61,211.58,2164,209.43,1587054295000000000,211.59297828096115,23
2100,2020-04-16 12:25:00-04:00,211.62,211.6599,211.681,211.62,11049,209.43,1587054300000000000,211.66491037197935,46
2101,2020-04-16 12:25:05-04:00,211.6499,211.6807,211.7,211.6499,4251,209.43,1587054305000000000,211.6866158080452,54
2102,2020-04-16 12:25:10-04:00,211.66,211.7,211.71,211.655,10466,209.43,1587054310000000000,211.6870273361361,33
2103,2020-04-16 12:25:15-04:00,211.69,211.74,211.745,211.69,16825,209.43,1587054315000000000,211.71534993164937,60
2104,2020-04-16 12:25:20-04:00,211.74,211.77,211.79,211.73,4628,209.43,1587054320000000000,211.75001222990494,35
2105,2020-04-16 12:25:25-04:00,211.77,211.74,211.8,211.73,8924,209.43,1587054325000000000,211.76334205513223,80
2106,2020-04-16 12:25:30-04:00,211.76,211.7,211.77,211.7,9574,209.43,1587054330000000000,211.72845199498647,70
2107,2020-04-16 12:25:35-04:00,211.68,211.69,211.7,211.65,4693,209.43,1587054335000000000,211.67014016620502,39
2108,2020-04-16 12:25:40-04:00,211.695,211.62,211.7,211.62,6219,209.43,1587054340000000000,211.65582087152274,33
2109,2020-04-16 12:25:45-04:00,211.63,211.64,211.64,211.59,9743,209.43,1587054345000000000,211.61039854254332,82
2110,2020-04-16 12:25:50-04:00,211.65,211.75,211.79,211.65,18981,209.43,1587054350000000000,211.74223826984857,148
2111,2020-04-16 12:25:55-04:00,211.74,211.69,211.74,211.69,4283,209.43,1587054355000000000,211.70488652813447,20
2112,2020-04-16 12:26:00-04:00,211.68,211.64,211.68,211.62,11423,209.43,1587054360000000000,211.64191674691403,71
2113,2020-04-16 12:26:05-04:00,211.66,211.58,211.66,211.55,160199,209.43,1587054365000000000,211.6192027852861,87
2114,2020-04-16 12:26:10-04:00,211.5801,211.45,211.5801,211.44,40938,209.43,1587054370000000000,211.50914546387244,289
2115,2020-04-16 12:26:15-04:00,211.45,211.3838,211.45,211.38,16009,209.43,1587054375000000000,211.40679909425938,114
2116,2020-04-16 12:26:20-04:00,211.385,211.4,211.4,211.35,28583,209.43,1587054380000000000,211.3727325333236,279
2117,2020-04-16 12:26:25-04:00,211.403,211.4,211.44,211.39,12086,209.43,1587054385000000000,211.41467979480396,70
2118,2020-04-16 12:26:30-04:00,211.4,211.4,211.41,211.37,4394,209.43,1587054390000000000,211.38924820209377,21
2119,2020-04-16 12:26:35-04:00,211.41,211.44,211.44,211.4,4519,209.43,1587054395000000000,211.41956802389902,54
2120,2020-04-16 12:26:40-04:00,211.43,211.41,211.49,211.41,17427,209.43,1587054400000000000,211.46854932575872,135
2121,2020-04-16 12:26:45-04:00,211.41,211.4902,211.4902,211.41,25180,209.43,1587054405000000000,211.45121701350294,216
2122,2020-04-16 12:26:50-04:00,211.49,211.36,211.5001,211.3501,16175,209.43,1587054410000000000,211.41658786398753,96
2123,2020-04-16 12:26:55-04:00,211.35,211.4123,211.42,211.35,17854,209.43,1587054415000000000,211.39609512714242,68
2124,2020-04-16 12:27:00-04:00,211.4262,211.47,211.48,211.42,21021,209.43,1587054420000000000,211.43809977165714,130
2125,2020-04-16 12:27:05-04:00,211.4365,211.53,211.53,211.4365,6565,209.43,1587054425000000000,211.5032024523991,61
2126,2020-04-16 12:27:10-04:00,211.53,211.5898,211.6111,211.5,7044,209.43,1587054430000000000,211.56955860306653,72
2127,2020-04-16 12:27:15-04:00,211.605,211.61,211.63,211.59,2739,209.43,1587054435000000000,211.60513855421692,36
2128,2020-04-16 12:27:20-04:00,211.63,211.71,211.74,211.6,32200,209.43,1587054440000000000,211.69373330434823,220
2129,2020-04-16 12:27:25-04:00,211.71,211.69,211.73,211.69,12832,209.43,1587054445000000000,211.7223402353491,94
2130,2020-04-16 12:27:30-04:00,211.72,211.715,211.72,211.715,2358,209.43,1587054450000000000,211.7221887192536,28
2131,2020-04-16 12:27:35-04:00,211.68,211.66,211.69,211.66,8229,209.43,1587054455000000000,211.68205918094534,29
2132,2020-04-16 12:27:40-04:00,211.6699,211.68,211.68,211.64,4722,209.43,1587054460000000000,211.65674095722144,37
2133,2020-04-16 12:27:45-04:00,211.7,211.67,211.72,211.67,14690,209.43,1587054465000000000,211.70762432947575,61
2134,2020-04-16 12:27:50-04:00,211.67,211.74,211.74,211.65,2688,209.43,1587054470000000000,211.6701917782738,20
2135,2020-04-16 12:27:55-04:00,211.74,211.8301,211.84,211.74,21251,209.43,1587054475000000000,211.79784351795203,128
2136,2020-04-16 12:28:00-04:00,211.85,211.79,211.87,211.77,11292,209.43,1587054480000000000,211.81958235033656,124
2137,2020-04-16 12:28:05-04:00,211.8,211.78,211.8,211.75,4262,209.43,1587054485000000000,211.77197374472075,48
2138,2020-04-16 12:28:10-04:00,211.815,211.825,211.84,211.8,7339,209.43,1587054490000000000,211.81832184221287,74
2139,2020-04-16 12:28:15-04:00,211.82,211.82,211.84,211.82,7386,209.43,1587054495000000000,211.8293825616031,41
2140,2020-04-16 12:28:20-04:00,211.82,211.77,211.82,211.77,7339,209.43,1587054500000000000,211.79648672843703,65
2141,2020-04-16 12:28:25-04:00,211.81,211.86,211.86,211.81,6647,209.43,1587054505000000000,211.83067707236344,43
2142,2020-04-16 12:28:30-04:00,211.85,211.86,211.86,211.815,9817,209.43,1587054510000000000,211.83749974533964,92
2143,2020-04-16 12:28:35-04:00,211.86,211.83,211.86,211.81,15962,209.43,1587054515000000000,211.8226720962284,86
2144,2020-04-16 12:28:40-04:00,211.81,211.77,211.81,211.77,3809,209.43,1587054520000000000,211.77959608821223,60
2145,2020-04-16 12:28:45-04:00,211.75,211.7599,211.77,211.725,11126,209.43,1587054525000000000,211.74176456048892,58
2146,2020-04-16 12:28:50-04:00,211.7411,211.6636,211.755,211.65,28258,209.43,1587054530000000000,211.69195164201292,172
2147,2020-04-16 12:28:55-04:00,211.66,211.66,211.67,211.63,18802,209.43,1587054535000000000,211.6425393841081,129
2148,2020-04-16 12:29:00-04:00,211.66,211.58,211.66,211.58,5571,209.43,1587054540000000000,211.61121163166405,45
2149,2020-04-16 12:29:05-04:00,211.58,211.53,211.59,211.53,6146,209.43,1587054545000000000,211.57259437032212,20
2150,2020-04-16 12:29:10-04:00,211.5,211.475,211.51,211.45,40542,209.43,1587054550000000000,211.48402164175428,265
2151,2020-04-16 12:29:15-04:00,211.507,211.53,211.53,211.47,5039,209.43,1587054555000000000,211.4958900972415,47
2152,2020-04-16 12:29:20-04:00,211.53,211.6,211.61,211.53,5195,209.43,1587054560000000000,211.5709463330125,64
2153,2020-04-16 12:29:25-04:00,211.6,211.6999,211.6999,211.59,3605,209.43,1587054565000000000,211.6557850762829,39
2154,2020-04-16 12:29:30-04:00,211.69,211.69,211.7223,211.69,3943,209.43,1587054570000000000,211.70116735987827,25
2155,2020-04-16 12:29:35-04:00,211.68,211.78,211.8,211.68,2491,209.43,1587054575000000000,211.74272171818546,37
2156,2020-04-16 12:29:40-04:00,211.78,211.76,211.7901,211.75,4072,209.43,1587054580000000000,211.7704234528487,48
2157,2020-04-16 12:29:45-04:00,211.73,211.6501,211.735,211.6501,4289,209.43,1587054585000000000,211.7156918162742,40
2158,2020-04-16 12:29:50-04:00,211.66,211.71,211.71,211.66,3879,209.43,1587054590000000000,211.6689161639598,30
2159,2020-04-16 12:29:55-04:00,211.71,211.6499,211.73,211.6499,7176,209.43,1587054595000000000,211.68275677257526,49
2160,2020-04-16 12:30:00-04:00,211.66,211.63,211.67,211.63,4652,209.43,1587054600000000000,211.65333073946678,30
2161,2020-04-16 12:30:05-04:00,211.58,211.5401,211.61,211.53,6446,209.43,1587054605000000000,211.56892553521564,36
2162,2020-04-16 12:30:10-04:00,211.56,211.45,211.56,211.44,19749,209.43,1587054610000000000,211.46339624284735,180
2163,2020-04-16 12:30:15-04:00,211.44,211.41,211.44,211.39,18783,209.43,1587054615000000000,211.4147621785657,147
2164,2020-04-16 12:30:20-04:00,211.42,211.29,211.42,211.25,46157,209.43,1587054620000000000,211.30248705505164,312
2165,2020-04-16 12:30:25-04:00,211.27,211.1316,211.2821,211.1316,23768,209.43,1587054625000000000,211.19662518933018,166
2166,2020-04-16 12:30:30-04:00,211.12,211.21,211.21,211.11,12271,209.43,1587054630000000000,211.14731289218477,79
2167,2020-04-16 12:30:35-04:00,211.22,211.21,211.26,211.2,9555,209.43,1587054635000000000,211.2252597278911,59
2168,2020-04-16 12:30:40-04:00,211.2,211.11,211.215,211.11,17340,209.43,1587054640000000000,211.17668653979243,90
2169,2020-04-16 12:30:45-04:00,211.11,211.15,211.18,211.1,8659,209.43,1587054645000000000,211.13815223466915,46
2170,2020-04-16 12:30:50-04:00,211.15,211.12,211.16,211.1,8220,209.43,1587054650000000000,211.11709734793186,59
2171,2020-04-16 12:30:55-04:00,211.11,211.06,211.12,211.06,4084,209.43,1587054655000000000,211.08406478942211,52
2172,2020-04-16 12:31:00-04:00,211.07,211.0301,211.07,211,39871,209.43,1587054660000000000,211.03557737453295,238
2173,2020-04-16 12:31:05-04:00,211.02,211,211.0365,210.98,21890,209.43,1587054665000000000,211.00750776610292,261
2174,2020-04-16 12:31:10-04:00,211,211.05,211.06,210.97,18834,209.43,1587054670000000000,211.01505155569703,125
2175,2020-04-16 12:31:15-04:00,211.07,211.13,211.15,211.07,10373,209.43,1587054675000000000,211.1169892991421,81
2176,2020-04-16 12:31:20-04:00,211.12,211.13,211.17,211.11,17156,209.43,1587054680000000000,211.13891908370263,133
2177,2020-04-16 12:31:25-04:00,211.1,211.02,211.1019,211.01,6493,209.43,1587054685000000000,211.06643836439247,68
2178,2020-04-16 12:31:30-04:00,211,210.99,211,210.97,11341,209.43,1587054690000000000,210.99163900890574,93
2179,2020-04-16 12:31:35-04:00,211,210.9701,211,210.959,5648,209.43,1587054695000000000,210.9850593130313,28
2180,2020-04-16 12:31:40-04:00,210.99,210.9601,211.015,210.9601,8689,209.43,1587054700000000000,210.9972751755093,40
2181,2020-04-16 12:31:45-04:00,210.95,210.92,210.97,210.92,9595,209.43,1587054705000000000,210.9344003335069,99
2182,2020-04-16 12:31:50-04:00,210.91,210.91,210.92,210.85,14098,209.43,1587054710000000000,210.8959998936018,121
2183,2020-04-16 12:31:55-04:00,210.9,210.8901,210.9,210.81,14928,209.43,1587054715000000000,210.85033165862814,108
2184,2020-04-16 12:32:00-04:00,210.88,210.98,210.98,210.87,37250,209.43,1587054720000000000,210.93400001073854,212
2185,2020-04-16 12:32:05-04:00,210.99,210.95,211.02,210.95,17582,209.43,1587054725000000000,210.98879027414415,148
2186,2020-04-16 12:32:10-04:00,210.96,210.91,210.96,210.91,2721,209.43,1587054730000000000,210.92552278574055,27
2187,2020-04-16 12:32:15-04:00,210.93,210.95,210.95,210.9,5734,209.43,1587054735000000000,210.91641888733866,50
2188,2020-04-16 12:32:20-04:00,210.95,210.99,210.99,210.94,3272,209.43,1587054740000000000,210.96228004278726,39
2189,2020-04-16 12:32:25-04:00,210.9899,210.88,210.9899,210.86,18649,209.43,1587054745000000000,210.9118989168321,128
2190,2020-04-16 12:32:30-04:00,210.89,210.84,210.91,210.84,10453,209.43,1587054750000000000,210.87064611116426,70
2191,2020-04-16 12:32:35-04:00,210.85,210.78,210.8501,210.78,9328,209.43,1587054755000000000,210.82060835120075,93
2192,2020-04-16 12:32:40-04:00,210.77,210.75,210.82,210.735,14665,209.43,1587054760000000000,210.77537444255043,120
2193,2020-04-16 12:32:45-04:00,210.75,210.74,210.76,210.705,11977,209.43,1587054765000000000,210.73873724638904,95
2194,2020-04-16 12:32:50-04:00,210.73,210.71,210.76,210.7,25563,209.43,1587054770000000000,210.73096223056785,167
2195,2020-04-16 12:32:55-04:00,210.7,210.76,210.76,210.67,7072,209.43,1587054775000000000,210.68569753959272,74
2196,2020-04-16 12:33:00-04:00,210.77,210.77,210.79,210.695,33982,209.43,1587054780000000000,210.74511943381773,201
2197,2020-04-16 12:33:05-04:00,210.76,210.7296,210.77,210.7099,8668,209.43,1587054785000000000,210.74242639593905,51
2198,2020-04-16 12:33:10-04:00,210.73,210.69,210.73,210.65,14342,209.43,1587054790000000000,210.69181637846853,143
2199,2020-04-16 12:33:15-04:00,210.68,210.5901,210.68,210.59,16790,209.43,1587054795000000000,210.63731858248963,102
2200,2020-04-16 12:33:20-04:00,210.585,210.56,210.6,210.531,24502,209.43,1587054800000000000,210.56880927271249,181
2201,2020-04-16 12:33:25-04:00,210.55,210.52,210.56,210.52,6608,209.43,1587054805000000000,210.54431026029062,68
2202,2020-04-16 12:33:30-04:00,210.52,210.47,210.54,210.455,15278,209.43,1587054810000000000,210.48746970807687,162
2203,2020-04-16 12:33:35-04:00,210.47,210.41,210.48,210.41,13233,209.43,1587054815000000000,210.4338585354797,131
2204,2020-04-16 12:33:40-04:00,210.42,210.39,210.4299,210.39,9345,209.43,1587054820000000000,210.41244552166918,74
2205,2020-04-16 12:33:45-04:00,210.37,210.265,210.37,210.265,19325,209.43,1587054825000000000,210.30541904786557,218
2206,2020-04-16 12:33:50-04:00,210.27,210.29,210.3,210.23,16999,209.43,1587054830000000000,210.27477489852345,125
2207,2020-04-16 12:33:55-04:00,210.28,210.33,210.36,210.28,8988,209.43,1587054835000000000,210.32701724521587,106
2208,2020-04-16 12:34:00-04:00,210.35,210.41,210.4499,210.345,259482,209.43,1587054840000000000,209.60249979536175,353
2209,2020-04-16 12:34:05-04:00,210.415,210.44,210.48,210.41,12663,209.43,1587054845000000000,210.44660585959085,109
2210,2020-04-16 12:34:10-04:00,210.46,210.43,210.48,210.41,15199,209.43,1587054850000000000,210.45443384433187,116
2211,2020-04-16 12:34:15-04:00,210.41,210.45,210.45,210.41,5332,209.43,1587054855000000000,210.4250973368342,53
2212,2020-04-16 12:34:20-04:00,210.4401,210.3601,210.475,210.36,41657,209.43,1587054860000000000,210.4455636267613,245
2213,2020-04-16 12:34:25-04:00,210.37,210.39,210.39,210.33,13447,209.43,1587054865000000000,210.35819912248084,108
2214,2020-04-16 12:34:30-04:00,210.39,210.4,210.44,210.38,44524,209.43,1587054870000000000,210.41868512038442,180
2215,2020-04-16 12:34:35-04:00,210.39,210.39,210.4,210.36,4883,209.43,1587054875000000000,210.3733099528978,44
2216,2020-04-16 12:34:40-04:00,210.4,210.41,210.42,210.37,5977,209.43,1587054880000000000,210.40177572360727,53
2217,2020-04-16 12:34:45-04:00,210.4,210.52,210.53,210.38,56249,209.43,1587054885000000000,210.48245263026908,297
2218,2020-04-16 12:34:50-04:00,210.515,210.53,210.62,210.515,48427,209.43,1587054890000000000,210.56012946290298,205
2219,2020-04-16 12:34:55-04:00,210.54,210.4899,210.55,210.435,31052,209.43,1587054895000000000,210.50947562153874,156
2220,2020-04-16 12:35:00-04:00,210.48,210.4699,210.54,210.455,60178,209.43,1587054900000000000,210.49853322476642,339
2221,2020-04-16 12:35:05-04:00,210.4575,210.5499,210.5796,210.455,33819,209.43,1587054905000000000,210.5407506963542,160
2222,2020-04-16 12:35:10-04:00,210.5402,210.5702,210.6,210.54,11155,209.43,1587054910000000000,210.56137409233537,43
2223,2020-04-16 12:35:15-04:00,210.5899,210.58,210.62,210.57,20403,209.43,1587054915000000000,210.5961761407636,126
2224,2020-04-16 12:35:20-04:00,210.585,210.64,210.6555,210.56,10263,209.43,1587054920000000000,210.60361570690827,55
2225,2020-04-16 12:35:25-04:00,210.65,210.6343,210.6872,210.6301,4288,209.43,1587054925000000000,210.6498644123135,36
2226,2020-04-16 12:35:30-04:00,210.65,210.6999,210.6999,210.62,7542,209.43,1587054930000000000,210.65314985414997,58
2227,2020-04-16 12:35:35-04:00,210.68,210.69,210.74,210.672,19077,209.43,1587054935000000000,210.69561626566028,122
2228,2020-04-16 12:35:40-04:00,210.66,210.62,210.6697,210.59,16548,209.43,1587054940000000000,210.60737838409463,138
2229,2020-04-16 12:35:45-04:00,210.6501,210.68,210.68,210.65,11262,209.43,1587054945000000000,210.67066187178128,58
2230,2020-04-16 12:35:50-04:00,210.71,210.67,210.7498,210.67,7545,209.43,1587054950000000000,210.71321088137842,70
2231,2020-04-16 12:35:55-04:00,210.67,210.645,210.68,210.62,13081,209.43,1587054955000000000,210.6480281859185,56
2232,2020-04-16 12:36:00-04:00,210.64,210.58,210.645,210.57,21764,209.43,1587054960000000000,210.60905302334135,120
2233,2020-04-16 12:36:05-04:00,210.59,210.49,210.62,210.49,6639,209.43,1587054965000000000,210.5521952854346,71
2234,2020-04-16 12:36:10-04:00,210.49,210.425,210.49,210.425,30032,209.43,1587054970000000000,210.4735290689931,158
2235,2020-04-16 12:36:15-04:00,210.41,210.35,210.41,210.33,8722,209.43,1587054975000000000,210.35950627149725,75
2236,2020-04-16 12:36:20-04:00,210.34,210.4,210.4,210.326,9651,209.43,1587054980000000000,210.3573019790696,62
2237,2020-04-16 12:36:25-04:00,210.36,210.32,210.37,210.282,26663,209.43,1587054985000000000,210.3326803022915,128
2238,2020-04-16 12:36:30-04:00,210.3359,210.34,210.3797,210.32,5028,209.43,1587054990000000000,210.33931583134458,27
2239,2020-04-16 12:36:35-04:00,210.33,210.243,210.33,210.243,15403,209.43,1587054995000000000,210.28158023761617,47
2240,2020-04-16 12:36:40-04:00,210.24,210.1201,210.24,210.11,21698,209.43,1587055000000000000,210.15980821734712,159
2241,2020-04-16 12:36:45-04:00,210.13,210.05,210.18,210.03,29519,209.43,1587055005000000000,210.09325127544963,198
2242,2020-04-16 12:36:50-04:00,210.07,210.09,210.11,210.0601,15551,209.43,1587055010000000000,210.09334346344292,125
2243,2020-04-16 12:36:55-04:00,210.0601,210.055,210.07,210.02,2561,209.43,1587055015000000000,210.05580757516591,35
2244,2020-04-16 12:37:00-04:00,210.0586,210.25,210.28,210.0586,22378,209.43,1587055020000000000,210.19410604164833,192
2245,2020-04-16 12:37:05-04:00,210.27,210.35,210.38,210.26,19035,209.43,1587055025000000000,210.34603028106125,149
2246,2020-04-16 12:37:10-04:00,210.355,210.35,210.39,210.325,13335,209.43,1587055030000000000,210.35395500562413,139
2247,2020-04-16 12:37:15-04:00,210.38,210.41,210.46,210.38,10568,209.43,1587055035000000000,210.41393910862973,65
2248,2020-04-16 12:37:20-04:00,210.42,210.44,210.45,210.39,23688,209.43,1587055040000000000,210.41140951114494,128
2249,2020-04-16 12:37:25-04:00,210.44,210.435,210.5,210.435,11827,209.43,1587055045000000000,210.46445142470617,70
2250,2020-04-16 12:37:30-04:00,210.405,210.4101,210.43,210.37,12662,209.43,1587055050000000000,210.4022134102037,72
2251,2020-04-16 12:37:35-04:00,210.41,210.3,210.43,210.3,23973,209.43,1587055055000000000,210.38269938681003,158
2252,2020-04-16 12:37:40-04:00,210.2802,210.27,210.3,210.25,5891,209.43,1587055060000000000,210.2776922763537,54
2253,2020-04-16 12:37:45-04:00,210.29,210.36,210.36,210.29,6576,209.43,1587055065000000000,210.3110020072992,47
2254,2020-04-16 12:37:50-04:00,210.32,210.39,210.39,210.3,4178,209.43,1587055070000000000,210.32773066060312,39
2255,2020-04-16 12:37:55-04:00,210.4199,210.36,210.4299,210.34,7388,209.43,1587055075000000000,210.37889765836496,71
2256,2020-04-16 12:38:00-04:00,210.36,210.42,210.44,210.36,11239,209.43,1587055080000000000,210.40047778272103,75
2257,2020-04-16 12:38:05-04:00,210.43,210.4601,210.48,210.43,10727,209.43,1587055085000000000,210.467010907057,82
2258,2020-04-16 12:38:10-04:00,210.48,210.45,210.51,210.45,11861,209.43,1587055090000000000,210.4807476603996,76
2259,2020-04-16 12:38:15-04:00,210.45,210.44,210.48,210.4199,6417,209.43,1587055095000000000,210.45010740221295,55
2260,2020-04-16 12:38:20-04:00,210.42,210.39,210.45,210.39,5060,209.43,1587055100000000000,210.42178418972335,49
2261,2020-04-16 12:38:25-04:00,210.385,210.41,210.41,210.3684,12224,209.43,1587055105000000000,210.3799688481675,65
2262,2020-04-16 12:38:30-04:00,210.42,210.47,210.5,210.42,4784,209.43,1587055110000000000,210.4553069607023,47
2263,2020-04-16 12:38:35-04:00,210.44,210.3799,210.45,210.31,35829,209.43,1587055115000000000,210.37768180803243,227
2264,2020-04-16 12:38:40-04:00,210.3964,210.32,210.42,210.32,13695,209.43,1587055120000000000,210.35483025191675,84
2265,2020-04-16 12:38:45-04:00,210.34,210.33,210.38,210.31,3712,209.43,1587055125000000000,210.34476166487065,43
2266,2020-04-16 12:38:50-04:00,210.34,210.4,210.42,210.32,1819,209.43,1587055130000000000,210.3730516767455,23
2267,2020-04-16 12:38:55-04:00,210.39,210.42,210.47,210.38,8888,209.43,1587055135000000000,210.43855283528362,90
2268,2020-04-16 12:39:00-04:00,210.41,210.27,210.41,210.27,31141,209.43,1587055140000000000,210.32034199287122,140
2269,2020-04-16 12:39:05-04:00,210.27,210.4693,210.47,210.2664,20988,209.43,1587055145000000000,210.3743300933868,211
2270,2020-04-16 12:39:10-04:00,210.48,210.48,210.5,210.4499,16353,209.43,1587055150000000000,210.48115021708546,143
2271,2020-04-16 12:39:15-04:00,210.5,210.53,210.56,210.5,20617,209.43,1587055155000000000,210.52676162875292,191
2272,2020-04-16 12:39:20-04:00,210.54,210.5061,210.56,210.5061,13527,209.43,1587055160000000000,210.53170374066627,152
2273,2020-04-16 12:39:25-04:00,210.5,210.49,210.5,210.43,11734,209.43,1587055165000000000,210.4598711010738,122
2274,2020-04-16 12:39:30-04:00,210.49,210.54,210.57,210.49,4472,209.43,1587055170000000000,210.5289831842576,50
2275,2020-04-16 12:39:35-04:00,210.53,210.52,210.54,210.51,13924,209.43,1587055175000000000,210.52780168773353,112
2276,2020-04-16 12:39:40-04:00,210.52,210.595,210.6,210.51,13497,209.43,1587055180000000000,210.5695815588648,105
2277,2020-04-16 12:39:45-04:00,210.61,210.64,210.64,210.6,10100,209.43,1587055185000000000,210.61972861386138,66
2278,2020-04-16 12:39:50-04:00,210.6399,210.66,210.68,210.61,16493,209.43,1587055190000000000,210.65505311950508,119
2279,2020-04-16 12:39:55-04:00,210.68,210.61,210.71,210.61,12598,209.43,1587055195000000000,210.66355858866484,101
2280,2020-04-16 12:40:00-04:00,210.61,210.57,210.62,210.52,31130,209.43,1587055200000000000,210.57315839383196,223
2281,2020-04-16 12:40:05-04:00,210.57,210.56,210.57,210.52,4395,209.43,1587055205000000000,210.55211690557448,39
2282,2020-04-16 12:40:10-04:00,210.58,210.63,210.64,210.55,5608,209.43,1587055210000000000,210.57714794935808,49
2283,2020-04-16 12:40:15-04:00,210.66,210.72,210.74,210.65,10169,209.43,1587055215000000000,210.7020757694955,96
2284,2020-04-16 12:40:20-04:00,210.72,210.63,210.72,210.63,4522,209.43,1587055220000000000,210.66378290579388,37
2285,2020-04-16 12:40:25-04:00,210.63,210.6,210.63,210.6,7090,209.43,1587055225000000000,210.61323815232728,57
2286,2020-04-16 12:40:30-04:00,210.59,210.62,210.62,210.5501,5934,209.43,1587055230000000000,210.59070610043824,60
2287,2020-04-16 12:40:35-04:00,210.64,210.63,210.67,210.63,7808,209.43,1587055235000000000,210.6419828509221,32
2288,2020-04-16 12:40:40-04:00,210.62,210.715,210.715,210.62,12246,209.43,1587055240000000000,210.67907614731348,85
2289,2020-04-16 12:40:45-04:00,210.715,210.65,210.72,210.65,2541,209.43,1587055245000000000,210.6854978354978,27
2290,2020-04-16 12:40:50-04:00,210.66,210.6,210.6799,210.6,5269,209.43,1587055250000000000,210.65614319605243,39
2291,2020-04-16 12:40:55-04:00,210.59,210.655,210.67,210.5733,12274,209.43,1587055255000000000,210.63751314974724,68
2292,2020-04-16 12:41:00-04:00,210.6574,210.52,210.6574,210.52,20479,209.43,1587055260000000000,210.5983036281068,125
2293,2020-04-16 12:41:05-04:00,210.52,210.51,210.52,210.435,27352,209.43,1587055265000000000,210.47801389295103,170
2294,2020-04-16 12:41:10-04:00,210.52,210.62,210.63,210.51,14592,209.43,1587055270000000000,210.57886016995613,138
2295,2020-04-16 12:41:15-04:00,210.62,210.6701,210.6701,210.615,4585,209.43,1587055275000000000,210.6489683751362,54
2296,2020-04-16 12:41:20-04:00,210.69,210.66,210.72,210.66,9224,209.43,1587055280000000000,210.6984943625322,99
2297,2020-04-16 12:41:25-04:00,210.69,210.75,210.75,210.69,13392,209.43,1587055285000000000,210.72657168458778,96
2298,2020-04-16 12:41:30-04:00,210.75,210.75,210.8,210.74,16684,209.43,1587055290000000000,210.77229691321025,145
2299,2020-04-16 12:41:35-04:00,210.7699,210.84,210.84,210.75,5496,209.43,1587055295000000000,210.79227143377,60
2300,2020-04-16 12:41:40-04:00,210.83,210.79,210.85,210.79,20376,209.43,1587055300000000000,210.8153946947389,175
2301,2020-04-16 12:41:45-04:00,210.7801,210.88,210.88,210.7501,33752,209.43,1587055305000000000,210.8513492681916,174
2302,2020-04-16 12:41:50-04:00,210.9,210.86,210.9,210.8301,19176,209.43,1587055310000000000,210.86322416562376,102
2303,2020-04-16 12:41:55-04:00,210.835,210.87,210.88,210.8301,15093,209.43,1587055315000000000,210.86024974491497,104
2304,2020-04-16 12:42:00-04:00,210.87,210.77,210.87,210.77,21339,209.43,1587055320000000000,210.80765198931536,128
2305,2020-04-16 12:42:05-04:00,210.73,210.71,210.76,210.71,6607,209.43,1587055325000000000,210.74799620099887,73
2306,2020-04-16 12:42:10-04:00,210.72,210.7297,210.78,210.71,12501,209.43,1587055330000000000,210.74523890088795,93
2307,2020-04-16 12:42:15-04:00,210.72,210.8099,210.8099,210.7,5526,209.43,1587055335000000000,210.72825714802744,41
2308,2020-04-16 12:42:20-04:00,210.81,210.86,210.86,210.81,4244,209.43,1587055340000000000,210.84467907634306,36
2309,2020-04-16 12:42:25-04:00,210.88,210.84,210.8829,210.84,2830,209.43,1587055345000000000,210.8548763250883,33
2310,2020-04-16 12:42:30-04:00,210.8,210.89,210.89,210.7821,5971,209.43,1587055350000000000,210.8657829509295,38
2311,2020-04-16 12:42:35-04:00,210.89,210.8601,210.9,210.8601,15754,209.43,1587055355000000000,210.88764958105875,107
2312,2020-04-16 12:42:40-04:00,210.86,210.92,210.92,210.85,10010,209.43,1587055360000000000,210.87619925074924,83
2313,2020-04-16 12:42:45-04:00,210.88,210.89,210.95,210.88,28473,209.43,1587055365000000000,210.91347276367082,90
2314,2020-04-16 12:42:50-04:00,210.91,210.9445,210.95,210.91,2335,209.43,1587055370000000000,210.9314370449679,27
2315,2020-04-16 12:42:55-04:00,210.93,210.865,210.93,210.865,12960,209.43,1587055375000000000,210.90916053240738,68
2316,2020-04-16 12:43:00-04:00,210.88,210.9401,210.9456,210.88,8990,209.43,1587055380000000000,210.90731612903213,63
2317,2020-04-16 12:43:05-04:00,210.95,210.94,210.98,210.94,7402,209.43,1587055385000000000,210.9512930964605,69
2318,2020-04-16 12:43:10-04:00,210.93,211,211.03,210.93,43660,209.43,1587055390000000000,210.99645405634425,335
2319,2020-04-16 12:43:15-04:00,211,210.99,211.03,210.99,13081,209.43,1587055395000000000,211.00023091506765,85
2320,2020-04-16 12:43:20-04:00,210.98,211.01,211.07,210.98,37379,209.43,1587055400000000000,211.08463431338453,137
2321,2020-04-16 12:43:25-04:00,211.02,211.05,211.06,211.01,9266,209.43,1587055405000000000,211.03694272609528,93
2322,2020-04-16 12:43:30-04:00,211.05,211.08,211.085,211.05,5004,209.43,1587055410000000000,211.06271057154274,64
2323,2020-04-16 12:43:35-04:00,211.05,211.04,211.05,211.01,8524,209.43,1587055415000000000,211.02972867198497,44
2324,2020-04-16 12:43:40-04:00,211.02,211.052,211.07,211.01,5549,209.43,1587055420000000000,211.03887592358998,40
2325,2020-04-16 12:43:45-04:00,211.0201,211.0757,211.0757,211.0201,7866,209.43,1587055425000000000,211.05249008390544,50
2326,2020-04-16 12:43:50-04:00,211.06,211.13,211.15,211.05,25518,209.43,1587055430000000000,211.09335210439687,126
2327,2020-04-16 12:43:55-04:00,211.11,211.1,211.13,211.09,21064,209.43,1587055435000000000,211.1107611754652,133
2328,2020-04-16 12:44:00-04:00,211.1,211.145,211.15,211.0401,55278,209.43,1587055440000000000,211.07966809037933,422
2329,2020-04-16 12:44:05-04:00,211.14,211.08,211.14,211.08,15833,209.43,1587055445000000000,211.10354234194415,67
2330,2020-04-16 12:44:10-04:00,211.085,211.05,211.11,211.05,19076,209.43,1587055450000000000,211.08002674564875,116
2331,2020-04-16 12:44:15-04:00,211.05,211.05,211.07,211.02,15803,209.43,1587055455000000000,211.05252727963037,77
2332,2020-04-16 12:44:20-04:00,211.055,211,211.055,210.995,6575,209.43,1587055460000000000,211.0203296577946,50
2333,2020-04-16 12:44:25-04:00,211.01,210.97,211.01,210.97,10940,209.43,1587055465000000000,210.98731160877526,90
2334,2020-04-16 12:44:30-04:00,210.95,210.98,210.98,210.93,10738,209.43,1587055470000000000,210.9555345781337,84
2335,2020-04-16 12:44:35-04:00,210.99,210.95,210.99,210.95,2809,209.43,1587055475000000000,210.96630822356713,23
2336,2020-04-16 12:44:40-04:00,210.96,211,211.005,210.95,6206,209.43,1587055480000000000,210.97143862391232,31
2337,2020-04-16 12:44:45-04:00,210.985,211.01,211.01,210.96,21725,209.43,1587055485000000000,210.98908757192186,97
2338,2020-04-16 12:44:50-04:00,211.02,211.04,211.07,211.02,9088,209.43,1587055490000000000,211.05896839788727,33
2339,2020-04-16 12:44:55-04:00,211.02,211.08,211.08,211.02,6539,209.43,1587055495000000000,211.05138469184894,52
2340,2020-04-16 12:45:00-04:00,211.076,211.09,211.11,211.064,6848,209.43,1587055500000000000,211.09129453855135,42
2341,2020-04-16 12:45:05-04:00,211.13,211.09,211.1396,211.09,3509,209.43,1587055505000000000,211.1253132801368,19
2342,2020-04-16 12:45:10-04:00,211.08,211.06,211.08,211.06,3389,209.43,1587055510000000000,211.07118323989374,32
2343,2020-04-16 12:45:15-04:00,211.08,211.09,211.1073,211.08,6929,209.43,1587055515000000000,211.095273805744,44
2344,2020-04-16 12:45:20-04:00,211.08,211.11,211.15,211.07,7336,209.43,1587055520000000000,211.0944381134133,44
2345,2020-04-16 12:45:25-04:00,211.11,211.17,211.17,211.11,4298,209.43,1587055525000000000,211.1311284318288,40
2346,2020-04-16 12:45:30-04:00,211.17,211.14,211.18,211.13,2852,209.43,1587055530000000000,211.15760869565213,22
2347,2020-04-16 12:45:35-04:00,211.15,211.13,211.18,211.13,11798,209.43,1587055535000000000,211.15361079844038,79
2348,2020-04-16 12:45:40-04:00,211.17,211.13,211.17,211.11,6038,209.43,1587055540000000000,211.14927214309378,34
2349,2020-04-16 12:45:45-04:00,211.15,211.19,211.205,211.1315,18168,209.43,1587055545000000000,211.15594949911923,114
2350,2020-04-16 12:45:50-04:00,211.2099,211.2,211.2099,211.18,7376,209.43,1587055550000000000,211.19109700379613,61
2351,2020-04-16 12:45:55-04:00,211.19,211.14,211.21,211.14,8514,209.43,1587055555000000000,211.1885056025369,75
2352,2020-04-16 12:46:00-04:00,211.16,211.07,211.16,211.065,14985,209.43,1587055560000000000,211.09598932265592,128
2353,2020-04-16 12:46:05-04:00,211.07,211.01,211.07,210.985,38598,209.43,1587055565000000000,211.02900752111498,178
2354,2020-04-16 12:46:10-04:00,211.02,211.0201,211.03,210.9749,22763,209.43,1587055570000000000,210.99848346000084,90
2355,2020-04-16 12:46:15-04:00,211.03,211.0199,211.03,210.99,15765,209.43,1587055575000000000,211.01006039961945,73
2356,2020-04-16 12:46:20-04:00,210.99,210.95,211,210.95,12743,209.43,1587055580000000000,210.9588861335635,60
2357,2020-04-16 12:46:25-04:00,210.95,210.925,210.95,210.9001,6388,209.43,1587055585000000000,210.9239420632436,40
2358,2020-04-16 12:46:30-04:00,210.92,210.9599,211,210.92,11344,209.43,1587055590000000000,210.95485015867416,68
2359,2020-04-16 12:46:35-04:00,210.955,210.95,210.9801,210.95,7418,209.43,1587055595000000000,210.96860463736854,38
2360,2020-04-16 12:46:40-04:00,210.94,211.01,211.01,210.94,7808,209.43,1587055600000000000,210.9699304303278,54
2361,2020-04-16 12:46:45-04:00,211.03,211.04,211.06,211.03,3196,209.43,1587055605000000000,211.04166714643313,29
2362,2020-04-16 12:46:50-04:00,211.02,211.0236,211.04,210.955,8448,209.43,1587055610000000000,210.9906705018941,114
2363,2020-04-16 12:46:55-04:00,211.02,211.03,211.08,211.02,8401,209.43,1587055615000000000,211.04676669444106,63
2364,2020-04-16 12:47:00-04:00,211.04,211.05,211.05,211,20578,209.43,1587055620000000000,211.03557619788103,113
2365,2020-04-16 12:47:05-04:00,211.07,210.95,211.07,210.95,8076,209.43,1587055625000000000,211.00532719167907,51
2366,2020-04-16 12:47:10-04:00,210.97,210.965,210.97,210.95,7216,209.43,1587055630000000000,210.95418098669626,42
2367,2020-04-16 12:47:15-04:00,210.955,210.985,210.985,210.95,2042,209.43,1587055635000000000,210.97127766895198,17
2368,2020-04-16 12:47:20-04:00,210.99,210.91,210.9901,210.91,5229,209.43,1587055640000000000,210.96895943775098,51
2369,2020-04-16 12:47:25-04:00,210.9,210.9,210.91,210.89,3521,209.43,1587055645000000000,210.90206617438236,31
2370,2020-04-16 12:47:30-04:00,210.88,210.91,210.92,210.85,5380,209.43,1587055650000000000,210.8723996282529,55
2371,2020-04-16 12:47:35-04:00,210.91,210.94,210.96,210.9,13172,209.43,1587055655000000000,210.9381988460371,98
2372,2020-04-16 12:47:40-04:00,210.9,210.86,210.9,210.86,3816,209.43,1587055660000000000,210.87740959119498,25
2373,2020-04-16 12:47:45-04:00,210.89,210.92,210.92,210.8899,2689,209.43,1587055665000000000,210.90387385645218,22
2374,2020-04-16 12:47:50-04:00,210.92,211.01,211.01,210.91,3611,209.43,1587055670000000000,210.94655967875931,45
2375,2020-04-16 12:47:55-04:00,211.01,211.05,211.07,211,5154,209.43,1587055675000000000,211.04825184322854,31
2376,2020-04-16 12:48:00-04:00,211.05,211.0678,211.08,211.02,4223,209.43,1587055680000000000,211.05109945536347,40
2377,2020-04-16 12:48:05-04:00,211.075,211.1156,211.13,211.0601,5772,209.43,1587055685000000000,211.10968835758842,40
2378,2020-04-16 12:48:10-04:00,211.1202,211.1,211.1298,211.076,9511,209.43,1587055690000000000,211.10014090001042,70
2379,2020-04-16 12:48:15-04:00,211.08,211.03,211.09,211.03,7109,209.43,1587055695000000000,211.08218183992128,18
2380,2020-04-16 12:48:20-04:00,211.015,210.97,211.02,210.965,4935,209.43,1587055700000000000,211.00073268490377,39
2381,2020-04-16 12:48:25-04:00,210.96,210.99,210.99,210.93,4771,209.43,1587055705000000000,210.95816914692935,37
2382,2020-04-16 12:48:30-04:00,211,211.01,211.01,210.97,8369,209.43,1587055710000000000,211.0028527183652,83
2383,2020-04-16 12:48:35-04:00,211.04,211.03,211.04,211.015,3187,209.43,1587055715000000000,211.03119391277062,42
2384,2020-04-16 12:48:40-04:00,211.015,211.0425,211.0425,211.01,3673,209.43,1587055720000000000,211.02653855159267,30
2385,2020-04-16 12:48:45-04:00,211.02,210.9145,211.025,210.9,10480,209.43,1587055725000000000,210.9410701335878,78
2386,2020-04-16 12:48:50-04:00,210.9101,210.94,210.95,210.9,3897,209.43,1587055730000000000,210.91433330767254,32
2387,2020-04-16 12:48:55-04:00,210.92,210.95,210.95,210.8999,1920,209.43,1587055735000000000,210.92656197916668,19
2388,2020-04-16 12:49:00-04:00,210.96,211.07,211.07,210.96,11705,209.43,1587055740000000000,211.0177577958137,105
2389,2020-04-16 12:49:05-04:00,211.056,211.05,211.07,211.03,11103,209.43,1587055745000000000,211.05346527965406,36
2390,2020-04-16 12:49:10-04:00,211.0334,211.1,211.1019,211.0334,9004,209.43,1587055750000000000,211.07782511106174,61
2391,2020-04-16 12:49:15-04:00,211.09,211.16,211.16,211.09,6373,209.43,1587055755000000000,211.12411195669233,51
2392,2020-04-16 12:49:20-04:00,211.18,211.19,211.24,211.1766,18142,209.43,1587055760000000000,211.20523628596635,104
2393,2020-04-16 12:49:25-04:00,211.2001,211.24,211.27,211.18,14668,209.43,1587055765000000000,211.2404974843196,87
2394,2020-04-16 12:49:30-04:00,211.2434,211.21,211.25,211.21,2667,209.43,1587055770000000000,211.23873172103484,15
2395,2020-04-16 12:49:35-04:00,211.1966,211.17,211.2,211.16,18311,209.43,1587055775000000000,211.18039599694194,113
2396,2020-04-16 12:49:40-04:00,211.1709,211.17,211.1966,211.17,11476,209.43,1587055780000000000,211.18831525792953,45
2397,2020-04-16 12:49:45-04:00,211.16,211.18,211.2,211.14,9825,209.43,1587055785000000000,211.1778722646312,72
2398,2020-04-16 12:49:50-04:00,211.18,211.21,211.24,211.15,4253,209.43,1587055790000000000,211.19801669409836,35
2399,2020-04-16 12:49:55-04:00,211.21,211.1801,211.22,211.1801,8275,209.43,1587055795000000000,211.20066102719036,32
2400,2020-04-16 12:50:00-04:00,211.17,211.08,211.17,211.065,24170,209.43,1587055800000000000,211.10585601985937,154
2401,2020-04-16 12:50:05-04:00,211.08,211.0903,211.1,211.0602,2649,209.43,1587055805000000000,211.07725443563606,18
2402,2020-04-16 12:50:10-04:00,211.1103,211.16,211.16,211.11,2105,209.43,1587055810000000000,211.12960095011874,24
2403,2020-04-16 12:50:15-04:00,211.18,211.28,211.28,211.18,5444,209.43,1587055815000000000,211.20749706098454,48
2404,2020-04-16 12:50:20-04:00,211.28,211.28,211.3,211.2622,9164,209.43,1587055820000000000,211.28777919030992,60
2405,2020-04-16 12:50:25-04:00,211.28,211.29,211.3,211.28,54417,209.43,1587055825000000000,211.29862758880486,51
2406,2020-04-16 12:50:30-04:00,211.28,211.25,211.28,211.25,8476,209.43,1587055830000000000,211.2675318546483,66
2407,2020-04-16 12:50:35-04:00,211.26,211.24,211.26,211.23,7887,209.43,1587055835000000000,211.24050418410044,58
2408,2020-04-16 12:50:40-04:00,211.24,211.18,211.24,211.18,8848,209.43,1587055840000000000,211.2261514579567,69
2409,2020-04-16 12:50:45-04:00,211.1799,211.162,211.18,211.1502,14419,209.43,1587055845000000000,211.167345571815,63
2410,2020-04-16 12:50:50-04:00,211.1701,211.16,211.2,211.1402,7609,209.43,1587055850000000000,211.17744938888154,46
2411,2020-04-16 12:50:55-04:00,211.14,211.08,211.14,211.08,5563,209.43,1587055855000000000,211.0878860327162,20
2412,2020-04-16 12:51:00-04:00,211.05,211.05,211.0701,211.02,8944,209.43,1587055860000000000,211.04583296064402,68
2413,2020-04-16 12:51:05-04:00,211.06,211.06,211.095,211.06,8111,209.43,1587055865000000000,211.0810852422637,60
2414,2020-04-16 12:51:10-04:00,211.08,211.12,211.13,211.08,3887,209.43,1587055870000000000,211.10570342166199,43
2415,2020-04-16 12:51:15-04:00,211.14,211.145,211.17,211.14,7059,209.43,1587055875000000000,211.1478719365349,34
2416,2020-04-16 12:51:20-04:00,211.1401,211.2,211.215,211.1329,8570,209.43,1587055880000000000,211.1764054609103,79
2417,2020-04-16 12:51:25-04:00,211.2,211.2099,211.21,211.1999,2151,209.43,1587055885000000000,211.20389511854955,24
2418,2020-04-16 12:51:30-04:00,211.2,211.25,211.28,211.1999,6961,209.43,1587055890000000000,211.24516427237455,63
2419,2020-04-16 12:51:35-04:00,211.2515,211.21,211.2515,211.21,12171,209.43,1587055895000000000,211.2236082409005,101
2420,2020-04-16 12:51:40-04:00,211.21,211.21,211.24,211.21,1535,209.43,1587055900000000000,211.22114547231268,12
2421,2020-04-16 12:51:45-04:00,211.2,211.2,211.24,211.19,4815,209.43,1587055905000000000,211.20591835929383,27
2422,2020-04-16 12:51:50-04:00,211.23,211.21,211.2399,211.21,2831,209.43,1587055910000000000,211.22411681384665,28
2423,2020-04-16 12:51:55-04:00,211.2,211.21,211.21,211.19,1502,209.43,1587055915000000000,211.19601331557928,17
2424,2020-04-16 12:52:00-04:00,211.29,211.32,211.33,211.29,11123,209.43,1587055920000000000,211.31835642362668,62
2425,2020-04-16 12:52:05-04:00,211.32,211.35,211.36,211.31,7731,209.43,1587055925000000000,211.33051354287946,39
2426,2020-04-16 12:52:10-04:00,211.35,211.32,211.4,211.32,3388,209.43,1587055930000000000,211.35477933884292,43
2427,2020-04-16 12:52:15-04:00,211.2829,211.26,211.29,211.26,5924,209.43,1587055935000000000,211.27527613099252,31
2428,2020-04-16 12:52:20-04:00,211.26,211.23,211.26,211.23,19245,209.43,1587055940000000000,211.2382545024681,105
2429,2020-04-16 12:52:25-04:00,211.24,211.24,211.27,211.24,6777,209.43,1587055945000000000,211.25742555703118,23
2430,2020-04-16 12:52:30-04:00,211.26,211.26,211.28,211.26,4675,209.43,1587055950000000000,211.26481283422459,9
2431,2020-04-16 12:52:35-04:00,211.25,211.23,211.25,211.215,5487,209.43,1587055955000000000,211.23040368142887,50
2432,2020-04-16 12:52:40-04:00,211.22,211.24,211.25,211.205,12625,209.43,1587055960000000000,211.22817259405937,77
2433,2020-04-16 12:52:45-04:00,211.225,211.18,211.23,211.18,4032,209.43,1587055965000000000,211.21113363095236,56
2434,2020-04-16 12:52:50-04:00,211.1704,211.27,211.27,211.1704,10408,209.43,1587055970000000000,211.2251509127595,47
2435,2020-04-16 12:52:55-04:00,211.2699,211.21,211.27,211.21,8999,209.43,1587055975000000000,211.25566851872418,58
2436,2020-04-16 12:53:00-04:00,211.22,211.3,211.3,211.22,3221,209.43,1587055980000000000,211.22779844768704,38
2437,2020-04-16 12:53:05-04:00,211.29,211.26,211.34,211.26,9240,209.43,1587055985000000000,211.32222935064934,77
2438,2020-04-16 12:53:10-04:00,211.2541,211.2,211.26,211.2,2862,209.43,1587055990000000000,211.22980310971357,23
2439,2020-04-16 12:53:15-04:00,211.2,211.21,211.21,211.19,18755,209.43,1587055995000000000,211.20024393495066,63
2440,2020-04-16 12:53:20-04:00,211.22,211.19,211.22,211.18,11674,209.43,1587056000000000000,211.19087570669868,71
2441,2020-04-16 12:53:25-04:00,211.19,211.2001,211.21,211.18,8352,209.43,1587056005000000000,211.19690852490425,30
2442,2020-04-16 12:53:30-04:00,211.2001,211.235,211.24,211.19,5569,209.43,1587056010000000000,211.1994180463279,49
2443,2020-04-16 12:53:35-04:00,211.24,211.22,211.24,211.2,22411,209.43,1587056015000000000,211.21719104011441,167
2444,2020-04-16 12:53:40-04:00,211.21,211.28,211.295,211.205,37156,209.43,1587056020000000000,211.25771309075276,169
2445,2020-04-16 12:53:45-04:00,211.27,211.34,211.34,211.27,4155,209.43,1587056025000000000,211.29264567990361,45
2446,2020-04-16 12:53:50-04:00,211.37,211.3183,211.39,211.31,13156,209.43,1587056030000000000,211.35513137731837,117
2447,2020-04-16 12:53:55-04:00,211.3574,211.36,211.36,211.32,10779,209.43,1587056035000000000,211.33871648575942,32
2448,2020-04-16 12:54:00-04:00,211.37,211.35,211.37,211.31,3376,209.43,1587056040000000000,211.3378549170616,26
2449,2020-04-16 12:54:05-04:00,211.36,211.4036,211.41,211.36,5310,209.43,1587056045000000000,211.3988173258004,44
2450,2020-04-16 12:54:10-04:00,211.42,211.4041,211.44,211.4,5651,209.43,1587056050000000000,211.4236511059989,40
2451,2020-04-16 12:54:15-04:00,211.3656,211.33,211.37,211.325,7866,209.43,1587056055000000000,211.34262710399187,50
2452,2020-04-16 12:54:20-04:00,211.31,211.36,211.36,211.31,2908,209.43,1587056060000000000,211.3406960110041,21
2453,2020-04-16 12:54:25-04:00,211.34,211.395,211.395,211.33,2152,209.43,1587056065000000000,211.3592239776952,22
2454,2020-04-16 12:54:30-04:00,211.39,211.33,211.39,211.32,5574,209.43,1587056070000000000,211.33568980983142,45
2455,2020-04-16 12:54:35-04:00,211.35,211.4167,211.42,211.35,5422,209.43,1587056075000000000,211.38506554776833,43
2456,2020-04-16 12:54:40-04:00,211.41,211.45,211.4698,211.41,2171,209.43,1587056080000000000,211.440035375403,29
2457,2020-04-16 12:54:45-04:00,211.4283,211.41,211.44,211.41,3325,209.43,1587056085000000000,211.42432766917298,30
2458,2020-04-16 12:54:50-04:00,211.4,211.344,211.4,211.344,8037,209.43,1587056090000000000,211.36955953714073,72
2459,2020-04-16 12:54:55-04:00,211.35,211.32,211.35,211.29,10278,209.43,1587056095000000000,211.30962833236046,81
2460,2020-04-16 12:55:00-04:00,211.3,211.1901,211.3,211.19,19533,209.43,1587056100000000000,211.21305994982845,167
2461,2020-04-16 12:55:05-04:00,211.1901,211.188,211.1901,211.15,12274,209.43,1587056105000000000,211.16732281244904,67
2462,2020-04-16 12:55:10-04:00,211.15,211.08,211.16,211.08,25171,209.43,1587056110000000000,211.12570899050482,112
2463,2020-04-16 12:55:15-04:00,211.07,211.04,211.07,211.01,11706,209.43,1587056115000000000,211.0366394754828,94
2464,2020-04-16 12:55:20-04:00,211.055,211.04,211.06,211.04,3041,209.43,1587056120000000000,211.0510124958895,28
2465,2020-04-16 12:55:25-04:00,211.04,211.08,211.1,211.04,5737,209.43,1587056125000000000,211.06585311138232,41
2466,2020-04-16 12:55:30-04:00,211.05,211.01,211.08,211.01,8223,209.43,1587056130000000000,211.0558067128786,69
2467,2020-04-16 12:55:35-04:00,211.015,211.04,211.04,210.99,20528,209.43,1587056135000000000,211.00376360580668,97
2468,2020-04-16 12:55:40-04:00,211.0601,210.975,211.0601,210.975,8220,209.43,1587056140000000000,210.99690377128948,48
2469,2020-04-16 12:55:45-04:00,210.97,210.97,210.98,210.91,8646,209.43,1587056145000000000,210.9400300138792,58
2470,2020-04-16 12:55:50-04:00,210.9801,210.98,211,210.9501,6587,209.43,1587056150000000000,210.96440042507976,24
2471,2020-04-16 12:55:55-04:00,210.9899,210.9529,210.99,210.95,9436,209.43,1587056155000000000,210.95959602585862,87
2472,2020-04-16 12:56:00-04:00,210.92,210.955,210.97,210.91,14502,209.43,1587056160000000000,210.92964739346297,106
2473,2020-04-16 12:56:05-04:00,210.96,211.03,211.03,210.96,6845,209.43,1587056165000000000,211.0030650109569,56
2474,2020-04-16 12:56:10-04:00,211.03,210.97,211.03,210.97,4537,209.43,1587056170000000000,210.99005437513776,27
2475,2020-04-16 12:56:15-04:00,210.94,210.99,210.99,210.9399,7889,209.43,1587056175000000000,210.95819368741294,47
2476,2020-04-16 12:56:20-04:00,210.99,210.96,210.99,210.96,3228,209.43,1587056180000000000,210.97063816604708,30
2477,2020-04-16 12:56:25-04:00,210.96,210.9999,210.9999,210.96,2461,209.43,1587056185000000000,210.98916294189354,21
2478,2020-04-16 12:56:30-04:00,211,210.9511,211,210.94,4637,209.43,1587056190000000000,210.97900821651928,29
2479,2020-04-16 12:56:35-04:00,210.9501,210.98,210.98,210.95,3150,209.43,1587056195000000000,210.9571587301588,17
2480,2020-04-16 12:56:40-04:00,210.965,211.02,211.02,210.96,4158,209.43,1587056200000000000,210.99207070707078,34
2481,2020-04-16 12:56:45-04:00,211,211.04,211.04,210.99,3222,209.43,1587056205000000000,211.01204655493484,38
2482,2020-04-16 12:56:50-04:00,211.05,211.1099,211.11,211.04,6004,209.43,1587056210000000000,211.079555263158,64
2483,2020-04-16 12:56:55-04:00,211.11,211.21,211.21,211.09,5556,209.43,1587056215000000000,211.13560583153347,48
2484,2020-04-16 12:57:00-04:00,211.2099,211.2801,211.2801,211.2099,10286,209.43,1587056220000000000,211.2462462570486,94
2485,2020-04-16 12:57:05-04:00,211.2999,211.35,211.37,211.2719,12037,209.43,1587056225000000000,211.32570188585174,124
2486,2020-04-16 12:57:10-04:00,211.35,211.41,211.41,211.34,15420,209.43,1587056230000000000,211.36979468871584,96
2487,2020-04-16 12:57:15-04:00,211.4,211.4999,211.545,211.4,60678,209.43,1587056235000000000,211.49220773262087,405
2488,2020-04-16 12:57:20-04:00,211.485,211.54,211.54,211.4799,44878,209.43,1587056240000000000,211.12039012433712,49
2489,2020-04-16 12:57:25-04:00,211.5301,211.57,211.57,211.5,14697,209.43,1587056245000000000,211.5469184527453,78
2490,2020-04-16 12:57:30-04:00,211.55,211.51,211.55,211.4999,9933,209.43,1587056250000000000,211.5244026980771,65
2491,2020-04-16 12:57:35-04:00,211.52,211.5001,211.52,211.48,7983,209.43,1587056255000000000,211.49825208568203,70
2492,2020-04-16 12:57:40-04:00,211.49,211.51,211.51,211.46,8791,209.43,1587056260000000000,211.48472187464455,45
2493,2020-04-16 12:57:45-04:00,211.5,211.49,211.53,211.48,6673,209.43,1587056265000000000,211.4988798891052,66
2494,2020-04-16 12:57:50-04:00,211.497,211.4801,211.5,211.48,3229,209.43,1587056270000000000,211.49228646639827,31
2495,2020-04-16 12:57:55-04:00,211.485,211.46,211.49,211.44,7556,209.43,1587056275000000000,211.45292428533608,72
2496,2020-04-16 12:58:00-04:00,211.46,211.51,211.59,211.44,23828,209.43,1587056280000000000,211.52113290666432,188
2497,2020-04-16 12:58:05-04:00,211.52,211.48,211.525,211.4601,8709,209.43,1587056285000000000,211.48414273739806,45
2498,2020-04-16 12:58:10-04:00,211.5,211.48,211.5,211.48,3977,209.43,1587056290000000000,211.4906807895398,50
2499,2020-04-16 12:58:15-04:00,211.47,211.47,211.51,211.47,5963,209.43,1587056295000000000,211.4898054670468,49
2500,2020-04-16 12:58:20-04:00,211.46,211.46,211.49,211.45,5699,209.43,1587056300000000000,211.46913669064747,44
2501,2020-04-16 12:58:25-04:00,211.4711,211.44,211.485,211.44,2066,209.43,1587056305000000000,211.4766819941917,16
2502,2020-04-16 12:58:30-04:00,211.43,211.45,211.46,211.43,8938,209.43,1587056310000000000,211.44659109420445,32
2503,2020-04-16 12:58:35-04:00,211.46,211.45,211.46,211.425,6256,209.43,1587056315000000000,211.44593909846566,61
2504,2020-04-16 12:58:40-04:00,211.45,211.46,211.49,211.45,3364,209.43,1587056320000000000,211.45893626634967,34
2505,2020-04-16 12:58:45-04:00,211.46,211.4899,211.5,211.46,562,209.43,1587056325000000000,211.47713523131677,8
2506,2020-04-16 12:58:50-04:00,211.48,211.4801,211.51,211.48,2704,209.43,1587056330000000000,211.48872873520708,20
2507,2020-04-16 12:58:55-04:00,211.49,211.46,211.49,211.46,2038,209.43,1587056335000000000,211.47633900883218,20
2508,2020-04-16 12:59:00-04:00,211.46,211.43,211.46,211.42,10098,209.43,1587056340000000000,211.4382238562091,57
2509,2020-04-16 12:59:05-04:00,211.42,211.4301,211.4301,211.4,4955,209.43,1587056345000000000,211.41314627648833,38
2510,2020-04-16 12:59:10-04:00,211.44,211.45,211.46,211.44,945,209.43,1587056350000000000,211.4453725925926,9
2511,2020-04-16 12:59:15-04:00,211.42,211.4,211.42,211.39,4036,209.43,1587056355000000000,211.40413131813676,36
2512,2020-04-16 12:59:20-04:00,211.4,211.42,211.45,211.38,1669,209.43,1587056360000000000,211.41244493708808,15
2513,2020-04-16 12:59:25-04:00,211.43,211.47,211.47,211.43,1979,209.43,1587056365000000000,211.4514749873674,21
2514,2020-04-16 12:59:30-04:00,211.47,211.46,211.47,211.44,3828,209.43,1587056370000000000,211.44741859979098,34
2515,2020-04-16 12:59:35-04:00,211.44,211.48,211.49,211.44,3054,209.43,1587056375000000000,211.47255730189917,24
2516,2020-04-16 12:59:40-04:00,211.48,211.4702,211.51,211.47,6922,209.43,1587056380000000000,211.4900945680441,82
2517,2020-04-16 12:59:45-04:00,211.4713,211.45,211.485,211.45,4403,209.43,1587056385000000000,211.46621451283215,32
2518,2020-04-16 12:59:50-04:00,211.45,211.39,211.45,211.3701,6658,209.43,1587056390000000000,211.3928418143585,64
2519,2020-04-16 12:59:55-04:00,211.4,211.42,211.42,211.395,10664,209.43,1587056395000000000,211.40349029444846,81
2520,2020-04-16 13:00:00-04:00,211.42,211.42,211.42,211.351,13934,209.43,1587056400000000000,211.37178681642027,54
2521,2020-04-16 13:00:05-04:00,211.41,211.36,211.43,211.36,12350,209.43,1587056405000000000,211.40573279352205,102
2522,2020-04-16 13:00:10-04:00,211.35,211.29,211.35,211.29,216886,209.43,1587056410000000000,209.492996512453,94
2523,2020-04-16 13:00:15-04:00,211.29,211.3501,211.3899,211.29,3640,209.43,1587056415000000000,211.34653228021983,35
2524,2020-04-16 13:00:20-04:00,211.3401,211.38,211.4,211.34,9179,209.43,1587056420000000000,211.37648249264632,54
2525,2020-04-16 13:00:25-04:00,211.39,211.44,211.44,211.38,9153,209.43,1587056425000000000,211.41214991805973,49
2526,2020-04-16 13:00:30-04:00,211.45,211.49,211.495,211.45,8611,209.43,1587056430000000000,211.4705057368483,63
2527,2020-04-16 13:00:35-04:00,211.49,211.5,211.55,211.46,20251,209.43,1587056435000000000,211.50330008394621,118
2528,2020-04-16 13:00:40-04:00,211.48,211.53,211.53,211.48,4348,209.43,1587056440000000000,211.50276414443417,32
2529,2020-04-16 13:00:45-04:00,211.55,211.52,211.55,211.51,4605,209.43,1587056445000000000,211.53212581976115,47
2530,2020-04-16 13:00:50-04:00,211.5098,211.5,211.51,211.47,20951,209.43,1587056450000000000,211.48354899527445,150
2531,2020-04-16 13:00:55-04:00,211.48,211.4601,211.5,211.4601,5124,209.43,1587056455000000000,211.4810727166276,45
2532,2020-04-16 13:01:00-04:00,211.46,211.5201,211.5201,211.46,4824,209.43,1587056460000000000,211.50039593698176,29
2533,2020-04-16 13:01:05-04:00,211.51,211.48,211.52,211.48,1747,209.43,1587056465000000000,211.50732873497424,24
2534,2020-04-16 13:01:10-04:00,211.49,211.45,211.49,211.42,5697,209.43,1587056470000000000,211.45284518167463,32
2535,2020-04-16 13:01:15-04:00,211.455,211.45,211.46,211.42,9677,209.43,1587056475000000000,211.44895266094863,48
2536,2020-04-16 13:01:20-04:00,211.4599,211.44,211.4599,211.42,12030,209.43,1587056480000000000,211.42727888611805,30
2537,2020-04-16 13:01:25-04:00,211.43,211.465,211.465,211.43,1718,209.43,1587056485000000000,211.44763015133876,18
2538,2020-04-16 13:01:30-04:00,211.47,211.49,211.5,211.47,6377,209.43,1587056490000000000,211.47951701426996,45
2539,2020-04-16 13:01:35-04:00,211.51,211.55,211.55,211.5,11359,209.43,1587056495000000000,211.5330754731931,72
2540,2020-04-16 13:01:40-04:00,211.56,211.62,211.62,211.55,23731,209.43,1587056500000000000,211.58692528759863,125
2541,2020-04-16 13:01:45-04:00,211.63,211.62,211.65,211.6101,14841,209.43,1587056505000000000,211.63333009904986,74
2542,2020-04-16 13:01:50-04:00,211.62,211.61,211.63,211.58,8756,209.43,1587056510000000000,211.60087345820006,54
2543,2020-04-16 13:01:55-04:00,211.61,211.6,211.61,211.57,5924,209.43,1587056515000000000,211.58887812289,49
2544,2020-04-16 13:02:00-04:00,211.6099,211.58,211.6237,211.58,6153,209.43,1587056520000000000,211.6018600682594,62
2545,2020-04-16 13:02:05-04:00,211.5949,211.58,211.5949,211.58,3151,209.43,1587056525000000000,211.58770107902257,19
2546,2020-04-16 13:02:10-04:00,211.593,211.557,211.5999,211.55,4165,209.43,1587056530000000000,211.5739892436975,46
2547,2020-04-16 13:02:15-04:00,211.55,211.49,211.55,211.49,8076,209.43,1587056535000000000,211.51796930411092,46
2548,2020-04-16 13:02:20-04:00,211.49,211.49,211.49,211.4402,12558,209.43,1587056540000000000,211.46422017837227,68
2549,2020-04-16 13:02:25-04:00,211.46,211.4201,211.47,211.38,11855,209.43,1587056545000000000,211.41376342471528,88
2550,2020-04-16 13:02:30-04:00,211.41,211.3599,211.415,211.3599,8495,209.43,1587056550000000000,211.39248647439666,44
2551,2020-04-16 13:02:35-04:00,211.35,211.3313,211.36,211.33,7601,209.43,1587056555000000000,211.33630706485988,44
2552,2020-04-16 13:02:40-04:00,211.34,211.38,211.38,211.3399,5699,209.43,1587056560000000000,211.35180382523257,60
2553,2020-04-16 13:02:45-04:00,211.38,211.34,211.38,211.33,1588,209.43,1587056565000000000,211.3573501259446,15
2554,2020-04-16 13:02:50-04:00,211.33,211.3,211.33,211.26,15623,209.43,1587056570000000000,211.29382013697787,120
2555,2020-04-16 13:02:55-04:00,211.31,211.32,211.32,211.305,7890,209.43,1587056575000000000,211.31184946768053,33
2556,2020-04-16 13:03:00-04:00,211.3,211.3,211.3,211.27,2744,209.43,1587056580000000000,211.2814693877551,43
2557,2020-04-16 13:03:05-04:00,211.32,211.29,211.35,211.29,2335,209.43,1587056585000000000,211.3141413276231,27
2558,2020-04-16 13:03:10-04:00,211.3,211.3299,211.3299,211.29,3462,209.43,1587056590000000000,211.314939196996,39
2559,2020-04-16 13:03:15-04:00,211.3,211.31,211.31,211.3,2187,209.43,1587056595000000000,211.3025221764975,16
2560,2020-04-16 13:03:20-04:00,211.31,211.2301,211.31,211.23,10872,209.43,1587056600000000000,211.24353388520953,61
2561,2020-04-16 13:03:25-04:00,211.23,211.2514,211.2514,211.23,2881,209.43,1587056605000000000,211.24430381811868,12
2562,2020-04-16 13:03:30-04:00,211.285,211.29,211.3101,211.28,4527,209.43,1587056610000000000,211.29133554230188,39
2563,2020-04-16 13:03:35-04:00,211.3,211.34,211.34,211.3,1125,209.43,1587056615000000000,211.32732471111112,13
2564,2020-04-16 13:03:40-04:00,211.34,211.39,211.4,211.31,6252,209.43,1587056620000000000,211.35485690978888,46
2565,2020-04-16 13:03:45-04:00,211.41,211.4,211.43,211.4,1557,209.43,1587056625000000000,211.41548837508032,13
2566,2020-04-16 13:03:50-04:00,211.41,211.46,211.48,211.41,3186,209.43,1587056630000000000,211.4596459196485,27
2567,2020-04-16 13:03:55-04:00,211.45,211.46,211.46,211.4401,8876,209.43,1587056635000000000,211.45723867733201,69
2568,2020-04-16 13:04:00-04:00,211.46,211.43,211.46,211.405,8810,209.43,1587056640000000000,211.43317523269013,61
2569,2020-04-16 13:04:05-04:00,211.37,211.42,211.42,211.36,2455,209.43,1587056645000000000,211.39156044806515,28
2570,2020-04-16 13:04:10-04:00,211.41,211.4337,211.44,211.4066,1241,209.43,1587056650000000000,211.430301369863,11
2571,2020-04-16 13:04:15-04:00,211.45,211.4599,211.47,211.45,2122,209.43,1587056655000000000,211.46376432610742,32
2572,2020-04-16 13:04:20-04:00,211.46,211.3834,211.46,211.38,1267,209.43,1587056660000000000,211.41429542225734,28
2573,2020-04-16 13:04:25-04:00,211.31,211.3,211.31,211.29,6737,209.43,1587056665000000000,211.30064702389788,15
2574,2020-04-16 13:04:30-04:00,211.31,211.36,211.36,211.31,4135,209.43,1587056670000000000,211.33419105199516,26
2575,2020-04-16 13:04:35-04:00,211.36,211.32,211.38,211.32,1918,209.43,1587056675000000000,211.35875547445255,19
2576,2020-04-16 13:04:40-04:00,211.3,211.22,211.305,211.2,11609,209.43,1587056680000000000,211.2394142303385,110
2577,2020-04-16 13:04:45-04:00,211.225,211.2323,211.26,211.2,13738,209.43,1587056685000000000,211.2402830470229,70
2578,2020-04-16 13:04:50-04:00,211.27,211.26,211.3,211.26,5340,209.43,1587056690000000000,211.27995514981276,45
2579,2020-04-16 13:04:55-04:00,211.27,211.21,211.27,211.19,2114,209.43,1587056695000000000,211.23642398297062,26
2580,2020-04-16 13:05:00-04:00,211.19,211.26,211.28,211.19,6226,209.43,1587056700000000000,211.2238363796981,58
2581,2020-04-16 13:05:05-04:00,211.26,211.27,211.31,211.25,6655,209.43,1587056705000000000,211.27702456799398,73
2582,2020-04-16 13:05:10-04:00,211.27,211.31,211.3101,211.27,2399,209.43,1587056710000000000,211.29595143809922,24
2583,2020-04-16 13:05:15-04:00,211.3,211.21,211.3,211.21,4588,209.43,1587056715000000000,211.25963382737586,27
2584,2020-04-16 13:05:20-04:00,211.21,211.275,211.275,211.2,1753,209.43,1587056720000000000,211.2332215059897,17
2585,2020-04-16 13:05:25-04:00,211.2799,211.29,211.29,211.265,831,209.43,1587056725000000000,211.27847773766547,13
2586,2020-04-16 13:05:30-04:00,211.35,211.4,211.4,211.35,3283,209.43,1587056730000000000,211.36722433749617,29
2587,2020-04-16 13:05:35-04:00,211.39,211.38,211.39,211.38,693,209.43,1587056735000000000,211.38667835497836,10
2588,2020-04-16 13:05:40-04:00,211.38,211.42,211.42,211.38,4245,209.43,1587056740000000000,211.4049343934041,38
2589,2020-04-16 13:05:45-04:00,211.46,211.46,211.49,211.45,10953,209.43,1587056745000000000,211.47011973888448,50
2590,2020-04-16 13:05:50-04:00,211.45,211.45,211.45,211.42,7695,209.43,1587056750000000000,211.4261626120858,42
2591,2020-04-16 13:05:55-04:00,211.43,211.49,211.51,211.43,4940,209.43,1587056755000000000,211.47054139676115,53
2592,2020-04-16 13:06:00-04:00,211.45,211.39,211.45,211.35,8892,209.43,1587056760000000000,211.41576864597386,30
2593,2020-04-16 13:06:05-04:00,211.37,211.3299,211.37,211.31,6838,209.43,1587056765000000000,211.36056624744072,20
2594,2020-04-16 13:06:10-04:00,211.3,211.32,211.36,211.29,2218,209.43,1587056770000000000,211.3294071235347,27
2595,2020-04-16 13:06:15-04:00,211.3299,211.3111,211.3299,211.3111,717,209.43,1587056775000000000,211.31096764295683,11
2596,2020-04-16 13:06:20-04:00,211.28,211.24,211.28,211.24,2862,209.43,1587056780000000000,211.26574912648496,45
2597,2020-04-16 13:06:25-04:00,211.28,211.33,211.34,211.28,9065,209.43,1587056785000000000,211.29734038610036,44
2598,2020-04-16 13:06:30-04:00,211.33,211.33,211.33,211.32,711,209.43,1587056790000000000,211.32421912798875,12
2599,2020-04-16 13:06:35-04:00,211.265,211.2601,211.27,211.2401,2958,209.43,1587056795000000000,211.2644341108857,29
2600,2020-04-16 13:06:40-04:00,211.27,211.3101,211.3204,211.27,3233,209.43,1587056800000000000,211.28672465202592,47
2601,2020-04-16 13:06:45-04:00,211.31,211.315,211.315,211.3,2054,209.43,1587056805000000000,211.31009824732226,18
2602,2020-04-16 13:06:50-04:00,211.31,211.36,211.36,211.3,2197,209.43,1587056810000000000,211.33746927628584,24
2603,2020-04-16 13:06:55-04:00,211.34,211.37,211.37,211.3215,1015,209.43,1587056815000000000,211.34258778325125,14
2604,2020-04-16 13:07:00-04:00,211.39,211.485,211.485,211.39,6254,209.43,1587056820000000000,211.44935968979848,36
2605,2020-04-16 13:07:05-04:00,211.49,211.52,211.53,211.49,5075,209.43,1587056825000000000,211.51208768472907,59
2606,2020-04-16 13:07:10-04:00,211.53,211.53,211.57,211.5101,2594,209.43,1587056830000000000,211.5388049344642,34
2607,2020-04-16 13:07:15-04:00,211.55,211.5,211.55,211.5,5525,209.43,1587056835000000000,211.52194957466065,36
2608,2020-04-16 13:07:20-04:00,211.51,211.56,211.57,211.5,3410,209.43,1587056840000000000,211.52520697947227,40
2609,2020-04-16 13:07:25-04:00,211.56,211.49,211.57,211.475,4312,209.43,1587056845000000000,211.51758244434126,44
2610,2020-04-16 13:07:30-04:00,211.495,211.48,211.51,211.441,20145,209.43,1587056850000000000,211.48686413998524,109
2611,2020-04-16 13:07:35-04:00,211.4701,211.415,211.4701,211.41,1845,209.43,1587056855000000000,211.42101609756097,19
2612,2020-04-16 13:07:40-04:00,211.41,211.34,211.41,211.34,12370,209.43,1587056860000000000,211.3721679870656,66
2613,2020-04-16 13:07:45-04:00,211.34,211.31,211.36,211.28,15944,209.43,1587056865000000000,211.30844299422978,109
2614,2020-04-16 13:07:50-04:00,211.32,211.3198,211.33,211.2901,16456,209.43,1587056870000000000,211.30816988332523,48
2615,2020-04-16 13:07:55-04:00,211.32,211.3,211.33,211.29,6466,209.43,1587056875000000000,211.3042960408289,55
2616,2020-04-16 13:08:00-04:00,211.31,211.44,211.44,211.31,2603,209.43,1587056880000000000,211.3983819439109,21
2617,2020-04-16 13:08:05-04:00,211.45,211.46,211.46,211.42,5165,209.43,1587056885000000000,211.44484174249757,34
2618,2020-04-16 13:08:10-04:00,211.4601,211.44,211.48,211.43,11721,209.43,1587056890000000000,211.44555676990018,47
2619,2020-04-16 13:08:15-04:00,211.45,211.4,211.45,211.4,4002,209.43,1587056895000000000,211.42989422788605,20
2620,2020-04-16 13:08:20-04:00,211.3721,211.41,211.435,211.3721,3153,209.43,1587056900000000000,211.41458769425947,25
2621,2020-04-16 13:08:25-04:00,211.42,211.4,211.44,211.4,1063,209.43,1587056905000000000,211.4297648165569,7
2622,2020-04-16 13:08:30-04:00,211.3661,211.34,211.38,211.34,3656,209.43,1587056910000000000,211.36327984135664,26
2623,2020-04-16 13:08:35-04:00,211.39,211.37,211.39,211.36,1826,209.43,1587056915000000000,211.37793537787516,18
2624,2020-04-16 13:08:40-04:00,211.33,211.3,211.34,211.3,5665,209.43,1587056920000000000,211.31689673433377,51
2625,2020-04-16 13:08:45-04:00,211.31,211.3,211.32,211.28,8220,209.43,1587056925000000000,211.2940132579076,49
2626,2020-04-16 13:08:50-04:00,211.31,211.2702,211.31,211.23,17094,209.43,1587056930000000000,211.26473669123666,85
2627,2020-04-16 13:08:55-04:00,211.28,211.2501,211.2915,211.24,5237,209.43,1587056935000000000,211.27156077907196,29
2628,2020-04-16 13:09:00-04:00,211.255,211.32,211.32,211.24,14908,209.43,1587056940000000000,211.27283054064935,76
2629,2020-04-16 13:09:05-04:00,211.34,211.37,211.42,211.34,4810,209.43,1587056945000000000,211.377161039501,43
2630,2020-04-16 13:09:10-04:00,211.38,211.41,211.44,211.38,2419,209.43,1587056950000000000,211.4179254237288,21
2631,2020-04-16 13:09:15-04:00,211.4,211.34,211.41,211.34,1560,209.43,1587056955000000000,211.39044108974358,24
2632,2020-04-16 13:09:20-04:00,211.38,211.4602,211.48,211.38,9966,209.43,1587056960000000000,211.4274420429461,90
2633,2020-04-16 13:09:25-04:00,211.4799,211.45,211.4799,211.44,4144,209.43,1587056965000000000,211.45810888030888,23
2634,2020-04-16 13:09:30-04:00,211.43,211.3801,211.445,211.37,5817,209.43,1587056970000000000,211.40693381468114,66
2635,2020-04-16 13:09:35-04:00,211.38,211.29,211.38,211.29,10277,209.43,1587056975000000000,211.32248068502474,57
2636,2020-04-16 13:09:40-04:00,211.28,211.29,211.3,211.25,11220,209.43,1587056980000000000,211.27001213012474,71
2637,2020-04-16 13:09:45-04:00,211.285,211.255,211.285,211.23,5757,209.43,1587056985000000000,211.25876376585032,43
2638,2020-04-16 13:09:50-04:00,211.27,211.23,211.29,211.22,13604,209.43,1587056990000000000,211.2606931931784,100
2639,2020-04-16 13:09:55-04:00,211.21,211.2,211.23,211.16,11096,209.43,1587056995000000000,211.19393822999263,83
2640,2020-04-16 13:10:00-04:00,211.2099,211.27,211.28,211.2099,8748,209.43,1587057000000000000,211.23252950388655,74
2641,2020-04-16 13:10:05-04:00,211.31,211.25,211.33,211.2401,5433,209.43,1587057005000000000,211.29283786121846,78
2642,2020-04-16 13:10:10-04:00,211.23,211.18,211.27,211.18,11691,209.43,1587057010000000000,211.24070652638775,87
2643,2020-04-16 13:10:15-04:00,211.18,211.18,211.21,211.18,4468,209.43,1587057015000000000,211.19249999999997,16
2644,2020-04-16 13:10:20-04:00,211.19,211.215,211.23,211.19,1927,209.43,1587057020000000000,211.20503113648158,18
2645,2020-04-16 13:10:25-04:00,211.22,211.18,211.22,211.16,6973,209.43,1587057025000000000,211.1833328122761,57
2646,2020-04-16 13:10:30-04:00,211.18,211.17,211.18,211.155,2905,209.43,1587057030000000000,211.17597242685022,12
2647,2020-04-16 13:10:35-04:00,211.17,211.13,211.195,211.12,17754,209.43,1587057035000000000,211.14165911907165,163
2648,2020-04-16 13:10:40-04:00,211.1342,211.11,211.2,211.1,6972,209.43,1587057040000000000,211.14339543889844,45
2649,2020-04-16 13:10:45-04:00,211.1,211.22,211.22,211.1,5943,209.43,1587057045000000000,211.12610580514882,34
2650,2020-04-16 13:10:50-04:00,211.23,211.18,211.24,211.18,6395,209.43,1587057050000000000,211.20348772478496,46
2651,2020-04-16 13:10:55-04:00,211.18,210.99,211.2,210.98,18660,209.43,1587057055000000000,211.08601259378352,181
2652,2020-04-16 13:11:00-04:00,210.99,211.11,211.19,210.99,34367,209.43,1587057060000000000,211.1090688509327,311
2653,2020-04-16 13:11:05-04:00,211.07,211.04,211.0999,211.03,4406,209.43,1587057065000000000,211.05434135270085,42
2654,2020-04-16 13:11:10-04:00,211.05,211.05,211.08,211.05,5643,209.43,1587057070000000000,211.057139819245,44
2655,2020-04-16 13:11:15-04:00,211.05,211.15,211.17,211.04,6637,209.43,1587057075000000000,211.12335449751401,56
2656,2020-04-16 13:11:20-04:00,211.16,211.22,211.22,211.15,7438,209.43,1587057080000000000,211.19547441516536,66
2657,2020-04-16 13:11:25-04:00,211.22,211.25,211.28,211.215,19701,209.43,1587057085000000000,211.24806490533484,62
2658,2020-04-16 13:11:30-04:00,211.27,211.32,211.32,211.2301,6869,209.43,1587057090000000000,211.27197758043383,64
2659,2020-04-16 13:11:35-04:00,211.32,211.29,211.325,211.231,9138,209.43,1587057095000000000,211.27882763186687,80
2660,2020-04-16 13:11:40-04:00,211.27,211.27,211.3099,211.27,3537,209.43,1587057100000000000,211.28005057958725,28
2661,2020-04-16 13:11:45-04:00,211.28,211.26,211.3,211.22,11140,209.43,1587057105000000000,211.26621535906665,78
2662,2020-04-16 13:11:50-04:00,211.27,211.29,211.32,211.27,3865,209.43,1587057110000000000,211.28438344113852,40
2663,2020-04-16 13:11:55-04:00,211.24,211.18,211.24,211.18,2206,209.43,1587057115000000000,211.2076103263826,31
2664,2020-04-16 13:12:00-04:00,211.1996,211.26,211.26,211.19,1708,209.43,1587057120000000000,211.2388992974239,13
2665,2020-04-16 13:12:05-04:00,211.25,211.24,211.2701,211.23,1112,209.43,1587057125000000000,211.24353345323743,10
2666,2020-04-16 13:12:10-04:00,211.23,211.2407,211.26,211.22,2697,209.43,1587057130000000000,211.2370263997034,44
2667,2020-04-16 13:12:15-04:00,211.29,211.29,211.3101,211.29,2003,209.43,1587057135000000000,211.30020968547183,26
2668,2020-04-16 13:12:20-04:00,211.31,211.29,211.31,211.2699,1907,209.43,1587057140000000000,211.29264237021496,29
2669,2020-04-16 13:12:25-04:00,211.27,211.33,211.35,211.255,6076,209.43,1587057145000000000,211.32154236339704,58
2670,2020-04-16 13:12:30-04:00,211.32,211.225,211.33,211.225,6936,209.43,1587057150000000000,211.23586420126873,37
2671,2020-04-16 13:12:35-04:00,211.18,211.19,211.208,211.16,7684,209.43,1587057155000000000,211.18317850078083,47
2672,2020-04-16 13:12:40-04:00,211.15,211.12,211.18,211.12,7031,209.43,1587057160000000000,211.1497034561229,30
2673,2020-04-16 13:12:45-04:00,211.115,211.14,211.14,211.09,11963,209.43,1587057165000000000,211.12175330602685,73
2674,2020-04-16 13:12:50-04:00,211.11,211.1,211.115,211.1,5151,209.43,1587057170000000000,211.1100306154146,43
2675,2020-04-16 13:12:55-04:00,211.1,211.15,211.17,211.1,11294,209.43,1587057175000000000,211.14031186470697,65
2676,2020-04-16 13:13:00-04:00,211.18,211.27,211.27,211.18,3866,209.43,1587057180000000000,211.23792736678735,49
2677,2020-04-16 13:13:05-04:00,211.28,211.17,211.28,211.13,8127,209.43,1587057185000000000,211.23890063984246,73
2678,2020-04-16 13:13:10-04:00,211.17,211.1,211.175,211.07,6348,209.43,1587057190000000000,211.11769770006308,60
2679,2020-04-16 13:13:15-04:00,211.08,211.06,211.12,211.06,15566,209.43,1587057195000000000,211.09834318386234,81
2680,2020-04-16 13:13:20-04:00,211.07,211.05,211.3682,211.03,17152,209.43,1587057200000000000,211.1888740263526,89
2681,2020-04-16 13:13:25-04:00,211.06,211.03,211.06,211.02,7476,209.43,1587057205000000000,211.03464876939543,80
2682,2020-04-16 13:13:30-04:00,211.0499,211.02,211.055,211.02,4667,209.43,1587057210000000000,211.03424876365972,44
2683,2020-04-16 13:13:35-04:00,211.03,211.07,211.08,211.03,2880,209.43,1587057215000000000,211.05646979166661,24
2684,2020-04-16 13:13:40-04:00,211.06,211.04,211.12,211.04,5354,209.43,1587057220000000000,211.08604370564055,62
2685,2020-04-16 13:13:45-04:00,211.03,210.99,211.03,210.99,5604,209.43,1587057225000000000,211.00985767309058,50
2686,2020-04-16 13:13:50-04:00,210.9901,210.97,211,210.97,3904,209.43,1587057230000000000,210.98832991803283,43
2687,2020-04-16 13:13:55-04:00,211.0189,211.06,211.06,211.01,3987,209.43,1587057235000000000,211.02133561575124,34
2688,2020-04-16 13:14:00-04:00,211.07,211.0371,211.08,211.02,27983,209.43,1587057240000000000,211.0572938819998,136
2689,2020-04-16 13:14:05-04:00,211.07,211.09,211.12,211.07,5222,209.43,1587057245000000000,211.1078155878974,54
2690,2020-04-16 13:14:10-04:00,211.11,211.1101,211.15,211.1,4630,209.43,1587057250000000000,211.1279389200864,49
2691,2020-04-16 13:14:15-04:00,211.14,211.245,211.25,211.14,5238,209.43,1587057255000000000,211.19752395952648,46
2692,2020-04-16 13:14:20-04:00,211.26,211.23,211.2636,211.22,5263,209.43,1587057260000000000,211.24733231996964,33
2693,2020-04-16 13:14:25-04:00,211.24,211.35,211.35,211.24,11276,209.43,1587057265000000000,211.32403298155393,93
2694,2020-04-16 13:14:30-04:00,211.36,211.4041,211.4041,211.31,8236,209.43,1587057270000000000,211.354048603691,72
2695,2020-04-16 13:14:35-04:00,211.4,211.38,211.42,211.36,5394,209.43,1587057275000000000,211.3806113274008,33
2696,2020-04-16 13:14:40-04:00,211.375,211.42,211.45,211.375,18912,209.43,1587057280000000000,211.41828330689478,147
2697,2020-04-16 13:14:45-04:00,211.43,211.4,211.43,211.37,12088,209.43,1587057285000000000,211.39655782594295,108
2698,2020-04-16 13:14:50-04:00,211.385,211.425,211.425,211.38,2859,209.43,1587057290000000000,211.39784819867083,38
2699,2020-04-16 13:14:55-04:00,211.43,211.42,211.4399,211.42,2534,209.43,1587057295000000000,211.4248500394633,34
2700,2020-04-16 13:15:00-04:00,211.41,211.39,211.41,211.36,12345,209.43,1587057300000000000,211.37251802187126,59
2701,2020-04-16 13:15:05-04:00,211.37,211.41,211.42,211.37,5235,209.43,1587057305000000000,211.40993260744986,36
2702,2020-04-16 13:15:10-04:00,211.42,211.51,211.52,211.4,14244,209.43,1587057310000000000,211.48560727323817,109
2703,2020-04-16 13:15:15-04:00,211.525,211.51,211.5436,211.51,7537,209.43,1587057315000000000,211.51990102162668,52
2704,2020-04-16 13:15:20-04:00,211.51,211.6,211.635,211.51,9056,209.43,1587057320000000000,211.60803312720847,65
2705,2020-04-16 13:15:25-04:00,211.605,211.58,211.66,211.58,16014,209.43,1587057325000000000,211.61097352316733,102
2706,2020-04-16 13:15:30-04:00,211.585,211.6,211.6,211.55,6259,209.43,1587057330000000000,211.579676785429,48
2707,2020-04-16 13:15:35-04:00,211.58,211.6,211.6,211.55,8658,209.43,1587057335000000000,211.58180420420416,71
2708,2020-04-16 13:15:40-04:00,211.5901,211.55,211.5901,211.55,16933,209.43,1587057340000000000,211.5586302250044,31
2709,2020-04-16 13:15:45-04:00,211.55,211.55,211.56,211.54,2102,209.43,1587057345000000000,211.55266627021885,23
2710,2020-04-16 13:15:50-04:00,211.55,211.53,211.56,211.51,3275,209.43,1587057350000000000,211.5323908396946,41
2711,2020-04-16 13:15:55-04:00,211.49,211.51,211.52,211.48,10380,209.43,1587057355000000000,211.50915992292866,39
2712,2020-04-16 13:16:00-04:00,211.49,211.42,211.5,211.41,22616,209.43,1587057360000000000,211.44365007074634,157
2713,2020-04-16 13:16:05-04:00,211.42,211.39,211.44,211.385,6556,209.43,1587057365000000000,211.42053770286753,36
2714,2020-04-16 13:16:10-04:00,211.4,211.2701,211.4,211.27,12656,209.43,1587057370000000000,211.30265587073316,57
2715,2020-04-16 13:16:15-04:00,211.29,211.3,211.3,211.26,12122,209.43,1587057375000000000,211.27899790463613,72
2716,2020-04-16 13:16:20-04:00,211.32,211.25,211.32,211.23,8608,209.43,1587057380000000000,211.27006773931217,64
2717,2020-04-16 13:16:25-04:00,211.25,211.23,211.27,211.23,5958,209.43,1587057385000000000,211.24420391070834,48
2718,2020-04-16 13:16:30-04:00,211.2,211.1699,211.23,211.1603,4015,209.43,1587057390000000000,211.19300428393524,27
2719,2020-04-16 13:16:35-04:00,211.17,211.17,211.2,211.15,8861,209.43,1587057395000000000,211.16901421961398,42
2720,2020-04-16 13:16:40-04:00,211.19,211.15,211.2,211.15,2970,209.43,1587057400000000000,211.18091414141412,24
2721,2020-04-16 13:16:45-04:00,211.15,211.16,211.19,211.14,1887,209.43,1587057405000000000,211.16471648118704,17
2722,2020-04-16 13:16:50-04:00,211.15,211.18,211.18,211.13,19955,209.43,1587057410000000000,211.15964911550992,128
2723,2020-04-16 13:16:55-04:00,211.205,211.16,211.205,211.15,2844,209.43,1587057415000000000,211.18226814345994,25
2724,2020-04-16 13:17:00-04:00,211.16,211.2172,211.2198,211.16,4596,209.43,1587057420000000000,211.20553981723236,24
2725,2020-04-16 13:17:05-04:00,211.26,211.23,211.27,211.22,5774,209.43,1587057425000000000,211.25089482161417,30
2726,2020-04-16 13:17:10-04:00,211.2399,211.27,211.27,211.2399,2024,209.43,1587057430000000000,211.24694194664036,30
2727,2020-04-16 13:17:15-04:00,211.2815,211.27,211.2921,211.26,14490,209.43,1587057435000000000,211.26587314009663,30
2728,2020-04-16 13:17:20-04:00,211.27,211.22,211.27,211.21,1590,209.43,1587057440000000000,211.23414893081758,22
2729,2020-04-16 13:17:25-04:00,211.22,211.2228,211.232,211.19,3546,209.43,1587057445000000000,211.2077639029893,27
2730,2020-04-16 13:17:30-04:00,211.2201,211.28,211.2999,211.2201,2961,209.43,1587057450000000000,211.27665650118203,19
2731,2020-04-16 13:17:35-04:00,211.27,211.23,211.27,211.23,1838,209.43,1587057455000000000,211.26325353645274,28
2732,2020-04-16 13:17:40-04:00,211.2501,211.32,211.34,211.2501,13593,209.43,1587057460000000000,211.2720466416539,59
2733,2020-04-16 13:17:45-04:00,211.33,211.39,211.39,211.33,4458,209.43,1587057465000000000,211.349102960969,42
2734,2020-04-16 13:17:50-04:00,211.39,211.3099,211.395,211.3,13848,209.43,1587057470000000000,211.35140020219544,123
2735,2020-04-16 13:17:55-04:00,211.3,211.38,211.4,211.3,2574,209.43,1587057475000000000,211.3690261460762,27
2736,2020-04-16 13:18:00-04:00,211.37,211.35,211.39,211.35,1026,209.43,1587057480000000000,211.37306042884984,18
2737,2020-04-16 13:18:05-04:00,211.33,211.33,211.34,211.33,594,209.43,1587057485000000000,211.33249057239058,4
2738,2020-04-16 13:18:10-04:00,211.31,211.2801,211.31,211.27,5805,209.43,1587057490000000000,211.2897491438415,49
2739,2020-04-16 13:18:15-04:00,211.29,211.3,211.3,211.29,1342,209.43,1587057495000000000,211.29446721311473,15
2740,2020-04-16 13:18:20-04:00,211.27,211.2,211.27,211.2,3139,209.43,1587057500000000000,211.22676422427523,32
2741,2020-04-16 13:18:25-04:00,211.23,211.28,211.28,211.23,2875,209.43,1587057505000000000,211.2469364173913,9
2742,2020-04-16 13:18:30-04:00,211.285,211.25,211.2864,211.25,8149,209.43,1587057510000000000,211.2744217081851,41
2743,2020-04-16 13:18:35-04:00,211.21,211.21,211.21,211.19,4702,209.43,1587057515000000000,211.19878562313897,38
2744,2020-04-16 13:18:40-04:00,211.21,211.27,211.27,211.2032,2859,209.43,1587057520000000000,211.2300151101784,33
2745,2020-04-16 13:18:45-04:00,211.28,211.32,211.32,211.28,1553,209.43,1587057525000000000,211.2918158403091,11
2746,2020-04-16 13:18:50-04:00,211.35,211.31,211.38,211.31,2324,209.43,1587057530000000000,211.33963747848534,28
2747,2020-04-16 13:18:55-04:00,211.33,211.3301,211.3301,211.32,761,209.43,1587057535000000000,211.32465151116952,20
2748,2020-04-16 13:19:00-04:00,211.3,211.33,211.34,211.3,2342,209.43,1587057540000000000,211.32285653287792,17
2749,2020-04-16 13:19:05-04:00,211.2941,211.32,211.32,211.27,1720,209.43,1587057545000000000,211.28430860465116,20
2750,2020-04-16 13:19:10-04:00,211.33,211.38,211.38,211.32,1092,209.43,1587057550000000000,211.34335448717948,14
2751,2020-04-16 13:19:15-04:00,211.42,211.4165,211.43,211.38,9628,209.43,1587057555000000000,211.4052988159535,101
2752,2020-04-16 13:19:20-04:00,211.41,211.37,211.43,211.37,13072,209.43,1587057560000000000,211.41386795440658,68
2753,2020-04-16 13:19:25-04:00,211.36,211.4379,211.44,211.36,6638,209.43,1587057565000000000,211.40636294064473,51
2754,2020-04-16 13:19:30-04:00,211.45,211.4598,211.48,211.45,2475,209.43,1587057570000000000,211.45865361616163,19
2755,2020-04-16 13:19:35-04:00,211.46,211.5,211.5,211.43,17491,209.43,1587057575000000000,211.4824865816705,53
2756,2020-04-16 13:19:40-04:00,211.51,211.51,211.52,211.49,6986,209.43,1587057580000000000,211.50923203549954,44
2757,2020-04-16 13:19:45-04:00,211.52,211.55,211.55,211.52,11904,209.43,1587057585000000000,211.5460332241262,60
2758,2020-04-16 13:19:50-04:00,211.55,211.57,211.57,211.54,6663,209.43,1587057590000000000,211.5468812546899,35
2759,2020-04-16 13:19:55-04:00,211.57,211.54,211.57,211.51,6710,209.43,1587057595000000000,211.53444962742174,56
2760,2020-04-16 13:20:00-04:00,211.52,211.46,211.52,211.46,4190,209.43,1587057600000000000,211.4822624582339,40
2761,2020-04-16 13:20:05-04:00,211.5,211.53,211.53,211.5,13023,209.43,1587057605000000000,211.51826076940787,85
2762,2020-04-16 13:20:10-04:00,211.51,211.54,211.55,211.51,4516,209.43,1587057610000000000,211.53559123117802,43
2763,2020-04-16 13:20:15-04:00,211.55,211.5,211.55,211.48,4730,209.43,1587057615000000000,211.5084341860464,51
2764,2020-04-16 13:20:20-04:00,211.49,211.52,211.52,211.49,760,209.43,1587057620000000000,211.5115052368421,11
2765,2020-04-16 13:20:25-04:00,211.53,211.5,211.54,211.5,5365,209.43,1587057625000000000,211.5232171481827,63
2766,2020-04-16 13:20:30-04:00,211.49,211.48,211.5,211.48,201403,209.43,1587057630000000000,211.30132256123298,13
2767,2020-04-16 13:20:35-04:00,211.51,211.48,211.51,211.48,396,209.43,1587057635000000000,211.48900202020207,9
2768,2020-04-16 13:20:40-04:00,211.47,211.5,211.52,211.45,4662,209.43,1587057640000000000,211.46300064350066,18
2769,2020-04-16 13:20:45-04:00,211.49,211.44,211.51,211.44,3052,209.43,1587057645000000000,211.45731159895155,21
2770,2020-04-16 13:20:50-04:00,211.49,211.49,211.53,211.49,6292,209.43,1587057650000000000,211.5071537984742,42
2771,2020-04-16 13:20:55-04:00,211.49,211.52,211.53,211.47,9929,209.43,1587057655000000000,211.50383925873697,61
2772,2020-04-16 13:21:00-04:00,211.53,211.53,211.53,211.4701,6920,209.43,1587057660000000000,211.48638258670516,33
2773,2020-04-16 13:21:05-04:00,211.52,211.5399,211.54,211.51,2738,209.43,1587057665000000000,211.53098962746532,23
2774,2020-04-16 13:21:10-04:00,211.53,211.46,211.53,211.46,8208,209.43,1587057670000000000,211.49952763157884,60
2775,2020-04-16 13:21:15-04:00,211.45,211.46,211.46,211.44,3063,209.43,1587057675000000000,211.44964129937964,25
2776,2020-04-16 13:21:20-04:00,211.47,211.5,211.515,211.46,4805,209.43,1587057680000000000,211.4892187096774,57
2777,2020-04-16 13:21:25-04:00,211.4901,211.5098,211.51,211.49,2142,209.43,1587057685000000000,211.50435793650794,25
2778,2020-04-16 13:21:30-04:00,211.48,211.44,211.48,211.44,3627,209.43,1587057690000000000,211.4616078025917,26
2779,2020-04-16 13:21:35-04:00,211.45,211.45,211.465,211.41,4393,209.43,1587057695000000000,211.44998748008206,58
2780,2020-04-16 13:21:40-04:00,211.46,211.52,211.52,211.46,1158,209.43,1587057700000000000,211.4896286701209,16
2781,2020-04-16 13:21:45-04:00,211.54,211.54,211.57,211.5298,10492,209.43,1587057705000000000,211.54933234845586,86
2782,2020-04-16 13:21:50-04:00,211.55,211.5321,211.55,211.5201,7093,209.43,1587057710000000000,211.5309639926688,21
2783,2020-04-16 13:21:55-04:00,211.54,211.5,211.56,211.5,2371,209.43,1587057715000000000,211.5359081400253,17
2784,2020-04-16 13:22:00-04:00,211.49,211.4001,211.5021,211.4,13956,209.43,1587057720000000000,211.4248821152195,98
2785,2020-04-16 13:22:05-04:00,211.41,211.34,211.41,211.335,6337,209.43,1587057725000000000,211.36428530850566,68
2786,2020-04-16 13:22:10-04:00,211.3576,211.28,211.3576,211.25,10921,209.43,1587057730000000000,211.32765891401914,78
2787,2020-04-16 13:22:15-04:00,211.29,211.25,211.3,211.25,4961,209.43,1587057735000000000,211.27972989316666,54
2788,2020-04-16 13:22:20-04:00,211.24,211.18,211.24,211.18,12216,209.43,1587057740000000000,211.19072088244914,104
2789,2020-04-16 13:22:25-04:00,211.1898,211.19,211.21,211.17,30296,209.43,1587057745000000000,211.18731191246334,125
2790,2020-04-16 13:22:30-04:00,211.2,211.22,211.22,211.19,4878,209.43,1587057750000000000,211.20702343173423,41
2791,2020-04-16 13:22:35-04:00,211.24,211.27,211.29,211.23,1751,209.43,1587057755000000000,211.26174757281547,24
2792,2020-04-16 13:22:40-04:00,211.26,211.35,211.35,211.26,4947,209.43,1587057760000000000,211.28010820699419,37
2793,2020-04-16 13:22:45-04:00,211.32,211.32,211.3625,211.3,5478,209.43,1587057765000000000,211.3262335706463,62
2794,2020-04-16 13:22:50-04:00,211.32,211.32,211.3998,211.3199,9667,209.43,1587057770000000000,211.3357915796007,97
2795,2020-04-16 13:22:55-04:00,211.3228,211.33,211.33,211.32,900,209.43,1587057775000000000,211.32142222222222,5
2796,2020-04-16 13:23:00-04:00,211.32,211.385,211.4,211.32,8762,209.43,1587057780000000000,211.38523853001612,76
2797,2020-04-16 13:23:05-04:00,211.37,211.43,211.44,211.35,3986,209.43,1587057785000000000,211.38873557451078,46
2798,2020-04-16 13:23:10-04:00,211.41,211.43,211.43,211.37,5066,209.43,1587057790000000000,211.4081106987761,36
2799,2020-04-16 13:23:15-04:00,211.435,211.5,211.51,211.435,14384,209.43,1587057795000000000,211.4688110956619,64
2800,2020-04-16 13:23:20-04:00,211.5,211.57,211.6,211.5,19765,209.43,1587057800000000000,211.5649641234507,102
2801,2020-04-16 13:23:25-04:00,211.56,211.55,211.57,211.54,19388,209.43,1587057805000000000,211.55459295440454,133
2802,2020-04-16 13:23:30-04:00,211.55,211.51,211.5675,211.51,9965,209.43,1587057810000000000,211.55366575012542,34
2803,2020-04-16 13:23:35-04:00,211.5102,211.53,211.54,211.51,2094,209.43,1587057815000000000,211.53093982808016,26
2804,2020-04-16 13:23:40-04:00,211.54,211.48,211.54,211.47,6566,209.43,1587057820000000000,211.48939491318922,78
2805,2020-04-16 13:23:45-04:00,211.5,211.56,211.58,211.495,10838,209.43,1587057825000000000,211.5515943901089,75
2806,2020-04-16 13:23:50-04:00,211.55,211.5,211.55,211.5,4966,209.43,1587057830000000000,211.52873135320178,51
2807,2020-04-16 13:23:55-04:00,211.49,211.46,211.49,211.46,2477,209.43,1587057835000000000,211.47063480016155,23
2808,2020-04-16 13:24:00-04:00,211.48,211.45,211.48,211.44,3973,209.43,1587057840000000000,211.46030576390643,55
2809,2020-04-16 13:24:05-04:00,211.44,211.51,211.52,211.44,11893,209.43,1587057845000000000,211.4760644917178,90
2810,2020-04-16 13:24:10-04:00,211.51,211.53,211.54,211.505,3577,209.43,1587057850000000000,211.52417950796757,33
2811,2020-04-16 13:24:15-04:00,211.52,211.49,211.52,211.49,1464,209.43,1587057855000000000,211.5039002732241,13
2812,2020-04-16 13:24:20-04:00,211.49,211.46,211.51,211.45,12569,209.43,1587057860000000000,211.46623833240514,71
2813,2020-04-16 13:24:25-04:00,211.46,211.45,211.46,211.44,2790,209.43,1587057865000000000,211.4515397849463,36
2814,2020-04-16 13:24:30-04:00,211.5,211.47,211.5201,211.47,4039,209.43,1587057870000000000,211.50232832384256,27
2815,2020-04-16 13:24:35-04:00,211.45,211.46,211.46,211.45,419,209.43,1587057875000000000,211.4546539379475,5
2816,2020-04-16 13:24:40-04:00,211.4581,211.46,211.52,211.4581,6783,209.43,1587057880000000000,211.47797287335985,57
2817,2020-04-16 13:24:45-04:00,211.4598,211.43,211.4598,211.43,1841,209.43,1587057885000000000,211.44052710483436,23
2818,2020-04-16 13:24:50-04:00,211.41,211.47,211.47,211.41,5466,209.43,1587057890000000000,211.43232764361522,61
2819,2020-04-16 13:24:55-04:00,211.46,211.3932,211.46,211.3701,9623,209.43,1587057895000000000,211.3944795697807,62
2820,2020-04-16 13:25:00-04:00,211.39,211.33,211.4,211.31,8149,209.43,1587057900000000000,211.3525985765124,83
2821,2020-04-16 13:25:05-04:00,211.31,211.285,211.33,211.24,9610,209.43,1587057905000000000,211.2976869927159,59
2822,2020-04-16 13:25:10-04:00,211.2701,211.26,211.29,211.26,6874,209.43,1587057910000000000,211.27115237125386,56
2823,2020-04-16 13:25:15-04:00,211.26,211.24,211.27,211.24,6279,209.43,1587057915000000000,211.25896679407543,23
2824,2020-04-16 13:25:20-04:00,211.26,211.28,211.29,211.26,2100,209.43,1587057920000000000,211.27525995238096,21
2825,2020-04-16 13:25:25-04:00,211.29,211.29,211.33,211.27,18874,209.43,1587057925000000000,211.30080770371933,71
2826,2020-04-16 13:25:30-04:00,211.28,211.29,211.3,211.28,3892,209.43,1587057930000000000,211.29200665467633,13
2827,2020-04-16 13:25:35-04:00,211.3,211.3,211.32,211.29,7482,209.43,1587057935000000000,211.29922747928353,53
2828,2020-04-16 13:25:40-04:00,211.32,211.3101,211.32,211.29,1986,209.43,1587057940000000000,211.30546424974824,14
2829,2020-04-16 13:25:45-04:00,211.35,211.355,211.39,211.35,5886,209.43,1587057945000000000,211.38021236833163,63
2830,2020-04-16 13:25:50-04:00,211.35,211.35,211.355,211.35,4149,209.43,1587057950000000000,211.35488503253796,31
2831,2020-04-16 13:25:55-04:00,211.33,211.3399,211.36,211.33,895,209.43,1587057955000000000,211.34271586592178,11
2832,2020-04-16 13:26:00-04:00,211.39,211.4199,211.4302,211.39,3855,209.43,1587057960000000000,211.41025514915694,32
2833,2020-04-16 13:26:05-04:00,211.44,211.42,211.45,211.42,2314,209.43,1587057965000000000,211.43227147796023,28
2834,2020-04-16 13:26:10-04:00,211.44,211.53,211.54,211.44,5708,209.43,1587057970000000000,211.5115730728802,54
2835,2020-04-16 13:26:15-04:00,211.53,211.55,211.55,211.5199,3449,209.43,1587057975000000000,211.5294043200928,38
2836,2020-04-16 13:26:20-04:00,211.53,211.505,211.5399,211.5,4554,209.43,1587057980000000000,211.51287022397898,49
2837,2020-04-16 13:26:25-04:00,211.48,211.44,211.49,211.44,2603,209.43,1587057985000000000,211.46137149442947,27
2838,2020-04-16 13:26:30-04:00,211.43,211.4,211.43,211.39,2449,209.43,1587057990000000000,211.3982392813393,20
2839,2020-04-16 13:26:35-04:00,211.4,211.41,211.42,211.4,4138,209.43,1587057995000000000,211.40443620106333,41
2840,2020-04-16 13:26:40-04:00,211.43,211.47,211.49,211.43,3647,209.43,1587058000000000000,211.47560381135176,22
2841,2020-04-16 13:26:45-04:00,211.48,211.48,211.49,211.48,3000,209.43,1587058005000000000,211.48674333333332,10
2842,2020-04-16 13:26:50-04:00,211.4975,211.55,211.55,211.48,8414,209.43,1587058010000000000,211.49853482291408,46
2843,2020-04-16 13:26:55-04:00,211.52,211.49,211.5399,211.485,8273,209.43,1587058015000000000,211.52240348120398,40
2844,2020-04-16 13:27:00-04:00,211.56,211.5099,211.57,211.49,20260,209.43,1587058020000000000,211.539264067127,172
2845,2020-04-16 13:27:05-04:00,211.51,211.47,211.51,211.42,31740,209.43,1587058025000000000,211.46438752362943,178
2846,2020-04-16 13:27:10-04:00,211.47,211.465,211.47,211.46,1006,209.43,1587058030000000000,211.46486083499008,11
2847,2020-04-16 13:27:15-04:00,211.47,211.4997,211.54,211.47,14247,209.43,1587058035000000000,211.49005945813147,85
2848,2020-04-16 13:27:20-04:00,211.49,211.48,211.5,211.46,6988,209.43,1587058040000000000,211.48143381511187,74
2849,2020-04-16 13:27:25-04:00,211.49,211.4773,211.53,211.4773,10497,209.43,1587058045000000000,211.48854124035446,77
2850,2020-04-16 13:27:30-04:00,211.48,211.49,211.49,211.48,610,209.43,1587058050000000000,211.48164836065573,10
2851,2020-04-16 13:27:35-04:00,211.55,211.47,211.56,211.47,7203,209.43,1587058055000000000,211.51707323337487,62
2852,2020-04-16 13:27:40-04:00,211.47,211.49,211.49,211.47,6041,209.43,1587058060000000000,211.4779589968548,29
2853,2020-04-16 13:27:45-04:00,211.52,211.55,211.55,211.52,1084,209.43,1587058065000000000,211.5315521217712,20
2854,2020-04-16 13:27:50-04:00,211.56,211.6,211.6,211.56,24178,209.43,1587058070000000000,211.58475473571036,128
2855,2020-04-16 13:27:55-04:00,211.58,211.6,211.6,211.57,7512,209.43,1587058075000000000,211.58268282747608,69
2856,2020-04-16 13:28:00-04:00,211.58,211.5701,211.605,211.56,4207,209.43,1587058080000000000,211.57842643213698,38
2857,2020-04-16 13:28:05-04:00,211.58,211.56,211.58,211.54,9843,209.43,1587058085000000000,211.5705667885807,69
2858,2020-04-16 13:28:10-04:00,211.56,211.63,211.64,211.56,31592,209.43,1587058090000000000,211.62129433084317,157
2859,2020-04-16 13:28:15-04:00,211.63,211.59,211.63,211.5717,10935,209.43,1587058095000000000,211.58310635573807,55
2860,2020-04-16 13:28:20-04:00,211.62,211.61,211.62,211.61,1075,209.43,1587058100000000000,211.61343627906973,13
2861,2020-04-16 13:28:25-04:00,211.59,211.56,211.59,211.56,20307,209.43,1587058105000000000,211.57400836164862,104
2862,2020-04-16 13:28:30-04:00,211.56,211.52,211.56,211.52,14549,209.43,1587058110000000000,211.54409595848512,41
2863,2020-04-16 13:28:35-04:00,211.4879,211.53,211.54,211.4879,7099,209.43,1587058115000000000,211.52344273841396,46
2864,2020-04-16 13:28:40-04:00,211.53,211.5,211.555,211.5,4628,209.43,1587058120000000000,211.52641961970608,27
2865,2020-04-16 13:28:45-04:00,211.49,211.5423,211.5423,211.47,2625,209.43,1587058125000000000,211.50263047619046,15
2866,2020-04-16 13:28:50-04:00,211.55,211.57,211.58,211.55,2394,209.43,1587058130000000000,211.5654419381787,26
2867,2020-04-16 13:28:55-04:00,211.57,211.5938,211.5998,211.57,6031,209.43,1587058135000000000,211.58189272094188,57
2868,2020-04-16 13:29:00-04:00,211.58,211.56,211.58,211.56,3905,209.43,1587058140000000000,211.56124483994876,31
2869,2020-04-16 13:29:05-04:00,211.57,211.57,211.57,211.5469,2181,209.43,1587058145000000000,211.56665749656133,23
2870,2020-04-16 13:29:10-04:00,211.54,211.54,211.55,211.52,1438,209.43,1587058150000000000,211.5325442280946,16
2871,2020-04-16 13:29:15-04:00,211.54,211.54,211.55,211.51,5472,209.43,1587058155000000000,211.53463541666662,21
2872,2020-04-16 13:29:20-04:00,211.53,211.58,211.58,211.52,7845,209.43,1587058160000000000,211.53785988527724,60
2873,2020-04-16 13:29:25-04:00,211.56,211.58,211.58,211.56,1873,209.43,1587058165000000000,211.5710453817405,22
2874,2020-04-16 13:29:30-04:00,211.58,211.58,211.58,211.58,218,209.43,1587058170000000000,211.57102660550458,5
2875,2020-04-16 13:29:35-04:00,211.57,211.64,211.65,211.57,5661,209.43,1587058175000000000,211.6385578343048,61
2876,2020-04-16 13:29:40-04:00,211.64,211.71,211.73,211.64,59331,209.43,1587058180000000000,211.69023242655604,347
2877,2020-04-16 13:29:45-04:00,211.695,211.69,211.73,211.6899,9433,209.43,1587058185000000000,211.7079670624405,68
2878,2020-04-16 13:29:50-04:00,211.675,211.71,211.72,211.67,5390,209.43,1587058190000000000,211.69579998144724,64
2879,2020-04-16 13:29:55-04:00,211.73,211.68,211.73,211.68,2347,209.43,1587058195000000000,211.69318811248402,27
2880,2020-04-16 13:30:00-04:00,211.69,211.67,211.69,211.67,11907,209.43,1587058200000000000,211.67702514487277,87
2881,2020-04-16 13:30:05-04:00,211.64,211.6,211.64,211.6,34236,209.43,1587058205000000000,211.61273822584397,175
2882,2020-04-16 13:30:10-04:00,211.6,211.63,211.64,211.59,22071,209.43,1587058210000000000,211.6098745593769,151
2883,2020-04-16 13:30:15-04:00,211.63,211.66,211.66,211.63,863,209.43,1587058215000000000,211.656074391657,13
2884,2020-04-16 13:30:20-04:00,211.7201,211.79,211.79,211.7201,19367,209.43,1587058220000000000,211.7646307120359,117
2885,2020-04-16 13:30:25-04:00,211.8,211.79,211.82,211.76,27724,209.43,1587058225000000000,211.79712534266383,156
2886,2020-04-16 13:30:30-04:00,211.79,211.79,211.82,211.785,16610,209.43,1587058230000000000,211.80581009030706,80
2887,2020-04-16 13:30:35-04:00,211.78,211.78,211.79,211.77,5860,209.43,1587058235000000000,211.78234127986346,42
2888,2020-04-16 13:30:40-04:00,211.78,211.7799,211.79,211.76,7855,209.43,1587058240000000000,211.7835553787397,38
2889,2020-04-16 13:30:45-04:00,211.77,211.7501,211.77,211.74,2103,209.43,1587058245000000000,211.7547836899667,16
2890,2020-04-16 13:30:50-04:00,211.77,211.76,211.78,211.76,5069,209.43,1587058250000000000,211.76824926020913,45
2891,2020-04-16 13:30:55-04:00,211.74,211.74,211.75,211.74,2571,209.43,1587058255000000000,211.74397557370673,48
2892,2020-04-16 13:31:00-04:00,211.73,211.7301,211.7614,211.72,5933,209.43,1587058260000000000,211.74316676217768,41
2893,2020-04-16 13:31:05-04:00,211.74,211.78,211.78,211.74,3932,209.43,1587058265000000000,211.76841251271608,37
2894,2020-04-16 13:31:10-04:00,211.7898,211.76,211.79,211.74,15760,209.43,1587058270000000000,211.76538961294426,88
2895,2020-04-16 13:31:15-04:00,211.75,211.74,211.75,211.7,6911,209.43,1587058275000000000,211.72497780350173,65
2896,2020-04-16 13:31:20-04:00,211.74,211.82,211.82,211.73,21188,209.43,1587058280000000000,211.79659700774042,146
2897,2020-04-16 13:31:25-04:00,211.82,211.7799,211.82,211.77,3086,209.43,1587058285000000000,211.78974235255993,18
2898,2020-04-16 13:31:30-04:00,211.77,211.77,211.8,211.76,3038,209.43,1587058290000000000,211.78161948650427,31
2899,2020-04-16 13:31:35-04:00,211.78,211.75,211.7866,211.74,11753,209.43,1587058295000000000,211.76999183187277,99
2900,2020-04-16 13:31:40-04:00,211.76,211.76,211.78,211.74,826,209.43,1587058300000000000,211.7589467312349,13
2901,2020-04-16 13:31:45-04:00,211.76,211.8,211.82,211.76,2401,209.43,1587058305000000000,211.79475322782173,21
2902,2020-04-16 13:31:50-04:00,211.79,211.78,211.79,211.77,393,209.43,1587058310000000000,211.77945623409667,8
2903,2020-04-16 13:31:55-04:00,211.77,211.77,211.79,211.77,2400,209.43,1587058315000000000,211.77386312499996,44
2904,2020-04-16 13:32:00-04:00,211.79,211.87,211.87,211.7857,3863,209.43,1587058320000000000,211.84076733108986,41
2905,2020-04-16 13:32:05-04:00,211.8723,211.86,211.9,211.85,31013,209.43,1587058325000000000,211.8901223680393,117
2906,2020-04-16 13:32:10-04:00,211.85,211.9,211.92,211.84,17048,209.43,1587058330000000000,211.87639928437343,113
2907,2020-04-16 13:32:15-04:00,211.86,211.8727,211.89,211.86,9343,209.43,1587058335000000000,211.87257124050092,102
2908,2020-04-16 13:32:20-04:00,211.87,211.92,211.93,211.85,5602,209.43,1587058340000000000,211.89003302391995,50
2909,2020-04-16 13:32:25-04:00,211.9,211.89,211.907,211.89,5385,209.43,1587058345000000000,211.90019498607234,44
2910,2020-04-16 13:32:30-04:00,211.89,211.935,211.935,211.89,2230,209.43,1587058350000000000,211.91773618834074,33
2911,2020-04-16 13:32:35-04:00,211.93,211.95,211.955,211.93,7750,209.43,1587058355000000000,211.9469467483873,76
2912,2020-04-16 13:32:40-04:00,211.96,211.98,211.985,211.95,32986,209.43,1587058360000000000,211.9680400200082,133
2913,2020-04-16 13:32:45-04:00,211.98,211.965,211.985,211.965,6345,209.43,1587058365000000000,211.97502918833717,68
2914,2020-04-16 13:32:50-04:00,211.97,211.99,212.02,211.9688,14050,209.43,1587058370000000000,211.99771856227767,117
2915,2020-04-16 13:32:55-04:00,211.99,211.96,211.99,211.93,16183,209.43,1587058375000000000,211.95828153000053,112
2916,2020-04-16 13:33:00-04:00,211.94,211.9531,211.9531,211.93,6380,209.43,1587058380000000000,211.94410285266457,55
2917,2020-04-16 13:33:05-04:00,211.94,211.94,211.94,211.918,11699,209.43,1587058385000000000,211.93036090264113,77
2918,2020-04-16 13:33:10-04:00,211.93,211.92,211.95,211.92,5561,209.43,1587058390000000000,211.9375051249774,48
2919,2020-04-16 13:33:15-04:00,211.94,211.92,211.94,211.92,1388,209.43,1587058395000000000,211.93068948126802,14
2920,2020-04-16 13:33:20-04:00,211.915,211.97,212,211.915,3674,209.43,1587058400000000000,211.9566847849755,38
2921,2020-04-16 13:33:25-04:00,211.96,211.93,211.9601,211.93,6209,209.43,1587058405000000000,211.95111261072637,51
2922,2020-04-16 13:33:30-04:00,211.94,211.94,211.94,211.92,1740,209.43,1587058410000000000,211.9280172413793,10
2923,2020-04-16 13:33:35-04:00,211.9339,211.89,211.9339,211.89,6723,209.43,1587058415000000000,211.90274431057566,31
2924,2020-04-16 13:33:40-04:00,211.9068,211.9128,211.92,211.9033,7189,209.43,1587058420000000000,211.90648795381824,22
2925,2020-04-16 13:33:45-04:00,211.9,211.8999,211.9002,211.88,6900,209.43,1587058425000000000,211.8897275362319,43
2926,2020-04-16 13:33:50-04:00,211.9,211.94,211.94,211.9,2927,209.43,1587058430000000000,211.92000010249401,25
2927,2020-04-16 13:33:55-04:00,211.955,211.92,211.955,211.92,894,209.43,1587058435000000000,211.93485548098437,12
2928,2020-04-16 13:34:00-04:00,211.92,211.94,211.94,211.91,802,209.43,1587058440000000000,211.92003740648377,9
2929,2020-04-16 13:34:05-04:00,211.94,211.96,211.96,211.92,10317,209.43,1587058445000000000,211.94322380536977,26
2930,2020-04-16 13:34:10-04:00,211.95,211.92,211.95,211.92,1392,209.43,1587058450000000000,211.9382334051724,18
2931,2020-04-16 13:34:15-04:00,211.91,211.88,211.9199,211.88,1038,209.43,1587058455000000000,211.9022832369942,11
2932,2020-04-16 13:34:20-04:00,211.895,211.88,211.91,211.88,1729,209.43,1587058460000000000,211.89424279930594,18
2933,2020-04-16 13:34:25-04:00,211.884,211.8701,211.884,211.87,758,209.43,1587058465000000000,211.86493733509238,9
2934,2020-04-16 13:34:30-04:00,211.88,211.92,211.93,211.87,3210,209.43,1587058470000000000,211.91441794392523,44
2935,2020-04-16 13:34:35-04:00,211.91,211.9731,211.9731,211.91,2370,209.43,1587058475000000000,211.92836544303796,16
2936,2020-04-16 13:34:40-04:00,211.96,211.95,211.97,211.95,4072,209.43,1587058480000000000,211.96310658153243,45
2937,2020-04-16 13:34:45-04:00,211.96,212,212.05,211.96,19789,209.43,1587058485000000000,212.01738592147152,95
2938,2020-04-16 13:34:50-04:00,212,211.94,212.0099,211.94,15600,209.43,1587058490000000000,211.97213286538474,83
2939,2020-04-16 13:34:55-04:00,211.9599,211.94,211.9599,211.9399,1397,209.43,1587058495000000000,211.9456478167502,12
2940,2020-04-16 13:35:00-04:00,211.96,211.96,211.98,211.96,2116,209.43,1587058500000000000,211.96562381852556,24
2941,2020-04-16 13:35:05-04:00,211.9667,211.9739,211.9739,211.96,9298,209.43,1587058505000000000,211.96613680361367,19
2942,2020-04-16 13:35:10-04:00,211.97,211.9801,211.9999,211.97,1690,209.43,1587058510000000000,211.98681065088755,23
2943,2020-04-16 13:35:15-04:00,211.97,211.9651,211.97,211.96,12705,209.43,1587058515000000000,211.9231234946872,20
2944,2020-04-16 13:35:20-04:00,211.97,211.965,211.97,211.95,17572,209.43,1587058520000000000,211.96374971545634,85
2945,2020-04-16 13:35:25-04:00,211.96,212,212,211.96,1600,209.43,1587058525000000000,211.97952875000004,17
2946,2020-04-16 13:35:30-04:00,211.99,212,212.01,211.97,5845,209.43,1587058530000000000,211.9959301967494,51
2947,2020-04-16 13:35:35-04:00,212,211.97,212.025,211.97,9225,209.43,1587058535000000000,212.01278059620603,53
2948,2020-04-16 13:35:40-04:00,212,212.0201,212.0201,212,1295,209.43,1587058540000000000,212.0058764478764,18
2949,2020-04-16 13:35:45-04:00,212,212.02,212.03,212,7749,209.43,1587058545000000000,212.01487643566912,30
2950,2020-04-16 13:35:50-04:00,212.02,212.03,212.03,212.02,1000,209.43,1587058550000000000,212.02074000000002,11
2951,2020-04-16 13:35:55-04:00,212.031,212.01,212.031,212.01,5404,209.43,1587058555000000000,212.0242385455218,35
2952,2020-04-16 13:36:00-04:00,212,212.09,212.1,212,26784,209.43,1587058560000000000,212.06186497535825,134
2953,2020-04-16 13:36:05-04:00,212.08,212.1599,212.16,212.08,26751,209.43,1587058565000000000,212.13270093080615,171
2954,2020-04-16 13:36:10-04:00,212.16,212.17,212.18,212.1599,9245,209.43,1587058570000000000,212.17062064899955,80
2955,2020-04-16 13:36:15-04:00,212.165,212.16,212.2,212.16,5094,209.43,1587058575000000000,212.18126030624268,49
2956,2020-04-16 13:36:20-04:00,212.16,212.18,212.2,212.16,8449,209.43,1587058580000000000,212.1838562433424,88
2957,2020-04-16 13:36:25-04:00,212.18,212.17,212.2,212.15,8339,209.43,1587058585000000000,212.18133463245,44
2958,2020-04-16 13:36:30-04:00,212.16,212.16,212.16,212.14,3410,209.43,1587058590000000000,212.14780307917889,36
2959,2020-04-16 13:36:35-04:00,212.1501,212.17,212.17,212.1501,1240,209.43,1587058595000000000,212.1662137096774,17
2960,2020-04-16 13:36:40-04:00,212.17,212.14,212.18,212.13,4306,209.43,1587058600000000000,212.16038680910356,33
2961,2020-04-16 13:36:45-04:00,212.13,212.1687,212.1687,212.12,16726,209.43,1587058605000000000,212.13103782135605,57
2962,2020-04-16 13:36:50-04:00,212.18,212.14,212.18,212.14,2971,209.43,1587058610000000000,212.16005385392126,24
2963,2020-04-16 13:36:55-04:00,212.145,212.16,212.16,212.14,1425,209.43,1587058615000000000,212.14541543859647,15
2964,2020-04-16 13:37:00-04:00,212.18,212.16,212.18,212.16,3650,209.43,1587058620000000000,212.17201454794522,33
2965,2020-04-16 13:37:05-04:00,212.16,212.15,212.16,212.14,2591,209.43,1587058625000000000,212.14874179853336,13
2966,2020-04-16 13:37:10-04:00,212.15,212.15,212.16,212.13,18816,209.43,1587058630000000000,212.14310437925158,111
2967,2020-04-16 13:37:15-04:00,212.12,212.0999,212.12,212.08,4253,209.43,1587058635000000000,212.09635897013874,28
2968,2020-04-16 13:37:20-04:00,212.0949,212.0899,212.1,212.0799,8870,209.43,1587058640000000000,212.0906938444193,43
2969,2020-04-16 13:37:25-04:00,212.09,212.07,212.09,212.05,7302,209.43,1587058645000000000,212.07013022459594,68
2970,2020-04-16 13:37:30-04:00,212.08,212.03,212.08,212.01,10226,209.43,1587058650000000000,212.02838646587125,72
2971,2020-04-16 13:37:35-04:00,212.02,212.04,212.05,212.01,9318,209.43,1587058655000000000,212.03057583172358,35
2972,2020-04-16 13:37:40-04:00,212.04,212.0303,212.045,212.02,8309,209.43,1587058660000000000,212.0337581056685,53
2973,2020-04-16 13:37:45-04:00,212.0201,212.01,212.0399,212.01,2706,209.43,1587058665000000000,212.0206014042868,17
2974,2020-04-16 13:37:50-04:00,212.02,212.03,212.05,212.01,1785,209.43,1587058670000000000,212.02942296918766,23
2975,2020-04-16 13:37:55-04:00,212.03,212.02,212.03,212.01,2433,209.43,1587058675000000000,212.0193747636663,24
2976,2020-04-16 13:38:00-04:00,212.02,212.03,212.03,212.01,1872,209.43,1587058680000000000,212.0205608974359,25
2977,2020-04-16 13:38:05-04:00,212.04,212.04,212.05,212.0315,17203,209.43,1587058685000000000,212.0398113177934,89
2978,2020-04-16 13:38:10-04:00,212.04,212.02,212.05,212.02,3679,209.43,1587058690000000000,212.03421932590376,28
2979,2020-04-16 13:38:15-04:00,212.01,212.01,212.01,211.99,3902,209.43,1587058695000000000,212.0011486160943,26
2980,2020-04-16 13:38:20-04:00,212.016,212.0001,212.02,212,3674,209.43,1587058700000000000,212.01312661948825,30
2981,2020-04-16 13:38:25-04:00,212,211.95,212,211.95,11743,209.43,1587058705000000000,211.97434727071445,60
2982,2020-04-16 13:38:30-04:00,211.9639,211.95,211.9639,211.94,3654,209.43,1587058710000000000,211.9519284619595,25
2983,2020-04-16 13:38:35-04:00,211.94,211.89,211.955,211.89,18682,209.43,1587058715000000000,211.9227273632372,127
2984,2020-04-16 13:38:40-04:00,211.89,211.89,211.9,211.87,18727,209.43,1587058720000000000,211.88639806696213,103
2985,2020-04-16 13:38:45-04:00,211.89,211.87,211.92,211.87,4271,209.43,1587058725000000000,211.8936197143526,50
2986,2020-04-16 13:38:50-04:00,211.86,211.86,211.89,211.84,17077,209.43,1587058730000000000,211.859910675177,130
2987,2020-04-16 13:38:55-04:00,211.87,211.84,211.8799,211.84,7800,209.43,1587058735000000000,211.85238474358968,48
2988,2020-04-16 13:39:00-04:00,211.83,211.85,211.85,211.82,5476,209.43,1587058740000000000,211.82752373995615,65
2989,2020-04-16 13:39:05-04:00,211.85,211.83,211.8699,211.825,3078,209.43,1587058745000000000,211.83955656270308,31
2990,2020-04-16 13:39:10-04:00,211.82,211.79,211.835,211.78,17806,209.43,1587058750000000000,211.81105052791196,134
2991,2020-04-16 13:39:15-04:00,211.78,211.82,211.8325,211.78,7807,209.43,1587058755000000000,211.7970032919176,54
2992,2020-04-16 13:39:20-04:00,211.83,211.84,211.85,211.81,1030,209.43,1587058760000000000,211.83355310679605,15
2993,2020-04-16 13:39:25-04:00,211.84,211.84,211.8541,211.82,18591,209.43,1587058765000000000,211.84478084557037,70
2994,2020-04-16 13:39:30-04:00,211.86,211.8401,211.87,211.84,5298,209.43,1587058770000000000,211.85113082295223,66
2995,2020-04-16 13:39:35-04:00,211.83,211.81,211.83,211.81,2221,209.43,1587058775000000000,211.82092827555147,24
2996,2020-04-16 13:39:40-04:00,211.82,211.85,211.85,211.82,3092,209.43,1587058780000000000,211.83600963777488,29
2997,2020-04-16 13:39:45-04:00,211.8599,211.84,211.8599,211.84,2307,209.43,1587058785000000000,211.8494774599046,25
2998,2020-04-16 13:39:50-04:00,211.85,211.83,211.85,211.83,2361,209.43,1587058790000000000,211.84756666666667,16
2999,2020-04-16 13:39:55-04:00,211.81,211.78,211.81,211.78,3127,209.43,1587058795000000000,211.79421439078988,26
3000,2020-04-16 13:40:00-04:00,211.8,211.84,211.86,211.79,31504,209.43,1587058800000000000,211.81854505459623,203
3001,2020-04-16 13:40:05-04:00,211.83,211.81,211.83,211.81,4499,209.43,1587058805000000000,211.81689304289839,35
3002,2020-04-16 13:40:10-04:00,211.8116,211.8,211.8116,211.78,5191,209.43,1587058810000000000,211.8062396840685,36
3003,2020-04-16 13:40:15-04:00,211.8,211.82,211.82,211.79,7193,209.43,1587058815000000000,211.79796174058117,61
3004,2020-04-16 13:40:20-04:00,211.825,211.86,211.89,211.825,9865,209.43,1587058820000000000,211.8599419564115,56
3005,2020-04-16 13:40:25-04:00,211.85,211.88,211.88,211.85,623,209.43,1587058825000000000,211.85812199036917,10
3006,2020-04-16 13:40:30-04:00,211.86,211.815,211.87,211.81,2832,209.43,1587058830000000000,211.82839170197735,27
3007,2020-04-16 13:40:35-04:00,211.8054,211.7799,211.8054,211.77,5155,209.43,1587058835000000000,211.779092686712,46
3008,2020-04-16 13:40:40-04:00,211.78,211.77,211.7801,211.76,3961,209.43,1587058840000000000,211.76971704115118,32
3009,2020-04-16 13:40:45-04:00,211.77,211.79,211.7902,211.77,3365,209.43,1587058845000000000,211.7802971768203,48
3010,2020-04-16 13:40:50-04:00,211.792,211.76,211.8099,211.76,10399,209.43,1587058850000000000,211.78642850274068,27
3011,2020-04-16 13:40:55-04:00,211.75,211.73,211.75,211.73,5840,209.43,1587058855000000000,211.74310787671226,27
3012,2020-04-16 13:41:00-04:00,211.75,211.75,211.76,211.735,5277,209.43,1587058860000000000,211.74605228349444,47
3013,2020-04-16 13:41:05-04:00,211.75,211.73,211.75,211.73,2414,209.43,1587058865000000000,211.7387365368683,14
3014,2020-04-16 13:41:10-04:00,211.73,211.75,211.75,211.71,6046,209.43,1587058870000000000,211.73464968574257,68
3015,2020-04-16 13:41:15-04:00,211.757,211.77,211.79,211.75,8154,209.43,1587058875000000000,211.7757881162618,69
3016,2020-04-16 13:41:20-04:00,211.77,211.73,211.77,211.73,12664,209.43,1587058880000000000,211.75313092229933,93
3017,2020-04-16 13:41:25-04:00,211.73,211.875,211.875,211.71,54481,209.43,1587058885000000000,211.75888191296062,371
3018,2020-04-16 13:41:30-04:00,211.89,211.8379,211.89,211.8379,4414,209.43,1587058890000000000,211.86802616674217,20
3019,2020-04-16 13:41:35-04:00,211.83,211.9,211.9,211.8266,4173,209.43,1587058895000000000,211.8393098490295,36
3020,2020-04-16 13:41:40-04:00,211.9,211.85,211.92,211.85,4848,209.43,1587058900000000000,211.89577681518148,56
3021,2020-04-16 13:41:45-04:00,211.84,211.8,211.84,211.79,2532,209.43,1587058905000000000,211.8139809636651,26
3022,2020-04-16 13:41:50-04:00,211.79,211.72,211.8,211.72,14887,209.43,1587058910000000000,211.7597393497685,132
3023,2020-04-16 13:41:55-04:00,211.72,211.71,211.73,211.69,19282,209.43,1587058915000000000,211.71369593403185,99
3024,2020-04-16 13:42:00-04:00,211.71,211.69,211.71,211.66,16947,209.43,1587058920000000000,211.67836430636692,91
3025,2020-04-16 13:42:05-04:00,211.68,211.68,211.6902,211.68,5989,209.43,1587058925000000000,211.6869367173151,33
3026,2020-04-16 13:42:10-04:00,211.68,211.7,211.7,211.68,2220,209.43,1587058930000000000,211.68361171171168,19
3027,2020-04-16 13:42:15-04:00,211.7,211.72,211.72,211.7,743,209.43,1587058935000000000,211.7126979811575,19
3028,2020-04-16 13:42:20-04:00,211.73,211.72,211.73,211.71,1527,209.43,1587058940000000000,211.72551702685007,20
3029,2020-04-16 13:42:25-04:00,211.74,211.74,211.78,211.74,5079,209.43,1587058945000000000,211.75793364835602,55
3030,2020-04-16 13:42:30-04:00,211.74,211.79,211.79,211.74,6080,209.43,1587058950000000000,211.78528843750001,26
3031,2020-04-16 13:42:35-04:00,211.82,211.8299,211.8299,211.82,893,209.43,1587058955000000000,211.79596864501679,8
3032,2020-04-16 13:42:40-04:00,211.81,211.87,211.87,211.8,8295,209.43,1587058960000000000,211.84996448462934,75
3033,2020-04-16 13:42:45-04:00,211.86,211.8501,211.8792,211.85,1155,209.43,1587058965000000000,211.86180519480519,14
3034,2020-04-16 13:42:50-04:00,211.8599,211.845,211.8599,211.845,4936,209.43,1587058970000000000,211.8572264991896,11
3035,2020-04-16 13:42:55-04:00,211.84,211.9,211.9,211.84,2562,209.43,1587058975000000000,211.86995316159252,24
3036,2020-04-16 13:43:00-04:00,211.9,211.9,211.91,211.8999,1721,209.43,1587058980000000000,211.90100859965142,12
3037,2020-04-16 13:43:05-04:00,211.9,211.87,211.9,211.86,5933,209.43,1587058985000000000,211.86452722063035,36
3038,2020-04-16 13:43:10-04:00,211.89,211.93,211.93,211.89,2243,209.43,1587058990000000000,211.91274453856445,17
3039,2020-04-16 13:43:15-04:00,211.95,212.01,212.03,211.95,6897,209.43,1587058995000000000,211.98761065680725,44
3040,2020-04-16 13:43:20-04:00,212.02,212.02,212.03,211.99,8189,209.43,1587059000000000000,212.0076066674808,45
3041,2020-04-16 13:43:25-04:00,212.02,212.01,212.02,212,2676,209.43,1587059005000000000,212.0087974588939,28
3042,2020-04-16 13:43:30-04:00,212.005,212.035,212.04,211.98,3055,209.43,1587059010000000000,212.01258955810152,35
3043,2020-04-16 13:43:35-04:00,211.9999,211.99,212.02,211.99,2872,209.43,1587059015000000000,212.00125400417826,28
3044,2020-04-16 13:43:40-04:00,211.99,212.0067,212.0067,211.98,6867,209.43,1587059020000000000,212.00125817678753,14
3045,2020-04-16 13:43:45-04:00,212.01,211.9798,212.01,211.97,7315,209.43,1587059025000000000,211.99030939166096,45
3046,2020-04-16 13:43:50-04:00,211.97,212.0001,212.0001,211.95,8232,209.43,1587059030000000000,211.96906853741504,74
3047,2020-04-16 13:43:55-04:00,212,212.005,212.0099,211.99,1527,209.43,1587059035000000000,211.99170923379177,21
3048,2020-04-16 13:44:00-04:00,212,212.07,212.085,212,2510,209.43,1587059040000000000,212.04756334661352,33
3049,2020-04-16 13:44:05-04:00,212.07,212.07,212.07,212.0643,1183,209.43,1587059045000000000,212.0678064243449,15
3050,2020-04-16 13:44:10-04:00,212.08,212.08,212.11,212.08,3616,209.43,1587059050000000000,212.09285395464602,25
3051,2020-04-16 13:44:15-04:00,212.0758,212.09,212.09,212.06,2749,209.43,1587059055000000000,212.07331978901422,35
3052,2020-04-16 13:44:20-04:00,212.115,212.1,212.115,212.06,12005,209.43,1587059060000000000,212.0868509787588,107
3053,2020-04-16 13:44:25-04:00,212.099,212.09,212.099,212.06,19533,209.43,1587059065000000000,212.07289352889973,101
3054,2020-04-16 13:44:30-04:00,212.1,212.1,212.12,212.095,6724,209.43,1587059070000000000,212.111005800119,79
3055,2020-04-16 13:44:35-04:00,212.1,212.08,212.1,212.07,2070,209.43,1587059075000000000,212.08443043478263,19
3056,2020-04-16 13:44:40-04:00,212.08,212.1107,212.1107,212.08,1966,209.43,1587059080000000000,212.09273555442522,25
3057,2020-04-16 13:44:45-04:00,212.125,212.11,212.14,212.1,1826,209.43,1587059085000000000,212.1249178532311,19
3058,2020-04-16 13:44:50-04:00,212.13,212.11,212.13,212.11,886,209.43,1587059090000000000,212.123137020316,6
3059,2020-04-16 13:44:55-04:00,212.11,212.1,212.11,212.09,3514,209.43,1587059095000000000,212.08473898690954,36
3060,2020-04-16 13:45:00-04:00,212.11,212.06,212.11,212.05,2205,209.43,1587059100000000000,212.0668016780046,28
3061,2020-04-16 13:45:05-04:00,212.06,212.08,212.095,212.05,7456,209.43,1587059105000000000,212.05788696351937,34
3062,2020-04-16 13:45:10-04:00,212.07,212.1,212.1,212.05,4490,209.43,1587059110000000000,212.06166106904223,38
3063,2020-04-16 13:45:15-04:00,212.09,212.1001,212.13,212.0835,2648,209.43,1587059115000000000,212.1008944108761,40
3064,2020-04-16 13:45:20-04:00,212.115,212.05,212.12,212.05,4013,209.43,1587059120000000000,212.07773132319957,28
3065,2020-04-16 13:45:25-04:00,212.035,212.06,212.06,212.03,3980,209.43,1587059125000000000,212.03788336683417,23
3066,2020-04-16 13:45:30-04:00,212.05,212.01,212.0679,212.01,2877,209.43,1587059130000000000,212.03119951338203,30
3067,2020-04-16 13:45:35-04:00,212.0234,212.03,212.03,212.01,3768,209.43,1587059135000000000,212.01922879511673,22
3068,2020-04-16 13:45:40-04:00,212.03,212.0001,212.05,212.0001,2088,209.43,1587059140000000000,212.0217144157088,24
3069,2020-04-16 13:45:45-04:00,212,211.975,212,211.97,1680,209.43,1587059145000000000,211.98132142857142,16
3070,2020-04-16 13:45:50-04:00,211.9702,212,212,211.95,10698,209.43,1587059150000000000,211.96567207889342,67
3071,2020-04-16 13:45:55-04:00,212.01,212.03,212.06,212.01,12783,209.43,1587059155000000000,212.03284623327875,87
3072,2020-04-16 13:46:00-04:00,212.02,212.04,212.04,212.02,886,209.43,1587059160000000000,212.0293498871332,8
3073,2020-04-16 13:46:05-04:00,212.0401,212.0369,212.0497,212.03,455,209.43,1587059165000000000,212.03994637362638,10
3074,2020-04-16 13:46:10-04:00,212.01,212.0001,212.03,212.0001,573,209.43,1587059170000000000,212.01366841186734,9
3075,2020-04-16 13:46:15-04:00,212.01,212.02,212.04,212,5268,209.43,1587059175000000000,212.02407572133635,43
3076,2020-04-16 13:46:20-04:00,212,212.005,212.015,211.99,7757,209.43,1587059180000000000,212.00130251385843,64
3077,2020-04-16 13:46:25-04:00,212.02,212.04,212.04,211.99,5444,209.43,1587059185000000000,212.00991021307865,50
3078,2020-04-16 13:46:30-04:00,212.05,212.03,212.05,212.03,2055,209.43,1587059190000000000,212.04396593673965,7
3079,2020-04-16 13:46:35-04:00,212.03,212.03,212.03,212.02,1394,209.43,1587059195000000000,212.02312769010044,19
3080,2020-04-16 13:46:40-04:00,212.02,212.0001,212.03,212.0001,1077,209.43,1587059200000000000,212.0182336118849,14
3081,2020-04-16 13:46:45-04:00,212.0212,212,212.08,212,33678,209.43,1587059205000000000,212.05367866262867,157
3082,2020-04-16 13:46:50-04:00,212,211.985,212,211.97,13211,209.43,1587059210000000000,211.98230501854505,102
3083,2020-04-16 13:46:55-04:00,211.99,212.035,212.04,211.99,8261,209.43,1587059215000000000,212.03203943832463,17
3084,2020-04-16 13:47:00-04:00,212.05,212.02,212.06,212.02,7540,209.43,1587059220000000000,212.04741775862084,73
3085,2020-04-16 13:47:05-04:00,212,212.04,212.04,211.98,14040,209.43,1587059225000000000,211.98782178062675,64
3086,2020-04-16 13:47:10-04:00,212.06,212.07,212.1,212.06,28894,209.43,1587059230000000000,212.08781713158464,85
3087,2020-04-16 13:47:15-04:00,212.08,212.0502,212.09,212.0502,8916,209.43,1587059235000000000,212.0783552041275,31
3088,2020-04-16 13:47:20-04:00,212.0599,212.06,212.06,212.05,1774,209.43,1587059240000000000,212.05731803833146,22
3089,2020-04-16 13:47:25-04:00,212.06,212.08,212.08,212.06,465,209.43,1587059245000000000,212.06300645161292,10
3090,2020-04-16 13:47:30-04:00,212.07,212.0201,212.07,212.02,20338,209.43,1587059250000000000,212.03993621300023,106
3091,2020-04-16 13:47:35-04:00,212.025,212.06,212.06,212.025,2419,209.43,1587059255000000000,212.04318106655643,30
3092,2020-04-16 13:47:40-04:00,212.07,212.06,212.07,212.06,680,209.43,1587059260000000000,212.06745588235293,8
3093,2020-04-16 13:47:45-04:00,212.06,212,212.06,212,7911,209.43,1587059265000000000,212.02646664138553,55
3094,2020-04-16 13:47:50-04:00,212,211.95,212.005,211.95,18473,209.43,1587059270000000000,211.97163446651874,74
3095,2020-04-16 13:47:55-04:00,211.93,211.9201,211.95,211.92,7106,209.43,1587059275000000000,211.93929285111182,50
3096,2020-04-16 13:48:00-04:00,211.91,211.92,211.94,211.9,1341,209.43,1587059280000000000,211.924216256525,23
3097,2020-04-16 13:48:05-04:00,211.927,211.95,211.95,211.927,3313,209.43,1587059285000000000,211.92832834289163,8
3098,2020-04-16 13:48:10-04:00,211.98,211.98,212.0099,211.98,3603,209.43,1587059290000000000,211.98824035525953,52
3099,2020-04-16 13:48:15-04:00,211.9701,211.995,211.995,211.96,4674,209.43,1587059295000000000,211.97190607616602,26
3100,2020-04-16 13:48:20-04:00,212.0001,211.97,212.01,211.97,3363,209.43,1587059300000000000,211.99780225988704,23
3101,2020-04-16 13:48:25-04:00,211.975,211.945,211.98,211.94,3082,209.43,1587059305000000000,211.96240476963013,30
3102,2020-04-16 13:48:30-04:00,211.95,211.99,211.995,211.9488,10557,209.43,1587059310000000000,211.97956821066578,67
3103,2020-04-16 13:48:35-04:00,212,212.005,212.0202,212,2259,209.43,1587059315000000000,212.00247751217356,14
3104,2020-04-16 13:48:40-04:00,212,211.97,212.005,211.96,5612,209.43,1587059320000000000,211.97741981468283,52
3105,2020-04-16 13:48:45-04:00,211.95,211.94,211.95,211.91,14696,209.43,1587059325000000000,211.93911345264013,104
3106,2020-04-16 13:48:50-04:00,211.93,211.9271,211.93,211.9271,275,209.43,1587059330000000000,211.92514545454546,5
3107,2020-04-16 13:48:55-04:00,211.91,211.89,211.91,211.87,6839,209.43,1587059335000000000,211.89643262172834,47
3108,2020-04-16 13:49:00-04:00,211.88,211.9299,211.9299,211.88,4660,209.43,1587059340000000000,211.9013368669528,31
3109,2020-04-16 13:49:05-04:00,211.93,211.92,211.9399,211.91,6372,209.43,1587059345000000000,211.9168656465788,46
3110,2020-04-16 13:49:10-04:00,211.9,211.8916,211.91,211.89,6125,209.43,1587059350000000000,211.89475363265302,41
3111,2020-04-16 13:49:15-04:00,211.86,211.95,211.95,211.86,4158,209.43,1587059355000000000,211.882208994709,51
3112,2020-04-16 13:49:20-04:00,211.95,211.94,211.96,211.93,4312,209.43,1587059360000000000,211.94293538961045,46
3113,2020-04-16 13:49:25-04:00,211.95,211.91,211.955,211.91,3834,209.43,1587059365000000000,211.9288835419927,14
3114,2020-04-16 13:49:30-04:00,211.9,211.94,211.94,211.9,5674,209.43,1587059370000000000,211.92043479027137,21
3115,2020-04-16 13:49:35-04:00,211.91,211.91,211.91,211.89,1780,209.43,1587059375000000000,211.90019179775277,23
3116,2020-04-16 13:49:40-04:00,211.905,211.8738,211.915,211.85,11753,209.43,1587059380000000000,211.88911127371756,61
3117,2020-04-16 13:49:45-04:00,211.854,211.8399,211.854,211.83,1159,209.43,1587059385000000000,211.84308921484038,12
3118,2020-04-16 13:49:50-04:00,211.85,211.84,211.87,211.84,2624,209.43,1587059390000000000,211.852896722561,27
3119,2020-04-16 13:49:55-04:00,211.85,211.82,211.85,211.82,2435,209.43,1587059395000000000,211.82615790554416,23
3120,2020-04-16 13:50:00-04:00,211.81,211.845,211.8561,211.8,3666,209.43,1587059400000000000,211.82658764320783,35
3121,2020-04-16 13:50:05-04:00,211.83,211.76,211.835,211.76,18860,209.43,1587059405000000000,211.81270015906682,113
3122,2020-04-16 13:50:10-04:00,211.76,211.77,211.785,211.72,7459,209.43,1587059410000000000,211.75127856281,73
3123,2020-04-16 13:50:15-04:00,211.77,211.78,211.78,211.77,1191,209.43,1587059415000000000,211.77149529806886,11
3124,2020-04-16 13:50:20-04:00,211.785,211.8,211.8,211.76,4645,209.43,1587059420000000000,211.79136533907428,25
3125,2020-04-16 13:50:25-04:00,211.8,211.79,211.8,211.78,8992,209.43,1587059425000000000,211.79907079626332,41
3126,2020-04-16 13:50:30-04:00,211.78,211.77,211.79,211.77,14025,209.43,1587059430000000000,211.78319500891254,64
3127,2020-04-16 13:50:35-04:00,211.78,211.81,211.81,211.76,6546,209.43,1587059435000000000,211.7841261228231,62
3128,2020-04-16 13:50:40-04:00,211.81,211.86,211.86,211.81,1919,209.43,1587059440000000000,211.8484418968212,21
3129,2020-04-16 13:50:45-04:00,211.9,211.89,211.9199,211.855,28820,209.43,1587059445000000000,211.88372675919524,186
3130,2020-04-16 13:50:50-04:00,211.89,211.96,211.96,211.89,6010,209.43,1587059450000000000,211.93027703826957,39
3131,2020-04-16 13:50:55-04:00,211.99,211.97,211.99,211.965,4757,209.43,1587059455000000000,211.97817069581663,55
3132,2020-04-16 13:51:00-04:00,211.9777,211.95,211.9777,211.93,7212,209.43,1587059460000000000,211.9649910981698,51
3133,2020-04-16 13:51:05-04:00,211.93,211.92,211.94,211.92,1621,209.43,1587059465000000000,211.9315946946329,16
3134,2020-04-16 13:51:10-04:00,211.91,211.88,211.91,211.88,2099,209.43,1587059470000000000,211.89129614101952,16
3135,2020-04-16 13:51:15-04:00,211.86,211.8,211.86,211.8,4997,209.43,1587059475000000000,211.85036812087256,35
3136,2020-04-16 13:51:20-04:00,211.8,211.77,211.8,211.75,17144,209.43,1587059480000000000,211.77973630424643,141
3137,2020-04-16 13:51:25-04:00,211.765,211.72,211.77,211.71,12378,209.43,1587059485000000000,211.7409783486832,86
3138,2020-04-16 13:51:30-04:00,211.712,211.61,211.712,211.61,15069,209.43,1587059490000000000,211.68454130333808,94
3139,2020-04-16 13:51:35-04:00,211.61,211.59,211.61,211.55,10608,209.43,1587059495000000000,211.5848830316742,78
3140,2020-04-16 13:51:40-04:00,211.59,211.6,211.62,211.59,4381,209.43,1587059500000000000,211.60573720611728,40
3141,2020-04-16 13:51:45-04:00,211.59,211.6,211.6,211.55,16006,209.43,1587059505000000000,211.5729245283019,77
3142,2020-04-16 13:51:50-04:00,211.56,211.4599,211.56,211.4599,12446,209.43,1587059510000000000,211.50477543789177,59
3143,2020-04-16 13:51:55-04:00,211.45,211.45,211.46,211.4307,3369,209.43,1587059515000000000,211.45010745028202,30
3144,2020-04-16 13:52:00-04:00,211.45,211.4501,211.47,211.4379,6707,209.43,1587059520000000000,211.4536158491128,66
3145,2020-04-16 13:52:05-04:00,211.4514,211.46,211.47,211.4401,4086,209.43,1587059525000000000,211.4583504650024,24
3146,2020-04-16 13:52:10-04:00,211.4659,211.48,211.48,211.4659,1447,209.43,1587059530000000000,211.47078942639945,13
3147,2020-04-16 13:52:15-04:00,211.49,211.415,211.49,211.4013,16675,209.43,1587059535000000000,211.42353793103442,75
3148,2020-04-16 13:52:20-04:00,211.41,211.43,211.45,211.4,25406,209.43,1587059540000000000,211.41631606707085,90
3149,2020-04-16 13:52:25-04:00,211.43,211.3925,211.44,211.39,11525,209.43,1587059545000000000,211.4107085466379,78
3150,2020-04-16 13:52:30-04:00,211.405,211.46,211.46,211.405,4440,209.43,1587059550000000000,211.4372274774773,45
3151,2020-04-16 13:52:35-04:00,211.45,211.44,211.45,211.44,877,209.43,1587059555000000000,211.44700114025085,10
3152,2020-04-16 13:52:40-04:00,211.48,211.4699,211.48,211.44,6713,209.43,1587059560000000000,211.45196185014134,41
3153,2020-04-16 13:52:45-04:00,211.45,211.43,211.4699,211.43,5177,209.43,1587059565000000000,211.46600714699633,18
3154,2020-04-16 13:52:50-04:00,211.47,211.48,211.48,211.46,4283,209.43,1587059570000000000,211.47924113938828,26
3155,2020-04-16 13:52:55-04:00,211.46,211.46,211.46,211.45,1042,209.43,1587059575000000000,211.45529318618043,10
3156,2020-04-16 13:53:00-04:00,211.45,211.4301,211.48,211.43,7070,209.43,1587059580000000000,211.43987305516268,57
3157,2020-04-16 13:53:05-04:00,211.45,211.44,211.4599,211.44,2257,209.43,1587059585000000000,211.45074718653078,26
3158,2020-04-16 13:53:10-04:00,211.46,211.42,211.46,211.42,3187,209.43,1587059590000000000,211.44019375588317,28
3159,2020-04-16 13:53:15-04:00,211.42,211.41,211.42,211.38,8765,209.43,1587059595000000000,211.3999829549345,62
3160,2020-04-16 13:53:20-04:00,211.41,211.3601,211.4133,211.36,2706,209.43,1587059600000000000,211.38760325203253,19
3161,2020-04-16 13:53:25-04:00,211.36,211.3599,211.36,211.35,1657,209.43,1587059605000000000,211.35647091128544,19
3162,2020-04-16 13:53:30-04:00,211.36,211.31,211.36,211.31,4608,209.43,1587059610000000000,211.33571512586803,43
3163,2020-04-16 13:53:35-04:00,211.31,211.29,211.32,211.29,4338,209.43,1587059615000000000,211.3039817888428,59
3164,2020-04-16 13:53:40-04:00,211.28,211.2999,211.2999,211.27,3092,209.43,1587059620000000000,211.28216296895215,25
3165,2020-04-16 13:53:45-04:00,211.29,211.32,211.35,211.29,12097,209.43,1587059625000000000,211.32570852277425,61
3166,2020-04-16 13:53:50-04:00,211.3,211.3299,211.33,211.2911,4862,209.43,1587059630000000000,211.31557515425752,28
3167,2020-04-16 13:53:55-04:00,211.33,211.3,211.33,211.2899,10656,209.43,1587059635000000000,211.30382304804803,57
3168,2020-04-16 13:54:00-04:00,211.32,211.29,211.33,211.29,12343,209.43,1587059640000000000,211.31294697399326,107
3169,2020-04-16 13:54:05-04:00,211.3342,211.3562,211.3562,211.32,10803,209.43,1587059645000000000,211.33509147459037,64
3170,2020-04-16 13:54:10-04:00,211.3401,211.36,211.36,211.32,2820,209.43,1587059650000000000,211.3417978723404,22
3171,2020-04-16 13:54:15-04:00,211.34,211.405,211.41,211.34,2884,209.43,1587059655000000000,211.38963689320389,24
3172,2020-04-16 13:54:20-04:00,211.41,211.38,211.41,211.37,5169,209.43,1587059660000000000,211.3844470497195,39
3173,2020-04-16 13:54:25-04:00,211.38,211.4012,211.41,211.37,3070,209.43,1587059665000000000,211.38387400651467,26
3174,2020-04-16 13:54:30-04:00,211.41,211.4,211.4199,211.4,3325,209.43,1587059670000000000,211.40392075187964,31
3175,2020-04-16 13:54:35-04:00,211.4,211.4412,211.45,211.4,2084,209.43,1587059675000000000,211.4241122360845,33
3176,2020-04-16 13:54:40-04:00,211.42,211.42,211.4299,211.42,1426,209.43,1587059680000000000,211.42212931276302,17
3177,2020-04-16 13:54:45-04:00,211.45,211.46,211.46,211.45,440,209.43,1587059685000000000,211.45269886363636,9
3178,2020-04-16 13:54:50-04:00,211.45,211.3801,211.45,211.3801,1462,209.43,1587059690000000000,211.41930478796166,20
3179,2020-04-16 13:54:55-04:00,211.38,211.36,211.38,211.3599,564,209.43,1587059695000000000,211.36370709219858,9
3180,2020-04-16 13:55:00-04:00,211.37,211.31,211.4,211.3,7414,209.43,1587059700000000000,211.3710803884543,47
3181,2020-04-16 13:55:05-04:00,211.32,211.32,211.33,211.32,6681,209.43,1587059705000000000,211.32413560844185,61
3182,2020-04-16 13:55:10-04:00,211.325,211.34,211.34,211.3188,3687,209.43,1587059710000000000,211.328944263629,24
3183,2020-04-16 13:55:15-04:00,211.32,211.2899,211.32,211.27,6672,209.43,1587059715000000000,211.27926028177455,70
3184,2020-04-16 13:55:20-04:00,211.28,211.2901,211.2901,211.26,6248,209.43,1587059720000000000,211.27787227912933,56
3185,2020-04-16 13:55:25-04:00,211.3,211.3,211.31,211.28,4782,209.43,1587059725000000000,211.29715809284826,44
3186,2020-04-16 13:55:30-04:00,211.32,211.3301,211.35,211.31,4761,209.43,1587059730000000000,211.33122184415038,25
3187,2020-04-16 13:55:35-04:00,211.36,211.3001,211.37,211.3,7862,209.43,1587059735000000000,211.3170333121343,46
3188,2020-04-16 13:55:40-04:00,211.3371,211.41,211.42,211.33,3144,209.43,1587059740000000000,211.37803896310425,32
3189,2020-04-16 13:55:45-04:00,211.42,211.3898,211.42,211.38,1707,209.43,1587059745000000000,211.39539601640305,25
3190,2020-04-16 13:55:50-04:00,211.4199,211.41,211.4199,211.37,9074,209.43,1587059750000000000,211.3837103262068,59
3191,2020-04-16 13:55:55-04:00,211.42,211.38,211.42,211.38,8074,209.43,1587059755000000000,211.39440190735692,44
3192,2020-04-16 13:56:00-04:00,211.39,211.445,211.46,211.37,5580,209.43,1587059760000000000,211.40935231182797,51
3193,2020-04-16 13:56:05-04:00,211.42,211.4399,211.4399,211.4,5193,209.43,1587059765000000000,211.41964427113425,13
3194,2020-04-16 13:56:10-04:00,211.43,211.4686,211.49,211.43,2893,209.43,1587059770000000000,211.46654818527483,34
3195,2020-04-16 13:56:15-04:00,211.46,211.45,211.4699,211.45,2663,209.43,1587059775000000000,211.46177318813372,18
3196,2020-04-16 13:56:20-04:00,211.4201,211.45,211.45,211.4201,871,209.43,1587059780000000000,211.44184454649826,18
3197,2020-04-16 13:56:25-04:00,211.4499,211.4699,211.48,211.4499,1528,209.43,1587059785000000000,211.46463776178004,15
3198,2020-04-16 13:56:30-04:00,211.4625,211.44,211.47,211.44,1467,209.43,1587059790000000000,211.46398684389916,18
3199,2020-04-16 13:56:35-04:00,211.45,211.5,211.5,211.4466,1051,209.43,1587059795000000000,211.46704852521407,15
3200,2020-04-16 13:56:40-04:00,211.5,211.5001,211.51,211.49,1802,209.43,1587059800000000000,211.50050432852387,22
3201,2020-04-16 13:56:45-04:00,211.51,211.48,211.5199,211.48,2108,209.43,1587059805000000000,211.50079179316887,26
3202,2020-04-16 13:56:50-04:00,211.46,211.45,211.46,211.42,1170,209.43,1587059810000000000,211.44055042735042,12
3203,2020-04-16 13:56:55-04:00,211.445,211.4201,211.45,211.4201,606,209.43,1587059815000000000,211.43763135313532,11
3204,2020-04-16 13:57:00-04:00,211.44,211.48,211.48,211.44,2016,209.43,1587059820000000000,211.45945858134928,25
3205,2020-04-16 13:57:05-04:00,211.49,211.4532,211.49,211.45,1199,209.43,1587059825000000000,211.4711614678899,12
3206,2020-04-16 13:57:10-04:00,211.44,211.3602,211.44,211.3602,9711,209.43,1587059830000000000,211.40487165070536,37
3207,2020-04-16 13:57:15-04:00,211.37,211.36,211.38,211.355,2897,209.43,1587059835000000000,211.36732499137034,18
3208,2020-04-16 13:57:20-04:00,211.3601,211.305,211.37,211.305,8831,209.43,1587059840000000000,211.34223150266098,56
3209,2020-04-16 13:57:25-04:00,211.305,211.3,211.32,211.27,17530,209.43,1587059845000000000,211.29072648031922,112
3210,2020-04-16 13:57:30-04:00,211.28,211.29,211.29,211.28,1956,209.43,1587059850000000000,211.2816214212679,15
3211,2020-04-16 13:57:35-04:00,211.29,211.27,211.29,211.27,2930,209.43,1587059855000000000,211.2852347440273,36
3212,2020-04-16 13:57:40-04:00,211.26,211.285,211.29,211.25,4013,209.43,1587059860000000000,211.27833212060793,47
3213,2020-04-16 13:57:45-04:00,211.285,211.28,211.31,211.28,4515,209.43,1587059865000000000,211.29872644518272,41
3214,2020-04-16 13:57:50-04:00,211.26,211.26,211.27,211.255,3549,209.43,1587059870000000000,211.25956043956043,19
3215,2020-04-16 13:57:55-04:00,211.28,211.22,211.2885,211.22,11944,209.43,1587059875000000000,211.25410530810439,85
3216,2020-04-16 13:58:00-04:00,211.2,211.2,211.24,211.2,18546,209.43,1587059880000000000,211.211613215788,131
3217,2020-04-16 13:58:05-04:00,211.21,211.2,211.21,211.2,1310,209.43,1587059885000000000,211.2083854961832,20
3218,2020-04-16 13:58:10-04:00,211.19,211.13,211.19,211.13,10488,209.43,1587059890000000000,211.16723763348597,77
3219,2020-04-16 13:58:15-04:00,211.1331,211.18,211.18,211.1331,4577,209.43,1587059895000000000,211.15677793314407,34
3220,2020-04-16 13:58:20-04:00,211.1695,211.18,211.2,211.13,9808,209.43,1587059900000000000,211.18019818515504,69
3221,2020-04-16 13:58:25-04:00,211.17,211.1199,211.175,211.1073,19189,209.43,1587059905000000000,211.14203751107405,122
3222,2020-04-16 13:58:30-04:00,211.1334,211.15,211.19,211.1334,5601,209.43,1587059910000000000,211.16733976075693,42
3223,2020-04-16 13:58:35-04:00,211.18,211.22,211.22,211.1799,4212,209.43,1587059915000000000,211.1895815527066,34
3224,2020-04-16 13:58:40-04:00,211.21,211.19,211.21,211.19,1560,209.43,1587059920000000000,211.1985128205128,19
3225,2020-04-16 13:58:45-04:00,211.22,211.24,211.2532,211.22,5834,209.43,1587059925000000000,211.24350750771345,34
3226,2020-04-16 13:58:50-04:00,211.235,211.24,211.26,211.23,3721,209.43,1587059930000000000,211.24689467884988,41
3227,2020-04-16 13:58:55-04:00,211.2401,211.2499,211.2499,211.23,2197,209.43,1587059935000000000,211.2365019572144,22
3228,2020-04-16 13:59:00-04:00,211.22,211.305,211.31,211.22,4676,209.43,1587059940000000000,211.26652694610775,43
3229,2020-04-16 13:59:05-04:00,211.3,211.295,211.32,211.295,3408,209.43,1587059945000000000,211.3049458626761,47
3230,2020-04-16 13:59:10-04:00,211.32,211.4,211.4,211.32,11888,209.43,1587059950000000000,211.3607099848585,102
3231,2020-04-16 13:59:15-04:00,211.38,211.4,211.4,211.35,4147,209.43,1587059955000000000,211.37406030865682,49
3232,2020-04-16 13:59:20-04:00,211.41,211.42,211.44,211.41,2770,209.43,1587059960000000000,211.42550541516238,32
3233,2020-04-16 13:59:25-04:00,211.4299,211.425,211.44,211.42,1511,209.43,1587059965000000000,211.42928464592984,21
3234,2020-04-16 13:59:30-04:00,211.41,211.3601,211.43,211.3601,10748,209.43,1587059970000000000,211.38915982508374,73
3235,2020-04-16 13:59:35-04:00,211.38,211.46,211.48,211.38,13210,209.43,1587059975000000000,211.43947417865246,160
3236,2020-04-16 13:59:40-04:00,211.46,211.4299,211.46,211.4299,1026,209.43,1587059980000000000,211.44727582846002,10
3237,2020-04-16 13:59:45-04:00,211.44,211.43,211.44,211.42,1404,209.43,1587059985000000000,211.4306547720798,14
3238,2020-04-16 13:59:50-04:00,211.4,211.43,211.43,211.4,1985,209.43,1587059990000000000,211.4119607556675,14
3239,2020-04-16 13:59:55-04:00,211.39,211.43,211.43,211.39,2460,209.43,1587059995000000000,211.3980894308943,13
3240,2020-04-16 14:00:00-04:00,211.45,211.36,211.45,211.3484,6735,209.43,1587060000000000000,211.39004898292495,61
3241,2020-04-16 14:00:05-04:00,211.3568,211.41,211.42,211.34,7074,209.43,1587060005000000000,211.3691646734521,29
3242,2020-04-16 14:00:10-04:00,211.39,211.36,211.39,211.35,1789,209.43,1587060010000000000,211.36401676914477,18
3243,2020-04-16 14:00:15-04:00,211.35,211.29,211.35,211.29,10205,209.43,1587060015000000000,211.29859982361583,68
3244,2020-04-16 14:00:20-04:00,211.28,211.25,211.28,211.21,5643,209.43,1587060020000000000,211.2495673046253,46
3245,2020-04-16 14:00:25-04:00,211.2401,211.18,211.26,211.18,4966,209.43,1587060025000000000,211.21731071284734,34
3246,2020-04-16 14:00:30-04:00,211.16,211.18,211.18,211.1574,4577,209.43,1587060030000000000,211.16345204282288,26
3247,2020-04-16 14:00:35-04:00,211.19,211.17,211.19,211.17,1395,209.43,1587060035000000000,211.17948602150534,16
3248,2020-04-16 14:00:40-04:00,211.16,211.13,211.16,211.1,18203,209.43,1587060040000000000,211.13745098610121,142
3249,2020-04-16 14:00:45-04:00,211.12,211.02,211.12,211.01,47940,209.43,1587060045000000000,211.040041908636,407
3250,2020-04-16 14:00:50-04:00,211.02,210.8911,211.0217,210.87,38235,209.43,1587060050000000000,210.9696196259965,325
3251,2020-04-16 14:00:55-04:00,210.89,210.9334,210.956,210.89,10725,209.43,1587060055000000000,210.9174793379953,50
3252,2020-04-16 14:01:00-04:00,210.93,210.96,210.99,210.93,13600,209.43,1587060060000000000,210.94838205882365,60
3253,2020-04-16 14:01:05-04:00,210.93,210.93,210.93,210.89,13741,209.43,1587060065000000000,210.91170657157417,53
3254,2020-04-16 14:01:10-04:00,210.94,210.965,210.97,210.9301,4870,209.43,1587060070000000000,210.9462607802875,30
3255,2020-04-16 14:01:15-04:00,210.94,210.95,210.97,210.91,39732,209.43,1587060075000000000,210.9361587687511,226
3256,2020-04-16 14:01:20-04:00,210.96,210.95,210.9686,210.93,5255,209.43,1587060080000000000,210.94643158896287,32
3257,2020-04-16 14:01:25-04:00,210.99,211.02,211.03,210.99,9398,209.43,1587060085000000000,211.01590044690363,91
3258,2020-04-16 14:01:30-04:00,211.05,211.03,211.06,211.0155,5656,209.43,1587060090000000000,211.04093440594048,53
3259,2020-04-16 14:01:35-04:00,211.03,211,211.03,210.995,1785,209.43,1587060095000000000,211.01604481792722,23
3260,2020-04-16 14:01:40-04:00,211.01,210.99,211.01,210.97,11492,209.43,1587060100000000000,210.990991994431,119
3261,2020-04-16 14:01:45-04:00,210.98,211.01,211.01,210.97,1577,209.43,1587060105000000000,210.9874597336715,20
3262,2020-04-16 14:01:50-04:00,211,211.01,211.02,210.995,6158,209.43,1587060110000000000,211.00947780123417,31
3263,2020-04-16 14:01:55-04:00,211.01,210.97,211.02,210.97,2381,209.43,1587060115000000000,211.00028139437214,25
3264,2020-04-16 14:02:00-04:00,210.99,211.095,211.11,210.99,5685,209.43,1587060120000000000,211.07119613016715,44
3265,2020-04-16 14:02:05-04:00,211.08,211.09,211.105,211.08,4050,209.43,1587060125000000000,211.09690167901232,51
3266,2020-04-16 14:02:10-04:00,211.1,211.13,211.1335,211.1,2997,209.43,1587060130000000000,211.12561348014685,23
3267,2020-04-16 14:02:15-04:00,211.12,211.12,211.1399,211.115,1246,209.43,1587060135000000000,211.123357223114,11
3268,2020-04-16 14:02:20-04:00,211.13,211.12,211.14,211.1,2331,209.43,1587060140000000000,211.12514071214068,31
3269,2020-04-16 14:02:25-04:00,211.13,211.13,211.16,211.11,1517,209.43,1587060145000000000,211.13078477257744,16
3270,2020-04-16 14:02:30-04:00,211.14,211.15,211.15,211.14,2565,209.43,1587060150000000000,211.14352436647178,40
3271,2020-04-16 14:02:35-04:00,211.14,211.15,211.18,211.1299,5649,209.43,1587060155000000000,211.1477827934148,68
3272,2020-04-16 14:02:40-04:00,211.1699,211.1532,211.19,211.1532,5177,209.43,1587060160000000000,211.1649254394437,25
3273,2020-04-16 14:02:45-04:00,211.155,211.16,211.16,211.14,907,209.43,1587060165000000000,211.1452313120177,14
3274,2020-04-16 14:02:50-04:00,211.19,211.21,211.22,211.19,2477,209.43,1587060170000000000,211.21523617278967,19
3275,2020-04-16 14:02:55-04:00,211.21,211.1101,211.21,211.11,2657,209.43,1587060175000000000,211.15847196085812,26
3276,2020-04-16 14:03:00-04:00,211.105,211.1,211.14,211.08,2345,209.43,1587060180000000000,211.11370234541573,26
3277,2020-04-16 14:03:05-04:00,211.0998,211.06,211.0998,211.06,849,209.43,1587060185000000000,211.08860223792698,13
3278,2020-04-16 14:03:10-04:00,211.09,211.09,211.1,211.08,2855,209.43,1587060190000000000,211.0919544658494,33
3279,2020-04-16 14:03:15-04:00,211.1,211.11,211.11,211.08,1569,209.43,1587060195000000000,211.09543862332694,36
3280,2020-04-16 14:03:20-04:00,211.13,211.14,211.1599,211.1062,2250,209.43,1587060200000000000,211.11708000000004,29
3281,2020-04-16 14:03:25-04:00,211.17,211.22,211.22,211.17,12175,209.43,1587060205000000000,211.21444312114994,68
3282,2020-04-16 14:03:30-04:00,211.2331,211.26,211.26,211.23,2436,209.43,1587060210000000000,211.24501929392443,32
3283,2020-04-16 14:03:35-04:00,211.26,211.22,211.2615,211.2,4695,209.43,1587060215000000000,211.23683407880728,35
3284,2020-04-16 14:03:40-04:00,211.23,211.2579,211.26,211.22,2573,209.43,1587060220000000000,211.23987555382826,22
3285,2020-04-16 14:03:45-04:00,211.28,211.3264,211.3379,211.28,7239,209.43,1587060225000000000,211.29854131786155,37
3286,2020-04-16 14:03:50-04:00,211.32,211.31,211.32,211.2932,4030,209.43,1587060230000000000,211.30916506203474,22
3287,2020-04-16 14:03:55-04:00,211.31,211.3085,211.31,211.29,2529,209.43,1587060235000000000,211.30619652036376,11
3288,2020-04-16 14:04:00-04:00,211.29,211.285,211.3,211.26,6255,209.43,1587060240000000000,211.28035971223022,19
3289,2020-04-16 14:04:05-04:00,211.29,211.26,211.295,211.26,8577,209.43,1587060245000000000,211.27856418328085,43
3290,2020-04-16 14:04:10-04:00,211.255,211.305,211.305,211.25,7747,209.43,1587060250000000000,211.26724272621658,38
3291,2020-04-16 14:04:15-04:00,211.31,211.3538,211.3538,211.29,4092,209.43,1587060255000000000,211.32729508797652,25
3292,2020-04-16 14:04:20-04:00,211.3299,211.34,211.34,211.31,2098,209.43,1587060260000000000,211.31978551000947,15
3293,2020-04-16 14:04:25-04:00,211.34,211.3,211.34,211.3,3724,209.43,1587060265000000000,211.31467776584313,33
3294,2020-04-16 14:04:30-04:00,211.32,211.33,211.34,211.32,1150,209.43,1587060270000000000,211.32479999999998,9
3295,2020-04-16 14:04:35-04:00,211.33,211.31,211.35,211.31,4323,209.43,1587060275000000000,211.32723802914649,30
3296,2020-04-16 14:04:40-04:00,211.33,211.409,211.41,211.33,10226,209.43,1587060280000000000,211.39293988851944,38
3297,2020-04-16 14:04:45-04:00,211.39,211.3866,211.4,211.36,7963,209.43,1587060285000000000,211.37703880447063,36
3298,2020-04-16 14:04:50-04:00,211.4,211.34,211.4,211.34,5154,209.43,1587060290000000000,211.3744431509507,41
3299,2020-04-16 14:04:55-04:00,211.34,211.38,211.38,211.34,1796,209.43,1587060295000000000,211.3679788418709,24
3300,2020-04-16 14:05:00-04:00,211.39,211.427,211.427,211.38,1683,209.43,1587060300000000000,211.40446577540104,16
3301,2020-04-16 14:05:05-04:00,211.42,211.4,211.42,211.38,7314,209.43,1587060305000000000,211.3885726004921,56
3302,2020-04-16 14:05:10-04:00,211.3901,211.42,211.42,211.36,5729,209.43,1587060310000000000,211.36969104555766,37
3303,2020-04-16 14:05:15-04:00,211.3999,211.3499,211.3999,211.34,14564,209.43,1587060315000000000,211.35339326421305,70
3304,2020-04-16 14:05:20-04:00,211.35,211.3362,211.35,211.32,1893,209.43,1587060320000000000,211.33312657157953,22
3305,2020-04-16 14:05:25-04:00,211.35,211.35,211.37,211.34,2315,209.43,1587060325000000000,211.35536933045356,24
3306,2020-04-16 14:05:30-04:00,211.37,211.34,211.373,211.34,4042,209.43,1587060330000000000,211.36686001979217,17
3307,2020-04-16 14:05:35-04:00,211.33,211.325,211.33,211.3001,4817,209.43,1587060335000000000,211.31555522109196,27
3308,2020-04-16 14:05:40-04:00,211.305,211.2806,211.31,211.2806,2191,209.43,1587060340000000000,211.2984436330443,21
3309,2020-04-16 14:05:45-04:00,211.295,211.26,211.295,211.24,6525,209.43,1587060345000000000,211.2697750804598,42
3310,2020-04-16 14:05:50-04:00,211.26,211.255,211.265,211.2461,2873,209.43,1587060350000000000,211.25277062304212,22
3311,2020-04-16 14:05:55-04:00,211.27,211.24,211.2799,211.23,4787,209.43,1587060355000000000,211.25963547106747,22
3312,2020-04-16 14:06:00-04:00,211.23,211.27,211.28,211.23,4914,209.43,1587060360000000000,211.24305974765971,42
3313,2020-04-16 14:06:05-04:00,211.27,211.27,211.2747,211.27,1807,209.43,1587060365000000000,211.27395240730493,6
3314,2020-04-16 14:06:10-04:00,211.27,211.24,211.27,211.22,2326,209.43,1587060370000000000,211.24576500429924,22
3315,2020-04-16 14:06:15-04:00,211.27,211.26,211.27,211.26,478,209.43,1587060375000000000,211.26284518828456,8
3316,2020-04-16 14:06:20-04:00,211.2553,211.2,211.2553,211.19,6447,209.43,1587060380000000000,211.20972700480849,35
3317,2020-04-16 14:06:25-04:00,211.19,211.2,211.22,211.17,10058,209.43,1587060385000000000,211.19998088089096,51
3318,2020-04-16 14:06:30-04:00,211.2,211.14,211.2,211.135,3564,209.43,1587060390000000000,211.17339225589234,30
3319,2020-04-16 14:06:35-04:00,211.14,211.17,211.17,211.13,17537,209.43,1587060395000000000,211.14038949079085,44
3320,2020-04-16 14:06:40-04:00,211.1401,211.15,211.156,211.1399,2554,209.43,1587060400000000000,211.1434377447142,19
3321,2020-04-16 14:06:45-04:00,211.13,211.205,211.21,211.13,4572,209.43,1587060405000000000,211.17405330271217,22
3322,2020-04-16 14:06:50-04:00,211.19,211.24,211.24,211.18,3507,209.43,1587060410000000000,211.20563966353006,29
3323,2020-04-16 14:06:55-04:00,211.235,211.2772,211.28,211.2326,3616,209.43,1587060415000000000,211.26651869469026,29
3324,2020-04-16 14:07:00-04:00,211.27,211.35,211.35,211.27,5440,209.43,1587060420000000000,211.3136584007354,55
3325,2020-04-16 14:07:05-04:00,211.34,211.41,211.41,211.33,4790,209.43,1587060425000000000,211.36729956158666,52
3326,2020-04-16 14:07:10-04:00,211.41,211.49,211.51,211.37,16557,209.43,1587060430000000000,211.45900338225533,96
3327,2020-04-16 14:07:15-04:00,211.49,211.48,211.495,211.46,6724,209.43,1587060435000000000,211.4724251041047,72
3328,2020-04-16 14:07:20-04:00,211.5,211.57,211.575,211.5,8671,209.43,1587060440000000000,211.5457281743742,89
3329,2020-04-16 14:07:25-04:00,211.58,211.6,211.61,211.5501,12698,209.43,1587060445000000000,211.5797375570959,104
3330,2020-04-16 14:07:30-04:00,211.58,211.5507,211.6,211.54,10077,209.43,1587060450000000000,211.57135868810155,63
3331,2020-04-16 14:07:35-04:00,211.555,211.515,211.56,211.515,5578,209.43,1587060455000000000,211.53400591609898,25
3332,2020-04-16 14:07:40-04:00,211.54,211.57,211.57,211.5301,1464,209.43,1587060460000000000,211.54766516393448,21
3333,2020-04-16 14:07:45-04:00,211.57,211.58,211.6,211.5601,4241,209.43,1587060465000000000,211.5771917000707,46
3334,2020-04-16 14:07:50-04:00,211.58,211.58,211.6,211.57,2536,209.43,1587060470000000000,211.5829032334385,36
3335,2020-04-16 14:07:55-04:00,211.54,211.62,211.65,211.54,21178,209.43,1587060475000000000,211.61994568420033,123
3336,2020-04-16 14:08:00-04:00,211.63,211.58,211.63,211.58,4724,209.43,1587060480000000000,211.59333107536003,59
3337,2020-04-16 14:08:05-04:00,211.62,211.61,211.627,211.6,30350,209.43,1587060485000000000,211.61022011532108,169
3338,2020-04-16 14:08:10-04:00,211.6,211.59,211.62,211.59,4015,209.43,1587060490000000000,211.60166151930244,46
3339,2020-04-16 14:08:15-04:00,211.56,211.53,211.56,211.53,5387,209.43,1587060495000000000,211.54097872656382,42
3340,2020-04-16 14:08:20-04:00,211.54,211.57,211.57,211.54,1596,209.43,1587060500000000000,211.56025908521303,26
3341,2020-04-16 14:08:25-04:00,211.57,211.5698,211.571,211.56,2454,209.43,1587060505000000000,211.5694773023635,21
3342,2020-04-16 14:08:30-04:00,211.57,211.56,211.57,211.56,488,209.43,1587060510000000000,211.5636698770492,10
3343,2020-04-16 14:08:35-04:00,211.56,211.58,211.58,211.54,7216,209.43,1587060515000000000,211.567154462306,37
3344,2020-04-16 14:08:40-04:00,211.56,211.6,211.6,211.524,7246,209.43,1587060520000000000,211.54483308032016,36
3345,2020-04-16 14:08:45-04:00,211.59,211.6,211.6,211.565,7694,209.43,1587060525000000000,211.57777195217045,35
3346,2020-04-16 14:08:50-04:00,211.59,211.59,211.61,211.58,4290,209.43,1587060530000000000,211.59465018648024,57
3347,2020-04-16 14:08:55-04:00,211.58,211.68,211.68,211.58,10795,209.43,1587060535000000000,211.64262677165357,53
3348,2020-04-16 14:09:00-04:00,211.68,211.5981,211.68,211.59,8724,209.43,1587060540000000000,211.61556338835385,82
3349,2020-04-16 14:09:05-04:00,211.6032,211.66,211.66,211.59,2385,209.43,1587060545000000000,211.6185412159329,11
3350,2020-04-16 14:09:10-04:00,211.7,211.76,211.7901,211.7,31324,209.43,1587060550000000000,211.75724859213364,248
3351,2020-04-16 14:09:15-04:00,211.76,211.83,211.83,211.76,15020,209.43,1587060555000000000,211.7964745472704,51
3352,2020-04-16 14:09:20-04:00,211.83,211.81,211.83,211.79,9535,209.43,1587060560000000000,211.81107943366533,88
3353,2020-04-16 14:09:25-04:00,211.81,211.83,211.88,211.81,14302,209.43,1587060565000000000,211.84509788840728,114
3354,2020-04-16 14:09:30-04:00,211.85,211.85,211.87,211.84,7819,209.43,1587060570000000000,211.85271009080466,77
3355,2020-04-16 14:09:35-04:00,211.8369,211.82,211.84,211.82,12314,209.43,1587060575000000000,211.8284010232255,45
3356,2020-04-16 14:09:40-04:00,211.83,211.82,211.85,211.82,2685,209.43,1587060580000000000,211.84099847299814,26
3357,2020-04-16 14:09:45-04:00,211.81,211.81,211.82,211.8,7445,209.43,1587060585000000000,211.8169106783076,24
3358,2020-04-16 14:09:50-04:00,211.83,211.8368,211.8368,211.83,4302,209.43,1587060590000000000,211.83655397489542,6
3359,2020-04-16 14:09:55-04:00,211.838,211.81,211.84,211.81,3613,209.43,1587060595000000000,211.8206061444783,23
3360,2020-04-16 14:10:00-04:00,211.82,211.79,211.83,211.79,11140,209.43,1587060600000000000,211.81051833034118,93
3361,2020-04-16 14:10:05-04:00,211.79,211.79,211.8035,211.78,2669,209.43,1587060605000000000,211.79168358935937,31
3362,2020-04-16 14:10:10-04:00,211.79,211.79,211.79,211.79,1158,209.43,1587060610000000000,211.78975215889466,18
3363,2020-04-16 14:10:15-04:00,211.79,211.77,211.7957,211.77,1848,209.43,1587060615000000000,211.78415303030306,20
3364,2020-04-16 14:10:20-04:00,211.77,211.73,211.785,211.725,11009,209.43,1587060620000000000,211.75958079752914,78
3365,2020-04-16 14:10:25-04:00,211.7499,211.7499,211.75,211.74,6102,209.43,1587060625000000000,211.744925008194,19
3366,2020-04-16 14:10:30-04:00,211.74,211.72,211.77,211.72,3097,209.43,1587060630000000000,211.74983532450756,31
3367,2020-04-16 14:10:35-04:00,211.7378,211.73,211.75,211.71,11625,209.43,1587060635000000000,211.73573201720416,74
3368,2020-04-16 14:10:40-04:00,211.7299,211.72,211.7399,211.72,4980,209.43,1587060640000000000,211.72966413654615,21
3369,2020-04-16 14:10:45-04:00,211.7269,211.7687,211.79,211.72,6168,209.43,1587060645000000000,211.74143378728934,48
3370,2020-04-16 14:10:50-04:00,211.76,211.74,211.76,211.7398,152769,209.43,1587060650000000000,211.70278509056155,46
3371,2020-04-16 14:10:55-04:00,211.74,211.76,211.78,211.74,1895,209.43,1587060655000000000,211.7604529287599,25
3372,2020-04-16 14:11:00-04:00,211.76,211.78,211.78,211.75,4562,209.43,1587060660000000000,211.76432814555022,33
3373,2020-04-16 14:11:05-04:00,211.775,211.78,211.79,211.76,5906,209.43,1587060665000000000,211.77270724686767,53
3374,2020-04-16 14:11:10-04:00,211.74,211.77,211.77,211.74,2387,209.43,1587060670000000000,211.76155127775453,22
3375,2020-04-16 14:11:15-04:00,211.77,211.765,211.77,211.765,660,209.43,1587060675000000000,211.768955,6
3376,2020-04-16 14:11:20-04:00,211.77,211.7615,211.79,211.7615,1963,209.43,1587060680000000000,211.7757134488029,20
3377,2020-04-16 14:11:25-04:00,211.76,211.74,211.76,211.73,2166,209.43,1587060685000000000,211.74141966759004,22
3378,2020-04-16 14:11:30-04:00,211.74,211.74,211.74,211.74,1302,209.43,1587060690000000000,211.74024308755762,18
3379,2020-04-16 14:11:35-04:00,211.75,211.73,211.7599,211.73,7045,209.43,1587060695000000000,211.75305524485458,16
3380,2020-04-16 14:11:40-04:00,211.73,211.72,211.73,211.72,376,209.43,1587060700000000000,211.72586968085102,8
3381,2020-04-16 14:11:45-04:00,211.72,211.67,211.73,211.65,7932,209.43,1587060705000000000,211.68726674230967,47
3382,2020-04-16 14:11:50-04:00,211.67,211.68,211.6996,211.67,9514,209.43,1587060710000000000,211.6868683624133,74
3383,2020-04-16 14:11:55-04:00,211.68,211.6899,211.6899,211.65,6918,209.43,1587060715000000000,211.6713349233883,24
3384,2020-04-16 14:12:00-04:00,211.71,211.76,211.76,211.71,14468,209.43,1587060720000000000,211.73954982029284,76
3385,2020-04-16 14:12:05-04:00,211.76,211.77,211.77,211.76,4573,209.43,1587060725000000000,211.7645189153728,46
3386,2020-04-16 14:12:10-04:00,211.76,211.7578,211.77,211.74,3843,209.43,1587060730000000000,211.75357272963828,15
3387,2020-04-16 14:12:15-04:00,211.74,211.75,211.75,211.74,2300,209.43,1587060735000000000,211.7457860869565,20
3388,2020-04-16 14:12:20-04:00,211.71,211.73,211.74,211.71,1659,209.43,1587060740000000000,211.72850566606388,22
3389,2020-04-16 14:12:25-04:00,211.72,211.82,211.82,211.72,108849,209.43,1587060745000000000,211.98159208628482,69
3390,2020-04-16 14:12:30-04:00,211.84,211.84,211.85,211.8366,4151,209.43,1587060750000000000,211.84436008190795,61
3391,2020-04-16 14:12:35-04:00,211.84,211.82,211.84,211.81,5070,209.43,1587060755000000000,211.8235980276134,70
3392,2020-04-16 14:12:40-04:00,211.84,211.81,211.87,211.81,2612,209.43,1587060760000000000,211.8527041730474,21
3393,2020-04-16 14:12:45-04:00,211.81,211.76,211.81,211.735,4078,209.43,1587060765000000000,211.78001875919566,51
3394,2020-04-16 14:12:50-04:00,211.75,211.77,211.77,211.75,797,209.43,1587060770000000000,211.7567856963614,14
3395,2020-04-16 14:12:55-04:00,211.79,211.78,211.79,211.77,3019,209.43,1587060775000000000,211.78234845975496,25
3396,2020-04-16 14:13:00-04:00,211.77,211.77,211.77,211.755,3060,209.43,1587060780000000000,211.76382352941187,23
3397,2020-04-16 14:13:05-04:00,211.78,211.76,211.78,211.76,3102,209.43,1587060785000000000,211.77664294003876,29
3398,2020-04-16 14:13:10-04:00,211.75,211.74,211.755,211.74,4005,209.43,1587060790000000000,211.74903498127338,38
3399,2020-04-16 14:13:15-04:00,211.755,211.775,211.78,211.755,2805,209.43,1587060795000000000,211.77168074866313,32
3400,2020-04-16 14:13:20-04:00,211.78,211.875,211.875,211.78,3324,209.43,1587060800000000000,211.83357842960282,27
3401,2020-04-16 14:13:25-04:00,211.88,211.86,211.89,211.86,5223,209.43,1587060805000000000,211.8760901206203,60
3402,2020-04-16 14:13:35-04:00,211.85,211.83,211.85,211.82,3293,209.43,1587060815000000000,211.82620406923772,27
3403,2020-04-16 14:13:40-04:00,211.83,211.85,211.85,211.82,2617,209.43,1587060820000000000,211.82931196025982,28
3404,2020-04-16 14:13:45-04:00,211.84,211.81,211.84,211.81,808,209.43,1587060825000000000,211.83260037128716,10
3405,2020-04-16 14:13:50-04:00,211.84,211.83,211.86,211.83,1266,209.43,1587060830000000000,211.85115758293844,18
3406,2020-04-16 14:13:55-04:00,211.81,211.775,211.81,211.76,5524,209.43,1587060835000000000,211.780201846488,39
3407,2020-04-16 14:14:00-04:00,211.78,211.74,211.78,211.73,6020,209.43,1587060840000000000,211.76043920265766,61
3408,2020-04-16 14:14:05-04:00,211.74,211.74,211.75,211.7399,3479,209.43,1587060845000000000,211.74722635814888,35
3409,2020-04-16 14:14:10-04:00,211.76,211.82,211.82,211.76,1377,209.43,1587060850000000000,211.7903689179375,14
3410,2020-04-16 14:14:15-04:00,211.84,211.85,211.85,211.84,630,209.43,1587060855000000000,211.83958603174602,11
3411,2020-04-16 14:14:20-04:00,211.8315,211.89,211.89,211.83,2227,209.43,1587060860000000000,211.8528867085766,22
3412,2020-04-16 14:14:25-04:00,211.8918,211.9,211.92,211.8918,7933,209.43,1587060865000000000,211.9046533467792,81
3413,2020-04-16 14:14:30-04:00,211.9089,211.99,212.02,211.9,29215,209.43,1587060870000000000,211.97598843060075,216
3414,2020-04-16 14:14:35-04:00,211.99,212.01,212.02,211.9757,27809,209.43,1587060875000000000,211.99845870042085,195
3415,2020-04-16 14:14:40-04:00,212,211.98,212,211.97,9859,209.43,1587060880000000000,211.9837523988236,70
3416,2020-04-16 14:14:45-04:00,211.98,211.9836,211.985,211.97,5094,209.43,1587060885000000000,211.98094939144084,22
3417,2020-04-16 14:14:50-04:00,211.98,211.97,211.98,211.96,2592,209.43,1587060890000000000,211.970840470679,18
3418,2020-04-16 14:14:55-04:00,211.97,212.01,212.02,211.97,4059,209.43,1587060895000000000,212.00127494456757,43
3419,2020-04-16 14:15:00-04:00,212,212.02,212.05,212,7282,209.43,1587060900000000000,212.02178611645144,63
3420,2020-04-16 14:15:05-04:00,212.03,212.09,212.09,212.03,12855,209.43,1587060905000000000,212.0583159626603,93
3421,2020-04-16 14:15:10-04:00,212.1,212.11,212.15,212.09,16892,209.43,1587060910000000000,212.12065182926838,138
3422,2020-04-16 14:15:15-04:00,212.11,212.09,212.11,212.09,5344,209.43,1587060915000000000,212.10482784431142,8
3423,2020-04-16 14:15:20-04:00,212.08,212.0499,212.09,212.0499,4565,209.43,1587060920000000000,212.07720900328582,29
3424,2020-04-16 14:15:25-04:00,212.06,212.0657,212.0799,212.06,877,209.43,1587060925000000000,212.0665331812999,10
3425,2020-04-16 14:15:30-04:00,212.06,212.11,212.11,212.06,4306,209.43,1587060930000000000,212.08679400836047,49
3426,2020-04-16 14:15:35-04:00,212.11,212.08,212.12,212.06,7029,209.43,1587060935000000000,212.08053664817174,76
3427,2020-04-16 14:15:40-04:00,212.08,212.095,212.13,212.08,11134,209.43,1587060940000000000,212.10952097179802,112
3428,2020-04-16 14:15:45-04:00,212.09,212.12,212.12,212.05,21720,209.43,1587060945000000000,212.08908333333392,173
3429,2020-04-16 14:15:50-04:00,212.12,212.15,212.15,212.12,17580,209.43,1587060950000000000,212.12935989761095,30
3430,2020-04-16 14:15:55-04:00,212.16,212.2,212.22,212.155,37829,209.43,1587060955000000000,212.19611542731766,228
3431,2020-04-16 14:16:00-04:00,212.2,212.1794,212.21,212.17,7592,209.43,1587060960000000000,212.1940223788198,39
3432,2020-04-16 14:16:05-04:00,212.17,212.15,212.17,212.1401,2752,209.43,1587060965000000000,212.1562706758721,35
3433,2020-04-16 14:16:10-04:00,212.1401,212.13,212.15,212.13,2789,209.43,1587060970000000000,212.1390829329509,13
3434,2020-04-16 14:16:15-04:00,212.14,212.11,212.14,212.09,11283,209.43,1587060975000000000,212.10143224319782,40
3435,2020-04-16 14:16:20-04:00,212.11,212.07,212.12,212.07,13586,209.43,1587060980000000000,212.1004698733992,96
3436,2020-04-16 14:16:25-04:00,212.07,212.07,212.07,212.03,4658,209.43,1587060985000000000,212.04603477887508,32
3437,2020-04-16 14:16:30-04:00,212.065,212.05,212.07,212.03,2475,209.43,1587060990000000000,212.0587474747475,21
3438,2020-04-16 14:16:35-04:00,212.06,212.07,212.08,212.02,6393,209.43,1587060995000000000,212.05895592053815,57
3439,2020-04-16 14:16:40-04:00,212.07,212.045,212.07,212.045,3019,209.43,1587061000000000000,212.05732153030806,34
3440,2020-04-16 14:16:45-04:00,212.06,212.0211,212.06,212,4720,209.43,1587061005000000000,212.0253240466102,25
3441,2020-04-16 14:16:50-04:00,212.0301,212.03,212.05,212.03,1060,209.43,1587061010000000000,212.03476405660376,11
3442,2020-04-16 14:16:55-04:00,212.01,212.025,212.03,211.99,15029,209.43,1587061015000000000,212.00205887284577,104
3443,2020-04-16 14:17:00-04:00,212.03,212.04,212.04,212.015,2754,209.43,1587061020000000000,212.03139241103855,44
3444,2020-04-16 14:17:05-04:00,212.07,212.01,212.07,212.01,13947,209.43,1587061025000000000,212.02896321789612,87
3445,2020-04-16 14:17:10-04:00,212.01,212.0001,212.02,212.0001,2762,209.43,1587061030000000000,212.0144942433019,29
3446,2020-04-16 14:17:15-04:00,212.02,212.0001,212.02,212,2235,209.43,1587061035000000000,212.00914223713647,16
3447,2020-04-16 14:17:20-04:00,212.01,212.0003,212.03,212.0003,2635,209.43,1587061040000000000,212.01318793168883,16
3448,2020-04-16 14:17:25-04:00,212.005,211.9699,212.005,211.96,19780,209.43,1587061045000000000,211.96700218907915,134
3449,2020-04-16 14:17:30-04:00,211.9799,212,212.01,211.9799,2257,209.43,1587061050000000000,211.99876163048293,26
3450,2020-04-16 14:17:35-04:00,211.99,211.95,211.99,211.95,16713,209.43,1587061055000000000,211.96446153892163,128
3451,2020-04-16 14:17:40-04:00,211.95,211.949,211.96,211.92,8040,209.43,1587061060000000000,211.9336022885573,49
3452,2020-04-16 14:17:45-04:00,211.94,211.97,211.97,211.94,1405,209.43,1587061065000000000,211.9478149466192,12
3453,2020-04-16 14:17:50-04:00,211.97,211.97,211.975,211.96,1715,209.43,1587061070000000000,211.9678755685131,16
3454,2020-04-16 14:17:55-04:00,211.96,211.94,211.9697,211.93,2842,209.43,1587061075000000000,211.94914964813518,37
3455,2020-04-16 14:18:00-04:00,211.94,211.95,212,211.9343,2568,209.43,1587061080000000000,211.96296039719627,37
3456,2020-04-16 14:18:05-04:00,211.96,211.945,211.96,211.93,4685,209.43,1587061085000000000,211.93444055496266,22
3457,2020-04-16 14:18:10-04:00,211.915,211.9499,211.9499,211.91,6939,209.43,1587061090000000000,211.9218659749244,38
3458,2020-04-16 14:18:15-04:00,211.94,211.98,211.98,211.92,7436,209.43,1587061095000000000,211.93232651963413,53
3459,2020-04-16 14:18:20-04:00,211.96,211.99,211.99,211.945,5532,209.43,1587061100000000000,211.95494741503975,65
3460,2020-04-16 14:18:25-04:00,211.9943,211.9635,212,211.9635,1483,209.43,1587061105000000000,211.9882535401214,18
3461,2020-04-16 14:18:30-04:00,211.97,211.99,211.99,211.97,2175,209.43,1587061110000000000,211.97982009195402,22
3462,2020-04-16 14:18:35-04:00,212.01,212.01,212.01,212.01,468,209.43,1587061115000000000,212.01194935897433,16
3463,2020-04-16 14:18:40-04:00,212.03,211.9772,212.03,211.9772,2180,209.43,1587061120000000000,212.01094243119266,16
3464,2020-04-16 14:18:45-04:00,211.97,211.9945,211.9945,211.97,1664,209.43,1587061125000000000,211.98583581730767,13
3465,2020-04-16 14:18:50-04:00,211.98,212.07,212.08,211.98,14235,209.43,1587061130000000000,212.04919704952604,114
3466,2020-04-16 14:18:55-04:00,212.06,212.03,212.06,212.03,43173,209.43,1587061135000000000,212.05954858823807,20
3467,2020-04-16 14:19:00-04:00,212.02,211.98,212.02,211.975,2202,209.43,1587061140000000000,211.9946064940963,31
3468,2020-04-16 14:19:05-04:00,211.97,211.9328,211.97,211.9101,2638,209.43,1587061145000000000,211.93010670962852,23
3469,2020-04-16 14:19:10-04:00,211.935,211.875,211.9386,211.87,10644,209.43,1587061150000000000,211.92266582111995,80
3470,2020-04-16 14:19:15-04:00,211.9,211.91,211.9122,211.88,5239,209.43,1587061155000000000,211.90769772857416,20
3471,2020-04-16 14:19:20-04:00,211.935,211.93,211.94,211.93,2059,209.43,1587061160000000000,211.93688654686744,17
3472,2020-04-16 14:19:25-04:00,211.9299,211.94,211.94,211.91,5718,209.43,1587061165000000000,211.9263292235048,59
3473,2020-04-16 14:19:30-04:00,211.9269,211.95,211.95,211.9269,1274,209.43,1587061170000000000,211.9348626373627,13
3474,2020-04-16 14:19:35-04:00,211.9582,211.93,211.9582,211.93,1467,209.43,1587061175000000000,211.94492706203135,12
3475,2020-04-16 14:19:40-04:00,211.92,211.9198,211.92,211.9,1576,209.43,1587061180000000000,211.91094733502536,21
3476,2020-04-16 14:19:45-04:00,211.92,211.915,211.92,211.9,954,209.43,1587061185000000000,211.92123270440254,15
3477,2020-04-16 14:19:50-04:00,211.95,211.88,211.95,211.88,2712,209.43,1587061190000000000,211.92857935103243,35
3478,2020-04-16 14:19:55-04:00,211.87,211.89,211.89,211.87,1194,209.43,1587061195000000000,211.87639472361815,14
3479,2020-04-16 14:20:00-04:00,211.9282,211.94,211.95,211.9282,3921,209.43,1587061200000000000,211.93754532007137,34
3480,2020-04-16 14:20:05-04:00,211.91,211.92,211.92,211.9,647,209.43,1587061205000000000,211.91049366306027,8
3481,2020-04-16 14:20:10-04:00,211.92,211.9171,211.93,211.91,1090,209.43,1587061210000000000,211.92044788990825,12
3482,2020-04-16 14:20:15-04:00,211.9001,211.87,211.9199,211.87,5741,209.43,1587061215000000000,211.88690855251696,59
3483,2020-04-16 14:20:20-04:00,211.875,211.8899,211.9,211.875,4381,209.43,1587061220000000000,211.88748009586854,28
3484,2020-04-16 14:20:25-04:00,211.88,211.85,211.88,211.82,11289,209.43,1587061225000000000,211.84509739569518,79
3485,2020-04-16 14:20:30-04:00,211.86,211.88,211.89,211.85,66399,209.43,1587061230000000000,211.87637181433504,291
3486,2020-04-16 14:20:35-04:00,211.88,211.84,211.88,211.84,3276,209.43,1587061235000000000,211.8703311965812,30
3487,2020-04-16 14:20:40-04:00,211.8399,211.85,211.86,211.82,1327,209.43,1587061240000000000,211.8364506405426,17
3488,2020-04-16 14:20:45-04:00,211.87,211.86,211.89,211.86,5685,209.43,1587061245000000000,211.86375426561133,26
3489,2020-04-16 14:20:50-04:00,211.83,211.865,211.875,211.825,4082,209.43,1587061250000000000,211.85007104360608,39
3490,2020-04-16 14:20:55-04:00,211.875,211.8599,211.875,211.85,9605,209.43,1587061255000000000,211.8649095262884,13
3491,2020-04-16 14:21:00-04:00,211.86,211.86,211.86,211.85,742,209.43,1587061260000000000,211.8606795148248,12
3492,2020-04-16 14:21:05-04:00,211.8843,211.9397,211.9399,211.8843,5014,209.43,1587061265000000000,211.92185572397287,31
3493,2020-04-16 14:21:10-04:00,211.93,211.9201,211.935,211.9199,2780,209.43,1587061270000000000,211.92800251798562,17
3494,2020-04-16 14:21:15-04:00,211.97,211.955,211.97,211.94,10004,209.43,1587061275000000000,211.95971911235506,36
3495,2020-04-16 14:21:20-04:00,211.9501,211.9,211.9601,211.9,3364,209.43,1587061280000000000,211.94019173602857,28
3496,2020-04-16 14:21:25-04:00,211.89,211.9,211.9,211.87,5923,209.43,1587061285000000000,211.87993955765654,40
3497,2020-04-16 14:21:30-04:00,211.905,211.8901,211.91,211.89,5461,209.43,1587061290000000000,211.89852660684852,39
3498,2020-04-16 14:21:35-04:00,211.91,211.8699,211.91,211.8699,4488,209.43,1587061295000000000,211.89658694295903,44
3499,2020-04-16 14:21:40-04:00,211.865,211.88,211.91,211.865,6215,209.43,1587061300000000000,211.8819292518102,23
3500,2020-04-16 14:21:45-04:00,211.87,211.875,211.875,211.84,5017,209.43,1587061305000000000,211.85828084512656,46
3501,2020-04-16 14:21:50-04:00,211.87,211.8579,211.87,211.8579,550,209.43,1587061310000000000,211.8655272727273,6
3502,2020-04-16 14:21:55-04:00,211.84,211.81,211.84,211.81,10226,209.43,1587061315000000000,211.81979027967918,97
3503,2020-04-16 14:22:00-04:00,211.8177,211.81,211.82,211.81,2505,209.43,1587061320000000000,211.81549700598805,12
3504,2020-04-16 14:22:05-04:00,211.82,211.7801,211.83,211.7801,2920,209.43,1587061325000000000,211.81290784246573,28
3505,2020-04-16 14:22:10-04:00,211.79,211.8,211.81,211.79,2730,209.43,1587061330000000000,211.79690750915745,27
3506,2020-04-16 14:22:15-04:00,211.8,211.78,211.81,211.78,2243,209.43,1587061335000000000,211.79477485510478,25
3507,2020-04-16 14:22:20-04:00,211.775,211.79,211.8,211.775,1299,209.43,1587061340000000000,211.789796073903,19
3508,2020-04-16 14:22:25-04:00,211.78,211.75,211.79,211.75,13242,209.43,1587061345000000000,211.77523787947433,78
3509,2020-04-16 14:22:30-04:00,211.76,211.77,211.78,211.76,3362,209.43,1587061350000000000,211.7726180844735,36
3510,2020-04-16 14:22:35-04:00,211.78,211.81,211.83,211.78,6254,209.43,1587061355000000000,211.814897665494,38
3511,2020-04-16 14:22:40-04:00,211.8,211.77,211.8,211.77,1625,209.43,1587061360000000000,211.7801415384616,21
3512,2020-04-16 14:22:45-04:00,211.765,211.75,211.765,211.73,9813,209.43,1587061365000000000,211.74635460103931,75
3513,2020-04-16 14:22:50-04:00,211.73,211.6882,211.7366,211.67,5539,209.43,1587061370000000000,211.70257891316118,42
3514,2020-04-16 14:22:55-04:00,211.6801,211.64,211.6801,211.62,6199,209.43,1587061375000000000,211.64842482658506,64
3515,2020-04-16 14:23:00-04:00,211.63,211.62,211.65,211.62,20851,209.43,1587061380000000000,211.6344575799723,66
3516,2020-04-16 14:23:05-04:00,211.6265,211.65,211.66,211.62,21417,209.43,1587061385000000000,211.63894313862824,96
3517,2020-04-16 14:23:10-04:00,211.66,211.62,211.6699,211.62,2101,209.43,1587061390000000000,211.64122798667302,15
3518,2020-04-16 14:23:15-04:00,211.6174,211.58,211.63,211.58,3867,209.43,1587061395000000000,211.61021877424358,35
3519,2020-04-16 14:23:20-04:00,211.61,211.55,211.63,211.55,11396,209.43,1587061400000000000,211.5968446384699,116
3520,2020-04-16 14:23:25-04:00,211.54,211.571,211.571,211.53,10567,209.43,1587061405000000000,211.55379033784428,115
3521,2020-04-16 14:23:30-04:00,211.57,211.69,211.71,211.57,84960,209.43,1587061410000000000,211.6410753707629,470
3522,2020-04-16 14:23:35-04:00,211.685,211.69,211.71,211.66,15217,209.43,1587061415000000000,211.68936649799582,149
3523,2020-04-16 14:23:40-04:00,211.67,211.66,211.675,211.66,16306,209.43,1587061420000000000,211.66632020115313,116
3524,2020-04-16 14:23:45-04:00,211.66,211.6601,211.68,211.66,6184,209.43,1587061425000000000,211.66370027490294,57
3525,2020-04-16 14:23:50-04:00,211.665,211.6601,211.67,211.66,3765,209.43,1587061430000000000,211.6616839575033,20
3526,2020-04-16 14:23:55-04:00,211.6502,211.6699,211.68,211.64,3389,209.43,1587061435000000000,211.65422381233398,36
3527,2020-04-16 14:24:00-04:00,211.67,211.6576,211.6721,211.6576,1774,209.43,1587061440000000000,211.66682525366406,16
3528,2020-04-16 14:24:05-04:00,211.67,211.667,211.68,211.66,8459,209.43,1587061445000000000,211.66956115380077,39
3529,2020-04-16 14:24:10-04:00,211.71,211.68,211.7298,211.6697,4417,209.43,1587061450000000000,211.70488838578225,16
3530,2020-04-16 14:24:15-04:00,211.635,211.64,211.64,211.6101,4618,209.43,1587061455000000000,211.63098077089649,38
3531,2020-04-16 14:24:20-04:00,211.6701,211.7299,211.73,211.6701,2671,209.43,1587061460000000000,211.69394747285662,19
3532,2020-04-16 14:24:25-04:00,211.68,211.68,211.71,211.67,2687,209.43,1587061465000000000,211.68646989207292,24
3533,2020-04-16 14:24:30-04:00,211.67,211.66,211.67,211.65,2774,209.43,1587061470000000000,211.66380475847157,26
3534,2020-04-16 14:24:35-04:00,211.66,211.6799,211.68,211.66,2340,209.43,1587061475000000000,211.66242888888888,9
3535,2020-04-16 14:24:40-04:00,211.65,211.64,211.65,211.595,8375,209.43,1587061480000000000,211.62306029850743,43
3536,2020-04-16 14:24:45-04:00,211.66,211.65,211.69,211.6404,5931,209.43,1587061485000000000,211.65580087674923,54
3537,2020-04-16 14:24:50-04:00,211.645,211.65,211.6599,211.64,1134,209.43,1587061490000000000,211.6464733686067,14
3538,2020-04-16 14:24:55-04:00,211.64,211.6,211.65,211.5801,10394,209.43,1587061495000000000,211.62240287665972,79
3539,2020-04-16 14:25:00-04:00,211.6,211.5266,211.6,211.52,15421,209.43,1587061500000000000,211.54669629077253,110
3540,2020-04-16 14:25:05-04:00,211.519,211.47,211.5201,211.46,28071,209.43,1587061505000000000,211.48418167147622,189
3541,2020-04-16 14:25:10-04:00,211.481,211.4701,211.51,211.44,8674,209.43,1587061510000000000,211.46928963569286,63
3542,2020-04-16 14:25:15-04:00,211.49,211.4801,211.51,211.48,12285,209.43,1587061515000000000,211.4865172730971,72
3543,2020-04-16 14:25:20-04:00,211.51,211.51,211.53,211.5,6894,209.43,1587061520000000000,211.51627422396297,49
3544,2020-04-16 14:25:25-04:00,211.52,211.55,211.555,211.51,5644,209.43,1587061525000000000,211.52705226789524,71
3545,2020-04-16 14:25:30-04:00,211.55,211.56,211.59,211.54,5295,209.43,1587061530000000000,211.5540830406044,46
3546,2020-04-16 14:25:35-04:00,211.56,211.59,211.59,211.56,15715,209.43,1587061535000000000,211.5788658924594,97
3547,2020-04-16 14:25:40-04:00,211.58,211.62,211.63,211.58,9286,209.43,1587061540000000000,211.60782166702575,66
3548,2020-04-16 14:25:45-04:00,211.65,211.65,211.7099,211.65,6305,209.43,1587061545000000000,211.67645551149883,49
3549,2020-04-16 14:25:50-04:00,211.65,211.66,211.66,211.64,1767,209.43,1587061550000000000,211.65027096774196,20
3550,2020-04-16 14:25:55-04:00,211.6574,211.64,211.6574,211.63,9812,209.43,1587061555000000000,211.64869812474527,36
3551,2020-04-16 14:26:00-04:00,211.62,211.585,211.625,211.56,2868,209.43,1587061560000000000,211.6020434449093,35
3552,2020-04-16 14:26:05-04:00,211.56,211.55,211.5699,211.53,1136,209.43,1587061565000000000,211.55341883802816,16
3553,2020-04-16 14:26:10-04:00,211.55,211.59,211.6,211.55,2118,209.43,1587061570000000000,211.5720703493862,27
3554,2020-04-16 14:26:15-04:00,211.59,211.67,211.67,211.59,4819,209.43,1587061575000000000,211.6410533513178,55
3555,2020-04-16 14:26:20-04:00,211.6499,211.625,211.6499,211.62,22907,209.43,1587061580000000000,211.63044766228666,175
3556,2020-04-16 14:26:25-04:00,211.62,211.6,211.62,211.59,3275,209.43,1587061585000000000,211.59508610687027,41
3557,2020-04-16 14:26:30-04:00,211.6199,211.62,211.62,211.61,708,209.43,1587061590000000000,211.61361581920906,13
3558,2020-04-16 14:26:35-04:00,211.68,211.69,211.7099,211.68,3031,209.43,1587061595000000000,211.6938716595183,29
3559,2020-04-16 14:26:40-04:00,211.68,211.6499,211.68,211.6499,2712,209.43,1587061600000000000,211.6537103613569,11
3560,2020-04-16 14:26:45-04:00,211.645,211.67,211.67,211.625,5585,209.43,1587061605000000000,211.63760282900628,43
3561,2020-04-16 14:26:50-04:00,211.68,211.73,211.73,211.68,2538,209.43,1587061610000000000,211.7025059101655,35
3562,2020-04-16 14:26:55-04:00,211.74,211.73,211.76,211.73,14012,209.43,1587061615000000000,211.74407065372546,73
3563,2020-04-16 14:27:00-04:00,211.73,211.83,211.83,211.72,4046,209.43,1587061620000000000,211.76702340583293,45
3564,2020-04-16 14:27:05-04:00,211.8345,211.8499,211.87,211.83,10936,209.43,1587061625000000000,211.85326036027797,54
3565,2020-04-16 14:27:10-04:00,211.84,211.92,211.93,211.83,19396,209.43,1587061630000000000,211.8889802536605,118
3566,2020-04-16 14:27:15-04:00,211.905,211.85,211.91,211.85,10336,209.43,1587061635000000000,211.89672329721364,63
3567,2020-04-16 14:27:20-04:00,211.86,211.815,211.86,211.8,3498,209.43,1587061640000000000,211.83554937106916,30
3568,2020-04-16 14:27:25-04:00,211.82,211.78,211.82,211.78,3724,209.43,1587061645000000000,211.79469924812028,26
3569,2020-04-16 14:27:30-04:00,211.76,211.7783,211.7783,211.74,5449,209.43,1587061650000000000,211.7502410901083,46
3570,2020-04-16 14:27:35-04:00,211.7774,211.785,211.79,211.765,8749,209.43,1587061655000000000,211.77719630814934,31
3571,2020-04-16 14:27:40-04:00,211.77,211.61,211.78,211.6,66667,209.43,1587061660000000000,211.69509610601972,446
3572,2020-04-16 14:27:45-04:00,211.625,211.71,211.71,211.625,8724,209.43,1587061665000000000,211.67666908528196,65
3573,2020-04-16 14:27:50-04:00,211.7,211.81,211.81,211.7,3031,209.43,1587061670000000000,211.74087202243487,27
3574,2020-04-16 14:27:55-04:00,211.8235,211.9,211.9,211.82,2625,209.43,1587061675000000000,211.85204571428574,38
3575,2020-04-16 14:28:00-04:00,211.87,211.92,211.9261,211.87,6894,209.43,1587061680000000000,211.8951682622571,45
3576,2020-04-16 14:28:05-04:00,211.89,212,212,211.89,8571,209.43,1587061685000000000,211.95762278613924,89
3577,2020-04-16 14:28:10-04:00,212,212.0203,212.03,211.99,8303,209.43,1587061690000000000,212.01336136336275,60
3578,2020-04-16 14:28:15-04:00,212.01,212.01,212.025,211.9801,4100,209.43,1587061695000000000,212.00849885365838,52
3579,2020-04-16 14:28:20-04:00,212.01,212.01,212.03,212.01,1277,209.43,1587061700000000000,212.01484087705558,15
3580,2020-04-16 14:28:25-04:00,212.02,212.03,212.04,212.02,6441,209.43,1587061705000000000,212.0272706101538,65
3581,2020-04-16 14:28:30-04:00,212.02,212.09,212.1,212.02,8880,209.43,1587061710000000000,212.05822684684688,72
3582,2020-04-16 14:28:35-04:00,212.1,212.02,212.11,212.02,9355,209.43,1587061715000000000,212.06427783003733,46
3583,2020-04-16 14:28:40-04:00,212.02,212.03,212.0399,212,16826,209.43,1587061720000000000,212.0255291631999,89
3584,2020-04-16 14:28:45-04:00,211.98,211.98,212,211.96,4996,209.43,1587061725000000000,211.98058190552445,57
3585,2020-04-16 14:28:50-04:00,211.9998,211.97,212.0099,211.97,2152,209.43,1587061730000000000,211.99649907063198,17
3586,2020-04-16 14:28:55-04:00,211.97,211.99,211.99,211.97,2024,209.43,1587061735000000000,211.9803384387352,36
3587,2020-04-16 14:29:00-04:00,211.985,211.95,211.99,211.94,8250,209.43,1587061740000000000,211.96852009696966,75
3588,2020-04-16 14:29:05-04:00,211.975,211.9799,211.9899,211.975,8984,209.43,1587061745000000000,211.98307330810331,59
3589,2020-04-16 14:29:10-04:00,211.95,211.9501,211.97,211.92,14096,209.43,1587061750000000000,211.954125496595,98
3590,2020-04-16 14:29:15-04:00,211.94,212.01,212.02,211.94,8232,209.43,1587061755000000000,211.99357142857156,86
3591,2020-04-16 14:29:20-04:00,212.02,211.9643,212.02,211.95,2883,209.43,1587061760000000000,211.97491182795696,32
3592,2020-04-16 14:29:25-04:00,211.94,211.94,211.94,211.9,4999,209.43,1587061765000000000,211.9101138827765,46
3593,2020-04-16 14:29:30-04:00,211.93,211.99,211.99,211.93,3435,209.43,1587061770000000000,211.9445036390102,26
3594,2020-04-16 14:29:35-04:00,211.98,212.02,212.02,211.98,3620,209.43,1587061775000000000,212.0039112154696,20
3595,2020-04-16 14:29:40-04:00,212.01,212.055,212.06,212.01,19282,209.43,1587061780000000000,212.00590343325376,39
3596,2020-04-16 14:29:45-04:00,212.0501,212.05,212.069,212.05,5170,209.43,1587061785000000000,212.06641160541585,17
3597,2020-04-16 14:29:50-04:00,212.05,211.99,212.06,211.98,8142,209.43,1587061790000000000,212.01929615573567,52
3598,2020-04-16 14:29:55-04:00,211.995,211.97,212,211.95,4849,209.43,1587061795000000000,211.97299032790275,53
3599,2020-04-16 14:30:00-04:00,211.95,211.9,211.95,211.9,1835,209.43,1587061800000000000,211.92371149863757,23
3600,2020-04-16 14:30:05-04:00,211.9001,211.9,211.918,211.9,2200,209.43,1587061805000000000,211.91309545454544,4
3601,2020-04-16 14:30:10-04:00,211.91,211.99,211.995,211.91,4075,209.43,1587061810000000000,211.95251833128842,39
3602,2020-04-16 14:30:15-04:00,211.99,212.06,212.07,211.99,2656,209.43,1587061815000000000,212.0296495481928,35
3603,2020-04-16 14:30:20-04:00,212.0599,212.18,212.18,212.0599,10371,209.43,1587061820000000000,212.10861595795976,102
3604,2020-04-16 14:30:25-04:00,212.18,212.17,212.1902,212.14,5043,209.43,1587061825000000000,212.1699698195518,61
3605,2020-04-16 14:30:30-04:00,212.1701,212.15,212.18,212.14,6808,209.43,1587061830000000000,212.1665332109283,70
3606,2020-04-16 14:30:35-04:00,212.1604,212.19,212.255,212.16,20970,209.43,1587061835000000000,212.20840402002875,172
3607,2020-04-16 14:30:40-04:00,212.1899,212.24,212.24,212.1899,24365,209.43,1587061840000000000,212.20769628565577,132
3608,2020-04-16 14:30:45-04:00,212.235,212.17,212.235,212.17,4984,209.43,1587061845000000000,212.1884139847512,31
3609,2020-04-16 14:30:50-04:00,212.22,212.2477,212.27,212.22,8421,209.43,1587061850000000000,212.25303880774257,58
3610,2020-04-16 14:30:55-04:00,212.2401,212.21,212.2401,212.2,4299,209.43,1587061855000000000,212.22676668992787,35
3611,2020-04-16 14:31:00-04:00,212.175,212.18,212.18,212.14,9797,209.43,1587061860000000000,212.16269586608138,94
3612,2020-04-16 14:31:05-04:00,212.17,212.14,212.17,212.14,1245,209.43,1587061865000000000,212.15804706827308,13
3613,2020-04-16 14:31:10-04:00,212.15,212.2097,212.21,212.14,4917,209.43,1587061870000000000,212.18653803131997,37
3614,2020-04-16 14:31:15-04:00,212.2199,212.22,212.24,212.2,1407,209.43,1587061875000000000,212.22702203269372,19
3615,2020-04-16 14:31:20-04:00,212.22,212.17,212.23,212.17,5503,209.43,1587061880000000000,212.20746827185175,61
3616,2020-04-16 14:31:25-04:00,212.1779,212.13,212.18,212.13,4117,209.43,1587061885000000000,212.15689191158611,22
3617,2020-04-16 14:31:30-04:00,212.1379,212.1899,212.1899,212.13,8718,209.43,1587061890000000000,212.16316436109196,24
3618,2020-04-16 14:31:35-04:00,212.2,212.175,212.2,212.16,3235,209.43,1587061895000000000,212.17457496136007,24
3619,2020-04-16 14:31:40-04:00,212.1706,212.15,212.19,212.15,8564,209.43,1587061900000000000,212.16819535263895,38
3620,2020-04-16 14:31:45-04:00,212.18,212.26,212.26,212.18,3154,209.43,1587061905000000000,212.23115351934052,36
3621,2020-04-16 14:31:50-04:00,212.245,212.22,212.245,212.21,6350,209.43,1587061910000000000,212.22560724409453,79
3622,2020-04-16 14:31:55-04:00,212.21,212.28,212.3,212.2025,55849,209.43,1587061915000000000,211.95518245626596,53
3623,2020-04-16 14:32:00-04:00,212.27,212.24,212.2921,212.23,9707,209.43,1587061920000000000,212.25862967961257,120
3624,2020-04-16 14:32:05-04:00,212.24,212.1801,212.24,212.17,4423,209.43,1587061925000000000,212.20465516617688,46
3625,2020-04-16 14:32:10-04:00,212.2089,212.17,212.2089,212.17,1664,209.43,1587061930000000000,212.18122950721155,24
3626,2020-04-16 14:32:15-04:00,212.16,212.1401,212.175,212.14,2104,209.43,1587061935000000000,212.1575356463878,22
3627,2020-04-16 14:32:20-04:00,212.1499,212.159,212.159,212.1499,435,209.43,1587061940000000000,212.15886183908043,9
3628,2020-04-16 14:32:25-04:00,212.16,212.153,212.17,212.14,2507,209.43,1587061945000000000,212.16331583566017,25
3629,2020-04-16 14:32:30-04:00,212.1599,212.09,212.1599,212.09,4876,209.43,1587061950000000000,212.1079850287121,42
3630,2020-04-16 14:32:35-04:00,212.12,212.16,212.17,212.1003,3122,209.43,1587061955000000000,212.1415187700192,54
3631,2020-04-16 14:32:40-04:00,212.15,212.16,212.16,212.1,8279,209.43,1587061960000000000,212.1361562869911,47
3632,2020-04-16 14:32:45-04:00,212.14,212.15,212.16,212.14,4410,209.43,1587061965000000000,212.15400458049888,18
3633,2020-04-16 14:32:50-04:00,212.14,212.12,212.15,212.09,15767,209.43,1587061970000000000,212.11291146064605,161
3634,2020-04-16 14:32:55-04:00,212.1099,212.05,212.1099,212.04,6455,209.43,1587061975000000000,212.06045019364836,50
3635,2020-04-16 14:33:00-04:00,212.0725,212.14,212.14,212.0725,6488,209.43,1587061980000000000,212.09316353267576,42
3636,2020-04-16 14:33:05-04:00,212.1601,212.21,212.21,212.16,20116,209.43,1587061985000000000,212.1765511533108,72
3637,2020-04-16 14:33:10-04:00,212.18,212.08,212.18,212.08,3050,209.43,1587061990000000000,212.134385147541,35
3638,2020-04-16 14:33:15-04:00,212.08,212.12,212.12,212.08,563,209.43,1587061995000000000,212.10306039076377,7
3639,2020-04-16 14:33:20-04:00,212.12,212.1,212.15,212.1,2466,209.43,1587062000000000000,212.120451054339,25
3640,2020-04-16 14:33:25-04:00,212.1,212.13,212.13,212.09,4185,209.43,1587062005000000000,212.12303820788526,21
3641,2020-04-16 14:33:30-04:00,212.15,212.205,212.23,212.1499,14419,209.43,1587062010000000000,212.19357554615456,124
3642,2020-04-16 14:33:35-04:00,212.18,212.16,212.19,212.16,9129,209.43,1587062015000000000,212.17819570599187,82
3643,2020-04-16 14:33:40-04:00,212.1698,212.17,212.18,212.16,9725,209.43,1587062020000000000,212.17164445244208,66
3644,2020-04-16 14:33:45-04:00,212.21,212.25,212.25,212.19,2882,209.43,1587062025000000000,212.23333410825816,25
3645,2020-04-16 14:33:50-04:00,212.215,212.17,212.215,212.17,3130,209.43,1587062030000000000,212.19679507987223,28
3646,2020-04-16 14:33:55-04:00,212.18,212.13,212.18,212.1101,6391,209.43,1587062035000000000,212.14361054608042,53
3647,2020-04-16 14:34:00-04:00,212.16,212.1199,212.16,212.08,15832,209.43,1587062040000000000,212.10666739514903,149
3648,2020-04-16 14:34:05-04:00,212.12,212.14,212.15,212.12,1043,209.43,1587062045000000000,212.14094247363374,14
3649,2020-04-16 14:34:10-04:00,212.13,212.21,212.21,212.13,1375,209.43,1587062050000000000,212.16479272727273,15
3650,2020-04-16 14:34:15-04:00,212.23,212.18,212.23,212.16,7003,209.43,1587062055000000000,212.17637736684273,51
3651,2020-04-16 14:34:20-04:00,212.17,212.26,212.26,212.17,2434,209.43,1587062060000000000,212.20992978635988,27
3652,2020-04-16 14:34:25-04:00,212.26,212.25,212.26,212.24,4630,209.43,1587062065000000000,212.25081626349885,40
3653,2020-04-16 14:34:30-04:00,212.27,212.2986,212.3,212.27,3202,209.43,1587062070000000000,212.2875922548408,36
3654,2020-04-16 14:34:35-04:00,212.29,212.2601,212.315,212.2601,2495,209.43,1587062075000000000,212.27969298597196,16
3655,2020-04-16 14:34:40-04:00,212.25,212.2101,212.27,212.2101,1938,209.43,1587062080000000000,212.25786584107325,29
3656,2020-04-16 14:34:45-04:00,212.2,212.1801,212.2,212.18,2795,209.43,1587062085000000000,212.1841305903399,12
3657,2020-04-16 14:34:50-04:00,212.1701,212.22,212.22,212.1601,50087,209.43,1587062090000000000,212.21129313993654,51
3658,2020-04-16 14:34:55-04:00,212.19,212.19,212.19,212.17,2478,209.43,1587062095000000000,212.18354265536723,30
3659,2020-04-16 14:35:00-04:00,212.18,212.25,212.25,212.14,9137,209.43,1587062100000000000,212.20355970230935,81
3660,2020-04-16 14:35:05-04:00,212.2599,212.2999,212.31,212.23,21508,209.43,1587062105000000000,212.27844313743728,118
3661,2020-04-16 14:35:10-04:00,212.3098,212.36,212.38,212.3,29782,209.43,1587062110000000000,212.35375271976346,162
3662,2020-04-16 14:35:15-04:00,212.37,212.33,212.39,212.33,7445,209.43,1587062115000000000,212.37200897246476,54
3663,2020-04-16 14:35:20-04:00,212.3299,212.33,212.34,212.305,11915,209.43,1587062120000000000,212.32369712127579,133
3664,2020-04-16 14:35:25-04:00,212.33,212.3098,212.3308,212.2898,17635,209.43,1587062125000000000,212.3060276495604,157
3665,2020-04-16 14:35:30-04:00,212.2998,212.28,212.3,212.28,3151,209.43,1587062130000000000,212.2842498889242,19
3666,2020-04-16 14:35:35-04:00,212.31,212.39,212.39,212.31,7532,209.43,1587062135000000000,212.32532275624013,38
3667,2020-04-16 14:35:40-04:00,212.4,212.335,212.4,212.32,26004,209.43,1587062140000000000,212.36109230887536,120
3668,2020-04-16 14:35:45-04:00,212.33,212.32,212.34,212.32,11826,209.43,1587062145000000000,212.33204015728066,82
3669,2020-04-16 14:35:50-04:00,212.31,212.39,212.4,212.31,10039,209.43,1587062150000000000,212.36280169339585,42
3670,2020-04-16 14:35:55-04:00,212.4,212.4,212.4,212.3802,3097,209.43,1587062155000000000,212.39743613174033,26
3671,2020-04-16 14:36:00-04:00,212.405,212.37,212.405,212.35,12729,209.43,1587062160000000000,212.3743639641764,94
3672,2020-04-16 14:36:05-04:00,212.355,212.36,212.38,212.355,7039,209.43,1587062165000000000,212.36869484301747,32
3673,2020-04-16 14:36:10-04:00,212.35,212.34,212.35,212.34,1436,209.43,1587062170000000000,212.34775069637888,11
3674,2020-04-16 14:36:15-04:00,212.38,212.34,212.39,212.34,3643,209.43,1587062175000000000,212.37400150974466,28
3675,2020-04-16 14:36:20-04:00,212.32,212.29,212.32,212.29,10335,209.43,1587062180000000000,212.2969416545719,19
3676,2020-04-16 14:36:25-04:00,212.31,212.2713,212.31,212.26,1358,209.43,1587062185000000000,212.28320692194404,13
3677,2020-04-16 14:36:30-04:00,212.2701,212.27,212.29,212.2679,1447,209.43,1587062190000000000,212.2832274360746,18
3678,2020-04-16 14:36:35-04:00,212.26,212.31,212.32,212.26,2572,209.43,1587062195000000000,212.3000038880249,15
3679,2020-04-16 14:36:40-04:00,212.31,212.38,212.38,212.3,1946,209.43,1587062200000000000,212.3438658787256,18
3680,2020-04-16 14:36:45-04:00,212.345,212.32,212.345,212.32,6457,209.43,1587062205000000000,212.34099118785815,22
3681,2020-04-16 14:36:50-04:00,212.305,212.335,212.35,212.3,23150,209.43,1587062210000000000,212.3270549071277,103
3682,2020-04-16 14:36:55-04:00,212.3501,212.4,212.41,212.3501,16637,209.43,1587062215000000000,212.37507170763968,70
3683,2020-04-16 14:37:00-04:00,212.415,212.4,212.4215,212.4,4297,209.43,1587062220000000000,212.41346357924147,53
3684,2020-04-16 14:37:05-04:00,212.4101,212.43,212.4323,212.4101,5049,209.43,1587062225000000000,212.41764826698363,30
3685,2020-04-16 14:37:10-04:00,212.44,212.57,212.58,212.4301,62116,209.43,1587062230000000000,212.50619647272902,278
3686,2020-04-16 14:37:15-04:00,212.56,212.61,212.61,212.53,26425,209.43,1587062235000000000,212.55856480605465,134
3687,2020-04-16 14:37:20-04:00,212.62,212.565,212.62,212.565,17413,209.43,1587062240000000000,212.59166073623146,104
3688,2020-04-16 14:37:25-04:00,212.57,212.55,212.58,212.55,6906,209.43,1587062245000000000,212.56088816970754,57
3689,2020-04-16 14:37:30-04:00,212.56,212.6,212.6396,212.56,40141,209.43,1587062250000000000,212.60722337510336,242
3690,2020-04-16 14:37:35-04:00,212.61,212.59,212.62,212.59,5088,209.43,1587062255000000000,212.60493710691821,30
3691,2020-04-16 14:37:40-04:00,212.58,212.615,212.615,212.57,2787,209.43,1587062260000000000,212.5848904198062,14
3692,2020-04-16 14:37:45-04:00,212.62,212.67,212.69,212.62,18146,209.43,1587062265000000000,212.66983676292304,156
3693,2020-04-16 14:37:50-04:00,212.67,212.81,212.83,212.67,60891,209.43,1587062270000000000,212.76767693255172,317
3694,2020-04-16 14:37:55-04:00,212.8,212.77,212.8,212.74,36887,209.43,1587062275000000000,212.76293287608115,214
3695,2020-04-16 14:38:00-04:00,212.77,212.78,212.79,212.75,3970,209.43,1587062280000000000,212.76671534005047,59
3696,2020-04-16 14:38:05-04:00,212.79,212.76,212.8,212.76,10988,209.43,1587062285000000000,212.77544230069176,90
3697,2020-04-16 14:38:10-04:00,212.77,212.79,212.81,212.77,15329,209.43,1587062290000000000,212.7931048861633,92
3698,2020-04-16 14:38:15-04:00,212.78,212.79,212.79,212.76,7348,209.43,1587062295000000000,212.77812283614594,47
3699,2020-04-16 14:38:20-04:00,212.78,212.79,212.79,212.745,4644,209.43,1587062300000000000,212.76369293712324,43
3700,2020-04-16 14:38:25-04:00,212.78,212.77,212.8099,212.77,5037,209.43,1587062305000000000,212.78882334723056,62
3701,2020-04-16 14:38:30-04:00,212.76,212.7199,212.77,212.71,9303,209.43,1587062310000000000,212.74788390841664,40
3702,2020-04-16 14:38:35-04:00,212.7301,212.73,212.76,212.73,8938,209.43,1587062315000000000,212.74304739315284,32
3703,2020-04-16 14:38:40-04:00,212.72,212.73,212.74,212.71,4990,209.43,1587062320000000000,212.7257903807615,30
3704,2020-04-16 14:38:45-04:00,212.73,212.71,212.73,212.7,7527,209.43,1587062325000000000,212.71753365218544,76
3705,2020-04-16 14:38:50-04:00,212.72,212.71,212.74,212.7037,8340,209.43,1587062330000000000,212.7243569424458,87
3706,2020-04-16 14:38:55-04:00,212.69,212.7,212.7,212.67,5047,209.43,1587062335000000000,212.6873439270854,48
3707,2020-04-16 14:39:00-04:00,212.69,212.65,212.7099,212.65,8446,209.43,1587062340000000000,212.67790774331036,75
3708,2020-04-16 14:39:05-04:00,212.655,212.655,212.7,212.65,8356,209.43,1587062345000000000,212.67712422211588,49
3709,2020-04-16 14:39:10-04:00,212.66,212.66,212.7,212.66,5928,209.43,1587062350000000000,212.6855625168691,61
3710,2020-04-16 14:39:15-04:00,212.65,212.66,212.66,212.63,4819,209.43,1587062355000000000,212.64368678149,50
3711,2020-04-16 14:39:20-04:00,212.65,212.6615,212.67,212.65,8900,209.43,1587062360000000000,212.6554511235955,29
3712,2020-04-16 14:39:25-04:00,212.66,212.63,212.67,212.63,3336,209.43,1587062365000000000,212.65041906474832,37
3713,2020-04-16 14:39:30-04:00,212.64,212.63,212.64,212.62,5347,209.43,1587062370000000000,212.62765644286517,43
3714,2020-04-16 14:39:35-04:00,212.632,212.6764,212.69,212.61,5394,209.43,1587062375000000000,212.64237538005187,34
3715,2020-04-16 14:39:40-04:00,212.6701,212.63,212.68,212.63,5100,209.43,1587062380000000000,212.65756219607826,55
3716,2020-04-16 14:39:45-04:00,212.62,212.64,212.65,212.61,2388,209.43,1587062385000000000,212.63499154103854,38
3717,2020-04-16 14:39:50-04:00,212.64,212.63,212.6428,212.63,1337,209.43,1587062390000000000,212.63737771129394,11
3718,2020-04-16 14:39:55-04:00,212.64,212.63,212.64,212.62,2711,209.43,1587062395000000000,212.6314219845075,38
3719,2020-04-16 14:40:00-04:00,212.61,212.62,212.62,212.61,514,209.43,1587062400000000000,212.61836575875486,8
3720,2020-04-16 14:40:05-04:00,212.62,212.65,212.66,212.62,2787,209.43,1587062405000000000,212.64181557229998,20
3721,2020-04-16 14:40:10-04:00,212.6561,212.59,212.6561,212.58,19496,209.43,1587062410000000000,212.6013959222405,131
3722,2020-04-16 14:40:15-04:00,212.59,212.62,212.64,212.59,4463,209.43,1587062415000000000,212.62412950929857,35
3723,2020-04-16 14:40:20-04:00,212.61,212.55,212.61,212.55,7905,209.43,1587062420000000000,212.57520575585067,62
3724,2020-04-16 14:40:25-04:00,212.585,212.62,212.62,212.585,7935,209.43,1587062425000000000,212.59586690611218,27
3725,2020-04-16 14:40:30-04:00,212.62,212.61,212.62,212.59,7661,209.43,1587062430000000000,212.60128797807073,51
3726,2020-04-16 14:40:35-04:00,212.61,212.63,212.64,212.61,6840,209.43,1587062435000000000,212.62307441520485,59
3727,2020-04-16 14:40:40-04:00,212.65,212.63,212.65,212.63,625,209.43,1587062440000000000,212.63746528000004,6
3728,2020-04-16 14:40:45-04:00,212.65,212.65,212.68,212.6457,6776,209.43,1587062445000000000,212.65184431818187,27
3729,2020-04-16 14:40:50-04:00,212.645,212.75,212.76,212.63,9861,209.43,1587062450000000000,212.6850897474901,78
3730,2020-04-16 14:40:55-04:00,212.76,212.75,212.77,212.74,16178,209.43,1587062455000000000,212.76017181357383,110
3731,2020-04-16 14:41:00-04:00,212.7581,212.77,212.77,212.75,3041,209.43,1587062460000000000,212.75916146004604,26
3732,2020-04-16 14:41:05-04:00,212.755,212.75,212.8,212.75,8338,209.43,1587062465000000000,212.77453597985138,65
3733,2020-04-16 14:41:10-04:00,212.73,212.7199,212.73,212.71,925,209.43,1587062470000000000,212.7270108108108,13
3734,2020-04-16 14:41:15-04:00,212.705,212.66,212.72,212.66,5323,209.43,1587062475000000000,212.7023449934247,34
3735,2020-04-16 14:41:20-04:00,212.66,212.65,212.68,212.65,5542,209.43,1587062480000000000,212.65547533381454,36
3736,2020-04-16 14:41:25-04:00,212.66,212.66,212.69,212.6501,6546,209.43,1587062485000000000,212.6779502749772,46
3737,2020-04-16 14:41:30-04:00,212.675,212.73,212.735,212.67,2964,209.43,1587062490000000000,212.6948667341431,32
3738,2020-04-16 14:41:35-04:00,212.7201,212.74,212.77,212.69,14061,209.43,1587062495000000000,212.7189964796246,95
3739,2020-04-16 14:41:40-04:00,212.72,212.7,212.7299,212.69,6697,209.43,1587062500000000000,212.69953761385702,37
3740,2020-04-16 14:41:45-04:00,212.7,212.69,212.7,212.69,306,209.43,1587062505000000000,212.69314509803922,5
3741,2020-04-16 14:41:50-04:00,212.7,212.7,212.7,212.7,801,209.43,1587062510000000000,212.69972534332084,12
3742,2020-04-16 14:41:55-04:00,212.71,212.68,212.71,212.68,4537,209.43,1587062515000000000,212.6894968040555,42
3743,2020-04-16 14:42:00-04:00,212.7,212.68,212.72,212.68,4946,209.43,1587062520000000000,212.7025764253943,45
3744,2020-04-16 14:42:05-04:00,212.68,212.76,212.7798,212.68,12138,209.43,1587062525000000000,212.73143000494304,101
3745,2020-04-16 14:42:10-04:00,212.7699,212.7,212.77,212.7,4943,209.43,1587062530000000000,212.72659336435376,51
3746,2020-04-16 14:42:15-04:00,212.68,212.64,212.68,212.63,6430,209.43,1587062535000000000,212.64351251944015,60
3747,2020-04-16 14:42:20-04:00,212.63,212.64,212.64,212.63,4915,209.43,1587062540000000000,212.63183114954225,16
3748,2020-04-16 14:42:25-04:00,212.635,212.57,212.635,212.57,7071,209.43,1587062545000000000,212.59861405741765,50
3749,2020-04-16 14:42:30-04:00,212.56,212.62,212.62,212.55,9952,209.43,1587062550000000000,212.5878926547429,79
3750,2020-04-16 14:42:35-04:00,212.6001,212.58,212.6011,212.58,1520,209.43,1587062555000000000,212.5989683552632,13
3751,2020-04-16 14:42:40-04:00,212.61,212.56,212.61,212.56,4212,209.43,1587062560000000000,212.5804551282052,25
3752,2020-04-16 14:42:45-04:00,212.55,212.54,212.55,212.51,5894,209.43,1587062565000000000,212.53125551408206,45
3753,2020-04-16 14:42:50-04:00,212.5363,212.517,212.545,212.515,5357,209.43,1587062570000000000,212.5351820795221,17
3754,2020-04-16 14:42:55-04:00,212.5229,212.565,212.565,212.5229,4715,209.43,1587062575000000000,212.54146651113467,17
3755,2020-04-16 14:43:00-04:00,212.56,212.55,212.56,212.55,3937,209.43,1587062580000000000,212.5551291846583,27
3756,2020-04-16 14:43:05-04:00,212.54,212.51,212.56,212.51,1575,209.43,1587062585000000000,212.5415873015873,20
3757,2020-04-16 14:43:10-04:00,212.51,212.46,212.51,212.44,12639,209.43,1587062590000000000,212.45336915895243,93
3758,2020-04-16 14:43:15-04:00,212.46,212.43,212.48,212.43,8694,209.43,1587062595000000000,212.45367701863356,38
3759,2020-04-16 14:43:20-04:00,212.44,212.4101,212.45,212.4101,4126,209.43,1587062600000000000,212.428198012603,32
3760,2020-04-16 14:43:25-04:00,212.4199,212.42,212.43,212.4,3650,209.43,1587062605000000000,212.41506561643828,44
3761,2020-04-16 14:43:30-04:00,212.42,212.4258,212.43,212.41,3572,209.43,1587062610000000000,212.42162374020165,27
3762,2020-04-16 14:43:35-04:00,212.4,212.3701,212.41,212.3701,10029,209.43,1587062615000000000,212.3948119154451,77
3763,2020-04-16 14:43:40-04:00,212.39,212.36,212.39,212.36,618,209.43,1587062620000000000,212.36826051779929,10
3764,2020-04-16 14:43:45-04:00,212.34,212.285,212.35,212.28,25090,209.43,1587062625000000000,212.30908742128318,176
3765,2020-04-16 14:43:50-04:00,212.27,212.33,212.34,212.27,6306,209.43,1587062630000000000,212.29943862987633,25
3766,2020-04-16 14:43:55-04:00,212.35,212.3135,212.36,212.31,5974,209.43,1587062635000000000,212.33815073652488,46
3767,2020-04-16 14:44:00-04:00,212.325,212.3999,212.3999,212.325,9225,209.43,1587062640000000000,212.35490113821135,49
3768,2020-04-16 14:44:05-04:00,212.4,212.335,212.4,212.335,8130,209.43,1587062645000000000,212.38157915129153,64
3769,2020-04-16 14:44:10-04:00,212.34,212.36,212.36,212.34,10307,209.43,1587062650000000000,212.34365227515275,29
3770,2020-04-16 14:44:15-04:00,212.35,212.35,212.3525,212.34,4962,209.43,1587062655000000000,212.346138452237,65
3771,2020-04-16 14:44:20-04:00,212.4,212.44,212.44,212.39,3744,209.43,1587062660000000000,212.4117022168803,46
3772,2020-04-16 14:44:25-04:00,212.41,212.4399,212.45,212.405,13747,209.43,1587062665000000000,212.42476584709368,110
3773,2020-04-16 14:44:30-04:00,212.43,212.38,212.43,212.37,7422,209.43,1587062670000000000,212.405642104554,53
3774,2020-04-16 14:44:35-04:00,212.38,212.425,212.425,212.3711,4078,209.43,1587062675000000000,212.38518062775879,48
3775,2020-04-16 14:44:40-04:00,212.43,212.4601,212.47,212.43,2174,209.43,1587062680000000000,212.45460349586023,22
3776,2020-04-16 14:44:45-04:00,212.46,212.48,212.485,212.43,11848,209.43,1587062685000000000,212.45084823598913,111
3777,2020-04-16 14:44:50-04:00,212.4976,212.4765,212.51,212.46,5975,209.43,1587062690000000000,212.4911521338913,63
3778,2020-04-16 14:44:55-04:00,212.48,212.5399,212.55,212.47,12223,209.43,1587062695000000000,212.52893390329706,90
3779,2020-04-16 14:45:00-04:00,212.545,212.56,212.58,212.53,6585,209.43,1587062700000000000,212.55424593773722,56
3780,2020-04-16 14:45:05-04:00,212.55,212.57,212.6,212.54,10711,209.43,1587062705000000000,212.56276127345714,55
3781,2020-04-16 14:45:10-04:00,212.59,212.56,212.6,212.56,13389,209.43,1587062710000000000,212.57814452162233,85
3782,2020-04-16 14:45:15-04:00,212.55,212.56,212.57,212.54,4234,209.43,1587062715000000000,212.5605373169579,29
3783,2020-04-16 14:45:20-04:00,212.55,212.535,212.55,212.535,2860,209.43,1587062720000000000,212.5392745104895,17
3784,2020-04-16 14:45:25-04:00,212.55,212.61,212.61,212.54,1166,209.43,1587062725000000000,212.5701486277873,18
3785,2020-04-16 14:45:30-04:00,212.61,212.59,212.61,212.58,4226,209.43,1587062730000000000,212.59582553241833,30
3786,2020-04-16 14:45:35-04:00,212.58,212.57,212.59,212.57,6932,209.43,1587062735000000000,212.58693739180606,47
3787,2020-04-16 14:45:40-04:00,212.56,212.49,212.56,212.48,18894,209.43,1587062740000000000,212.53426729120335,103
3788,2020-04-16 14:45:45-04:00,212.48,212.48,212.48,212.445,18180,209.43,1587062745000000000,212.46868976897687,71
3789,2020-04-16 14:45:50-04:00,212.48,212.4899,212.49,212.48,1243,209.43,1587062750000000000,212.4875348350764,32
3790,2020-04-16 14:45:55-04:00,212.47,212.46,212.47,212.43,2675,209.43,1587062755000000000,212.44668463551398,32
3791,2020-04-16 14:46:00-04:00,212.44,212.38,212.44,212.38,6003,209.43,1587062760000000000,212.4006156255206,56
3792,2020-04-16 14:46:05-04:00,212.37,212.3679,212.39,212.36,5511,209.43,1587062765000000000,212.37534567229181,35
3793,2020-04-16 14:46:10-04:00,212.37,212.35,212.37,212.35,6260,209.43,1587062770000000000,212.35900159744398,24
3794,2020-04-16 14:46:15-04:00,212.34,212.31,212.34,212.28,8491,209.43,1587062775000000000,212.30741131786596,49
3795,2020-04-16 14:46:20-04:00,212.31,212.295,212.32,212.2801,9394,209.43,1587062780000000000,212.30739597615505,50
3796,2020-04-16 14:46:25-04:00,212.2901,212.33,212.34,212.28,4258,209.43,1587062785000000000,212.30864983560346,41
3797,2020-04-16 14:46:30-04:00,212.33,212.35,212.35,212.32,10619,209.43,1587062790000000000,212.33692419248524,85
3798,2020-04-16 14:46:35-04:00,212.33,212.35,212.38,212.32,4901,209.43,1587062795000000000,212.35396066108956,36
3799,2020-04-16 14:46:40-04:00,212.36,212.3286,212.36,212.3286,3377,209.43,1587062800000000000,212.34569307077297,31
3800,2020-04-16 14:46:45-04:00,212.35,212.2899,212.35,212.2899,6322,209.43,1587062805000000000,212.32278960771916,61
3801,2020-04-16 14:46:50-04:00,212.28,212.34,212.34,212.27,4636,209.43,1587062810000000000,212.29645675150994,38
3802,2020-04-16 14:46:55-04:00,212.33,212.37,212.38,212.33,4947,209.43,1587062815000000000,212.356582777441,46
3803,2020-04-16 14:47:00-04:00,212.37,212.43,212.44,212.37,7125,209.43,1587062820000000000,212.4048022877193,60
3804,2020-04-16 14:47:05-04:00,212.44,212.48,212.48,212.41,5628,209.43,1587062825000000000,212.4425483297796,30
3805,2020-04-16 14:47:10-04:00,212.4799,212.43,212.4799,212.42,5448,209.43,1587062830000000000,212.44491674008805,44
3806,2020-04-16 14:47:15-04:00,212.43,212.38,212.4499,212.37,2336,209.43,1587062835000000000,212.41349541952056,29
3807,2020-04-16 14:47:20-04:00,212.3686,212.35,212.3686,212.3301,2554,209.43,1587062840000000000,212.35138739232568,31
3808,2020-04-16 14:47:25-04:00,212.345,212.31,212.3499,212.3,4042,209.43,1587062845000000000,212.32793505690262,38
3809,2020-04-16 14:47:30-04:00,212.31,212.26,212.31,212.26,6728,209.43,1587062850000000000,212.27151412009522,56
3810,2020-04-16 14:47:35-04:00,212.25,212.265,212.27,212.25,2800,209.43,1587062855000000000,212.25850964285715,25
3811,2020-04-16 14:47:40-04:00,212.28,212.24,212.28,212.24,4161,209.43,1587062860000000000,212.25377539053113,32
3812,2020-04-16 14:47:45-04:00,212.24,212.22,212.25,212.1901,9325,209.43,1587062865000000000,212.214743152815,62
3813,2020-04-16 14:47:50-04:00,212.22,212.2099,212.24,212.2,3587,209.43,1587062870000000000,212.22313911346524,25
3814,2020-04-16 14:47:55-04:00,212.19,212.15,212.19,212.15,14005,209.43,1587062875000000000,212.17187823634433,89
3815,2020-04-16 14:48:00-04:00,212.15,212.13,212.15,212.13,8748,209.43,1587062880000000000,212.14138907178778,85
3816,2020-04-16 14:48:05-04:00,212.12,212.19,212.195,212.12,216490,209.43,1587062885000000000,212.2904597644232,109
3817,2020-04-16 14:48:10-04:00,212.17,212.15,212.17,212.14,5825,209.43,1587062890000000000,212.15595797424888,32
3818,2020-04-16 14:48:15-04:00,212.15,212.14,212.15,212.1173,4521,209.43,1587062895000000000,212.13233974784345,50
3819,2020-04-16 14:48:20-04:00,212.14,212.15,212.16,212.14,4994,209.43,1587062900000000000,212.14989887865443,32
3820,2020-04-16 14:48:25-04:00,212.16,212.1301,212.16,212.11,4698,209.43,1587062905000000000,212.1276361217539,44
3821,2020-04-16 14:48:30-04:00,212.14,212.12,212.1499,212.118,4341,209.43,1587062910000000000,212.13526272748214,19
3822,2020-04-16 14:48:35-04:00,212.13,212.15,212.16,212.125,2560,209.43,1587062915000000000,212.14397699218753,42
3823,2020-04-16 14:48:40-04:00,212.16,212.11,212.17,212.11,4015,209.43,1587062920000000000,212.1365200498132,35
3824,2020-04-16 14:48:45-04:00,212.11,212.06,212.12,212.06,5092,209.43,1587062925000000000,212.0854681461116,48
3825,2020-04-16 14:48:50-04:00,212.07,212.09,212.11,212.07,6495,209.43,1587062930000000000,212.09731516551187,25
3826,2020-04-16 14:48:55-04:00,212.11,212.13,212.16,212.11,14376,209.43,1587062935000000000,212.14756738313844,118
3827,2020-04-16 14:49:00-04:00,212.13,212.09,212.13,212.08,4953,209.43,1587062940000000000,212.09551786795882,41
3828,2020-04-16 14:49:05-04:00,212.1,212.12,212.12,212.085,8961,209.43,1587062945000000000,212.10816649927457,47
3829,2020-04-16 14:49:10-04:00,212.12,212.1599,212.1599,212.12,3354,209.43,1587062950000000000,212.13352778771613,36
3830,2020-04-16 14:49:15-04:00,212.13,212.1199,212.13,212.0899,13664,209.43,1587062955000000000,212.11518144759958,127
3831,2020-04-16 14:49:20-04:00,212.11,212.08,212.11,212.08,3187,209.43,1587062960000000000,212.08945566363357,39
3832,2020-04-16 14:49:25-04:00,212.08,212.11,212.12,212.08,1997,209.43,1587062965000000000,212.10827310966448,30
3833,2020-04-16 14:49:30-04:00,212.12,212.18,212.18,212.12,2392,209.43,1587062970000000000,212.14629632107022,21
3834,2020-04-16 14:49:35-04:00,212.18,212.1199,212.18,212.105,9924,209.43,1587062975000000000,212.12561734179766,25
3835,2020-04-16 14:49:40-04:00,212.08,212.1399,212.1399,212.08,1611,209.43,1587062980000000000,212.10085636250776,20
3836,2020-04-16 14:49:45-04:00,212.13,212.1199,212.14,212.11,2659,209.43,1587062985000000000,212.12275573523883,17
3837,2020-04-16 14:49:50-04:00,212.12,212.15,212.17,212.11,2969,209.43,1587062990000000000,212.13634429100702,36
3838,2020-04-16 14:49:55-04:00,212.145,212.115,212.145,212.11,1441,209.43,1587062995000000000,212.12688410825814,19
3839,2020-04-16 14:50:00-04:00,212.1,212.1,212.12,212.0966,4396,209.43,1587063000000000000,212.1074681528663,34
3840,2020-04-16 14:50:05-04:00,212.1,212.1563,212.16,212.09,3607,209.43,1587063005000000000,212.12044976434703,34
3841,2020-04-16 14:50:10-04:00,212.1501,212.11,212.1501,212.11,3026,209.43,1587063010000000000,212.14769695968275,25
3842,2020-04-16 14:50:15-04:00,212.115,212.02,212.12,212.02,7447,209.43,1587063015000000000,212.07716328722984,60
3843,2020-04-16 14:50:20-04:00,212.025,212.0101,212.05,212.01,7116,209.43,1587063020000000000,212.01752143057894,53
3844,2020-04-16 14:50:25-04:00,212.01,211.9899,212.01,211.97,10947,209.43,1587063025000000000,211.99116872202427,112
3845,2020-04-16 14:50:30-04:00,211.9831,211.96,211.99,211.95,7405,209.43,1587063030000000000,211.97245286968257,46
3846,2020-04-16 14:50:35-04:00,211.96,211.9601,211.98,211.95,5774,209.43,1587063035000000000,211.96145341184607,51
3847,2020-04-16 14:50:40-04:00,211.95,211.92,211.96,211.92,207939,209.43,1587063040000000000,211.80551287252518,72
3848,2020-04-16 14:50:45-04:00,211.915,211.89,211.915,211.8899,5551,209.43,1587063045000000000,211.89409119077644,35
3849,2020-04-16 14:50:50-04:00,211.89,211.87,211.9,211.86,13263,209.43,1587063050000000000,211.87938060016575,65
3850,2020-04-16 14:50:55-04:00,211.89,211.94,211.95,211.89,3816,209.43,1587063055000000000,211.93277418763103,45
3851,2020-04-16 14:51:00-04:00,211.95,211.9,211.97,211.9,11118,209.43,1587063060000000000,211.92584721172872,83
3852,2020-04-16 14:51:05-04:00,211.91,211.94,211.94,211.9,2327,209.43,1587063065000000000,211.91944194241515,25
3853,2020-04-16 14:51:10-04:00,211.93,211.85,211.94,211.84,27347,209.43,1587063070000000000,211.88363293962777,166
3854,2020-04-16 14:51:15-04:00,211.87,211.8801,211.8801,211.86,3608,209.43,1587063075000000000,211.8654654101996,34
3855,2020-04-16 14:51:20-04:00,211.86,211.8301,211.86,211.82,3461,209.43,1587063080000000000,211.82861964750066,43
3856,2020-04-16 14:51:25-04:00,211.83,211.775,211.8399,211.755,21630,209.43,1587063085000000000,211.79062960702728,146
3857,2020-04-16 14:51:30-04:00,211.77,211.81,211.82,211.77,3722,209.43,1587063090000000000,211.80151810854375,32
3858,2020-04-16 14:51:35-04:00,211.82,211.8101,211.83,211.78,14470,209.43,1587063095000000000,211.7982504837594,105
3859,2020-04-16 14:51:40-04:00,211.82,211.81,211.82,211.79,3029,209.43,1587063100000000000,211.8167216903268,22
3860,2020-04-16 14:51:45-04:00,211.8214,211.81,211.8214,211.79,1636,209.43,1587063105000000000,211.8058858801956,15
3861,2020-04-16 14:51:50-04:00,211.83,211.83,211.835,211.78,17787,209.43,1587063110000000000,211.8056262719962,139
3862,2020-04-16 14:51:55-04:00,211.81,211.83,211.83,211.81,1963,209.43,1587063115000000000,211.82483005603672,21
3863,2020-04-16 14:52:00-04:00,211.84,211.92,211.92,211.84,4289,209.43,1587063120000000000,211.8978864537188,29
3864,2020-04-16 14:52:05-04:00,211.9199,211.89,211.92,211.89,2454,209.43,1587063125000000000,211.90715057049718,21
3865,2020-04-16 14:52:10-04:00,211.895,211.92,211.945,211.895,10272,209.43,1587063130000000000,211.91709300038946,104
3866,2020-04-16 14:52:15-04:00,211.92,211.98,211.9814,211.91,16071,209.43,1587063135000000000,211.95083495737674,101
3867,2020-04-16 14:52:20-04:00,212.0015,211.98,212.01,211.98,2265,209.43,1587063140000000000,211.99849209713034,34
3868,2020-04-16 14:52:25-04:00,211.97,211.9815,212,211.97,18572,209.43,1587063145000000000,211.99002810682748,65
3869,2020-04-16 14:52:30-04:00,211.97,211.9998,212,211.94,3219,209.43,1587063150000000000,211.96814336750546,33
3870,2020-04-16 14:52:35-04:00,212,212.0199,212.02,211.99,7030,209.43,1587063155000000000,212.01047780938836,78
3871,2020-04-16 14:52:40-04:00,212,212.01,212.01,211.99,2997,209.43,1587063160000000000,211.99963296629963,22
3872,2020-04-16 14:52:45-04:00,212.0167,212.015,212.0167,212,770,209.43,1587063165000000000,212.0104416883116,10
3873,2020-04-16 14:52:50-04:00,212.01,212.0499,212.05,212.01,2086,209.43,1587063170000000000,212.02640891658677,28
3874,2020-04-16 14:52:55-04:00,212.0499,212.01,212.05,212,3346,209.43,1587063175000000000,212.01828676031084,28
3875,2020-04-16 14:53:00-04:00,212.01,212.01,212.06,212.01,5006,209.43,1587063180000000000,212.04371344386738,50
3876,2020-04-16 14:53:05-04:00,212.05,212.09,212.09,212.05,978,209.43,1587063185000000000,212.07273353783233,13
3877,2020-04-16 14:53:10-04:00,212.06,212.06,212.0655,212.0501,952,209.43,1587063190000000000,212.06302310924366,8
3878,2020-04-16 14:53:15-04:00,212.0599,212.07,212.0757,212.0599,2089,209.43,1587063195000000000,212.06579827668742,26
3879,2020-04-16 14:53:20-04:00,212.06,212.03,212.06,212.02,2499,209.43,1587063200000000000,212.03550620248103,36
3880,2020-04-16 14:53:25-04:00,212.03,212,212.03,212,2818,209.43,1587063205000000000,212.00642118523777,32
3881,2020-04-16 14:53:30-04:00,212.01,212.0599,212.0599,212.01,1088,209.43,1587063210000000000,212.0410944852941,13
3882,2020-04-16 14:53:35-04:00,212.055,212.0299,212.055,212.015,1345,209.43,1587063215000000000,212.0304773234201,16
3883,2020-04-16 14:53:40-04:00,212.02,212.02,212.02,211.97,3366,209.43,1587063220000000000,211.9881601307189,48
3884,2020-04-16 14:53:45-04:00,212.018,212.06,212.06,212.018,2417,209.43,1587063225000000000,212.03273082333473,31
3885,2020-04-16 14:53:50-04:00,212.0314,212.03,212.0314,212.03,606,209.43,1587063230000000000,212.03096765676565,5
3886,2020-04-16 14:53:55-04:00,212.0477,212.09,212.09,212.0477,955,209.43,1587063235000000000,212.0695062827225,12
3887,2020-04-16 14:54:00-04:00,212.09,212.15,212.17,212.0803,23687,209.43,1587063240000000000,212.12766019335507,120
3888,2020-04-16 14:54:05-04:00,212.15,212.17,212.18,212.1293,11620,209.43,1587063245000000000,212.1490560327022,81
3889,2020-04-16 14:54:10-04:00,212.1625,212.23,212.2499,212.1616,18949,209.43,1587063250000000000,212.18885075729605,106
3890,2020-04-16 14:54:15-04:00,212.23,212.245,212.26,212.2298,5221,209.43,1587063255000000000,212.24065876268932,65
3891,2020-04-16 14:54:20-04:00,212.245,212.2199,212.245,212.21,2681,209.43,1587063260000000000,212.22767926146958,26
3892,2020-04-16 14:54:25-04:00,212.21,212.24,212.26,212.205,3120,209.43,1587063265000000000,212.2344091346153,37
3893,2020-04-16 14:54:30-04:00,212.2498,212.23,212.2498,212.2257,5964,209.43,1587063270000000000,212.23375715962442,20
3894,2020-04-16 14:54:35-04:00,212.2643,212.3,212.3,212.2643,2812,209.43,1587063275000000000,212.27834086059755,25
3895,2020-04-16 14:54:40-04:00,212.2938,212.2757,212.2938,212.26,6599,209.43,1587063280000000000,212.2839239884831,31
3896,2020-04-16 14:54:45-04:00,212.28,212.26,212.28,212.26,1825,209.43,1587063285000000000,212.2658000547945,15
3897,2020-04-16 14:54:50-04:00,212.255,212.2314,212.265,212.23,1360,209.43,1587063290000000000,212.24697058823529,8
3898,2020-04-16 14:54:55-04:00,212.215,212.23,212.23,212.215,840,209.43,1587063295000000000,212.22006869047618,16
3899,2020-04-16 14:55:00-04:00,212.23,212.21,212.25,212.21,2953,209.43,1587063300000000000,212.23107026752453,30
3900,2020-04-16 14:55:05-04:00,212.18,212.175,212.18,212.16,2332,209.43,1587063305000000000,212.16539035162953,20
3901,2020-04-16 14:55:10-04:00,212.18,212.2,212.2,212.17,2295,209.43,1587063310000000000,212.18705228758168,32
3902,2020-04-16 14:55:15-04:00,212.2,212.24,212.24,212.19,2328,209.43,1587063315000000000,212.2121391752577,22
3903,2020-04-16 14:55:20-04:00,212.24,212.31,212.33,212.24,7224,209.43,1587063320000000000,212.29246677740872,87
3904,2020-04-16 14:55:25-04:00,212.3057,212.2976,212.34,212.29,11759,209.43,1587063325000000000,212.31198173314056,59
3905,2020-04-16 14:55:30-04:00,212.285,212.295,212.3,212.27,4269,209.43,1587063330000000000,212.28570154602946,54
3906,2020-04-16 14:55:35-04:00,212.31,212.34,212.34,212.3,4039,209.43,1587063335000000000,212.30721817281508,22
3907,2020-04-16 14:55:40-04:00,212.3402,212.32,212.3402,212.3001,5201,209.43,1587063340000000000,212.33163345510474,24
3908,2020-04-16 14:55:45-04:00,212.3199,212.26,212.3199,212.24,5731,209.43,1587063345000000000,212.2618109404991,53
3909,2020-04-16 14:55:50-04:00,212.25,212.22,212.25,212.2,4209,209.43,1587063350000000000,212.21766813970072,38
3910,2020-04-16 14:55:55-04:00,212.21,212.2,212.23,212.2,1777,209.43,1587063355000000000,212.21491277433876,16
3911,2020-04-16 14:56:00-04:00,212.19,212.22,212.22,212.18,4696,209.43,1587063360000000000,212.20971550255538,17
3912,2020-04-16 14:56:05-04:00,212.25,212.24,212.29,212.24,5607,209.43,1587063365000000000,212.25682985553763,55
3913,2020-04-16 14:56:10-04:00,212.2301,212.2714,212.2714,212.2301,680,209.43,1587063370000000000,212.2554279411765,19
3914,2020-04-16 14:56:15-04:00,212.2801,212.33,212.33,212.28,7280,209.43,1587063375000000000,212.307783598901,57
3915,2020-04-16 14:56:20-04:00,212.32,212.3311,212.3319,212.3,7345,209.43,1587063380000000000,212.31814227365572,106
3916,2020-04-16 14:56:25-04:00,212.35,212.345,212.35,212.33,8112,209.43,1587063385000000000,212.3389313856016,64
3917,2020-04-16 14:56:30-04:00,212.3595,212.3601,212.39,212.35,14511,209.43,1587063390000000000,212.35606457170437,106
3918,2020-04-16 14:56:35-04:00,212.37,212.36,212.37,212.35,8773,209.43,1587063395000000000,212.3565245640032,95
3919,2020-04-16 14:56:40-04:00,212.3699,212.37,212.37,212.34,8521,209.43,1587063400000000000,212.36244982983214,78
3920,2020-04-16 14:56:45-04:00,212.3806,212.3757,212.3806,212.37,1532,209.43,1587063405000000000,212.3769203002611,18
3921,2020-04-16 14:56:50-04:00,212.37,212.4401,212.4401,212.3386,7283,209.43,1587063410000000000,212.39034944391057,68
3922,2020-04-16 14:56:55-04:00,212.4599,212.4,212.46,212.4,3932,209.43,1587063415000000000,212.4244975839269,65
3923,2020-04-16 14:57:00-04:00,212.4,212.35,212.4,212.35,5145,209.43,1587063420000000000,212.3624168707483,41
3924,2020-04-16 14:57:05-04:00,212.35,212.32,212.35,212.32,10011,209.43,1587063425000000000,212.33729846169226,70
3925,2020-04-16 14:57:10-04:00,212.34,212.36,212.3746,212.34,2749,209.43,1587063430000000000,212.35448035649327,18
3926,2020-04-16 14:57:15-04:00,212.37,212.31,212.37,212.31,10639,209.43,1587063435000000000,212.33393622520913,61
3927,2020-04-16 14:57:20-04:00,212.32,212.3259,212.33,212.3,13611,209.43,1587063440000000000,212.31200480493735,70
3928,2020-04-16 14:57:25-04:00,212.34,212.36,212.36,212.335,2973,209.43,1587063445000000000,212.34394191052812,24
3929,2020-04-16 14:57:30-04:00,212.42,212.42,212.44,212.41,2050,209.43,1587063450000000000,212.4291255609756,25
3930,2020-04-16 14:57:35-04:00,212.435,212.41,212.4599,212.41,6748,209.43,1587063455000000000,212.44081061055127,45
3931,2020-04-16 14:57:40-04:00,212.41,212.495,212.495,212.39,15583,209.43,1587063460000000000,212.4193652698452,54
3932,2020-04-16 14:57:45-04:00,212.495,212.45,212.5,212.45,12474,209.43,1587063465000000000,212.4714143979478,77
3933,2020-04-16 14:57:50-04:00,212.46,212.46,212.47,212.4543,3428,209.43,1587063470000000000,212.46471998249712,22
3934,2020-04-16 14:57:55-04:00,212.48,212.43,212.49,212.43,3269,209.43,1587063475000000000,212.46150538390944,23
3935,2020-04-16 14:58:00-04:00,212.43,212.44,212.44,212.42,1037,209.43,1587063480000000000,212.42988514946958,15
3936,2020-04-16 14:58:05-04:00,212.4398,212.44,212.443,212.4302,2111,209.43,1587063485000000000,212.43928493604923,23
3937,2020-04-16 14:58:10-04:00,212.43,212.43,212.44,212.41,2420,209.43,1587063490000000000,212.42391528925623,22
3938,2020-04-16 14:58:15-04:00,212.435,212.435,212.435,212.435,892,209.43,1587063495000000000,212.43106715246634,15
3939,2020-04-16 14:58:20-04:00,212.41,212.4,212.41,212.3901,569,209.43,1587063500000000000,212.39956414762742,8
3940,2020-04-16 14:58:25-04:00,212.41,212.4,212.42,212.395,2978,209.43,1587063505000000000,212.40260100738755,30
3941,2020-04-16 14:58:30-04:00,212.42,212.4397,212.4397,212.42,798,209.43,1587063510000000000,212.42587606516292,18
3942,2020-04-16 14:58:35-04:00,212.44,212.41,212.44,212.405,1831,209.43,1587063515000000000,212.42129328235944,18
3943,2020-04-16 14:58:40-04:00,212.4104,212.4,212.43,212.39,3139,209.43,1587063520000000000,212.40765919082511,33
3944,2020-04-16 14:58:45-04:00,212.41,212.36,212.41,212.36,4902,209.43,1587063525000000000,212.3910101183191,34
3945,2020-04-16 14:58:50-04:00,212.37,212.39,212.39,212.36,1462,209.43,1587063530000000000,212.38304582763337,13
3946,2020-04-16 14:58:55-04:00,212.35,212.34,212.35,212.34,886,209.43,1587063535000000000,212.34782821670427,9
3947,2020-04-16 14:59:00-04:00,212.37,212.34,212.38,212.34,5982,209.43,1587063540000000000,212.36027489134085,38
3948,2020-04-16 14:59:05-04:00,212.33,212.4,212.4096,212.32,3635,209.43,1587063545000000000,212.35314729023386,42
3949,2020-04-16 14:59:10-04:00,212.37,212.4,212.44,212.365,8518,209.43,1587063550000000000,212.39990936839627,53
3950,2020-04-16 14:59:15-04:00,212.4143,212.41,212.4143,212.4077,712,209.43,1587063555000000000,212.41093132022473,7
3951,2020-04-16 14:59:20-04:00,212.4,212.4,212.4,212.385,6761,209.43,1587063560000000000,212.2791428782725,32
3952,2020-04-16 14:59:25-04:00,212.4065,212.45,212.45,212.4065,2306,209.43,1587063565000000000,212.4381418039896,18
3953,2020-04-16 14:59:30-04:00,212.45,212.47,212.47,212.42,1576,209.43,1587063570000000000,212.4582580583756,20
3954,2020-04-16 14:59:35-04:00,212.49,212.47,212.5,212.47,8701,209.43,1587063575000000000,212.49087335938412,60
3955,2020-04-16 14:59:40-04:00,212.4701,212.43,212.475,212.43,4254,209.43,1587063580000000000,212.45075296191814,46
3956,2020-04-16 14:59:45-04:00,212.41,212.38,212.42,212.38,2699,209.43,1587063585000000000,212.41091100407567,36
3957,2020-04-16 14:59:50-04:00,212.3601,212.38,212.38,212.3601,525,209.43,1587063590000000000,212.37042095238093,12
3958,2020-04-16 14:59:55-04:00,212.36,212.3314,212.36,212.31,9268,209.43,1587063595000000000,212.33810533016842,58
3959,2020-04-16 15:00:00-04:00,212.34,212.5,212.515,212.33,13438,209.43,1587063600000000000,212.48101125911595,60
3960,2020-04-16 15:00:05-04:00,212.51,212.45,212.51,212.44,10321,209.43,1587063605000000000,212.483336614669,97
3961,2020-04-16 15:00:10-04:00,212.4599,212.4,212.4599,212.3701,25678,209.43,1587063610000000000,212.42111055378103,182
3962,2020-04-16 15:00:15-04:00,212.41,212.42,212.44,212.41,2167,209.43,1587063615000000000,212.42376898938622,28
3963,2020-04-16 15:00:20-04:00,212.39,212.37,212.4,212.37,4467,209.43,1587063620000000000,212.38753962390868,32
3964,2020-04-16 15:00:25-04:00,212.35,212.34,212.3635,212.33,3523,209.43,1587063625000000000,212.3512035197275,38
3965,2020-04-16 15:00:30-04:00,212.34,212.31,212.34,212.3001,4167,209.43,1587063630000000000,212.32322078233744,36
3966,2020-04-16 15:00:35-04:00,212.32,212.2414,212.32,212.24,21616,209.43,1587063635000000000,212.2665223214286,113
3967,2020-04-16 15:00:40-04:00,212.27,212.24,212.27,212.23,9839,209.43,1587063640000000000,212.2435927838193,48
3968,2020-04-16 15:00:45-04:00,212.23,212.2,212.24,212.19,7762,209.43,1587063645000000000,212.21299278536458,63
3969,2020-04-16 15:00:50-04:00,212.18,212.21,212.21,212.18,4421,209.43,1587063650000000000,212.19961162632887,19
3970,2020-04-16 15:00:55-04:00,212.2,212.245,212.25,212.19,24398,209.43,1587063655000000000,212.22138626526754,152
3971,2020-04-16 15:01:00-04:00,212.2399,212.14,212.24,212.13,6394,209.43,1587063660000000000,212.1794776352831,62
3972,2020-04-16 15:01:05-04:00,212.1314,212.06,212.1314,212.05,5614,209.43,1587063665000000000,212.08147269326682,45
3973,2020-04-16 15:01:10-04:00,212.05,212.05,212.055,212,27846,209.43,1587063670000000000,212.02878855131797,168
3974,2020-04-16 15:01:15-04:00,212.04,212.05,212.05,212.03,5203,209.43,1587063675000000000,212.04357493753602,40
3975,2020-04-16 15:01:20-04:00,212.0599,212.09,212.09,212.05,4838,209.43,1587063680000000000,212.0656645721373,30
3976,2020-04-16 15:01:25-04:00,212.085,212.05,212.1,212.05,9518,209.43,1587063685000000000,212.0797722210548,83
3977,2020-04-16 15:01:30-04:00,212.04,212.04,212.085,212.03,20002,209.43,1587063690000000000,212.0487268773121,162
3978,2020-04-16 15:01:35-04:00,212.04,212.0701,212.0701,212.03,11937,209.43,1587063695000000000,212.04587643461508,51
3979,2020-04-16 15:01:40-04:00,212.07,212.05,212.075,212.02,10682,209.43,1587063700000000000,212.04864888597646,108
3980,2020-04-16 15:01:45-04:00,212.07,212.05,212.07,212.02,13697,209.43,1587063705000000000,212.05409202015036,120
3981,2020-04-16 15:01:50-04:00,212.06,212.03,212.06,212.03,4979,209.43,1587063710000000000,212.05703554930702,39
3982,2020-04-16 15:01:55-04:00,212.03,212.0301,212.04,211.99,21080,209.43,1587063715000000000,212.01293216318763,123
3983,2020-04-16 15:02:00-04:00,212.04,211.94,212.05,211.92,18120,209.43,1587063720000000000,211.98993447019902,195
3984,2020-04-16 15:02:05-04:00,211.925,211.84,211.93,211.84,39774,209.43,1587063725000000000,211.8974714889123,187
3985,2020-04-16 15:02:10-04:00,211.85,211.81,211.88,211.79,27761,209.43,1587063730000000000,211.8570167068908,130
3986,2020-04-16 15:02:15-04:00,211.81,211.84,211.8472,211.77,16782,209.43,1587063735000000000,211.8064114765821,167
3987,2020-04-16 15:02:20-04:00,211.84,211.83,211.87,211.82,10424,209.43,1587063740000000000,211.84172937452018,134
3988,2020-04-16 15:02:25-04:00,211.84,211.885,211.885,211.84,8143,209.43,1587063745000000000,211.8623172049613,40
3989,2020-04-16 15:02:30-04:00,211.9,211.95,211.96,211.9,5161,209.43,1587063750000000000,211.92068184460382,43
3990,2020-04-16 15:02:35-04:00,211.96,211.9373,211.98,211.93,6143,209.43,1587063755000000000,211.94773631776008,53
3991,2020-04-16 15:02:40-04:00,211.9299,211.97,211.97,211.9299,3102,209.43,1587063760000000000,211.94685557704705,27
3992,2020-04-16 15:02:45-04:00,211.97,211.9847,211.985,211.94,9059,209.43,1587063765000000000,211.96440613754282,94
3993,2020-04-16 15:02:50-04:00,211.98,211.95,211.9883,211.95,2085,209.43,1587063770000000000,211.96389160671464,24
3994,2020-04-16 15:02:55-04:00,211.93,211.8977,211.9499,211.89,3171,209.43,1587063775000000000,211.9113790917691,20
3995,2020-04-16 15:03:00-04:00,211.9,211.895,211.9302,211.89,10057,209.43,1587063780000000000,211.90195833747634,51
3996,2020-04-16 15:03:05-04:00,211.9,211.9,211.92,211.8973,2531,209.43,1587063785000000000,211.9041564598973,22
3997,2020-04-16 15:03:10-04:00,211.895,211.93,211.94,211.895,4406,209.43,1587063790000000000,211.92002837040403,30
3998,2020-04-16 15:03:15-04:00,211.935,211.95,211.97,211.935,1786,209.43,1587063795000000000,211.95417799552075,20
3999,2020-04-16 15:03:20-04:00,211.95,211.9,211.95,211.9,3080,209.43,1587063800000000000,211.93628571428573,42
4000,2020-04-16 15:03:25-04:00,211.89,211.905,211.91,211.89,4279,209.43,1587063805000000000,211.897199111942,22
4001,2020-04-16 15:03:30-04:00,211.905,211.915,211.94,211.895,6457,209.43,1587063810000000000,211.91297274275973,55
4002,2020-04-16 15:03:35-04:00,211.92,211.91,211.94,211.91,8252,209.43,1587063815000000000,211.92378813620945,72
4003,2020-04-16 15:03:40-04:00,211.908,211.945,211.945,211.9,2560,209.43,1587063820000000000,211.91943476562503,31
4004,2020-04-16 15:03:45-04:00,211.9501,211.94,211.9501,211.935,1277,209.43,1587063825000000000,211.93911667971804,15
4005,2020-04-16 15:03:50-04:00,211.94,211.98,212,211.94,3380,209.43,1587063830000000000,211.9890557100592,30
4006,2020-04-16 15:03:55-04:00,211.99,212.03,212.04,211.99,7215,209.43,1587063835000000000,212.02453180873187,60
4007,2020-04-16 15:04:00-04:00,212.03,212.09,212.09,212.02,15693,209.43,1587063840000000000,212.0449906327664,97
4008,2020-04-16 15:04:05-04:00,212.06,211.98,212.06,211.98,2430,209.43,1587063845000000000,212.01974942386835,25
4009,2020-04-16 15:04:10-04:00,211.93,211.94,211.9487,211.9,6222,209.43,1587063850000000000,211.9157184185149,26
4010,2020-04-16 15:04:15-04:00,211.94,211.94,211.95,211.93,3344,209.43,1587063855000000000,211.94586345693773,32
4011,2020-04-16 15:04:20-04:00,211.9665,211.96,211.9665,211.955,791,209.43,1587063860000000000,211.96106194690267,7
4012,2020-04-16 15:04:25-04:00,211.94,211.8977,211.94,211.895,3008,209.43,1587063865000000000,211.90739152260636,33
4013,2020-04-16 15:04:30-04:00,211.9409,211.97,211.97,211.93,1270,209.43,1587063870000000000,211.93947755905512,17
4014,2020-04-16 15:04:35-04:00,211.94,211.9,211.94,211.89,4187,209.43,1587063875000000000,211.8972261046094,31
4015,2020-04-16 15:04:40-04:00,211.93,211.94,211.96,211.91,7338,209.43,1587063880000000000,211.9293681657126,46
4016,2020-04-16 15:04:45-04:00,211.955,211.89,211.955,211.89,1877,209.43,1587063885000000000,211.92270836441128,20
4017,2020-04-16 15:04:50-04:00,211.89,211.93,211.93,211.89,2079,209.43,1587063890000000000,211.89983309283315,23
4018,2020-04-16 15:04:55-04:00,211.94,211.9,211.94,211.9,3150,209.43,1587063895000000000,211.92987936507936,25
4019,2020-04-16 15:05:00-04:00,211.91,211.91,211.91,211.89,6608,209.43,1587063900000000000,211.8983311289347,51
4020,2020-04-16 15:05:05-04:00,211.94,211.9799,211.9799,211.94,3189,209.43,1587063905000000000,211.96689965506425,29
4021,2020-04-16 15:05:10-04:00,212,212.04,212.04,212,1108,209.43,1587063910000000000,212.02590252707586,16
4022,2020-04-16 15:05:15-04:00,212.0271,212.01,212.04,212.01,1896,209.43,1587063915000000000,212.02538781645566,14
4023,2020-04-16 15:05:20-04:00,211.9801,211.9923,211.9999,211.9801,565,209.43,1587063920000000000,211.9908318584071,6
4024,2020-04-16 15:05:25-04:00,212,212.0301,212.0301,211.97,1708,209.43,1587063925000000000,212.01230603044496,20
4025,2020-04-16 15:05:30-04:00,212.03,212.0901,212.0901,212.0199,4599,209.43,1587063930000000000,212.06576212220045,47
4026,2020-04-16 15:05:35-04:00,212.09,212.0299,212.0989,212.0299,12947,209.43,1587063935000000000,212.085072186607,48
4027,2020-04-16 15:05:40-04:00,212,211.96,212.01,211.96,7856,209.43,1587063940000000000,211.98414007128318,83
4028,2020-04-16 15:05:45-04:00,211.98,211.92,212.02,211.92,8692,209.43,1587063945000000000,211.99677616198804,68
4029,2020-04-16 15:05:50-04:00,211.89,211.93,211.9399,211.89,39578,209.43,1587063950000000000,211.89205870433048,324
4030,2020-04-16 15:05:55-04:00,211.91,211.81,211.91,211.8,97336,209.43,1587063955000000000,211.86250637174356,617
4031,2020-04-16 15:06:00-04:00,211.82,211.71,211.8238,211.71,16427,209.43,1587063960000000000,211.76486157545503,153
4032,2020-04-16 15:06:05-04:00,211.725,211.71,211.7399,211.675,17167,209.43,1587063965000000000,211.70809634764376,100
4033,2020-04-16 15:06:10-04:00,211.7157,211.7299,211.73,211.7,5970,209.43,1587063970000000000,211.71951008375203,45
4034,2020-04-16 15:06:15-04:00,211.73,211.72,211.75,211.6901,3613,209.43,1587063975000000000,211.71318704677557,20
4035,2020-04-16 15:06:20-04:00,211.75,211.785,211.79,211.75,17871,209.43,1587063980000000000,211.78530509204865,25
4036,2020-04-16 15:06:25-04:00,211.77,211.83,211.8595,211.77,5860,209.43,1587063985000000000,211.8150502559727,48
4037,2020-04-16 15:06:30-04:00,211.83,211.89,211.93,211.83,12604,209.43,1587063990000000000,211.8786617740401,82
4038,2020-04-16 15:06:35-04:00,211.89,211.93,211.93,211.89,9591,209.43,1587063995000000000,211.9151121780836,66
4039,2020-04-16 15:06:40-04:00,211.92,211.95,211.9901,211.92,5907,209.43,1587064000000000000,211.949946131708,78
4040,2020-04-16 15:06:45-04:00,211.9499,211.92,211.975,211.92,1232,209.43,1587064005000000000,211.95776079545456,18
4041,2020-04-16 15:06:50-04:00,211.92,211.93,211.94,211.89,4145,209.43,1587064010000000000,211.91062955367906,55
4042,2020-04-16 15:06:55-04:00,211.95,211.95,211.96,211.94,1681,209.43,1587064015000000000,211.95250505651404,19
4043,2020-04-16 15:07:00-04:00,211.9761,212.0462,212.05,211.9761,4095,209.43,1587064020000000000,212.02794280830287,24
4044,2020-04-16 15:07:05-04:00,212.04,212.0301,212.06,212.03,1149,209.43,1587064025000000000,212.04166231505656,15
4045,2020-04-16 15:07:10-04:00,212.0301,212,212.04,211.99,6491,209.43,1587064030000000000,212.00320228007996,80
4046,2020-04-16 15:07:15-04:00,212.03,211.98,212.03,211.9583,1438,209.43,1587064035000000000,211.97428372739915,19
4047,2020-04-16 15:07:20-04:00,211.97,212,212,211.9557,1975,209.43,1587064040000000000,211.9728972151899,20
4048,2020-04-16 15:07:25-04:00,212.02,212.01,212.04,212,4783,209.43,1587064045000000000,212.02517353125654,36
4049,2020-04-16 15:07:30-04:00,212.0386,212.0102,212.07,212.0099,4723,209.43,1587064050000000000,212.0369815159855,39
4050,2020-04-16 15:07:35-04:00,212.01,212.0001,212.0401,212,4026,209.43,1587064055000000000,212.01374813710873,30
4051,2020-04-16 15:07:40-04:00,211.99,211.9,211.99,211.9,7709,209.43,1587064060000000000,211.94048113892853,56
4052,2020-04-16 15:07:45-04:00,211.9,211.89,211.9,211.8743,585,209.43,1587064065000000000,211.8874547008547,8
4053,2020-04-16 15:07:50-04:00,211.88,211.89,211.89,211.87,3252,209.43,1587064070000000000,211.8807180196802,35
4054,2020-04-16 15:07:55-04:00,211.89,211.88,211.9,211.87,6574,209.43,1587064075000000000,211.88011180407665,60
4055,2020-04-16 15:08:00-04:00,211.87,211.84,211.8714,211.84,4237,209.43,1587064080000000000,211.8529171583668,30
4056,2020-04-16 15:08:05-04:00,211.825,211.788,211.84,211.7759,6554,209.43,1587064085000000000,211.79469555996337,47
4057,2020-04-16 15:08:10-04:00,211.7999,211.7347,211.8,211.73,2402,209.43,1587064090000000000,211.78282914238133,32
4058,2020-04-16 15:08:15-04:00,211.73,211.67,211.75,211.66,14544,209.43,1587064095000000000,211.69485430418064,119
4059,2020-04-16 15:08:20-04:00,211.66,211.67,211.6885,211.65,6923,209.43,1587064100000000000,211.66932927921434,54
4060,2020-04-16 15:08:25-04:00,211.7,211.71,211.72,211.69,2472,209.43,1587064105000000000,211.70139162621354,32
4061,2020-04-16 15:08:30-04:00,211.71,211.73,211.73,211.69,1282,209.43,1587064110000000000,211.71588143525744,17
4062,2020-04-16 15:08:35-04:00,211.73,211.72,211.73,211.69,3869,209.43,1587064115000000000,211.70547270612556,52
4063,2020-04-16 15:08:40-04:00,211.72,211.73,211.76,211.72,2980,209.43,1587064120000000000,211.746154362416,29
4064,2020-04-16 15:08:45-04:00,211.72,211.79,211.81,211.72,38925,209.43,1587064125000000000,211.78387005780357,143
4065,2020-04-16 15:08:50-04:00,211.83,211.78,211.83,211.78,2284,209.43,1587064130000000000,211.79644207530657,30
4066,2020-04-16 15:08:55-04:00,211.81,211.85,211.88,211.81,7343,209.43,1587064135000000000,211.8508508920061,65
4067,2020-04-16 15:09:00-04:00,211.84,211.9,211.9,211.84,1576,209.43,1587064140000000000,211.87618045685278,24
4068,2020-04-16 15:09:05-04:00,211.908,211.8801,211.908,211.8533,3135,209.43,1587064145000000000,211.88284468899522,30
4069,2020-04-16 15:09:10-04:00,211.92,211.89,211.94,211.89,1641,209.43,1587064150000000000,211.92128610603288,22
4070,2020-04-16 15:09:15-04:00,211.88,211.82,211.89,211.82,1467,209.43,1587064155000000000,211.858439945467,22
4071,2020-04-16 15:09:20-04:00,211.84,211.8499,211.86,211.84,2966,209.43,1587064160000000000,211.85172977073495,48
4072,2020-04-16 15:09:25-04:00,211.89,211.9099,211.9099,211.884,4176,209.43,1587064165000000000,211.94764310344829,13
4073,2020-04-16 15:09:30-04:00,211.88,211.8,211.88,211.8,5427,209.43,1587064170000000000,211.83579677538242,35
4074,2020-04-16 15:09:35-04:00,211.8,211.84,211.85,211.8,2027,209.43,1587064175000000000,211.82807104094724,18
4075,2020-04-16 15:09:40-04:00,211.85,211.81,211.855,211.79,2446,209.43,1587064180000000000,211.82828634505316,37
4076,2020-04-16 15:09:45-04:00,211.83,211.76,211.83,211.76,6150,209.43,1587064185000000000,211.7896127642275,60
4077,2020-04-16 15:09:50-04:00,211.77,211.7633,211.78,211.74,10031,209.43,1587064190000000000,211.7645976572625,77
4078,2020-04-16 15:09:55-04:00,211.76,211.75,211.76,211.71,4194,209.43,1587064195000000000,211.73931087267516,53
4079,2020-04-16 15:10:00-04:00,211.74,211.79,211.79,211.71,5695,209.43,1587064200000000000,211.73453164179114,54
4080,2020-04-16 15:10:05-04:00,211.81,211.8197,211.82,211.8001,1351,209.43,1587064205000000000,211.81181391561802,24
4081,2020-04-16 15:10:10-04:00,211.79,211.84,211.84,211.76,5161,209.43,1587064210000000000,211.78948060453405,28
4082,2020-04-16 15:10:15-04:00,211.82,211.82,211.837,211.79,1655,209.43,1587064215000000000,211.81693534743206,14
4083,2020-04-16 15:10:20-04:00,211.81,211.85,211.88,211.81,4825,209.43,1587064220000000000,211.837233160622,66
4084,2020-04-16 15:10:25-04:00,211.845,211.82,211.86,211.82,3473,209.43,1587064225000000000,211.84465539879056,43
4085,2020-04-16 15:10:30-04:00,211.82,211.73,211.82,211.72,8669,209.43,1587064230000000000,211.75520220325305,69
4086,2020-04-16 15:10:35-04:00,211.73,211.77,211.77,211.72,2586,209.43,1587064235000000000,211.7412764887858,36
4087,2020-04-16 15:10:40-04:00,211.77,211.6949,211.77,211.68,9090,209.43,1587064240000000000,211.7134639273929,62
4088,2020-04-16 15:10:45-04:00,211.71,211.69,211.735,211.69,2948,209.43,1587064245000000000,211.71186723202177,31
4089,2020-04-16 15:10:50-04:00,211.68,211.655,211.68,211.64,29687,209.43,1587064250000000000,211.667706854852,161
4090,2020-04-16 15:10:55-04:00,211.67,211.5899,211.675,211.57,27970,209.43,1587064255000000000,211.63904928852344,193
4091,2020-04-16 15:11:00-04:00,211.5781,211.51,211.6,211.51,16119,209.43,1587064260000000000,211.55532632297297,115
4092,2020-04-16 15:11:05-04:00,211.52,211.595,211.595,211.52,11893,209.43,1587064265000000000,211.5654282182796,86
4093,2020-04-16 15:11:10-04:00,211.57,211.6199,211.6199,211.56,10247,209.43,1587064270000000000,211.5777544647212,48
4094,2020-04-16 15:11:15-04:00,211.61,211.615,211.6195,211.54,21470,209.43,1587064275000000000,211.56665241732634,130
4095,2020-04-16 15:11:20-04:00,211.61,211.7,211.7,211.61,6496,209.43,1587064280000000000,211.6599460591133,42
4096,2020-04-16 15:11:25-04:00,211.6899,211.6972,211.75,211.6899,4593,209.43,1587064285000000000,211.71470097975165,43
4097,2020-04-16 15:11:30-04:00,211.7,211.64,211.73,211.635,38190,209.43,1587064290000000000,211.68907250589194,245
4098,2020-04-16 15:11:35-04:00,211.63,211.64,211.655,211.62,5906,209.43,1587064295000000000,211.64052106332545,25
4099,2020-04-16 15:11:40-04:00,211.62,211.63,211.63,211.61,3205,209.43,1587064300000000000,211.62032330733234,27
4100,2020-04-16 15:11:45-04:00,211.62,211.65,211.6501,211.59,2743,209.43,1587064305000000000,211.62777513671156,30
4101,2020-04-16 15:11:50-04:00,211.675,211.65,211.675,211.61,34487,209.43,1587064310000000000,211.63555160205294,285
4102,2020-04-16 15:11:55-04:00,211.65,211.6699,211.6699,211.64,4810,209.43,1587064315000000000,211.6566145738046,28
4103,2020-04-16 15:12:00-04:00,211.6536,211.73,211.75,211.6536,7393,209.43,1587064320000000000,211.70366901122688,80
4104,2020-04-16 15:12:05-04:00,211.7279,211.72,211.73,211.72,1359,209.43,1587064325000000000,211.72777512877113,14
4105,2020-04-16 15:12:10-04:00,211.71,211.69,211.72,211.6699,1223,209.43,1587064330000000000,211.6990008176615,13
4106,2020-04-16 15:12:15-04:00,211.7096,211.69,211.7096,211.69,869,209.43,1587064335000000000,211.6959281933257,10
4107,2020-04-16 15:12:20-04:00,211.69,211.68,211.7099,211.6499,2125,209.43,1587064340000000000,211.67152988235293,23
4108,2020-04-16 15:12:25-04:00,211.66,211.75,211.76,211.66,6191,209.43,1587064345000000000,211.7302622193506,68
4109,2020-04-16 15:12:30-04:00,211.7466,211.79,211.8,211.72,4920,209.43,1587064350000000000,211.7478324186992,40
4110,2020-04-16 15:12:35-04:00,211.78,211.7999,211.8,211.77,3386,209.43,1587064355000000000,211.7865153868872,20
4111,2020-04-16 15:12:40-04:00,211.79,211.8,211.81,211.78,14932,209.43,1587064360000000000,211.79487744441485,102
4112,2020-04-16 15:12:45-04:00,211.79,211.77,211.8001,211.77,1322,209.43,1587064365000000000,211.79295937972768,16
4113,2020-04-16 15:12:50-04:00,211.78,211.74,211.78,211.74,20579,209.43,1587064370000000000,211.77320145779677,68
4114,2020-04-16 15:12:55-04:00,211.75,211.74,211.75,211.74,1987,209.43,1587064375000000000,211.74530251635633,14
4115,2020-04-16 15:13:00-04:00,211.755,211.7299,211.755,211.69,4361,209.43,1587064380000000000,211.7140069250172,42
4116,2020-04-16 15:13:05-04:00,211.68,211.68,211.6913,211.68,3782,209.43,1587064385000000000,211.6904336329984,11
4117,2020-04-16 15:13:10-04:00,211.68,211.68,211.6898,211.6501,9329,209.43,1587064390000000000,211.67104367027562,79
4118,2020-04-16 15:13:15-04:00,211.6799,211.66,211.68,211.66,18755,209.43,1587064395000000000,211.67085929085582,98
4119,2020-04-16 15:13:20-04:00,211.65,211.66,211.73,211.65,17617,209.43,1587064400000000000,211.67761896463654,91
4120,2020-04-16 15:13:25-04:00,211.67,211.65,211.67,211.64,2977,209.43,1587064405000000000,211.65072972791398,20
4121,2020-04-16 15:13:30-04:00,211.65,211.7068,211.72,211.64,149255,209.43,1587064410000000000,211.65952001607963,184
4122,2020-04-16 15:13:35-04:00,211.71,211.715,211.77,211.705,11616,209.43,1587064415000000000,211.73928166322318,79
4123,2020-04-16 15:13:40-04:00,211.705,211.68,211.71,211.67,5433,209.43,1587064420000000000,211.68888562488482,55
4124,2020-04-16 15:13:45-04:00,211.67,211.76,211.76,211.66,15506,209.43,1587064425000000000,211.71412840190894,96
4125,2020-04-16 15:13:50-04:00,211.7723,211.81,211.81,211.745,30418,209.43,1587064430000000000,211.76796963311202,210
4126,2020-04-16 15:13:55-04:00,211.8,211.715,211.8,211.705,12404,209.43,1587064435000000000,211.7695208239278,45
4127,2020-04-16 15:14:00-04:00,211.73,211.68,211.755,211.66,7723,209.43,1587064440000000000,211.72625907030965,87
4128,2020-04-16 15:14:05-04:00,211.66,211.68,211.68,211.64,4280,209.43,1587064445000000000,211.66759929906547,38
4129,2020-04-16 15:14:10-04:00,211.69,211.74,211.74,211.67,22009,209.43,1587064450000000000,211.7209377073014,116
4130,2020-04-16 15:14:15-04:00,211.75,211.8,211.84,211.75,1524,209.43,1587064455000000000,211.79727027559053,23
4131,2020-04-16 15:14:20-04:00,211.8,211.85,211.85,211.8,2518,209.43,1587064460000000000,211.83809352660836,27
4132,2020-04-16 15:14:25-04:00,211.86,211.9,211.9,211.8428,2005,209.43,1587064465000000000,211.86036783042394,27
4133,2020-04-16 15:14:30-04:00,211.91,211.93,211.94,211.9,16056,209.43,1587064470000000000,211.9217145926754,124
4134,2020-04-16 15:14:35-04:00,211.93,211.9,211.93,211.9,3342,209.43,1587064475000000000,211.91460936564934,28
4135,2020-04-16 15:14:40-04:00,211.88,211.825,211.885,211.82,3685,209.43,1587064480000000000,211.85145264586157,40
4136,2020-04-16 15:14:45-04:00,211.82,211.93,211.94,211.82,7867,209.43,1587064485000000000,211.8591738146688,50
4137,2020-04-16 15:14:50-04:00,211.93,211.85,211.93,211.85,27663,209.43,1587064490000000000,211.90035151646592,173
4138,2020-04-16 15:14:55-04:00,211.86,211.88,211.88,211.8581,4549,209.43,1587064495000000000,211.866250824357,21
4139,2020-04-16 15:15:00-04:00,211.84,211.86,211.86,211.82,1889,209.43,1587064500000000000,211.8478454208576,19
4140,2020-04-16 15:15:05-04:00,211.89,211.93,211.93,211.89,2831,209.43,1587064505000000000,211.90808194984103,36
4141,2020-04-16 15:15:10-04:00,211.91,211.975,212.0199,211.89,23330,209.43,1587064510000000000,211.9739978954137,131
4142,2020-04-16 15:15:15-04:00,211.975,211.99,212.01,211.961,7536,209.43,1587064515000000000,211.97896736995753,46
4143,2020-04-16 15:15:20-04:00,212,212.05,212.055,211.98,27530,209.43,1587064520000000000,212.01365626225942,138
4144,2020-04-16 15:15:25-04:00,212,212.12,212.15,212,16180,209.43,1587064525000000000,212.10791959208908,141
4145,2020-04-16 15:15:30-04:00,212.12,212.07,212.12,212.05,14067,209.43,1587064530000000000,212.0853147152912,66
4146,2020-04-16 15:15:35-04:00,212.05,212.03,212.05,212.03,4452,209.43,1587064535000000000,212.0380882749326,51
4147,2020-04-16 15:15:40-04:00,212.05,212.03,212.05,212.02,13757,209.43,1587064540000000000,212.04160594606387,53
4148,2020-04-16 15:15:45-04:00,212.05,212.07,212.07,212.05,4530,209.43,1587064545000000000,212.06146796909508,31
4149,2020-04-16 15:15:50-04:00,212.045,212.0001,212.045,211.98,11806,209.43,1587064550000000000,212.0217615873284,47
4150,2020-04-16 15:15:55-04:00,211.99,212.02,212.02,211.99,2232,209.43,1587064555000000000,211.9878140232975,24
4151,2020-04-16 15:16:00-04:00,212.02,211.95,212.02,211.95,3221,209.43,1587064560000000000,211.99137441788264,28
4152,2020-04-16 15:16:05-04:00,211.97,211.93,211.99,211.93,4202,209.43,1587064565000000000,211.96491908614942,43
4153,2020-04-16 15:16:10-04:00,211.96,211.93,211.96,211.92,10526,209.43,1587064570000000000,211.93450253657602,93
4154,2020-04-16 15:16:15-04:00,211.96,211.91,211.97,211.9017,3203,209.43,1587064575000000000,211.92449837652194,27
4155,2020-04-16 15:16:20-04:00,211.89,211.895,211.9,211.87,4344,209.43,1587064580000000000,211.89105566298343,38
4156,2020-04-16 15:16:25-04:00,211.8899,211.85,211.8899,211.83,5745,209.43,1587064585000000000,211.85692463011304,52
4157,2020-04-16 15:16:30-04:00,211.835,211.81,211.84,211.76,26072,209.43,1587064590000000000,211.80534749923277,179
4158,2020-04-16 15:16:35-04:00,211.79,211.82,211.83,211.77,6982,209.43,1587064595000000000,211.82447053852766,57
4159,2020-04-16 15:16:40-04:00,211.81,211.8158,211.82,211.7901,7255,209.43,1587064600000000000,211.80690799448652,31
4160,2020-04-16 15:16:45-04:00,211.815,211.795,211.82,211.79,6544,209.43,1587064605000000000,211.8057361399756,34
4161,2020-04-16 15:16:50-04:00,211.8,211.8469,211.8469,211.8,7462,209.43,1587064610000000000,211.82036183328879,76
4162,2020-04-16 15:16:55-04:00,211.84,211.79,211.87,211.79,6360,209.43,1587064615000000000,211.81918081761017,62
4163,2020-04-16 15:17:00-04:00,211.7931,211.8,211.83,211.7931,2958,209.43,1587064620000000000,211.81544083840436,40
4164,2020-04-16 15:17:05-04:00,211.78,211.7038,211.78,211.69,23133,209.43,1587064625000000000,211.7170861539792,78
4165,2020-04-16 15:17:10-04:00,211.69,211.71,211.7157,211.68,4226,209.43,1587064630000000000,211.68476256507338,15
4166,2020-04-16 15:17:15-04:00,211.705,211.67,211.71,211.67,26484,209.43,1587064635000000000,211.69980269974326,147
4167,2020-04-16 15:17:20-04:00,211.66,211.61,211.66,211.61,5679,209.43,1587064640000000000,211.63868114104596,53
4168,2020-04-16 15:17:25-04:00,211.62,211.61,211.62,211.5801,23679,209.43,1587064645000000000,211.61044137843652,58
4169,2020-04-16 15:17:30-04:00,211.6299,211.56,211.6299,211.5544,27938,209.43,1587064650000000000,211.58718455508637,146
4170,2020-04-16 15:17:35-04:00,211.55,211.55,211.55,211.52,2212,209.43,1587064655000000000,211.53872468354427,18
4171,2020-04-16 15:17:40-04:00,211.5501,211.56,211.59,211.55,9985,209.43,1587064660000000000,211.56379093640462,17
4172,2020-04-16 15:17:45-04:00,211.58,211.59,211.61,211.56,4322,209.43,1587064665000000000,211.58993331790845,33
4173,2020-04-16 15:17:50-04:00,211.59,211.57,211.6,211.57,15554,209.43,1587064670000000000,211.57162542754273,41
4174,2020-04-16 15:17:55-04:00,211.57,211.61,211.62,211.56,3261,209.43,1587064675000000000,211.5894451088623,20
4175,2020-04-16 15:18:00-04:00,211.63,211.628,211.64,211.62,8180,209.43,1587064680000000000,211.62520189486557,41
4176,2020-04-16 15:18:05-04:00,211.61,211.585,211.62,211.5699,3086,209.43,1587064685000000000,211.58661957226187,23
4177,2020-04-16 15:18:10-04:00,211.5801,211.55,211.5801,211.53,2691,209.43,1587064690000000000,211.54809992567817,31
4178,2020-04-16 15:18:15-04:00,211.54,211.58,211.59,211.54,1528,209.43,1587064695000000000,211.570445026178,20
4179,2020-04-16 15:18:20-04:00,211.5799,211.59,211.59,211.5699,1659,209.43,1587064700000000000,211.5786255575648,18
4180,2020-04-16 15:18:25-04:00,211.5662,211.565,211.5662,211.565,661,209.43,1587064705000000000,211.5654310136157,6
4181,2020-04-16 15:18:30-04:00,211.555,211.55,211.565,211.5401,1830,209.43,1587064710000000000,211.55601748633882,16
4182,2020-04-16 15:18:35-04:00,211.54,211.535,211.55,211.52,6028,209.43,1587064715000000000,211.53504071001993,35
4183,2020-04-16 15:18:40-04:00,211.565,211.6257,211.63,211.565,2247,209.43,1587064720000000000,211.6030976412995,34
4184,2020-04-16 15:18:45-04:00,211.63,211.6169,211.6474,211.6169,2014,209.43,1587064725000000000,211.63351390268127,20
4185,2020-04-16 15:18:50-04:00,211.64,211.6199,211.66,211.61,4741,209.43,1587064730000000000,211.63711141109468,24
4186,2020-04-16 15:18:55-04:00,211.61,211.635,211.635,211.5843,9601,209.43,1587064735000000000,211.59716395167175,55
4187,2020-04-16 15:19:00-04:00,211.6535,211.71,211.71,211.635,12948,209.43,1587064740000000000,211.6737085495829,43
4188,2020-04-16 15:19:05-04:00,211.705,211.7,211.72,211.6837,11795,209.43,1587064745000000000,211.7065298855447,70
4189,2020-04-16 15:19:10-04:00,211.72,211.73,211.7414,211.72,12512,209.43,1587064750000000000,211.73242968350385,52
4190,2020-04-16 15:19:15-04:00,211.72,211.68,211.73,211.67,4655,209.43,1587064755000000000,211.70851664876477,39
4191,2020-04-16 15:19:20-04:00,211.6838,211.68,211.69,211.67,4089,209.43,1587064760000000000,211.67461968696517,40
4192,2020-04-16 15:19:25-04:00,211.67,211.67,211.67,211.6499,2151,209.43,1587064765000000000,211.66213063691308,30
4193,2020-04-16 15:19:30-04:00,211.64,211.64,211.66,211.63,4298,209.43,1587064770000000000,211.64159841786872,51
4194,2020-04-16 15:19:35-04:00,211.64,211.6401,211.66,211.64,2961,209.43,1587064775000000000,211.65067946639653,16
4195,2020-04-16 15:19:40-04:00,211.6499,211.69,211.7075,211.63,3477,209.43,1587064780000000000,211.6759515674432,25
4196,2020-04-16 15:19:45-04:00,211.6928,211.685,211.7,211.68,4650,209.43,1587064785000000000,211.6918590537635,42
4197,2020-04-16 15:19:50-04:00,211.68,211.65,211.68,211.65,551,209.43,1587064790000000000,211.66424410163336,9
4198,2020-04-16 15:19:55-04:00,211.66,211.73,211.73,211.66,1255,209.43,1587064795000000000,211.6962828685259,15
4199,2020-04-16 15:20:00-04:00,211.77,211.6704,211.77,211.6704,3428,209.43,1587064800000000000,211.71613477246206,35
4200,2020-04-16 15:20:05-04:00,211.68,211.61,211.68,211.61,6519,209.43,1587064805000000000,211.64023759779113,28
4201,2020-04-16 15:20:10-04:00,211.6001,211.6666,211.67,211.6001,3923,209.43,1587064810000000000,211.6471410910018,27
4202,2020-04-16 15:20:15-04:00,211.66,211.67,211.6886,211.66,788,209.43,1587064815000000000,211.67316852791876,7
4203,2020-04-16 15:20:20-04:00,211.66,211.73,211.73,211.66,11536,209.43,1587064820000000000,211.70284197295427,96
4204,2020-04-16 15:20:25-04:00,211.7699,211.7028,211.7699,211.69,14255,209.43,1587064825000000000,211.73625083128738,99
4205,2020-04-16 15:20:30-04:00,211.71,211.71,211.7199,211.71,440,209.43,1587064830000000000,211.71293181818183,6
4206,2020-04-16 15:20:35-04:00,211.77,211.8,211.8038,211.7675,12477,209.43,1587064835000000000,211.77765905265684,62
4207,2020-04-16 15:20:40-04:00,211.81,211.83,211.84,211.81,7094,209.43,1587064840000000000,211.82409746264452,64
4208,2020-04-16 15:20:45-04:00,211.85,211.9,211.91,211.85,38321,209.43,1587064845000000000,211.87301406539538,170
4209,2020-04-16 15:20:50-04:00,211.9099,211.8499,211.92,211.8499,13797,209.43,1587064850000000000,211.8874136261505,84
4210,2020-04-16 15:20:55-04:00,211.84,211.855,211.86,211.84,17102,209.43,1587064855000000000,211.85200164892993,71
4211,2020-04-16 15:21:00-04:00,211.85,211.8301,211.88,211.83,14529,209.43,1587064860000000000,211.83596489779063,53
4212,2020-04-16 15:21:05-04:00,211.8614,211.86,211.91,211.86,16728,209.43,1587064865000000000,211.88092052845545,83
4213,2020-04-16 15:21:10-04:00,211.85,211.85,211.85,211.82,2601,209.43,1587064870000000000,211.83319577085734,22
4214,2020-04-16 15:21:15-04:00,211.85,211.87,211.88,211.85,7332,209.43,1587064875000000000,211.8665336061103,71
4215,2020-04-16 15:21:20-04:00,211.865,211.795,211.87,211.795,18277,209.43,1587064880000000000,211.8295024183401,60
4216,2020-04-16 15:21:25-04:00,211.79,211.78,211.79,211.77,2101,209.43,1587064885000000000,211.7831123274631,23
4217,2020-04-16 15:21:30-04:00,211.77,211.76,211.79,211.75,6183,209.43,1587064890000000000,211.7725773896166,52
4218,2020-04-16 15:21:35-04:00,211.76,211.71,211.76,211.71,2096,209.43,1587064895000000000,211.73513549618326,23
4219,2020-04-16 15:21:40-04:00,211.694,211.74,211.74,211.694,5859,209.43,1587064900000000000,211.71763031234002,23
4220,2020-04-16 15:21:45-04:00,211.73,211.78,211.7901,211.73,11661,209.43,1587064905000000000,211.77753052911407,39
4221,2020-04-16 15:21:50-04:00,211.77,211.7799,211.7799,211.74,2398,209.43,1587064910000000000,211.75460800667216,19
4222,2020-04-16 15:21:55-04:00,211.78,211.7899,211.79,211.776,2390,209.43,1587064915000000000,211.78309686192472,19
4223,2020-04-16 15:22:00-04:00,211.7899,211.81,211.82,211.77,4068,209.43,1587064920000000000,211.7888534414946,39
4224,2020-04-16 15:22:05-04:00,211.8198,211.88,211.88,211.8198,3602,209.43,1587064925000000000,211.8562329261522,29
4225,2020-04-16 15:22:10-04:00,211.92,211.9,211.93,211.9,1211,209.43,1587064930000000000,211.91005004128826,24
4226,2020-04-16 15:22:15-04:00,211.8989,211.89,211.9201,211.89,22475,209.43,1587064935000000000,211.9060874126809,70
4227,2020-04-16 15:22:20-04:00,211.8899,211.8797,211.9,211.8701,6036,209.43,1587064940000000000,211.88739653744219,51
4228,2020-04-16 15:22:25-04:00,211.87,211.94,211.94,211.84,18060,209.43,1587064945000000000,211.9123104651163,91
4229,2020-04-16 15:22:30-04:00,211.9404,211.93,211.96,211.93,5662,209.43,1587064950000000000,211.94388961497717,31
4230,2020-04-16 15:22:35-04:00,211.92,211.96,211.96,211.92,11771,209.43,1587064955000000000,211.9322456545748,40
4231,2020-04-16 15:22:40-04:00,211.98,211.95,211.98,211.925,4583,209.43,1587064960000000000,211.94095094915983,43
4232,2020-04-16 15:22:45-04:00,211.97,212.03,212.03,211.94,20266,209.43,1587064965000000000,211.97259925490974,104
4233,2020-04-16 15:22:50-04:00,212.03,211.98,212.03,211.97,3977,209.43,1587064970000000000,212.00011126477244,32
4234,2020-04-16 15:22:55-04:00,211.97,211.96,211.97,211.93,2723,209.43,1587064975000000000,211.95769140653684,36
4235,2020-04-16 15:23:00-04:00,211.96,211.95,211.96,211.94,1245,209.43,1587064980000000000,211.9472168674699,19
4236,2020-04-16 15:23:05-04:00,211.97,211.96,211.97,211.9315,4810,209.43,1587064985000000000,211.94894754677753,31
4237,2020-04-16 15:23:10-04:00,211.95,211.9279,211.95,211.9279,2295,209.43,1587064990000000000,211.93998980392158,23
4238,2020-04-16 15:23:15-04:00,211.92,211.92,211.94,211.9001,3062,209.43,1587064995000000000,211.92440333115607,37
4239,2020-04-16 15:23:20-04:00,211.93,211.9,211.93,211.89,5997,209.43,1587065000000000000,211.9226529931633,62
4240,2020-04-16 15:23:25-04:00,211.88,211.905,211.905,211.87,4744,209.43,1587065005000000000,211.8817032040473,21
4241,2020-04-16 15:23:30-04:00,211.9,211.94,211.95,211.9,3448,209.43,1587065010000000000,211.94169222737818,29
4242,2020-04-16 15:23:35-04:00,211.93,211.89,211.95,211.89,6929,209.43,1587065015000000000,211.87999880213593,34
4243,2020-04-16 15:23:40-04:00,211.8801,211.9677,211.9677,211.88,5693,209.43,1587065020000000000,211.93737813103817,57
4244,2020-04-16 15:23:45-04:00,211.9672,211.97,211.98,211.9672,2346,209.43,1587065025000000000,211.97855924978683,20
4245,2020-04-16 15:23:50-04:00,211.99,211.9738,212,211.97,3548,209.43,1587065030000000000,211.9814954058624,31
4246,2020-04-16 15:23:55-04:00,211.96,211.985,211.985,211.96,1331,209.43,1587065035000000000,211.97144853493614,10
4247,2020-04-16 15:24:00-04:00,211.99,212.01,212.03,211.99,6150,209.43,1587065040000000000,212.00299512195122,77
4248,2020-04-16 15:24:05-04:00,212,212.07,212.08,211.98,8367,209.43,1587065045000000000,212.00406830405166,69
4249,2020-04-16 15:24:10-04:00,212.1,212.0699,212.1,212.05,16164,209.43,1587065050000000000,212.08196461271993,139
4250,2020-04-16 15:24:15-04:00,212.06,212.09,212.095,212.06,7576,209.43,1587065055000000000,212.06894923442445,46
4251,2020-04-16 15:24:20-04:00,212.08,212.06,212.0949,212.06,4891,209.43,1587065060000000000,212.08234577795952,21
4252,2020-04-16 15:24:25-04:00,212.07,212.0749,212.08,212.0601,1190,209.43,1587065065000000000,212.0732654621849,12
4253,2020-04-16 15:24:30-04:00,212.07,212.05,212.07,212.01,9978,209.43,1587065070000000000,212.0463269993986,51
4254,2020-04-16 15:24:35-04:00,212.05,212.1,212.1,212.03,4688,209.43,1587065075000000000,212.07036476109212,51
4255,2020-04-16 15:24:40-04:00,212.09,212.1094,212.1094,212.07,4139,209.43,1587065080000000000,212.08712490939848,35
4256,2020-04-16 15:24:45-04:00,212.105,212.09,212.1099,212.0801,20476,209.43,1587065085000000000,212.0995500732565,124
4257,2020-04-16 15:24:50-04:00,212.1,212.0931,212.1,212.09,5587,209.43,1587065090000000000,212.0944260604976,48
4258,2020-04-16 15:24:55-04:00,212.07,212.095,212.095,212.0599,5356,209.43,1587065095000000000,212.07390380881247,39
4259,2020-04-16 15:25:00-04:00,212.1,212.09,212.11,212.07,3940,209.43,1587065100000000000,212.09413370558374,38
4260,2020-04-16 15:25:05-04:00,212.09,212.07,212.11,212.0601,4808,209.43,1587065105000000000,212.08199977121458,46
4261,2020-04-16 15:25:10-04:00,212.0885,212.135,212.14,212.0885,4689,209.43,1587065110000000000,212.11543248027291,52
4262,2020-04-16 15:25:15-04:00,212.13,212.06,212.1405,212.05,17979,209.43,1587065115000000000,212.09238911507876,137
4263,2020-04-16 15:25:20-04:00,212.05,211.94,212.05,211.94,9282,209.43,1587065120000000000,211.99622639517335,100
4264,2020-04-16 15:25:25-04:00,211.9399,211.94,211.99,211.9399,5253,209.43,1587065125000000000,211.97207466209787,54
4265,2020-04-16 15:25:30-04:00,211.96,211.912,211.96,211.91,4413,209.43,1587065130000000000,211.9272353047814,51
4266,2020-04-16 15:25:35-04:00,211.9,211.88,211.9,211.85,12550,209.43,1587065135000000000,211.872501561753,103
4267,2020-04-16 15:25:40-04:00,211.9,211.93,211.93,211.895,2201,209.43,1587065140000000000,211.90722199000462,30
4268,2020-04-16 15:25:45-04:00,211.96,211.955,211.96,211.94,6559,209.43,1587065145000000000,211.95347168775731,47
4269,2020-04-16 15:25:50-04:00,211.955,211.95,211.98,211.94,8421,209.43,1587065150000000000,211.95905426908925,71
4270,2020-04-16 15:25:55-04:00,211.945,212.01,212.01,211.945,6967,209.43,1587065155000000000,211.98220620066036,43
4271,2020-04-16 15:26:00-04:00,212.0101,212.02,212.02,212.005,644,209.43,1587065160000000000,212.00964068322983,6
4272,2020-04-16 15:26:05-04:00,212.03,212.07,212.1,212.02,18246,209.43,1587065165000000000,212.07983138770152,80
4273,2020-04-16 15:26:10-04:00,212.05,212.0563,212.06,212.05,8081,209.43,1587065170000000000,212.05657839376306,60
4274,2020-04-16 15:26:15-04:00,212.06,212.0598,212.08,212.0598,10668,209.43,1587065175000000000,212.06896852268474,82
4275,2020-04-16 15:26:20-04:00,212.07,212.09,212.11,212.07,4163,209.43,1587065180000000000,212.09639298582752,43
4276,2020-04-16 15:26:25-04:00,212.1,212.14,212.14,212.09,12734,209.43,1587065185000000000,212.1124357232605,75
4277,2020-04-16 15:26:30-04:00,212.12,212.2,212.2,212.12,9167,209.43,1587065190000000000,212.1611406785208,61
4278,2020-04-16 15:26:35-04:00,212.2,212.19,212.22,212.19,5302,209.43,1587065195000000000,212.2091625612976,40
4279,2020-04-16 15:26:40-04:00,212.19,212.2499,212.26,212.18,5990,209.43,1587065200000000000,212.2197111018364,52
4280,2020-04-16 15:26:45-04:00,212.22,212.25,212.25,212.19,4879,209.43,1587065205000000000,212.2048741545398,64
4281,2020-04-16 15:26:50-04:00,212.255,212.2643,212.2699,212.2511,6306,209.43,1587065210000000000,212.25862339042175,22
4282,2020-04-16 15:26:55-04:00,212.27,212.24,212.27,212.23,9783,209.43,1587065215000000000,212.2435712153737,59
4283,2020-04-16 15:27:00-04:00,212.26,212.24,212.26,212.24,4682,209.43,1587065220000000000,212.2544613626656,30
4284,2020-04-16 15:27:05-04:00,212.28,212.281,212.29,212.26,19180,209.43,1587065225000000000,212.2796047966632,120
4285,2020-04-16 15:27:10-04:00,212.29,212.31,212.31,212.28,12743,209.43,1587065230000000000,212.29746529074785,43
4286,2020-04-16 15:27:15-04:00,212.315,212.2601,212.32,212.2601,3805,209.43,1587065235000000000,212.2917536662286,28
4287,2020-04-16 15:27:20-04:00,212.28,212.2599,212.285,212.24,7115,209.43,1587065240000000000,212.2648164441322,55
4288,2020-04-16 15:27:25-04:00,212.25,212.26,212.26,212.23,10203,209.43,1587065245000000000,212.25154562383617,43
4289,2020-04-16 15:27:30-04:00,212.25,212.24,212.265,212.24,12018,209.43,1587065250000000000,212.24978320019974,49
4290,2020-04-16 15:27:35-04:00,212.25,212.25,212.26,212.24,4816,209.43,1587065255000000000,212.25508199750837,24
4291,2020-04-16 15:27:40-04:00,212.24,212.235,212.25,212.235,1117,209.43,1587065260000000000,212.2410430617726,25
4292,2020-04-16 15:27:45-04:00,212.23,212.2177,212.24,212.2177,7087,209.43,1587065265000000000,212.22917568787918,50
4293,2020-04-16 15:27:50-04:00,212.23,212.2355,212.28,212.23,7548,209.43,1587065270000000000,212.25099289878122,75
4294,2020-04-16 15:27:55-04:00,212.24,212.22,212.26,212.22,13039,209.43,1587065275000000000,212.23643685865457,74
4295,2020-04-16 15:28:00-04:00,212.22,212.2499,212.25,212.22,10085,209.43,1587065280000000000,212.23639263262277,62
4296,2020-04-16 15:28:05-04:00,212.24,212.24,212.24,212.2377,1250,209.43,1587065285000000000,212.2394464,12
4297,2020-04-16 15:28:10-04:00,212.2475,212.25,212.26,212.24,9404,209.43,1587065290000000000,212.24815341344103,44
4298,2020-04-16 15:28:15-04:00,212.26,212.28,212.28,212.26,1421,209.43,1587065295000000000,212.2711681914145,13
4299,2020-04-16 15:28:20-04:00,212.27,212.32,212.32,212.25,10058,209.43,1587065300000000000,212.288642871346,89
4300,2020-04-16 15:28:25-04:00,212.33,212.3514,212.36,212.31,12847,209.43,1587065305000000000,212.32846376585974,76
4301,2020-04-16 15:28:30-04:00,212.36,212.44,212.44,212.355,15722,209.43,1587065310000000000,212.40168273756518,98
4302,2020-04-16 15:28:35-04:00,212.4599,212.4167,212.4599,212.41,4338,209.43,1587065315000000000,212.4309981558323,28
4303,2020-04-16 15:28:40-04:00,212.42,212.41,212.43,212.41,2923,209.43,1587065320000000000,212.41916691755046,25
4304,2020-04-16 15:28:45-04:00,212.4,212.39,212.42,212.39,7836,209.43,1587065325000000000,212.40606547983668,72
4305,2020-04-16 15:28:50-04:00,212.41,212.4301,212.44,212.41,1261,209.43,1587065330000000000,212.4193655828707,19
4306,2020-04-16 15:28:55-04:00,212.4359,212.4299,212.45,212.42,5297,209.43,1587065335000000000,212.4309709458184,33
4307,2020-04-16 15:29:00-04:00,212.43,212.48,212.48,212.425,4935,209.43,1587065340000000000,212.45534464032426,59
4308,2020-04-16 15:29:05-04:00,212.47,212.47,212.48,212.44,31189,209.43,1587065345000000000,212.46632640674588,176
4309,2020-04-16 15:29:10-04:00,212.47,212.44,212.49,212.4364,7756,209.43,1587065350000000000,212.4648988525012,56
4310,2020-04-16 15:29:15-04:00,212.4566,212.44,212.4699,212.435,709,209.43,1587065355000000000,212.4499576868829,10
4311,2020-04-16 15:29:20-04:00,212.43,212.37,212.435,212.37,9477,209.43,1587065360000000000,212.40608731666137,60
4312,2020-04-16 15:29:25-04:00,212.3758,212.4,212.43,212.3758,3167,209.43,1587065365000000000,212.40717600252609,36
4313,2020-04-16 15:29:30-04:00,212.39,212.41,212.42,212.39,2352,209.43,1587065370000000000,212.40599502551024,21
4314,2020-04-16 15:29:35-04:00,212.415,212.41,212.4164,212.4,1079,209.43,1587065375000000000,212.40802530120484,15
4315,2020-04-16 15:29:40-04:00,212.41,212.39,212.4201,212.39,11169,209.43,1587065380000000000,212.40746776792906,84
4316,2020-04-16 15:29:45-04:00,212.38,212.4931,212.5,212.38,2619,209.43,1587065385000000000,212.44860332187864,35
4317,2020-04-16 15:29:50-04:00,212.5,212.53,212.55,212.5,7516,209.43,1587065390000000000,212.53143819850993,80
4318,2020-04-16 15:29:55-04:00,212.5373,212.54,212.55,212.51,6464,209.43,1587065395000000000,212.53044709158405,64
4319,2020-04-16 15:30:00-04:00,212.55,212.5997,212.6,212.55,8479,209.43,1587065400000000000,212.57929590753614,73
4320,2020-04-16 15:30:05-04:00,212.6,212.6179,212.62,212.6,5859,209.43,1587065405000000000,212.6083421232293,44
4321,2020-04-16 15:30:10-04:00,212.63,212.67,212.7,212.62,34752,209.43,1587065410000000000,212.66758753740802,205
4322,2020-04-16 15:30:15-04:00,212.67,212.67,212.6931,212.65,34434,209.43,1587065415000000000,212.67481512749023,221
4323,2020-04-16 15:30:20-04:00,212.68,212.66,212.7,212.6579,6298,209.43,1587065420000000000,212.6860342966021,38
4324,2020-04-16 15:30:25-04:00,212.66,212.71,212.71,212.65,2464,209.43,1587065425000000000,212.6836045860389,23
4325,2020-04-16 15:30:30-04:00,212.71,212.67,212.71,212.67,5428,209.43,1587065430000000000,212.6865570560058,51
4326,2020-04-16 15:30:35-04:00,212.66,212.665,212.68,212.66,3304,209.43,1587065435000000000,212.66953250605323,24
4327,2020-04-16 15:30:40-04:00,212.68,212.64,212.68,212.63,3925,209.43,1587065440000000000,212.6480720764331,40
4328,2020-04-16 15:30:45-04:00,212.63,212.636,212.66,212.61,11363,209.43,1587065445000000000,212.63087534981972,95
4329,2020-04-16 15:30:50-04:00,212.645,212.7,212.7,212.62,14067,209.43,1587065450000000000,212.66289880571563,123
4330,2020-04-16 15:30:55-04:00,212.69,212.65,212.69,212.61,31483,209.43,1587065455000000000,212.6227805482324,178
4331,2020-04-16 15:31:00-04:00,212.69,212.62,212.69,212.58,14899,209.43,1587065460000000000,212.61848294516403,115
4332,2020-04-16 15:31:05-04:00,212.62,212.65,212.67,212.6,7091,209.43,1587065465000000000,212.64061951769858,68
4333,2020-04-16 15:31:10-04:00,212.66,212.57,212.66,212.51,61367,209.43,1587065470000000000,212.57654077109873,341
4334,2020-04-16 15:31:15-04:00,212.54,212.55,212.57,212.5004,11275,209.43,1587065475000000000,212.5387286119734,88
4335,2020-04-16 15:31:20-04:00,212.53,212.53,212.54,212.52,2846,209.43,1587065480000000000,212.5264284609978,35
4336,2020-04-16 15:31:25-04:00,212.53,212.48,212.53,212.44,20360,209.43,1587065485000000000,212.46569253438116,86
4337,2020-04-16 15:31:30-04:00,212.48,212.48,212.5,212.45,14418,209.43,1587065490000000000,212.48570194895274,79
4338,2020-04-16 15:31:35-04:00,212.485,212.46,212.49,212.43,23785,209.43,1587065495000000000,212.4649728694556,133
4339,2020-04-16 15:31:40-04:00,212.45,212.43,212.47,212.43,3828,209.43,1587065500000000000,212.4453589864159,40
4340,2020-04-16 15:31:45-04:00,212.45,212.515,212.53,212.45,14287,209.43,1587065505000000000,212.4911087702107,128
4341,2020-04-16 15:31:50-04:00,212.52,212.54,212.57,212.5198,4493,209.43,1587065510000000000,212.54065706654785,44
4342,2020-04-16 15:31:55-04:00,212.54,212.5199,212.54,212.515,3840,209.43,1587065515000000000,212.52668161458342,39
4343,2020-04-16 15:32:00-04:00,212.51,212.5,212.5101,212.48,4728,209.43,1587065520000000000,212.49907000846025,46
4344,2020-04-16 15:32:05-04:00,212.51,212.59,212.59,212.5,6256,209.43,1587065525000000000,212.56205263746813,62
4345,2020-04-16 15:32:10-04:00,212.57,212.6,212.6,212.56,6141,209.43,1587065530000000000,212.57930395701032,48
4346,2020-04-16 15:32:15-04:00,212.6104,212.57,212.6104,212.57,1305,209.43,1587065535000000000,212.5868429118774,18
4347,2020-04-16 15:32:20-04:00,212.58,212.6,212.61,212.58,3287,209.43,1587065540000000000,212.6001171280803,30
4348,2020-04-16 15:32:25-04:00,212.58,212.6355,212.6399,212.5799,1068,209.43,1587065545000000000,212.59506741573037,15
4349,2020-04-16 15:32:30-04:00,212.64,212.701,212.7299,212.64,6340,209.43,1587065550000000000,212.68704216088332,75
4350,2020-04-16 15:32:35-04:00,212.73,212.765,212.765,212.73,5406,209.43,1587065555000000000,212.74894284128743,40
4351,2020-04-16 15:32:40-04:00,212.76,212.81,212.8199,212.76,13616,209.43,1587065560000000000,212.79352978113982,132
4352,2020-04-16 15:32:45-04:00,212.81,212.841,212.86,212.8,24782,209.43,1587065565000000000,212.84771585424892,135
4353,2020-04-16 15:32:50-04:00,212.84,212.88,212.88,212.84,8231,209.43,1587065570000000000,212.86323078605278,84
4354,2020-04-16 15:32:55-04:00,212.84,212.86,212.87,212.82,12561,209.43,1587065575000000000,212.84399353554662,79
4355,2020-04-16 15:33:00-04:00,212.85,212.87,212.94,212.85,32246,209.43,1587065580000000000,212.9183517428523,181
4356,2020-04-16 15:33:05-04:00,212.88,212.9079,212.91,212.88,4722,209.43,1587065585000000000,212.89314464210076,43
4357,2020-04-16 15:33:10-04:00,212.9301,212.8914,212.9301,212.88,5718,209.43,1587065590000000000,212.90839896817053,43
4358,2020-04-16 15:33:15-04:00,212.89,212.925,212.94,212.86,16311,209.43,1587065595000000000,212.8976690454294,153
4359,2020-04-16 15:33:20-04:00,212.915,212.86,212.915,212.84,10226,209.43,1587065600000000000,212.8552859867005,80
4360,2020-04-16 15:33:25-04:00,212.85,212.88,212.88,212.845,6311,209.43,1587065605000000000,212.8704682776106,68
4361,2020-04-16 15:33:30-04:00,212.88,212.89,212.9,212.83,8881,209.43,1587065610000000000,212.85941029163385,87
4362,2020-04-16 15:33:35-04:00,212.89,212.96,212.96,212.89,7119,209.43,1587065615000000000,212.9301249332772,52
4363,2020-04-16 15:33:40-04:00,212.955,212.98,213,212.94,21949,209.43,1587065620000000000,212.86598522028314,169
4364,2020-04-16 15:33:45-04:00,212.9899,212.9952,213,212.97,16264,209.43,1587065625000000000,212.99014842597134,65
4365,2020-04-16 15:33:50-04:00,213,212.9499,213.0111,212.94,32555,209.43,1587065630000000000,212.99622528951022,170
4366,2020-04-16 15:33:55-04:00,212.945,212.91,212.95,212.91,10883,209.43,1587065635000000000,212.93040537535597,63
4367,2020-04-16 15:34:00-04:00,212.91,212.9125,212.9125,212.88,7923,209.43,1587065640000000000,212.90021437586768,67
4368,2020-04-16 15:34:05-04:00,212.92,212.9299,212.93,212.89,13735,209.43,1587065645000000000,212.91130027666532,102
4369,2020-04-16 15:34:10-04:00,212.92,212.88,212.92,212.86,19468,209.43,1587065650000000000,212.89409324532568,142
4370,2020-04-16 15:34:15-04:00,212.883,212.8401,212.9085,212.84,13604,209.43,1587065655000000000,212.8727189576594,112
4371,2020-04-16 15:34:20-04:00,212.86,212.855,212.86,212.84,5307,209.43,1587065660000000000,212.85409905784823,35
4372,2020-04-16 15:34:25-04:00,212.8515,212.87,212.9,212.85,4710,209.43,1587065665000000000,212.86891084925693,53
4373,2020-04-16 15:34:30-04:00,212.87,212.84,212.88,212.84,9217,209.43,1587065670000000000,212.86150081371383,52
4374,2020-04-16 15:34:35-04:00,212.8399,212.8501,212.88,212.81,9190,209.43,1587065675000000000,212.8410751904244,68
4375,2020-04-16 15:34:40-04:00,212.8699,212.86,212.9,212.85,13562,209.43,1587065680000000000,212.87761235805914,84
4376,2020-04-16 15:34:45-04:00,212.845,212.91,212.93,212.845,18965,209.43,1587065685000000000,212.89470551015043,90
4377,2020-04-16 15:34:50-04:00,212.9,212.88,212.92,212.88,10215,209.43,1587065690000000000,212.90665619187453,68
4378,2020-04-16 15:34:55-04:00,212.885,212.945,212.9499,212.885,8090,209.43,1587065695000000000,212.9282924474661,62
4379,2020-04-16 15:35:00-04:00,212.95,212.9999,213.01,212.95,24651,209.43,1587065700000000000,212.99475810311958,254
4380,2020-04-16 15:35:05-04:00,212.99,213,213.01,212.97,20033,209.43,1587065705000000000,212.99405449009143,140
4381,2020-04-16 15:35:10-04:00,213,212.96,213.03,212.95,35668,209.43,1587065710000000000,212.9962380985758,226
4382,2020-04-16 15:35:15-04:00,212.98,212.9601,213.05,212.9601,15153,209.43,1587065715000000000,213.005447878308,117
4383,2020-04-16 15:35:20-04:00,212.9698,212.9398,212.98,212.9304,14402,209.43,1587065720000000000,212.9589748507152,79
4384,2020-04-16 15:35:25-04:00,212.92,212.95,212.96,212.9,16211,209.43,1587065725000000000,212.9409255875639,117
4385,2020-04-16 15:35:30-04:00,212.95,212.98,212.98,212.925,18750,209.43,1587065730000000000,212.9507024853333,135
4386,2020-04-16 15:35:35-04:00,212.9801,212.93,212.9801,212.92,11948,209.43,1587065735000000000,212.9425199196519,80
4387,2020-04-16 15:35:40-04:00,212.9263,212.97,212.98,212.9,6447,209.43,1587065740000000000,212.9372416783,53
4388,2020-04-16 15:35:45-04:00,212.97,212.9285,212.97,212.915,2831,209.43,1587065745000000000,212.93665118332748,28
4389,2020-04-16 15:35:50-04:00,212.91,212.87,212.91,212.86,38806,209.43,1587065750000000000,212.89741692779447,226
4390,2020-04-16 15:35:55-04:00,212.89,212.8201,212.89,212.82,11446,209.43,1587065755000000000,212.84779482788727,73
4391,2020-04-16 15:36:00-04:00,212.83,212.82,212.87,212.81,11991,209.43,1587065760000000000,212.83435401551182,96
4392,2020-04-16 15:36:05-04:00,212.82,212.84,212.86,212.82,14964,209.43,1587065765000000000,212.84282908981552,87
4393,2020-04-16 15:36:10-04:00,212.85,212.78,212.85,212.78,17482,209.43,1587065770000000000,212.79568346871076,118
4394,2020-04-16 15:36:15-04:00,212.77,212.75,212.79,212.73,30465,209.43,1587065775000000000,212.7654561332676,154
4395,2020-04-16 15:36:20-04:00,212.76,212.8,212.81,212.75,20542,209.43,1587065780000000000,212.76757484665555,122
4396,2020-04-16 15:36:25-04:00,212.81,212.87,212.91,212.81,21065,209.43,1587065785000000000,212.84788309992888,103
4397,2020-04-16 15:36:30-04:00,212.87,212.91,212.94,212.87,12163,209.43,1587065790000000000,212.9166992518293,96
4398,2020-04-16 15:36:35-04:00,212.91,212.87,212.91,212.87,2864,209.43,1587065795000000000,212.897313372905,31
4399,2020-04-16 15:36:40-04:00,212.86,212.86,212.8795,212.85,2973,209.43,1587065800000000000,212.86572435250588,26
4400,2020-04-16 15:36:45-04:00,212.86,212.91,212.91,212.85,2401,209.43,1587065805000000000,212.87450245730943,30
4401,2020-04-16 15:36:50-04:00,212.92,212.9699,212.9699,212.92,16658,209.43,1587065810000000000,212.94255315163886,115
4402,2020-04-16 15:36:55-04:00,212.97,212.94,212.98,212.9301,29420,209.43,1587065815000000000,212.95613990142763,214
4403,2020-04-16 15:37:00-04:00,212.94,212.935,212.94,212.92,2495,209.43,1587065820000000000,212.93251074148296,30
4404,2020-04-16 15:37:05-04:00,212.95,212.98,212.99,212.945,13334,209.43,1587065825000000000,212.97673605069747,81
4405,2020-04-16 15:37:10-04:00,212.992,213.0311,213.05,212.992,26117,209.43,1587065830000000000,213.02500553279484,110
4406,2020-04-16 15:37:15-04:00,213.035,213.04,213.07,213.035,21223,209.43,1587065835000000000,213.05066437826883,168
4407,2020-04-16 15:37:20-04:00,213.0715,213.08,213.13,213.06,64711,209.43,1587065840000000000,213.0959182998254,355
4408,2020-04-16 15:37:25-04:00,213.1,213.07,213.11,213.07,6166,209.43,1587065845000000000,213.08799318845269,82
4409,2020-04-16 15:37:30-04:00,213.075,213.12,213.13,213.0702,24455,209.43,1587065850000000000,213.0995245512166,120
4410,2020-04-16 15:37:35-04:00,213.11,213.07,213.1281,213.07,8843,209.43,1587065855000000000,213.09774735949335,74
4411,2020-04-16 15:37:40-04:00,213.08,213.08,213.08,213.04,11028,209.43,1587065860000000000,213.06175263873774,77
4412,2020-04-16 15:37:45-04:00,213.07,213.02,213.07,213.02,6410,209.43,1587065865000000000,213.04719572542908,66
4413,2020-04-16 15:37:50-04:00,213.03,212.97,213.033,212.97,10115,209.43,1587065870000000000,213.0133426495303,80
4414,2020-04-16 15:37:55-04:00,212.96,212.89,212.96,212.87,20323,209.43,1587065875000000000,212.89987920582575,153
4415,2020-04-16 15:38:00-04:00,212.88,212.91,212.93,212.88,9939,209.43,1587065880000000000,212.9009382231614,86
4416,2020-04-16 15:38:05-04:00,212.89,212.8815,212.9,212.852,9235,209.43,1587065885000000000,212.87790387655664,66
4417,2020-04-16 15:38:10-04:00,212.88,212.91,212.91,212.84,11700,209.43,1587065890000000000,212.86339483760685,65
4418,2020-04-16 15:38:15-04:00,212.91,212.875,212.93,212.875,12151,209.43,1587065895000000000,212.9139114393877,95
4419,2020-04-16 15:38:20-04:00,212.88,212.84,212.88,212.8,21872,209.43,1587065900000000000,212.83074754937826,121
4420,2020-04-16 15:38:25-04:00,212.86,212.88,212.88,212.86,7284,209.43,1587065905000000000,212.87155977484898,51
4421,2020-04-16 15:38:30-04:00,212.871,212.92,212.93,212.87,14960,209.43,1587065910000000000,212.8998458890377,125
4422,2020-04-16 15:38:35-04:00,212.92,212.93,212.955,212.91,12223,209.43,1587065915000000000,212.9330065450381,90
4423,2020-04-16 15:38:40-04:00,212.93,212.93,212.93,212.89,16893,209.43,1587065920000000000,212.9037502693422,93
4424,2020-04-16 15:38:45-04:00,212.925,212.92,212.96,212.92,1993,209.43,1587065925000000000,212.94052082288005,28
4425,2020-04-16 15:38:50-04:00,212.93,212.96,212.975,212.92,4841,209.43,1587065930000000000,212.95298198719263,47
4426,2020-04-16 15:38:55-04:00,212.94,212.86,212.94,212.85,4209,209.43,1587065935000000000,212.88304015205512,53
4427,2020-04-16 15:39:00-04:00,212.86,212.825,212.86,212.79,8223,209.43,1587065940000000000,212.8269482427338,71
4428,2020-04-16 15:39:05-04:00,212.82,212.7958,212.83,212.7958,6942,209.43,1587065945000000000,212.81009253817348,53
4429,2020-04-16 15:39:10-04:00,212.79,212.84,212.88,212.79,9036,209.43,1587065950000000000,212.83340666223992,102
4430,2020-04-16 15:39:15-04:00,212.84,212.84,212.84,212.7913,26589,209.43,1587065955000000000,212.82142373161844,127
4431,2020-04-16 15:39:20-04:00,212.83,212.91,212.91,212.83,7905,209.43,1587065960000000000,212.8949216698292,52
4432,2020-04-16 15:39:25-04:00,212.92,212.92,212.965,212.91,7125,209.43,1587065965000000000,212.92491094736832,58
4433,2020-04-16 15:39:30-04:00,212.91,212.87,212.92,212.87,4316,209.43,1587065970000000000,212.90296214087115,31
4434,2020-04-16 15:39:35-04:00,212.88,212.86,212.89,212.83,5137,209.43,1587065975000000000,212.85838619817005,48
4435,2020-04-16 15:39:40-04:00,212.88,212.9099,212.9358,212.88,3322,209.43,1587065980000000000,212.91597049969897,33
4436,2020-04-16 15:39:45-04:00,212.9001,212.93,212.93,212.9,3634,209.43,1587065985000000000,212.9190838194826,32
4437,2020-04-16 15:39:50-04:00,212.9298,212.94,212.95,212.92,2332,209.43,1587065990000000000,212.9382669382504,25
4438,2020-04-16 15:39:55-04:00,212.93,213.01,213.02,212.93,21176,209.43,1587065995000000000,212.98874509350225,86
4439,2020-04-16 15:40:00-04:00,213.01,213.07,213.07,213.01,4973,209.43,1587066000000000000,213.0317436356324,36
4440,2020-04-16 15:40:05-04:00,213.045,212.98,213.07,212.97,3660,209.43,1587066005000000000,213.00572349726778,51
4441,2020-04-16 15:40:10-04:00,212.99,212.91,212.99,212.9,18733,209.43,1587066010000000000,212.93611885976617,59
4442,2020-04-16 15:40:15-04:00,212.88,212.86,212.88,212.85,10223,209.43,1587066015000000000,212.8639421011444,84
4443,2020-04-16 15:40:20-04:00,212.86,212.82,212.8666,212.82,6511,209.43,1587066020000000000,212.8347938565505,48
4444,2020-04-16 15:40:25-04:00,212.83,212.87,212.91,212.83,6092,209.43,1587066025000000000,212.86993568614568,59
4445,2020-04-16 15:40:30-04:00,212.86,212.83,212.87,212.83,10814,209.43,1587066030000000000,212.8549211485112,90
4446,2020-04-16 15:40:35-04:00,212.86,212.91,212.91,212.86,11175,209.43,1587066035000000000,212.88074476062633,52
4447,2020-04-16 15:40:40-04:00,212.87,212.895,212.92,212.87,8618,209.43,1587066040000000000,212.90587685077747,30
4448,2020-04-16 15:40:45-04:00,212.91,212.89,212.98,212.89,16037,209.43,1587066045000000000,212.9446343892248,116
4449,2020-04-16 15:40:50-04:00,212.8861,212.86,212.9,212.86,5360,209.43,1587066050000000000,212.88001729477614,35
4450,2020-04-16 15:40:55-04:00,212.87,212.87,212.888,212.85,213791,209.43,1587066055000000000,209.52708386555082,81
4451,2020-04-16 15:41:00-04:00,212.88,212.92,212.965,212.8799,8354,209.43,1587066060000000000,212.92286784773782,76
4452,2020-04-16 15:41:05-04:00,212.925,212.87,212.925,212.86,4621,209.43,1587066065000000000,212.88657554641853,42
4453,2020-04-16 15:41:10-04:00,212.8601,212.92,212.9575,212.8601,21995,209.43,1587066070000000000,212.92671154807903,163
4454,2020-04-16 15:41:15-04:00,212.93,212.95,212.97,212.9,9588,209.43,1587066075000000000,212.9560854714226,62
4455,2020-04-16 15:41:20-04:00,212.94,212.85,212.96,212.85,4460,209.43,1587066080000000000,212.90436591928247,58
4456,2020-04-16 15:41:25-04:00,212.8585,212.87,212.88,212.85,14013,209.43,1587066085000000000,212.85735816741595,86
4457,2020-04-16 15:41:30-04:00,212.87,212.88,212.88,212.86,7008,209.43,1587066090000000000,212.87264355022822,69
4458,2020-04-16 15:41:35-04:00,212.88,212.87,212.94,212.86,11676,209.43,1587066095000000000,212.903980344296,75
4459,2020-04-16 15:41:40-04:00,212.86,212.84,212.875,212.8,18661,209.43,1587066100000000000,212.84292278012967,107
4460,2020-04-16 15:41:45-04:00,212.84,212.885,212.895,212.84,4913,209.43,1587066105000000000,212.87376269082034,70
4461,2020-04-16 15:41:50-04:00,212.87,212.8152,212.87,212.8,11724,209.43,1587066110000000000,212.82332620266115,82
4462,2020-04-16 15:41:55-04:00,212.81,212.76,212.8299,212.76,16834,209.43,1587066115000000000,212.79076306878915,117
4463,2020-04-16 15:42:00-04:00,212.78,212.76,212.7889,212.72,17131,209.43,1587066120000000000,212.74933593485488,134
4464,2020-04-16 15:42:05-04:00,212.757,212.73,212.76,212.72,9637,209.43,1587066125000000000,212.7349581716303,48
4465,2020-04-16 15:42:10-04:00,212.74,212.76,212.79,212.74,7281,209.43,1587066130000000000,212.76099024859218,78
4466,2020-04-16 15:42:15-04:00,212.7779,212.78,212.78,212.72,7538,209.43,1587066135000000000,212.74329331387628,55
4467,2020-04-16 15:42:20-04:00,212.79,212.84,212.85,212.79,7762,209.43,1587066140000000000,212.8244116593661,67
4468,2020-04-16 15:42:25-04:00,212.86,212.83,212.87,212.82,12368,209.43,1587066145000000000,212.8428663082146,106
4469,2020-04-16 15:42:30-04:00,212.83,212.8,212.83,212.8,4903,209.43,1587066150000000000,212.81366918213325,45
4470,2020-04-16 15:42:35-04:00,212.78,212.84,212.84,212.77,2470,209.43,1587066155000000000,212.8070481781377,33
4471,2020-04-16 15:42:40-04:00,212.8699,212.91,212.91,212.86,9592,209.43,1587066160000000000,212.88986170767302,51
4472,2020-04-16 15:42:45-04:00,212.8813,212.89,212.89,212.86,19589,209.43,1587066165000000000,212.87161479912194,67
4473,2020-04-16 15:42:50-04:00,212.89,212.87,212.89,212.86,4504,209.43,1587066170000000000,212.871281571936,36
4474,2020-04-16 15:42:55-04:00,212.87,212.93,212.94,212.87,10537,209.43,1587066175000000000,212.91195706557843,89
4475,2020-04-16 15:43:00-04:00,212.91,212.9372,212.9372,212.89,7670,209.43,1587066180000000000,212.92374176010432,26
4476,2020-04-16 15:43:05-04:00,212.94,212.94,212.96,212.93,18235,209.43,1587066185000000000,212.94388127776256,78
4477,2020-04-16 15:43:10-04:00,212.96,212.92,212.96,212.92,12277,209.43,1587066190000000000,212.93287405718033,86
4478,2020-04-16 15:43:15-04:00,212.91,212.96,212.96,212.91,21331,209.43,1587066195000000000,212.93894955698272,146
4479,2020-04-16 15:43:20-04:00,212.97,212.98,213,212.96,15289,209.43,1587066200000000000,212.98029063378897,65
4480,2020-04-16 15:43:25-04:00,212.99,213.0002,213.03,212.98,6407,209.43,1587066205000000000,213.00775951303262,50
4481,2020-04-16 15:43:30-04:00,213.01,213.0292,213.06,213,61476,209.43,1587066210000000000,213.02495788275098,342
4482,2020-04-16 15:43:35-04:00,213.03,213.04,213.0499,213.01,16469,209.43,1587066215000000000,213.03021448175352,95
4483,2020-04-16 15:43:40-04:00,213.05,213.03,213.07,213.03,15287,209.43,1587066220000000000,213.04608127821044,105
4484,2020-04-16 15:43:45-04:00,213.04,213.048,213.05,213.03,7882,209.43,1587066225000000000,212.9702072951028,35
4485,2020-04-16 15:43:50-04:00,213.047,213.01,213.08,213.01,24338,209.43,1587066230000000000,213.06250053414414,136
4486,2020-04-16 15:43:55-04:00,213.015,212.93,213.015,212.92,30744,209.43,1587066235000000000,212.9753311865728,225
4487,2020-04-16 15:44:00-04:00,212.93,212.9,212.93,212.9,6801,209.43,1587066240000000000,212.91465350683728,35
4488,2020-04-16 15:44:05-04:00,212.9,212.88,212.9,212.875,7267,209.43,1587066245000000000,212.88408937663414,60
4489,2020-04-16 15:44:10-04:00,212.88,212.83,212.89,212.83,12551,209.43,1587066250000000000,212.86187723687365,100
4490,2020-04-16 15:44:15-04:00,212.83,212.77,212.84,212.77,25204,209.43,1587066255000000000,212.82016406126021,116
4491,2020-04-16 15:44:20-04:00,212.76,212.78,212.78,212.74,12508,209.43,1587066260000000000,212.76210950591621,80
4492,2020-04-16 15:44:25-04:00,212.79,212.7799,212.79,212.76,5082,209.43,1587066265000000000,212.78500078709175,38
4493,2020-04-16 15:44:30-04:00,212.77,212.76,212.78,212.755,3066,209.43,1587066270000000000,212.76203731245923,30
4494,2020-04-16 15:44:35-04:00,212.75,212.755,212.77,212.711,9655,209.43,1587066275000000000,212.73849037804248,95
4495,2020-04-16 15:44:40-04:00,212.75,212.7255,212.75,212.7255,13136,209.43,1587066280000000000,212.7387878273447,77
4496,2020-04-16 15:44:45-04:00,212.7201,212.76,212.76,212.7,18670,209.43,1587066285000000000,212.74683086234606,93
4497,2020-04-16 15:44:50-04:00,212.75,212.7299,212.76,212.7299,12429,209.43,1587066290000000000,212.7540165741411,57
4498,2020-04-16 15:44:55-04:00,212.74,212.77,212.77,212.7301,10479,209.43,1587066295000000000,212.75254878328084,64
4499,2020-04-16 15:45:00-04:00,212.77,212.82,212.825,212.77,10429,209.43,1587066300000000000,212.80081853485476,94
4500,2020-04-16 15:45:05-04:00,212.82,212.82,212.88,212.79,13313,209.43,1587066305000000000,212.84181572898692,100
4501,2020-04-16 15:45:10-04:00,212.81,212.76,212.81,212.74,7658,209.43,1587066310000000000,212.7617720684251,85
4502,2020-04-16 15:45:15-04:00,212.77,212.8,212.835,212.77,28084,209.43,1587066315000000000,212.79990010326196,198
4503,2020-04-16 15:45:20-04:00,212.79,212.79,212.83,212.78,7388,209.43,1587066320000000000,212.79856760963722,52
4504,2020-04-16 15:45:25-04:00,212.7998,212.85,212.86,212.7998,5268,209.43,1587066325000000000,212.83130818147305,49
4505,2020-04-16 15:45:30-04:00,212.85,212.87,212.88,212.85,2693,209.43,1587066330000000000,212.87211559598958,24
4506,2020-04-16 15:45:35-04:00,212.87,212.8479,212.87,212.82,2919,209.43,1587066335000000000,212.84606269270296,26
4507,2020-04-16 15:45:40-04:00,212.84,212.79,212.85,212.79,7042,209.43,1587066340000000000,212.82027533371192,62
4508,2020-04-16 15:45:45-04:00,212.78,212.67,212.78,212.65,12695,209.43,1587066345000000000,212.7130516266246,133
4509,2020-04-16 15:45:50-04:00,212.6981,212.7,212.7,212.675,10123,209.43,1587066350000000000,212.68885611972726,42
4510,2020-04-16 15:45:55-04:00,212.7,212.73,212.73,212.6901,4252,209.43,1587066355000000000,212.71239555503294,44
4511,2020-04-16 15:46:00-04:00,212.72,212.77,212.79,212.72,5037,209.43,1587066360000000000,212.75937230494335,56
4512,2020-04-16 15:46:05-04:00,212.76,212.69,212.76,212.69,3816,209.43,1587066365000000000,212.73510592243179,41
4513,2020-04-16 15:46:10-04:00,212.69,212.65,212.6999,212.65,5847,209.43,1587066370000000000,212.67653969557048,39
4514,2020-04-16 15:46:15-04:00,212.65,212.65,212.6799,212.65,5364,209.43,1587066375000000000,212.66439968307245,57
4515,2020-04-16 15:46:20-04:00,212.6481,212.66,212.68,212.63,4968,209.43,1587066380000000000,212.65297290660237,49
4516,2020-04-16 15:46:25-04:00,212.66,212.64,212.67,212.6301,4319,209.43,1587066385000000000,212.65059921278078,42
4517,2020-04-16 15:46:30-04:00,212.66,212.69,212.73,212.66,10705,209.43,1587066390000000000,212.69267204110233,77
4518,2020-04-16 15:46:35-04:00,212.69,212.71,212.71,212.68,4760,209.43,1587066395000000000,212.69654934873955,52
4519,2020-04-16 15:46:40-04:00,212.71,212.66,212.71,212.66,4242,209.43,1587066400000000000,212.6899641206979,48
4520,2020-04-16 15:46:45-04:00,212.64,212.64,212.66,212.63,1406,209.43,1587066405000000000,212.63759566145097,26
4521,2020-04-16 15:46:50-04:00,212.66,212.67,212.71,212.655,9679,209.43,1587066410000000000,212.6903155904534,67
4522,2020-04-16 15:46:55-04:00,212.6722,212.71,212.71,212.6722,3497,209.43,1587066415000000000,212.69488970546192,40
4523,2020-04-16 15:47:00-04:00,212.73,212.723,212.75,212.723,13029,209.43,1587066420000000000,212.74482302555856,80
4524,2020-04-16 15:47:05-04:00,212.7299,212.79,212.8,212.7099,18085,209.43,1587066425000000000,212.73073189936406,75
4525,2020-04-16 15:47:10-04:00,212.7979,212.7977,212.82,212.78,8561,209.43,1587066430000000000,212.79952260249968,58
4526,2020-04-16 15:47:15-04:00,212.79,212.86,212.87,212.77,42536,209.43,1587066435000000000,212.83924923829224,194
4527,2020-04-16 15:47:20-04:00,212.86,212.8699,212.9,212.8558,21041,209.43,1587066440000000000,212.87077037688326,76
4528,2020-04-16 15:47:25-04:00,212.89,212.91,212.9299,212.89,11194,209.43,1587066445000000000,212.90353135608362,101
4529,2020-04-16 15:47:30-04:00,212.9061,212.895,212.91,212.895,10128,209.43,1587066450000000000,212.90591372432866,46
4530,2020-04-16 15:47:35-04:00,212.9061,212.85,212.92,212.85,6723,209.43,1587066455000000000,212.88481890525068,71
4531,2020-04-16 15:47:40-04:00,212.85,212.835,212.85,212.835,8278,209.43,1587066460000000000,212.84405381734723,47
4532,2020-04-16 15:47:45-04:00,212.83,212.86,212.8753,212.79,7886,209.43,1587066465000000000,212.84071671316255,83
4533,2020-04-16 15:47:50-04:00,212.865,212.8379,212.8699,212.825,7888,209.43,1587066470000000000,212.84817513945234,51
4534,2020-04-16 15:47:55-04:00,212.83,212.84,212.8499,212.83,207589,209.43,1587066475000000000,209.4272800177273,21
4535,2020-04-16 15:48:00-04:00,212.84,212.79,212.85,212.77,12976,209.43,1587066480000000000,212.8129042077681,111
4536,2020-04-16 15:48:05-04:00,212.79,212.78,212.8,212.77,7199,209.43,1587066485000000000,212.78857241283515,63
4537,2020-04-16 15:48:10-04:00,212.78,212.75,212.79,212.75,4682,209.43,1587066490000000000,212.77477456215283,54
4538,2020-04-16 15:48:15-04:00,212.73,212.67,212.73,212.67,17595,209.43,1587066495000000000,212.6970872691105,140
4539,2020-04-16 15:48:20-04:00,212.664,212.655,212.69,212.655,10996,209.43,1587066500000000000,212.67950548381222,81
4540,2020-04-16 15:48:25-04:00,212.67,212.69,212.72,212.67,11591,209.43,1587066505000000000,212.68408666206548,68
4541,2020-04-16 15:48:30-04:00,212.69,212.72,212.72,212.64,27570,209.43,1587066510000000000,212.67085509611906,159
4542,2020-04-16 15:48:35-04:00,212.74,212.665,212.74,212.65,11329,209.43,1587066515000000000,212.69089982346208,67
4543,2020-04-16 15:48:40-04:00,212.67,212.69,212.72,212.67,4849,209.43,1587066520000000000,212.69119003918345,48
4544,2020-04-16 15:48:45-04:00,212.67,212.705,212.71,212.66,6006,209.43,1587066525000000000,212.67909848484857,34
4545,2020-04-16 15:48:50-04:00,212.7214,212.72,212.74,212.72,1883,209.43,1587066530000000000,212.72653149229944,39
4546,2020-04-16 15:48:55-04:00,212.72,212.72,212.76,212.7,9203,209.43,1587066535000000000,212.71372262305775,68
4547,2020-04-16 15:49:00-04:00,212.72,212.75,212.75,212.7,6104,209.43,1587066540000000000,212.71697210026215,55
4548,2020-04-16 15:49:05-04:00,212.77,212.78,212.82,212.77,3100,209.43,1587066545000000000,212.79821774193556,38
4549,2020-04-16 15:49:10-04:00,212.77,212.77,212.81,212.77,7575,209.43,1587066550000000000,212.78900576897698,53
4550,2020-04-16 15:49:15-04:00,212.7799,212.8199,212.82,212.76,13472,209.43,1587066555000000000,212.78214676365792,128
4551,2020-04-16 15:49:20-04:00,212.82,212.8,212.84,212.8,13525,209.43,1587066560000000000,212.81392119778198,88
4552,2020-04-16 15:49:25-04:00,212.8,212.83,212.84,212.79,6576,209.43,1587066565000000000,212.8125234641119,41
4553,2020-04-16 15:49:30-04:00,212.8201,212.82,212.83,212.8146,2647,209.43,1587066570000000000,212.81793728749525,29
4554,2020-04-16 15:49:35-04:00,212.821,212.76,212.821,212.76,4591,209.43,1587066575000000000,212.79198573295577,57
4555,2020-04-16 15:49:40-04:00,212.765,212.71,212.79,212.71,13231,209.43,1587066580000000000,212.7515914141034,66
4556,2020-04-16 15:49:45-04:00,212.7172,212.68,212.7228,212.64,18572,209.43,1587066585000000000,212.6729334374329,116
4557,2020-04-16 15:49:50-04:00,212.68,212.68,212.7025,212.67,7653,209.43,1587066590000000000,212.6936165163988,39
4558,2020-04-16 15:49:55-04:00,212.68,212.59,212.68,212.5801,12923,209.43,1587066595000000000,212.60981306198238,114
4559,2020-04-16 15:50:00-04:00,212.58,213.09,213.12,212.56,210213,209.43,1587066600000000000,212.90974630113263,2007
4560,2020-04-16 15:50:05-04:00,213.09,213.1199,213.24,213.09,80324,209.43,1587066605000000000,213.16838769234639,568
4561,2020-04-16 15:50:10-04:00,213.12,213.22,213.25,213.06,29284,209.43,1587066610000000000,213.17420663843762,265
4562,2020-04-16 15:50:15-04:00,213.2201,213.39,213.4,213.2,47437,209.43,1587066615000000000,213.3124532053044,378
4563,2020-04-16 15:50:20-04:00,213.3658,213.26,213.42,213.25,30115,209.43,1587066620000000000,213.3321038884276,203
4564,2020-04-16 15:50:25-04:00,213.27,213.27,213.34,213.26,36964,209.43,1587066625000000000,213.3011036522022,235
4565,2020-04-16 15:50:30-04:00,213.2662,213.29,213.31,213.25,14072,209.43,1587066630000000000,213.28238214184196,110
4566,2020-04-16 15:50:35-04:00,213.3,213.32,213.35,213.295,18807,209.43,1587066635000000000,213.31244546711346,96
4567,2020-04-16 15:50:40-04:00,213.32,213.31,213.32,213.23,11942,209.43,1587066640000000000,213.26685856640438,109
4568,2020-04-16 15:50:45-04:00,213.32,213.32,213.325,213.26,23185,209.43,1587066645000000000,213.30966422687098,122
4569,2020-04-16 15:50:50-04:00,213.33,213.355,213.38,213.33,15271,209.43,1587066650000000000,213.3605109030187,102
4570,2020-04-16 15:50:55-04:00,213.38,213.36,213.4,213.32,16359,209.43,1587066655000000000,213.36364016137912,135
4571,2020-04-16 15:51:00-04:00,213.37,213.38,213.44,213.37,36688,209.43,1587066660000000000,213.40283017880486,252
4572,2020-04-16 15:51:05-04:00,213.38,213.41,213.44,213.35,46269,209.43,1587066665000000000,213.38625322570223,345
4573,2020-04-16 15:51:10-04:00,213.4,213.28,213.4,213.26,29282,209.43,1587066670000000000,213.33378571135827,249
4574,2020-04-16 15:51:15-04:00,213.28,213.3377,213.3377,213.26,25115,209.43,1587066675000000000,213.28091886123843,181
4575,2020-04-16 15:51:20-04:00,213.35,213.39,213.39,213.28,54590,209.43,1587066680000000000,213.3309333192892,392
4576,2020-04-16 15:51:25-04:00,213.39,213.32,213.4,213.31,16902,209.43,1587066685000000000,213.35125831262587,91
4577,2020-04-16 15:51:30-04:00,213.32,213.32,213.34,213.31,22237,209.43,1587066690000000000,213.32491311327956,139
4578,2020-04-16 15:51:35-04:00,213.33,213.34,213.3496,213.29,9589,209.43,1587066695000000000,213.31820976118465,92
4579,2020-04-16 15:51:40-04:00,213.33,213.295,213.34,213.27,5362,209.43,1587066700000000000,213.29483718761654,56
4580,2020-04-16 15:51:45-04:00,213.3,213.26,213.32,213.26,10288,209.43,1587066705000000000,213.28199371111967,78
4581,2020-04-16 15:51:50-04:00,213.265,213.215,213.3,213.205,35041,209.43,1587066710000000000,213.27613145172825,136
4582,2020-04-16 15:51:55-04:00,213.22,213.25,213.275,213.21,30101,209.43,1587066715000000000,213.23419964453035,167
4583,2020-04-16 15:52:00-04:00,213.245,213.295,213.3,213.23,33399,209.43,1587066720000000000,213.25394322883912,178
4584,2020-04-16 15:52:05-04:00,213.31,213.255,213.32,213.25,8532,209.43,1587066725000000000,213.28243817393326,94
4585,2020-04-16 15:52:10-04:00,213.26,213.26,213.3,213.255,7747,209.43,1587066730000000000,213.27863597521625,76
4586,2020-04-16 15:52:15-04:00,213.26,213.275,213.3,213.25,8780,209.43,1587066735000000000,213.27044185649203,62
4587,2020-04-16 15:52:20-04:00,213.26,213.24,213.27,213.23,9132,209.43,1587066740000000000,213.26057616075337,84
4588,2020-04-16 15:52:25-04:00,213.245,213.305,213.32,213.245,236418,209.43,1587066745000000000,209.90233028111237,232
4589,2020-04-16 15:52:30-04:00,213.305,213.2699,213.32,213.255,11656,209.43,1587066750000000000,213.2724031056966,82
4590,2020-04-16 15:52:35-04:00,213.29,213.3,213.31,213.285,12429,209.43,1587066755000000000,213.29664373642285,90
4591,2020-04-16 15:52:40-04:00,213.31,213.37,213.38,213.31,9980,209.43,1587066760000000000,213.34314916833665,79
4592,2020-04-16 15:52:45-04:00,213.3798,213.345,213.39,213.34,21584,209.43,1587066765000000000,213.36388263528542,134
4593,2020-04-16 15:52:50-04:00,213.34,213.38,213.38,213.34,4711,209.43,1587066770000000000,213.35806293780516,28
4594,2020-04-16 15:52:55-04:00,213.38,213.37,213.38,213.37,1836,209.43,1587066775000000000,213.37610571895428,19
4595,2020-04-16 15:53:00-04:00,213.37,213.42,213.44,213.37,23454,209.43,1587066780000000000,213.41218030613098,139
4596,2020-04-16 15:53:05-04:00,213.44,213.47,213.52,213.44,72920,209.43,1587066785000000000,213.4756074259452,428
4597,2020-04-16 15:53:10-04:00,213.48,213.47,213.49,213.453,14205,209.43,1587066790000000000,213.47999721928906,108
4598,2020-04-16 15:53:15-04:00,213.49,213.52,213.5236,213.49,8893,209.43,1587066795000000000,213.5046694366354,115
4599,2020-04-16 15:53:20-04:00,213.53,213.54,213.54,213.52,7116,209.43,1587066800000000000,213.537329173693,63
4600,2020-04-16 15:53:25-04:00,213.53,213.52,213.56,213.51,16834,209.43,1587066805000000000,213.52981383509572,112
4601,2020-04-16 15:53:30-04:00,213.525,213.47,213.55,213.46,28050,209.43,1587066810000000000,213.52456524777116,232
4602,2020-04-16 15:53:35-04:00,213.475,213.51,213.51,213.46,3386,209.43,1587066815000000000,213.48125726520976,56
4603,2020-04-16 15:53:40-04:00,213.515,213.52,213.525,213.51,3996,209.43,1587066820000000000,213.51612820320327,54
4604,2020-04-16 15:53:45-04:00,213.52,213.5113,213.521,213.5,25290,209.43,1587066825000000000,213.51436182285488,159
4605,2020-04-16 15:53:50-04:00,213.515,213.55,213.55,213.5,22947,209.43,1587066830000000000,213.40354129951618,192
4606,2020-04-16 15:53:55-04:00,213.55,213.58,213.58,213.55,6032,209.43,1587066835000000000,213.5504680039788,74
4607,2020-04-16 15:54:00-04:00,213.56,213.4864,213.57,213.48,30180,209.43,1587066840000000000,213.52650149767987,226
4608,2020-04-16 15:54:05-04:00,213.48,213.51,213.51,213.4628,15590,209.43,1587066845000000000,213.4874511610007,100
4609,2020-04-16 15:54:10-04:00,213.51,213.6,213.6,213.51,4257,209.43,1587066850000000000,213.5590338266385,53
4610,2020-04-16 15:54:15-04:00,213.61,213.59,213.62,213.59,17085,209.43,1587066855000000000,213.6015530875037,129
4611,2020-04-16 15:54:20-04:00,213.61,213.71,213.71,213.61,13846,209.43,1587066860000000000,213.67547264191828,106
4612,2020-04-16 15:54:25-04:00,213.715,213.71,213.73,213.71,1484,209.43,1587066865000000000,213.71507102425875,21
4613,2020-04-16 15:54:30-04:00,213.71,213.83,213.84,213.71,24825,209.43,1587066870000000000,213.79589485599197,175
4614,2020-04-16 15:54:35-04:00,213.83,213.8,213.88,213.8,18621,209.43,1587066875000000000,213.8395902744217,141
4615,2020-04-16 15:54:40-04:00,213.79,213.76,213.8,213.73,46001,209.43,1587066880000000000,213.76413289711084,236
4616,2020-04-16 15:54:45-04:00,213.77,213.74,213.775,213.73,33881,209.43,1587066885000000000,213.75667948997977,157
4617,2020-04-16 15:54:50-04:00,213.73,213.77,213.78,213.73,15944,209.43,1587066890000000000,213.75411435649775,86
4618,2020-04-16 15:54:55-04:00,213.77,213.8,213.8,213.73,26299,209.43,1587066895000000000,213.75509680596218,123
4619,2020-04-16 15:55:00-04:00,213.8,213.77,213.82,213.75,37706,209.43,1587066900000000000,213.769354253965,173
4620,2020-04-16 15:55:05-04:00,213.77,213.6,213.78,213.59,43719,209.43,1587066905000000000,213.67155209405496,245
4621,2020-04-16 15:55:10-04:00,213.63,213.57,213.63,213.55,42930,209.43,1587066910000000000,213.57847509666857,275
4622,2020-04-16 15:55:15-04:00,213.58,213.55,213.59,213.54,20035,209.43,1587066915000000000,213.5605387921135,156
4623,2020-04-16 15:55:20-04:00,213.55,213.52,213.57,213.52,14437,209.43,1587066920000000000,213.54778431114485,103
4624,2020-04-16 15:55:25-04:00,213.54,213.59,213.61,213.53,21534,209.43,1587066925000000000,213.56812199312716,174
4625,2020-04-16 15:55:30-04:00,213.6,213.485,213.63,213.48,55286,209.43,1587066930000000000,213.54724362406384,287
4626,2020-04-16 15:55:35-04:00,213.485,213.4999,213.54,213.485,8245,209.43,1587066935000000000,213.5049129047908,80
4627,2020-04-16 15:55:40-04:00,213.5,213.49,213.53,213.47,23579,209.43,1587066940000000000,213.50212879256947,209
4628,2020-04-16 15:55:45-04:00,213.49,213.5,213.5,213.48,4749,209.43,1587066945000000000,213.49066721415036,53
4629,2020-04-16 15:55:50-04:00,213.5,213.57,213.595,213.495,32111,209.43,1587066950000000000,213.54740939242012,228
4630,2020-04-16 15:55:55-04:00,213.57,213.53,213.57,213.52,18338,209.43,1587066955000000000,213.54939463954625,150
4631,2020-04-16 15:56:00-04:00,213.53,213.65,213.66,213.525,16052,209.43,1587066960000000000,213.60553186518806,141
4632,2020-04-16 15:56:05-04:00,213.64,213.59,213.65,213.59,12353,209.43,1587066965000000000,213.62756055209263,100
4633,2020-04-16 15:56:10-04:00,213.59,213.59,213.62,213.58,11190,209.43,1587066970000000000,213.60673504915107,94
4634,2020-04-16 15:56:15-04:00,213.59,213.64,213.65,213.59,53015,209.43,1587066975000000000,213.62770809959454,128
4635,2020-04-16 15:56:20-04:00,213.64,213.6674,213.67,213.62,13872,209.43,1587066980000000000,213.64377048010368,112
4636,2020-04-16 15:56:25-04:00,213.66,213.68,213.69,213.655,29153,209.43,1587066985000000000,213.67081327822208,182
4637,2020-04-16 15:56:30-04:00,213.68,213.7,213.7,213.66,17519,209.43,1587066990000000000,213.68136505508315,116
4638,2020-04-16 15:56:35-04:00,213.71,213.75,213.77,213.7,28239,209.43,1587066995000000000,213.74602855979325,221
4639,2020-04-16 15:56:40-04:00,213.75,213.73,213.75,213.73,12800,209.43,1587067000000000000,213.73880043749995,108
4640,2020-04-16 15:56:45-04:00,213.73,213.72,213.74,213.715,15419,209.43,1587067005000000000,213.7302663467152,112
4641,2020-04-16 15:56:50-04:00,213.72,213.71,213.76,213.7,80642,209.43,1587067010000000000,213.75397908037976,93
4642,2020-04-16 15:56:55-04:00,213.72,213.71,213.73,213.705,13807,209.43,1587067015000000000,213.7165985080029,92
4643,2020-04-16 15:57:00-04:00,213.72,213.72,213.75,213.685,25645,209.43,1587067020000000000,213.70830212517032,211
4644,2020-04-16 15:57:05-04:00,213.73,213.725,213.74,213.72,28272,209.43,1587067025000000000,213.73223206706302,172
4645,2020-04-16 15:57:10-04:00,213.74,213.68,213.75,213.68,10126,209.43,1587067030000000000,213.70637012640742,96
4646,2020-04-16 15:57:15-04:00,213.6879,213.67,213.71,213.66,11757,209.43,1587067035000000000,213.68345019988092,91
4647,2020-04-16 15:57:20-04:00,213.68,213.67,213.68,213.635,20563,209.43,1587067040000000000,213.66745793415353,119
4648,2020-04-16 15:57:25-04:00,213.675,213.665,213.675,213.66,7040,209.43,1587067045000000000,213.66865921874998,65
4649,2020-04-16 15:57:30-04:00,213.67,213.65,213.68,213.65,17952,209.43,1587067050000000000,213.6717708834669,158
4650,2020-04-16 15:57:35-04:00,213.68,213.6279,213.68,213.6,13191,209.43,1587067055000000000,213.61709012205299,104
4651,2020-04-16 15:57:40-04:00,213.61,213.5999,213.63,213.58,28677,209.43,1587067060000000000,213.5979972242563,163
4652,2020-04-16 15:57:45-04:00,213.6,213.65,213.67,213.6,11935,209.43,1587067065000000000,213.64430938416413,94
4653,2020-04-16 15:57:50-04:00,213.651,213.62,213.651,213.61,13176,209.43,1587067070000000000,213.63139713114765,103
4654,2020-04-16 15:57:55-04:00,213.61,213.67,213.68,213.61,14431,209.43,1587067075000000000,213.6492663987249,122
4655,2020-04-16 15:58:00-04:00,213.66,213.6,213.67,213.6,30012,209.43,1587067080000000000,213.63547221111563,201
4656,2020-04-16 15:58:05-04:00,213.6,213.572,213.6,213.55,26656,209.43,1587067085000000000,213.56758827656083,192
4657,2020-04-16 15:58:10-04:00,213.58,213.53,213.58,213.51,12004,209.43,1587067090000000000,213.55396535321566,120
4658,2020-04-16 15:58:15-04:00,213.53,213.5699,213.5699,213.52,18102,209.43,1587067095000000000,213.54334606673314,119
4659,2020-04-16 15:58:20-04:00,213.57,213.59,213.5965,213.56,10410,209.43,1587067100000000000,213.57971557156574,93
4660,2020-04-16 15:58:25-04:00,213.595,213.595,213.6,213.59,20332,209.43,1587067105000000000,213.59717413928811,136
4661,2020-04-16 15:58:30-04:00,213.6,213.58,213.61,213.565,479947,209.43,1587067110000000000,209.99539367846884,407
4662,2020-04-16 15:58:35-04:00,213.59,213.6799,213.68,213.57,49059,209.43,1587067115000000000,213.61181941539792,336
4663,2020-04-16 15:58:40-04:00,213.68,213.71,213.72,213.673,41254,209.43,1587067120000000000,213.6975612376979,296
4664,2020-04-16 15:58:45-04:00,213.72,213.75,213.78,213.705,31379,209.43,1587067125000000000,213.74405097676805,251
4665,2020-04-16 15:58:50-04:00,213.74,213.77,213.78,213.72,77723,209.43,1587067130000000000,213.76498187280538,405
4666,2020-04-16 15:58:55-04:00,213.77,213.77,213.78,213.76,17167,209.43,1587067135000000000,213.76835369604487,117
4667,2020-04-16 15:59:00-04:00,213.77,213.69,213.77,213.68,50637,209.43,1587067140000000000,213.71271584217124,412
4668,2020-04-16 15:59:05-04:00,213.69,213.63,213.69,213.63,29438,209.43,1587067145000000000,213.64190744955502,209
4669,2020-04-16 15:59:10-04:00,213.62,213.64,213.64,213.59,25600,209.43,1587067150000000000,213.61169846093753,249
4670,2020-04-16 15:59:15-04:00,213.63,213.5733,213.63,213.57,21661,209.43,1587067155000000000,213.60399304279605,152
4671,2020-04-16 15:59:20-04:00,213.58,213.55,213.59,213.55,28863,209.43,1587067160000000000,213.56761148529236,193
4672,2020-04-16 15:59:25-04:00,213.5576,213.55,213.56,213.5,42062,209.43,1587067165000000000,213.53363824354525,304
4673,2020-04-16 15:59:30-04:00,213.55,213.51,213.56,213.47,44661,209.43,1587067170000000000,213.51111323973967,361
4674,2020-04-16 15:59:35-04:00,213.49,213.5,213.51,213.48,35819,209.43,1587067175000000000,213.49114847985703,299
4675,2020-04-16 15:59:40-04:00,213.51,213.5,213.52,213.45,42823,209.43,1587067180000000000,213.48325642762055,312
4676,2020-04-16 15:59:45-04:00,213.5,213.5,213.5,213.42,176883,209.43,1587067185000000000,213.45538739109983,641
4677,2020-04-16 15:59:50-04:00,213.49,213.5,213.6,213.48,90206,209.43,1587067190000000000,213.53653459304303,806
4679,2020-04-16 15:59:55-04:00,213.51,213.35,213.51,213.24,149602,209.43,1587067195000000000,213.38177099036096,995
